# OCP data for Sony LFP positive electrode, delithiation
# sto,ocp
1.000000,2.402390
0.999995,2.407345
0.999988,2.412300
0.999981,2.417255
0.999972,2.422210
0.999963,2.427165
0.999954,2.432120
0.999945,2.436312
0.999934,2.441267
0.999922,2.446222
0.999911,2.451177
0.999898,2.456132
0.999889,2.459753
0.999876,2.464708
0.999862,2.469663
0.999849,2.474618
0.999835,2.479573
0.999834,2.479763
0.999819,2.484718
0.999804,2.489673
0.999789,2.494628
0.999778,2.497868
0.999763,2.502823
0.999746,2.507778
0.999730,2.512733
0.999723,2.514639
0.999705,2.519594
0.999688,2.524549
0.999670,2.529504
0.999668,2.530075
0.999648,2.535030
0.999629,2.539985
0.999612,2.543987
0.999593,2.548942
0.999572,2.553897
0.999557,2.557518
0.999535,2.562473
0.999513,2.567428
0.999501,2.569905
0.999480,2.574860
0.999456,2.579815
0.999446,2.581912
0.999421,2.586867
0.999397,2.591822
0.999391,2.592965
0.999366,2.597920
0.999341,2.602875
0.999335,2.603637
0.999310,2.608592
0.999283,2.613547
0.999280,2.613928
0.999252,2.618883
0.999225,2.623838
0.999224,2.623838
0.999196,2.628793
0.999169,2.633176
0.999139,2.638131
0.999114,2.642324
0.999082,2.647279
0.999058,2.651090
0.999026,2.656045
0.999003,2.659666
0.998970,2.664621
0.998947,2.667861
0.998914,2.672816
0.998892,2.676056
0.998856,2.681011
0.998837,2.683679
0.998802,2.688634
0.998781,2.691302
0.998745,2.696257
0.998726,2.698544
0.998690,2.703499
0.998671,2.705976
0.998631,2.710931
0.998615,2.713027
0.998574,2.717982
0.998560,2.719507
0.998521,2.724462
0.998504,2.726368
0.998463,2.731323
0.998449,2.732657
0.998408,2.737612
0.998394,2.739136
0.998350,2.744091
0.998338,2.745235
0.998294,2.750190
0.998283,2.751333
0.998237,2.756288
0.998227,2.757241
0.998183,2.762196
0.998172,2.763149
0.998125,2.768104
0.998117,2.768866
0.998069,2.773821
0.998061,2.774393
0.998013,2.779348
0.998006,2.779919
0.997954,2.784874
0.997950,2.785255
0.997898,2.790210
0.997895,2.790401
0.997845,2.795356
0.997840,2.795737
0.997786,2.800692
0.997784,2.800883
0.997729,2.805837
0.997675,2.810792
0.997673,2.810792
0.997618,2.815557
0.997563,2.820321
0.997507,2.825086
0.997452,2.829469
0.997396,2.834043
0.997341,2.838616
0.997286,2.843000
0.997230,2.847573
0.997175,2.851766
0.997119,2.856149
0.997064,2.860151
0.997009,2.864344
0.996953,2.868537
0.996898,2.872539
0.996842,2.876731
0.996787,2.880543
0.996732,2.884164
0.996676,2.888166
0.996621,2.892168
0.996565,2.895979
0.996510,2.899600
0.996455,2.903221
0.996399,2.907033
0.996344,2.910654
0.996288,2.914465
0.996233,2.917705
0.996178,2.921326
0.996122,2.924756
0.996067,2.928187
0.996012,2.931617
0.995956,2.935047
0.995901,2.938478
0.995845,2.941718
0.995790,2.945148
0.995735,2.948197
0.995679,2.951627
0.995624,2.954867
0.995568,2.958107
0.995513,2.961347
0.995458,2.964587
0.995402,2.967636
0.995347,2.970685
0.995291,2.973925
0.995236,2.976974
0.995181,2.980023
0.995125,2.983072
0.995070,2.986122
0.995014,2.989171
0.994959,2.992029
0.994904,2.995079
0.994848,2.997937
0.994793,3.000796
0.994737,3.003845
0.994682,3.006704
0.994627,3.009562
0.994571,3.012421
0.994516,3.015280
0.994460,3.018138
0.994405,3.020997
0.994350,3.023665
0.994294,3.026333
0.994239,3.029001
0.994183,3.031860
0.994128,3.034528
0.994073,3.037386
0.994017,3.040054
0.993962,3.042722
0.993906,3.045581
0.993851,3.048249
0.993796,3.050726
0.993740,3.053204
0.993685,3.055872
0.993630,3.058540
0.993574,3.061018
0.993519,3.063876
0.993463,3.066354
0.993408,3.068831
0.993353,3.071499
0.993297,3.073977
0.993242,3.076454
0.993186,3.079122
0.993131,3.081600
0.993076,3.084268
0.993020,3.086555
0.992965,3.089032
0.992909,3.091510
0.992854,3.093987
0.992799,3.096465
0.992743,3.098751
0.992688,3.101229
0.992632,3.103706
0.992577,3.106184
0.992522,3.108471
0.992466,3.110948
0.992411,3.113235
0.992355,3.115713
0.992300,3.118190
0.992245,3.120668
0.992189,3.122573
0.992134,3.125051
0.992078,3.127338
0.992023,3.129625
0.991968,3.131911
0.991912,3.134198
0.991857,3.136676
0.991801,3.138772
0.991746,3.141059
0.991691,3.143346
0.991635,3.145823
0.991580,3.147920
0.991524,3.150207
0.991469,3.152494
0.991414,3.154780
0.991358,3.156877
0.991303,3.159164
0.991248,3.161451
0.991192,3.163547
0.991137,3.165834
0.991081,3.167930
0.991026,3.170217
0.990971,3.172313
0.990915,3.174410
0.990860,3.176697
0.990804,3.178793
0.990749,3.180889
0.990694,3.182986
0.990638,3.185463
0.990583,3.187369
0.990527,3.189465
0.990472,3.191752
0.990417,3.193848
0.990361,3.195754
0.990306,3.198041
0.990250,3.199947
0.990195,3.202043
0.990140,3.204139
0.990084,3.206236
0.990029,3.208332
0.989973,3.210428
0.989918,3.212334
0.989863,3.214431
0.989807,3.216336
0.989752,3.218051
0.989696,3.220148
0.989641,3.222244
0.989586,3.224150
0.989530,3.226056
0.989475,3.228152
0.989419,3.229867
0.989364,3.231773
0.989309,3.233869
0.989253,3.235775
0.989198,3.237681
0.989142,3.239396
0.989087,3.241302
0.989032,3.243207
0.988976,3.244923
0.988921,3.246828
0.988865,3.248543
0.988810,3.250259
0.988755,3.252355
0.988699,3.253880
0.988644,3.255785
0.988589,3.257310
0.988533,3.259216
0.988478,3.260740
0.988422,3.262265
0.988367,3.263980
0.988312,3.265695
0.988256,3.267410
0.988201,3.268935
0.988145,3.270650
0.988090,3.271984
0.988035,3.273699
0.987979,3.275033
0.987924,3.276749
0.987868,3.278083
0.987813,3.279607
0.987758,3.281132
0.987702,3.282466
0.987647,3.283800
0.987591,3.285134
0.987536,3.286658
0.987481,3.287993
0.987425,3.289327
0.987370,3.290661
0.987314,3.291995
0.987259,3.293138
0.987204,3.294281
0.987148,3.295616
0.987093,3.296759
0.987037,3.298093
0.986982,3.299046
0.986927,3.300380
0.986871,3.301714
0.986816,3.302667
0.986760,3.304001
0.986705,3.304954
0.986650,3.305907
0.986594,3.307241
0.986539,3.308003
0.986483,3.309146
0.986428,3.310290
0.986373,3.311052
0.986317,3.312196
0.986262,3.313148
0.986207,3.314101
0.986151,3.315054
0.986096,3.315626
0.986040,3.316579
0.985985,3.317722
0.985930,3.318675
0.985874,3.319628
0.985819,3.320200
0.985763,3.321153
0.985708,3.322296
0.985653,3.323058
0.985597,3.323821
0.985542,3.324583
0.985486,3.325536
0.985431,3.326298
0.985376,3.327060
0.985320,3.328013
0.985265,3.328966
0.985209,3.329538
0.985154,3.330300
0.985099,3.331062
0.985043,3.332015
0.984988,3.332587
0.984932,3.333349
0.984877,3.333921
0.984822,3.334874
0.984766,3.335446
0.984711,3.336399
0.984655,3.336970
0.984600,3.337923
0.984545,3.338495
0.984489,3.339067
0.984434,3.340020
0.984378,3.340591
0.984323,3.341354
0.984268,3.341925
0.984212,3.342497
0.984157,3.343069
0.984101,3.344022
0.984046,3.344593
0.983991,3.345165
0.983935,3.345927
0.983880,3.346690
0.983825,3.347261
0.983769,3.347643
0.983714,3.348405
0.983658,3.348977
0.983603,3.349739
0.983548,3.350501
0.983492,3.350882
0.983437,3.351645
0.983381,3.352216
0.983326,3.352979
0.983271,3.353550
0.983215,3.353931
0.983160,3.354694
0.983104,3.355266
0.983049,3.356028
0.982994,3.356600
0.982938,3.356981
0.982883,3.357552
0.982827,3.358315
0.982772,3.358886
0.982717,3.359458
0.982661,3.359839
0.982606,3.360411
0.982550,3.360983
0.982495,3.361554
0.982440,3.362317
0.982384,3.362889
0.982329,3.363270
0.982273,3.363841
0.982218,3.364604
0.982163,3.364985
0.982107,3.365557
0.982052,3.365938
0.981996,3.366509
0.981941,3.367081
0.981886,3.367462
0.981830,3.368225
0.981775,3.368796
0.981719,3.369178
0.981664,3.369749
0.981609,3.370321
0.981553,3.370702
0.981498,3.371464
0.981442,3.372036
0.981387,3.372227
0.981332,3.372798
0.981276,3.373370
0.981221,3.373751
0.981166,3.374514
0.981110,3.374895
0.981055,3.375276
0.980999,3.375657
0.980944,3.376229
0.980889,3.376801
0.980833,3.377372
0.980778,3.377944
0.980722,3.378135
0.980667,3.378706
0.980612,3.379278
0.980556,3.379659
0.980501,3.380231
0.980445,3.380803
0.980390,3.381184
0.980335,3.381565
0.980279,3.381946
0.980224,3.382518
0.980168,3.382899
0.980113,3.383471
0.980058,3.383852
0.980002,3.384233
0.979947,3.384614
0.979891,3.385186
0.979836,3.385567
0.979781,3.386139
0.979725,3.386520
0.979670,3.387092
0.979614,3.387282
0.979559,3.387854
0.979504,3.388235
0.979448,3.388807
0.979393,3.389188
0.979337,3.389569
0.979282,3.390141
0.979227,3.390331
0.979171,3.390712
0.979116,3.391284
0.979060,3.391475
0.979005,3.391856
0.978950,3.392428
0.978894,3.392999
0.978839,3.393381
0.978784,3.393381
0.978728,3.393952
0.978673,3.394333
0.978617,3.394715
0.978562,3.395096
0.978507,3.395667
0.978451,3.396049
0.978396,3.396430
0.978340,3.396620
0.978285,3.397192
0.978230,3.397573
0.978174,3.397764
0.978119,3.398145
0.978063,3.398717
0.978008,3.399098
0.977953,3.399288
0.977897,3.399670
0.977842,3.400051
0.977786,3.400432
0.977731,3.400813
0.977676,3.401385
0.977620,3.401766
0.977565,3.401956
0.977509,3.402338
0.977454,3.402528
0.977399,3.402909
0.977343,3.403290
0.977288,3.403672
0.977232,3.403862
0.977177,3.404434
0.977122,3.404815
0.977066,3.405196
0.977011,3.405387
0.976955,3.405768
0.976900,3.405959
0.976845,3.406340
0.976789,3.406721
0.976734,3.407102
0.976678,3.407483
0.976623,3.407674
0.976568,3.408055
0.976512,3.408436
0.976457,3.408627
0.976401,3.408817
0.976346,3.409198
0.976291,3.409579
0.976235,3.409770
0.976180,3.410151
0.976125,3.410532
0.976069,3.410913
0.976014,3.411295
0.975958,3.411485
0.975903,3.411676
0.975848,3.411866
0.975792,3.412247
0.975737,3.412629
0.975681,3.412819
0.975626,3.413200
0.975571,3.413200
0.975515,3.413582
0.975460,3.413963
0.975404,3.414344
0.975349,3.414725
0.975294,3.414725
0.975238,3.415106
0.975183,3.415297
0.975127,3.415678
0.975072,3.415868
0.975017,3.416059
0.974961,3.416250
0.974906,3.416821
0.974850,3.417012
0.974795,3.417393
0.974740,3.417584
0.974684,3.417774
0.974629,3.417965
0.974573,3.418346
0.974518,3.418536
0.974463,3.418727
0.974407,3.419108
0.974352,3.419299
0.974296,3.419489
0.974241,3.419870
0.974186,3.420252
0.974130,3.420442
0.974075,3.420633
0.974019,3.420823
0.973964,3.420823
0.973909,3.421205
0.973853,3.421395
0.973798,3.421776
0.973743,3.421967
0.973687,3.422157
0.973632,3.422348
0.973576,3.422539
0.973521,3.422920
0.973466,3.423110
0.973410,3.423491
0.973355,3.423491
0.973299,3.423873
0.973244,3.423873
0.973189,3.424063
0.973133,3.424444
0.973078,3.424635
0.973022,3.424825
0.972967,3.425016
0.972912,3.425207
0.972856,3.425397
0.972801,3.425778
0.972745,3.425969
0.972690,3.426159
0.972635,3.426350
0.972579,3.426541
0.972524,3.426731
0.972468,3.426922
0.972413,3.427112
0.972358,3.427112
0.972302,3.427493
0.972247,3.427493
0.972191,3.427875
0.972136,3.427875
0.972081,3.428256
0.972025,3.428446
0.971970,3.428446
0.971914,3.428828
0.971859,3.429018
0.971804,3.429209
0.971748,3.429399
0.971693,3.429590
0.971637,3.429780
0.971582,3.429971
0.971527,3.429971
0.971471,3.429971
0.971416,3.430352
0.971360,3.430352
0.971305,3.430733
0.971250,3.430733
0.971194,3.430924
0.971139,3.431114
0.971084,3.431305
0.971028,3.431496
0.970973,3.431496
0.970917,3.431686
0.970862,3.432067
0.970807,3.432067
0.970751,3.432258
0.970696,3.432448
0.970640,3.432639
0.970585,3.432830
0.970530,3.433020
0.970474,3.433020
0.970419,3.433020
0.970363,3.433211
0.970308,3.433401
0.970253,3.433592
0.970197,3.433592
0.970142,3.433782
0.970086,3.433973
0.970031,3.434164
0.969976,3.434164
0.969920,3.434354
0.969865,3.434545
0.969809,3.434545
0.969754,3.434735
0.969699,3.434926
0.969643,3.435116
0.969588,3.435307
0.969532,3.435498
0.969477,3.435498
0.969422,3.435688
0.969366,3.435688
0.969311,3.435879
0.969255,3.435879
0.969200,3.436069
0.969145,3.436069
0.969089,3.436069
0.969034,3.436260
0.968978,3.436451
0.968923,3.436451
0.968868,3.436641
0.968812,3.436832
0.968757,3.436832
0.968702,3.437022
0.968646,3.437213
0.968591,3.437403
0.968535,3.437403
0.968480,3.437785
0.968425,3.437785
0.968369,3.437785
0.968314,3.437785
0.968258,3.437975
0.968203,3.437975
0.968148,3.438166
0.968092,3.438166
0.968037,3.438356
0.967981,3.438547
0.967926,3.438547
0.967871,3.438737
0.967815,3.438737
0.967760,3.438737
0.967704,3.438928
0.967649,3.438928
0.967594,3.438928
0.967538,3.439119
0.967483,3.439119
0.967427,3.439119
0.967372,3.439119
0.967317,3.439309
0.967261,3.439500
0.967206,3.439500
0.967150,3.439690
0.967095,3.439690
0.967040,3.439881
0.966984,3.439881
0.966929,3.439881
0.966873,3.440071
0.966818,3.440071
0.966763,3.440071
0.966707,3.440262
0.966652,3.440262
0.966596,3.440262
0.966541,3.440453
0.966486,3.440453
0.966430,3.440453
0.966375,3.440643
0.966319,3.440643
0.966264,3.440643
0.966209,3.440834
0.966153,3.440834
0.966098,3.440834
0.966043,3.441024
0.965987,3.441215
0.965932,3.441215
0.965876,3.441215
0.965821,3.441405
0.965766,3.441405
0.965710,3.441405
0.965655,3.441596
0.965599,3.441596
0.965544,3.441596
0.965489,3.441596
0.965433,3.441787
0.965378,3.441787
0.965322,3.441787
0.965267,3.441977
0.965212,3.441977
0.965156,3.441977
0.965101,3.441977
0.965045,3.441977
0.964990,3.442168
0.964935,3.442168
0.964879,3.442168
0.964824,3.442168
0.964768,3.442168
0.964713,3.442168
0.964658,3.442168
0.964602,3.442168
0.964547,3.442358
0.964491,3.442358
0.964436,3.442358
0.964381,3.442358
0.964325,3.442358
0.964270,3.442549
0.964214,3.442549
0.964159,3.442739
0.964104,3.442549
0.964048,3.442739
0.963993,3.442739
0.963937,3.442739
0.963882,3.442739
0.963827,3.442930
0.963771,3.442930
0.963716,3.442930
0.963661,3.442930
0.963605,3.442930
0.963550,3.442930
0.963494,3.442930
0.963439,3.443121
0.963384,3.443121
0.963328,3.443121
0.963273,3.443121
0.963217,3.443121
0.963162,3.443121
0.963107,3.443311
0.963051,3.443311
0.962996,3.443311
0.962940,3.443311
0.962885,3.443311
0.962830,3.443311
0.962774,3.443311
0.962719,3.443311
0.962663,3.443502
0.962608,3.443502
0.962553,3.443502
0.962497,3.443502
0.962442,3.443502
0.962386,3.443502
0.962331,3.443502
0.962276,3.443502
0.962220,3.443692
0.962165,3.443692
0.962109,3.443692
0.962054,3.443692
0.961999,3.443692
0.961943,3.443692
0.961888,3.443692
0.961832,3.443692
0.961777,3.443692
0.961722,3.443692
0.961666,3.443692
0.961611,3.443692
0.961555,3.443883
0.961500,3.443883
0.961445,3.443692
0.961389,3.443883
0.961334,3.443883
0.961278,3.443883
0.961223,3.443883
0.961168,3.443883
0.961112,3.443883
0.961057,3.444074
0.961002,3.444074
0.960946,3.444074
0.960891,3.444074
0.960835,3.444074
0.960780,3.444074
0.960725,3.444074
0.960669,3.444264
0.960614,3.444074
0.960558,3.444264
0.960503,3.444264
0.960448,3.444264
0.960392,3.444264
0.960337,3.444074
0.960281,3.444264
0.960226,3.444264
0.960171,3.444264
0.960115,3.444264
0.960060,3.444264
0.960004,3.444264
0.959949,3.444264
0.959894,3.444264
0.959838,3.444264
0.959783,3.444264
0.959727,3.444264
0.959672,3.444455
0.959617,3.444455
0.959561,3.444455
0.959506,3.444264
0.959450,3.444455
0.959395,3.444455
0.959340,3.444455
0.959284,3.444455
0.959229,3.444455
0.959173,3.444455
0.959118,3.444455
0.959063,3.444455
0.959007,3.444455
0.958952,3.444455
0.958896,3.444455
0.958841,3.444455
0.958786,3.444455
0.958730,3.444455
0.958675,3.444455
0.958620,3.444455
0.958564,3.444645
0.958509,3.444455
0.958453,3.444645
0.958398,3.444645
0.958343,3.444455
0.958287,3.444455
0.958232,3.444645
0.958176,3.444455
0.958121,3.444645
0.958066,3.444455
0.958010,3.444455
0.957955,3.444455
0.957899,3.444455
0.957844,3.444645
0.957789,3.444455
0.957733,3.444455
0.957678,3.444645
0.957622,3.444645
0.957567,3.444645
0.957512,3.444645
0.957456,3.444645
0.957401,3.444645
0.957345,3.444645
0.957290,3.444645
0.957235,3.444645
0.957179,3.444645
0.957124,3.444645
0.957068,3.444645
0.957013,3.444645
0.956958,3.444645
0.956902,3.444645
0.956847,3.444645
0.956791,3.444645
0.956736,3.444645
0.956681,3.444645
0.956625,3.444645
0.956570,3.444645
0.956514,3.444645
0.956459,3.444645
0.956404,3.444645
0.956348,3.444645
0.956293,3.444645
0.956237,3.444645
0.956182,3.444645
0.956127,3.444645
0.956071,3.444645
0.956016,3.444645
0.955961,3.444645
0.955905,3.444645
0.955850,3.444645
0.955794,3.444645
0.955739,3.444645
0.955684,3.444645
0.955628,3.444645
0.955573,3.444645
0.955517,3.444645
0.955462,3.444645
0.955407,3.444645
0.955351,3.444645
0.955296,3.444645
0.955240,3.444645
0.955185,3.444645
0.955130,3.444645
0.955074,3.444645
0.955019,3.444645
0.954963,3.444645
0.954908,3.444645
0.954853,3.444645
0.954797,3.444645
0.954742,3.444645
0.954686,3.444645
0.954631,3.444645
0.954576,3.444645
0.954520,3.444645
0.954465,3.444645
0.954409,3.444645
0.954354,3.444645
0.954299,3.444645
0.954243,3.444645
0.954188,3.444645
0.954132,3.444645
0.954077,3.444645
0.954022,3.444645
0.953966,3.444645
0.953911,3.444645
0.953855,3.444645
0.953800,3.444645
0.953745,3.444645
0.953689,3.444645
0.953634,3.444645
0.953579,3.444645
0.953523,3.444645
0.953468,3.444645
0.953412,3.444645
0.953357,3.444645
0.953302,3.444645
0.953246,3.444645
0.953191,3.444645
0.953135,3.444645
0.953080,3.444645
0.953025,3.444645
0.952969,3.444645
0.952914,3.444645
0.952858,3.444645
0.952803,3.444645
0.952748,3.444645
0.952692,3.444645
0.952637,3.444645
0.952581,3.444645
0.952526,3.444645
0.952471,3.444645
0.952415,3.444645
0.952360,3.444455
0.952304,3.444645
0.952249,3.444645
0.952194,3.444645
0.952138,3.444645
0.952083,3.444645
0.952027,3.444645
0.951972,3.444645
0.951917,3.444645
0.951861,3.444645
0.951806,3.444645
0.951750,3.444645
0.951695,3.444645
0.951640,3.444645
0.951584,3.444645
0.951529,3.444645
0.951473,3.444645
0.951418,3.444645
0.951363,3.444455
0.951307,3.444455
0.951252,3.444645
0.951197,3.444455
0.951141,3.444455
0.951086,3.444645
0.951030,3.444455
0.950975,3.444645
0.950920,3.444645
0.950864,3.444455
0.950809,3.444645
0.950753,3.444455
0.950698,3.444455
0.950643,3.444455
0.950587,3.444455
0.950532,3.444455
0.950476,3.444455
0.950421,3.444455
0.950366,3.444455
0.950310,3.444455
0.950255,3.444455
0.950199,3.444455
0.950144,3.444455
0.950089,3.444455
0.950033,3.444455
0.949978,3.444455
0.949922,3.444455
0.949867,3.444455
0.949812,3.444455
0.949756,3.444455
0.949701,3.444455
0.949645,3.444455
0.949590,3.444455
0.949535,3.444455
0.949479,3.444455
0.949424,3.444455
0.949368,3.444455
0.949313,3.444455
0.949258,3.444455
0.949202,3.444455
0.949147,3.444455
0.949091,3.444455
0.949036,3.444455
0.948981,3.444455
0.948925,3.444455
0.948870,3.444455
0.948815,3.444455
0.948759,3.444455
0.948704,3.444455
0.948648,3.444455
0.948593,3.444455
0.948538,3.444455
0.948482,3.444455
0.948427,3.444455
0.948371,3.444455
0.948316,3.444455
0.948261,3.444455
0.948205,3.444455
0.948150,3.444264
0.948094,3.444455
0.948039,3.444455
0.947984,3.444455
0.947928,3.444455
0.947873,3.444455
0.947817,3.444455
0.947762,3.444455
0.947707,3.444455
0.947651,3.444455
0.947596,3.444455
0.947540,3.444455
0.947485,3.444455
0.947430,3.444455
0.947374,3.444455
0.947319,3.444455
0.947263,3.444455
0.947208,3.444455
0.947153,3.444455
0.947097,3.444455
0.947042,3.444264
0.946986,3.444455
0.946931,3.444455
0.946876,3.444264
0.946820,3.444455
0.946765,3.444264
0.946709,3.444264
0.946654,3.444264
0.946599,3.444264
0.946543,3.444264
0.946488,3.444264
0.946432,3.444264
0.946377,3.444264
0.946322,3.444264
0.946266,3.444264
0.946211,3.444264
0.946156,3.444264
0.946100,3.444264
0.946045,3.444455
0.945989,3.444264
0.945934,3.444264
0.945879,3.444264
0.945823,3.444455
0.945768,3.444264
0.945712,3.444264
0.945657,3.444264
0.945602,3.444264
0.945546,3.444264
0.945491,3.444264
0.945435,3.444264
0.945380,3.444264
0.945325,3.444264
0.945269,3.444264
0.945214,3.444264
0.945158,3.444264
0.945103,3.444264
0.945048,3.444264
0.944992,3.444264
0.944937,3.444264
0.944881,3.444264
0.944826,3.444264
0.944771,3.444074
0.944715,3.444264
0.944660,3.444264
0.944604,3.444264
0.944549,3.444264
0.944494,3.444264
0.944438,3.444264
0.944383,3.444264
0.944327,3.444264
0.944272,3.444074
0.944217,3.444074
0.944161,3.444264
0.944106,3.444074
0.944050,3.444264
0.943995,3.444074
0.943940,3.444264
0.943884,3.444264
0.943829,3.444074
0.943774,3.444264
0.943718,3.444074
0.943663,3.444264
0.943607,3.444264
0.943552,3.444264
0.943497,3.444074
0.943441,3.444264
0.943386,3.444074
0.943330,3.444074
0.943275,3.444074
0.943220,3.444074
0.943164,3.444074
0.943109,3.444074
0.943053,3.444074
0.942998,3.444074
0.942943,3.444074
0.942887,3.444074
0.942832,3.444074
0.942776,3.444074
0.942721,3.444074
0.942666,3.444074
0.942610,3.444074
0.942555,3.444074
0.942499,3.444074
0.942444,3.444074
0.942389,3.444074
0.942333,3.444074
0.942278,3.444074
0.942222,3.444074
0.942167,3.444074
0.942112,3.444074
0.942056,3.444074
0.942001,3.444074
0.941945,3.444074
0.941890,3.444074
0.941835,3.444074
0.941779,3.444074
0.941724,3.444074
0.941668,3.444074
0.941613,3.443883
0.941558,3.443883
0.941502,3.444074
0.941447,3.444074
0.941392,3.444074
0.941336,3.443883
0.941281,3.444074
0.941225,3.443883
0.941170,3.443883
0.941115,3.444074
0.941059,3.444074
0.941004,3.444074
0.940948,3.443883
0.940893,3.444074
0.940838,3.443883
0.940782,3.443883
0.940727,3.444074
0.940671,3.443883
0.940616,3.443883
0.940561,3.444074
0.940505,3.443883
0.940450,3.444074
0.940394,3.443883
0.940339,3.443883
0.940284,3.443883
0.940228,3.444074
0.940173,3.443883
0.940117,3.443883
0.940062,3.443883
0.940007,3.443883
0.939951,3.443883
0.939896,3.443883
0.939840,3.443883
0.939785,3.443883
0.939730,3.443883
0.939674,3.443883
0.939619,3.443883
0.939563,3.443883
0.939508,3.443883
0.939453,3.443883
0.939397,3.443883
0.939342,3.443883
0.939286,3.443883
0.939231,3.443883
0.939176,3.443883
0.939120,3.443883
0.939065,3.443883
0.939009,3.443883
0.938954,3.443883
0.938899,3.443883
0.938843,3.443692
0.938788,3.443883
0.938733,3.443883
0.938677,3.443883
0.938622,3.443883
0.938566,3.443883
0.938511,3.443883
0.938456,3.443883
0.938400,3.443883
0.938345,3.443883
0.938289,3.443692
0.938234,3.443883
0.938179,3.443883
0.938123,3.443692
0.938068,3.443692
0.938012,3.443883
0.937957,3.443883
0.937902,3.443883
0.937846,3.443692
0.937791,3.443883
0.937735,3.443692
0.937680,3.443692
0.937625,3.443883
0.937569,3.443692
0.937514,3.443692
0.937458,3.443883
0.937403,3.443692
0.937348,3.443692
0.937292,3.443692
0.937237,3.443883
0.937181,3.443692
0.937126,3.443692
0.937071,3.443692
0.937015,3.443692
0.936960,3.443692
0.936904,3.443883
0.936849,3.443692
0.936794,3.443692
0.936738,3.443692
0.936683,3.443692
0.936627,3.443692
0.936572,3.443692
0.936517,3.443692
0.936461,3.443692
0.936406,3.443692
0.936351,3.443692
0.936295,3.443692
0.936240,3.443692
0.936184,3.443692
0.936129,3.443692
0.936074,3.443692
0.936018,3.443692
0.935963,3.443692
0.935907,3.443692
0.935852,3.443692
0.935797,3.443692
0.935741,3.443692
0.935686,3.443692
0.935630,3.443692
0.935575,3.443692
0.935520,3.443692
0.935464,3.443692
0.935409,3.443692
0.935353,3.443692
0.935298,3.443692
0.935243,3.443692
0.935187,3.443692
0.935132,3.443692
0.935076,3.443692
0.935021,3.443692
0.934966,3.443692
0.934910,3.443692
0.934855,3.443692
0.934799,3.443692
0.934744,3.443692
0.934689,3.443692
0.934633,3.443692
0.934578,3.443692
0.934522,3.443692
0.934467,3.443692
0.934412,3.443692
0.934356,3.443692
0.934301,3.443692
0.934245,3.443692
0.934190,3.443692
0.934135,3.443692
0.934079,3.443692
0.934024,3.443692
0.933968,3.443692
0.933913,3.443692
0.933858,3.443692
0.933802,3.443692
0.933747,3.443692
0.933692,3.443502
0.933636,3.443692
0.933581,3.443692
0.933525,3.443692
0.933470,3.443692
0.933415,3.443692
0.933359,3.443692
0.933304,3.443692
0.933248,3.443692
0.933193,3.443502
0.933138,3.443692
0.933082,3.443692
0.933027,3.443692
0.932971,3.443692
0.932916,3.443692
0.932861,3.443692
0.932805,3.443692
0.932750,3.443692
0.932694,3.443692
0.932639,3.443502
0.932584,3.443692
0.932528,3.443692
0.932473,3.443502
0.932417,3.443692
0.932362,3.443692
0.932307,3.443692
0.932251,3.443692
0.932196,3.443502
0.932140,3.443692
0.932085,3.443692
0.932030,3.443692
0.931974,3.443692
0.931919,3.443502
0.931863,3.443502
0.931808,3.443692
0.931753,3.443502
0.931697,3.443502
0.931642,3.443502
0.931586,3.443502
0.931531,3.443502
0.931476,3.443502
0.931420,3.443502
0.931365,3.443502
0.931310,3.443502
0.931254,3.443502
0.931199,3.443502
0.931143,3.443502
0.931088,3.443692
0.931033,3.443692
0.930977,3.443692
0.930922,3.443502
0.930866,3.443502
0.930811,3.443692
0.930756,3.443502
0.930700,3.443502
0.930645,3.443502
0.930589,3.443502
0.930534,3.443502
0.930479,3.443502
0.930423,3.443502
0.930368,3.443502
0.930312,3.443502
0.930257,3.443692
0.930202,3.443502
0.930146,3.443502
0.930091,3.443502
0.930035,3.443502
0.929980,3.443502
0.929925,3.443502
0.929869,3.443502
0.929814,3.443502
0.929758,3.443502
0.929703,3.443502
0.929648,3.443502
0.929592,3.443502
0.929537,3.443502
0.929481,3.443502
0.929426,3.443502
0.929371,3.443502
0.929315,3.443502
0.929260,3.443502
0.929204,3.443502
0.929149,3.443502
0.929094,3.443502
0.929038,3.443502
0.928983,3.443502
0.928927,3.443502
0.928872,3.443502
0.928817,3.443502
0.928761,3.443502
0.928706,3.443502
0.928651,3.443502
0.928595,3.443502
0.928540,3.443502
0.928484,3.443502
0.928429,3.443502
0.928374,3.443502
0.928318,3.443502
0.928263,3.443502
0.928207,3.443502
0.928152,3.443502
0.928097,3.443502
0.928041,3.443502
0.927986,3.443502
0.927930,3.443502
0.927875,3.443502
0.927820,3.443502
0.927764,3.443502
0.927709,3.443502
0.927653,3.443502
0.927598,3.443502
0.927543,3.443502
0.927487,3.443502
0.927432,3.443502
0.927376,3.443502
0.927321,3.443502
0.927266,3.443502
0.927210,3.443311
0.927155,3.443502
0.927099,3.443311
0.927044,3.443311
0.926989,3.443502
0.926933,3.443502
0.926878,3.443311
0.926822,3.443502
0.926767,3.443502
0.926712,3.443502
0.926656,3.443311
0.926601,3.443502
0.926545,3.443502
0.926490,3.443311
0.926435,3.443502
0.926379,3.443502
0.926324,3.443502
0.926269,3.443311
0.926213,3.443502
0.926158,3.443311
0.926102,3.443311
0.926047,3.443311
0.925992,3.443311
0.925936,3.443502
0.925881,3.443502
0.925825,3.443311
0.925770,3.443311
0.925715,3.443311
0.925659,3.443311
0.925604,3.443311
0.925548,3.443311
0.925493,3.443311
0.925438,3.443311
0.925382,3.443311
0.925327,3.443311
0.925271,3.443311
0.925216,3.443311
0.925161,3.443311
0.925105,3.443311
0.925050,3.443311
0.924994,3.443311
0.924939,3.443311
0.924884,3.443311
0.924828,3.443311
0.924773,3.443311
0.924717,3.443311
0.924662,3.443311
0.924607,3.443311
0.924551,3.443311
0.924496,3.443311
0.924440,3.443311
0.924385,3.443311
0.924330,3.443311
0.924274,3.443311
0.924219,3.443311
0.924163,3.443311
0.924108,3.443311
0.924053,3.443311
0.923997,3.443311
0.923942,3.443311
0.923886,3.443311
0.923831,3.443311
0.923776,3.443311
0.923720,3.443311
0.923665,3.443311
0.923610,3.443311
0.923554,3.443311
0.923499,3.443311
0.923443,3.443311
0.923388,3.443311
0.923333,3.443311
0.923277,3.443311
0.923222,3.443311
0.923166,3.443311
0.923111,3.443311
0.923056,3.443311
0.923000,3.443311
0.922945,3.443311
0.922889,3.443311
0.922834,3.443311
0.922779,3.443311
0.922723,3.443311
0.922668,3.443311
0.922612,3.443311
0.922557,3.443311
0.922502,3.443311
0.922446,3.443311
0.922391,3.443311
0.922335,3.443311
0.922280,3.443311
0.922225,3.443311
0.922169,3.443311
0.922114,3.443311
0.922058,3.443311
0.922003,3.443311
0.921948,3.443311
0.921892,3.443311
0.921837,3.443311
0.921781,3.443311
0.921726,3.443311
0.921671,3.443311
0.921615,3.443121
0.921560,3.443311
0.921504,3.443311
0.921449,3.443311
0.921394,3.443311
0.921338,3.443311
0.921283,3.443311
0.921228,3.443311
0.921172,3.443311
0.921117,3.443311
0.921061,3.443311
0.921006,3.443311
0.920951,3.443311
0.920895,3.443121
0.920840,3.443121
0.920784,3.443311
0.920729,3.443121
0.920674,3.443311
0.920618,3.443311
0.920563,3.443311
0.920507,3.443311
0.920452,3.443311
0.920397,3.443311
0.920341,3.443311
0.920286,3.443311
0.920230,3.443121
0.920175,3.443311
0.920120,3.443311
0.920064,3.443311
0.920009,3.443121
0.919953,3.443311
0.919898,3.443311
0.919843,3.443121
0.919787,3.443311
0.919732,3.443121
0.919676,3.443311
0.919621,3.443121
0.919566,3.443311
0.919510,3.443121
0.919455,3.443311
0.919399,3.443121
0.919344,3.443121
0.919289,3.443121
0.919233,3.443311
0.919178,3.443121
0.919122,3.443121
0.919067,3.443311
0.919012,3.443121
0.918956,3.443121
0.918901,3.443311
0.918846,3.443121
0.918790,3.443311
0.918735,3.443311
0.918679,3.443121
0.918624,3.443121
0.918569,3.443121
0.918513,3.443121
0.918458,3.443121
0.918402,3.443311
0.918347,3.443121
0.918292,3.443121
0.918236,3.443121
0.918181,3.443121
0.918125,3.443121
0.918070,3.443121
0.918015,3.443121
0.917959,3.443121
0.917904,3.443121
0.917848,3.443311
0.917793,3.443121
0.917738,3.443121
0.917682,3.443121
0.917627,3.443311
0.917571,3.443121
0.917516,3.443121
0.917461,3.443121
0.917405,3.443121
0.917350,3.443121
0.917294,3.443121
0.917239,3.443121
0.917184,3.443121
0.917128,3.443121
0.917073,3.443121
0.917017,3.443121
0.916962,3.443121
0.916907,3.443121
0.916851,3.443121
0.916796,3.443121
0.916740,3.443121
0.916685,3.443121
0.916630,3.443121
0.916574,3.443121
0.916519,3.443121
0.916464,3.443121
0.916408,3.443121
0.916353,3.443121
0.916297,3.443121
0.916242,3.443121
0.916187,3.443121
0.916131,3.443121
0.916076,3.443121
0.916020,3.443121
0.915965,3.443121
0.915910,3.443121
0.915854,3.443121
0.915799,3.443121
0.915743,3.443121
0.915688,3.443121
0.915633,3.443121
0.915577,3.443121
0.915522,3.443121
0.915466,3.443121
0.915411,3.443121
0.915356,3.443121
0.915300,3.443121
0.915245,3.443121
0.915189,3.443121
0.915134,3.443121
0.915079,3.443121
0.915023,3.443121
0.914968,3.443121
0.914912,3.443121
0.914857,3.443121
0.914802,3.443121
0.914746,3.443121
0.914691,3.443121
0.914635,3.443121
0.914580,3.443121
0.914525,3.443121
0.914469,3.443121
0.914414,3.443121
0.914358,3.443121
0.914303,3.443121
0.914248,3.443121
0.914192,3.443121
0.914137,3.443121
0.914082,3.443121
0.914026,3.443121
0.913971,3.443121
0.913915,3.443121
0.913860,3.443121
0.913805,3.443121
0.913749,3.443121
0.913694,3.443121
0.913638,3.443121
0.913583,3.443121
0.913528,3.443121
0.913472,3.443121
0.913417,3.443121
0.913361,3.443121
0.913306,3.443121
0.913251,3.443121
0.913195,3.443121
0.913140,3.443121
0.913084,3.443121
0.913029,3.443121
0.912974,3.443121
0.912918,3.443121
0.912863,3.443121
0.912807,3.443121
0.912752,3.443121
0.912697,3.443121
0.912641,3.443121
0.912586,3.443121
0.912530,3.443121
0.912475,3.442930
0.912420,3.443121
0.912364,3.443121
0.912309,3.443121
0.912253,3.443121
0.912198,3.443121
0.912143,3.443121
0.912087,3.443121
0.912032,3.443121
0.911976,3.443121
0.911921,3.443121
0.911866,3.442930
0.911810,3.443121
0.911755,3.443121
0.911700,3.443121
0.911644,3.443121
0.911589,3.443121
0.911533,3.443121
0.911478,3.443121
0.911423,3.443121
0.911367,3.443121
0.911312,3.443121
0.911256,3.443121
0.911201,3.443121
0.911146,3.443121
0.911090,3.442930
0.911035,3.443121
0.910979,3.442930
0.910924,3.442930
0.910869,3.442930
0.910813,3.443121
0.910758,3.443121
0.910702,3.442930
0.910647,3.442930
0.910592,3.442930
0.910536,3.443121
0.910481,3.442930
0.910425,3.443121
0.910370,3.443121
0.910315,3.443121
0.910259,3.442930
0.910204,3.443121
0.910148,3.443121
0.910093,3.442930
0.910038,3.442930
0.909982,3.443121
0.909927,3.443121
0.909871,3.443121
0.909816,3.443121
0.909761,3.443121
0.909705,3.442930
0.909650,3.442930
0.909594,3.442930
0.909539,3.442930
0.909484,3.442930
0.909428,3.443121
0.909373,3.442930
0.909318,3.442930
0.909262,3.442930
0.909207,3.443121
0.909151,3.442930
0.909096,3.442930
0.909041,3.442930
0.908985,3.442930
0.908930,3.442930
0.908874,3.442930
0.908819,3.442930
0.908764,3.442930
0.908708,3.442930
0.908653,3.442930
0.908597,3.442930
0.908542,3.442930
0.908487,3.442930
0.908431,3.442930
0.908376,3.443121
0.908320,3.442930
0.908265,3.442930
0.908210,3.442930
0.908154,3.442930
0.908099,3.442930
0.908043,3.442930
0.907988,3.442930
0.907933,3.442930
0.907877,3.442930
0.907822,3.442930
0.907766,3.442930
0.907711,3.442930
0.907656,3.442930
0.907600,3.442930
0.907545,3.442930
0.907489,3.442930
0.907434,3.442930
0.907379,3.442930
0.907323,3.442930
0.907268,3.442930
0.907212,3.442930
0.907157,3.442930
0.907102,3.442930
0.907046,3.442930
0.906991,3.442930
0.906935,3.442930
0.906880,3.442930
0.906825,3.442930
0.906769,3.442930
0.906714,3.443121
0.906659,3.442930
0.906603,3.442930
0.906548,3.442930
0.906492,3.443121
0.906437,3.442930
0.906382,3.442930
0.906326,3.442930
0.906271,3.442930
0.906215,3.442930
0.906160,3.442930
0.906105,3.442930
0.906049,3.442930
0.905994,3.442930
0.905938,3.442930
0.905883,3.442930
0.905828,3.442930
0.905772,3.442930
0.905717,3.442930
0.905661,3.442930
0.905606,3.442930
0.905551,3.442930
0.905495,3.442930
0.905440,3.442930
0.905384,3.442930
0.905329,3.442930
0.905274,3.442930
0.905218,3.442930
0.905163,3.442930
0.905107,3.442930
0.905052,3.442930
0.904997,3.442930
0.904941,3.442930
0.904886,3.442930
0.904830,3.442930
0.904775,3.442930
0.904720,3.442930
0.904664,3.442739
0.904609,3.442930
0.904553,3.442930
0.904498,3.442930
0.904443,3.442930
0.904387,3.442930
0.904332,3.442930
0.904277,3.442930
0.904221,3.442930
0.904166,3.442930
0.904110,3.442930
0.904055,3.442930
0.904000,3.442930
0.903944,3.442930
0.903889,3.442930
0.903833,3.442930
0.903778,3.442930
0.903723,3.442930
0.903667,3.442930
0.903612,3.442930
0.903556,3.442930
0.903501,3.442930
0.903446,3.442930
0.903390,3.442930
0.903335,3.442930
0.903279,3.442930
0.903224,3.442930
0.903169,3.442930
0.903113,3.442739
0.903058,3.442930
0.903002,3.442930
0.902947,3.442930
0.902892,3.442930
0.902836,3.442930
0.902781,3.442930
0.902725,3.442739
0.902670,3.442930
0.902615,3.442930
0.902559,3.442930
0.902504,3.442930
0.902448,3.442930
0.902393,3.442930
0.902338,3.442930
0.902282,3.442739
0.902227,3.442930
0.902171,3.442930
0.902116,3.442739
0.902061,3.442930
0.902005,3.442739
0.901950,3.442739
0.901895,3.442930
0.901839,3.442930
0.901784,3.442930
0.901728,3.442739
0.901673,3.442930
0.901618,3.442930
0.901562,3.442930
0.901507,3.442739
0.901451,3.442739
0.901396,3.442739
0.901341,3.442930
0.901285,3.442739
0.901230,3.442930
0.901174,3.442739
0.901119,3.442739
0.901064,3.442930
0.901008,3.442930
0.900953,3.442739
0.900897,3.442739
0.900842,3.442739
0.900787,3.442739
0.900731,3.442739
0.900676,3.442739
0.900620,3.442930
0.900565,3.442930
0.900510,3.442930
0.900454,3.442739
0.900399,3.442739
0.900343,3.442930
0.900288,3.442739
0.900233,3.442739
0.900177,3.442739
0.900122,3.442739
0.900066,3.442739
0.900011,3.442739
0.899956,3.442739
0.899900,3.442930
0.899845,3.442739
0.899789,3.442739
0.899734,3.442739
0.899679,3.442739
0.899623,3.442930
0.899568,3.442739
0.899513,3.442739
0.899457,3.442739
0.899402,3.442739
0.899346,3.442930
0.899291,3.442930
0.899236,3.442739
0.899180,3.442739
0.899125,3.442739
0.899069,3.442739
0.899014,3.442739
0.898959,3.442739
0.898903,3.442739
0.898848,3.442930
0.898792,3.442739
0.898737,3.442739
0.898682,3.442739
0.898626,3.442739
0.898571,3.442739
0.898515,3.442739
0.898460,3.442739
0.898405,3.442739
0.898349,3.442739
0.898294,3.442739
0.898238,3.442739
0.898183,3.442930
0.898128,3.442739
0.898072,3.442739
0.898017,3.442739
0.897961,3.442739
0.897906,3.442739
0.897851,3.442930
0.897795,3.442739
0.897740,3.442739
0.897684,3.442739
0.897629,3.442739
0.897574,3.442739
0.897518,3.442739
0.897463,3.442739
0.897407,3.442739
0.897352,3.442739
0.897297,3.442739
0.897241,3.442739
0.897186,3.442739
0.897131,3.442739
0.897075,3.442739
0.897020,3.442739
0.896964,3.442739
0.896909,3.442739
0.896854,3.442739
0.896798,3.442739
0.896743,3.442739
0.896687,3.442739
0.896632,3.442739
0.896577,3.442739
0.896521,3.442739
0.896466,3.442739
0.896410,3.442739
0.896355,3.442739
0.896300,3.442739
0.896244,3.442739
0.896189,3.442739
0.896133,3.442739
0.896078,3.442739
0.896023,3.442739
0.895967,3.442739
0.895912,3.442739
0.895856,3.442739
0.895801,3.442739
0.895746,3.442739
0.895690,3.442739
0.895635,3.442739
0.895579,3.442739
0.895524,3.442739
0.895469,3.442739
0.895413,3.442739
0.895358,3.442739
0.895302,3.442739
0.895247,3.442739
0.895192,3.442739
0.895136,3.442739
0.895081,3.442739
0.895025,3.442739
0.894970,3.442739
0.894915,3.442739
0.894859,3.442739
0.894804,3.442739
0.894749,3.442739
0.894693,3.442739
0.894638,3.442739
0.894582,3.442549
0.894527,3.442739
0.894472,3.442739
0.894416,3.442739
0.894361,3.442739
0.894305,3.442739
0.894250,3.442739
0.894195,3.442739
0.894139,3.442739
0.894084,3.442739
0.894028,3.442739
0.893973,3.442739
0.893918,3.442739
0.893862,3.442739
0.893807,3.442739
0.893751,3.442739
0.893696,3.442739
0.893641,3.442739
0.893585,3.442739
0.893530,3.442739
0.893474,3.442739
0.893419,3.442739
0.893364,3.442739
0.893308,3.442739
0.893253,3.442739
0.893197,3.442739
0.893142,3.442739
0.893087,3.442739
0.893031,3.442739
0.892976,3.442739
0.892920,3.442739
0.892865,3.442739
0.892810,3.442739
0.892754,3.442739
0.892699,3.442739
0.892643,3.442739
0.892588,3.442739
0.892533,3.442739
0.892477,3.442739
0.892422,3.442739
0.892367,3.442739
0.892311,3.442739
0.892256,3.442549
0.892200,3.442739
0.892145,3.442739
0.892090,3.442739
0.892034,3.442739
0.891979,3.442739
0.891923,3.442739
0.891868,3.442549
0.891813,3.442739
0.891757,3.442739
0.891702,3.442739
0.891646,3.442739
0.891591,3.442739
0.891536,3.442739
0.891480,3.442739
0.891425,3.442739
0.891369,3.442549
0.891314,3.442739
0.891259,3.442739
0.891203,3.442549
0.891148,3.442739
0.891092,3.442739
0.891037,3.442739
0.890982,3.442739
0.890926,3.442739
0.890871,3.442739
0.890815,3.442739
0.890760,3.442739
0.890705,3.442549
0.890649,3.442739
0.890594,3.442739
0.890538,3.442739
0.890483,3.442549
0.890428,3.442739
0.890372,3.442739
0.890317,3.442739
0.890261,3.442739
0.890206,3.442739
0.890151,3.442739
0.890095,3.442739
0.890040,3.442739
0.889984,3.442739
0.889929,3.442549
0.889874,3.442739
0.889818,3.442549
0.889763,3.442549
0.889708,3.442739
0.889652,3.442739
0.889597,3.442739
0.889541,3.442739
0.889486,3.442549
0.889431,3.442739
0.889375,3.442549
0.889320,3.442739
0.889264,3.442739
0.889209,3.442549
0.889154,3.442739
0.889098,3.442549
0.889043,3.442549
0.888987,3.442549
0.888932,3.442549
0.888877,3.442739
0.888821,3.442739
0.888766,3.442739
0.888710,3.442549
0.888655,3.442549
0.888600,3.442549
0.888544,3.442549
0.888489,3.442549
0.888433,3.442549
0.888378,3.442549
0.888323,3.442739
0.888267,3.442549
0.888212,3.442549
0.888156,3.442549
0.888101,3.442549
0.888046,3.442549
0.887990,3.442739
0.887935,3.442549
0.887879,3.442739
0.887824,3.442739
0.887769,3.442549
0.887713,3.442549
0.887658,3.442549
0.887602,3.442739
0.887547,3.442549
0.887492,3.442549
0.887436,3.442549
0.887381,3.442739
0.887326,3.442739
0.887270,3.442549
0.887215,3.442549
0.887159,3.442549
0.887104,3.442739
0.887049,3.442739
0.886993,3.442549
0.886938,3.442549
0.886882,3.442549
0.886827,3.442549
0.886772,3.442549
0.886716,3.442549
0.886661,3.442549
0.886605,3.442549
0.886550,3.442549
0.886495,3.442549
0.886439,3.442549
0.886384,3.442549
0.886328,3.442549
0.886273,3.442549
0.886218,3.442549
0.886162,3.442549
0.886107,3.442549
0.886051,3.442549
0.885996,3.442549
0.885941,3.442549
0.885885,3.442549
0.885830,3.442549
0.885774,3.442549
0.885719,3.442549
0.885664,3.442549
0.885608,3.442549
0.885553,3.442549
0.885497,3.442549
0.885442,3.442549
0.885387,3.442549
0.885331,3.442549
0.885276,3.442549
0.885220,3.442549
0.885165,3.442549
0.885110,3.442549
0.885054,3.442549
0.884999,3.442549
0.884944,3.442549
0.884888,3.442549
0.884833,3.442549
0.884777,3.442549
0.884722,3.442549
0.884667,3.442549
0.884611,3.442549
0.884556,3.442549
0.884500,3.442549
0.884445,3.442549
0.884390,3.442549
0.884334,3.442549
0.884279,3.442549
0.884223,3.442549
0.884168,3.442549
0.884113,3.442549
0.884057,3.442549
0.884002,3.442549
0.883946,3.442549
0.883891,3.442549
0.883836,3.442549
0.883780,3.442549
0.883725,3.442549
0.883669,3.442549
0.883614,3.442549
0.883559,3.442549
0.883503,3.442549
0.883448,3.442549
0.883392,3.442549
0.883337,3.442549
0.883282,3.442549
0.883226,3.442549
0.883171,3.442549
0.883115,3.442549
0.883060,3.442549
0.883005,3.442549
0.882949,3.442549
0.882894,3.442549
0.882838,3.442549
0.882783,3.442549
0.882728,3.442549
0.882672,3.442549
0.882617,3.442549
0.882561,3.442549
0.882506,3.442549
0.882451,3.442549
0.882395,3.442549
0.882340,3.442549
0.882285,3.442549
0.882229,3.442549
0.882174,3.442549
0.882118,3.442549
0.882063,3.442549
0.882008,3.442549
0.881952,3.442549
0.881897,3.442549
0.881841,3.442549
0.881786,3.442549
0.881731,3.442549
0.881675,3.442549
0.881620,3.442549
0.881564,3.442549
0.881509,3.442549
0.881454,3.442549
0.881398,3.442549
0.881343,3.442549
0.881287,3.442549
0.881232,3.442549
0.881177,3.442549
0.881121,3.442549
0.881066,3.442549
0.881010,3.442549
0.880955,3.442549
0.880900,3.442549
0.880844,3.442549
0.880789,3.442549
0.880733,3.442549
0.880678,3.442549
0.880623,3.442549
0.880567,3.442549
0.880512,3.442549
0.880456,3.442549
0.880401,3.442358
0.880346,3.442549
0.880290,3.442549
0.880235,3.442549
0.880179,3.442549
0.880124,3.442549
0.880069,3.442358
0.880013,3.442358
0.879958,3.442549
0.879903,3.442549
0.879847,3.442549
0.879792,3.442549
0.879736,3.442549
0.879681,3.442549
0.879626,3.442549
0.879570,3.442549
0.879515,3.442549
0.879459,3.442549
0.879404,3.442549
0.879349,3.442549
0.879293,3.442549
0.879238,3.442549
0.879182,3.442549
0.879127,3.442549
0.879072,3.442549
0.879016,3.442358
0.878961,3.442549
0.878905,3.442549
0.878850,3.442549
0.878795,3.442549
0.878739,3.442549
0.878684,3.442549
0.878628,3.442549
0.878573,3.442549
0.878518,3.442549
0.878462,3.442549
0.878407,3.442549
0.878351,3.442549
0.878296,3.442549
0.878241,3.442549
0.878185,3.442549
0.878130,3.442549
0.878074,3.442549
0.878019,3.442549
0.877964,3.442549
0.877908,3.442549
0.877853,3.442549
0.877797,3.442549
0.877742,3.442549
0.877687,3.442358
0.877631,3.442358
0.877576,3.442549
0.877521,3.442549
0.877465,3.442549
0.877410,3.442549
0.877354,3.442549
0.877299,3.442549
0.877244,3.442549
0.877188,3.442549
0.877133,3.442549
0.877077,3.442549
0.877022,3.442358
0.876967,3.442549
0.876911,3.442549
0.876856,3.442549
0.876800,3.442549
0.876745,3.442549
0.876690,3.442549
0.876634,3.442358
0.876579,3.442549
0.876523,3.442358
0.876468,3.442549
0.876413,3.442358
0.876357,3.442358
0.876302,3.442358
0.876246,3.442358
0.876191,3.442549
0.876136,3.442358
0.876080,3.442358
0.876025,3.442549
0.875969,3.442358
0.875914,3.442358
0.875859,3.442549
0.875803,3.442549
0.875748,3.442358
0.875692,3.442549
0.875637,3.442358
0.875582,3.442549
0.875526,3.442358
0.875471,3.442358
0.875415,3.442549
0.875360,3.442549
0.875305,3.442358
0.875249,3.442358
0.875194,3.442358
0.875138,3.442358
0.875083,3.442358
0.875028,3.442549
0.874972,3.442358
0.874917,3.442549
0.874862,3.442358
0.874806,3.442358
0.874751,3.442549
0.874695,3.442358
0.874640,3.442549
0.874585,3.442549
0.874529,3.442549
0.874474,3.442358
0.874418,3.442549
0.874363,3.442358
0.874308,3.442358
0.874252,3.442358
0.874197,3.442358
0.874141,3.442358
0.874086,3.442358
0.874031,3.442358
0.873975,3.442549
0.873920,3.442358
0.873864,3.442358
0.873809,3.442358
0.873754,3.442358
0.873698,3.442549
0.873643,3.442358
0.873587,3.442358
0.873532,3.442549
0.873477,3.442358
0.873421,3.442358
0.873366,3.442358
0.873310,3.442358
0.873255,3.442549
0.873200,3.442358
0.873144,3.442358
0.873089,3.442358
0.873033,3.442358
0.872978,3.442358
0.872923,3.442549
0.872867,3.442358
0.872812,3.442358
0.872756,3.442358
0.872701,3.442358
0.872646,3.442358
0.872590,3.442358
0.872535,3.442358
0.872480,3.442358
0.872424,3.442358
0.872369,3.442358
0.872313,3.442358
0.872258,3.442358
0.872203,3.442358
0.872147,3.442358
0.872092,3.442358
0.872036,3.442549
0.871981,3.442358
0.871926,3.442358
0.871870,3.442358
0.871815,3.442549
0.871759,3.442358
0.871704,3.442358
0.871649,3.442358
0.871593,3.442358
0.871538,3.442358
0.871482,3.442358
0.871427,3.442358
0.871372,3.442358
0.871316,3.442358
0.871261,3.442358
0.871205,3.442358
0.871150,3.442358
0.871095,3.442358
0.871039,3.442358
0.870984,3.442358
0.870928,3.442358
0.870873,3.442358
0.870818,3.442358
0.870762,3.442358
0.870707,3.442358
0.870651,3.442358
0.870596,3.442358
0.870541,3.442358
0.870485,3.442358
0.870430,3.442358
0.870374,3.442358
0.870319,3.442358
0.870264,3.442358
0.870208,3.442358
0.870153,3.442358
0.870098,3.442358
0.870042,3.442358
0.869987,3.442358
0.869931,3.442358
0.869876,3.442358
0.869821,3.442358
0.869765,3.442358
0.869710,3.442358
0.869654,3.442358
0.869599,3.442358
0.869544,3.442358
0.869488,3.442358
0.869433,3.442358
0.869377,3.442358
0.869322,3.442358
0.869267,3.442358
0.869211,3.442358
0.869156,3.442358
0.869100,3.442358
0.869045,3.442358
0.868990,3.442358
0.868934,3.442358
0.868879,3.442358
0.868823,3.442358
0.868768,3.442358
0.868713,3.442358
0.868657,3.442358
0.868602,3.442358
0.868546,3.442358
0.868491,3.442358
0.868436,3.442358
0.868380,3.442358
0.868325,3.442358
0.868269,3.442358
0.868214,3.442358
0.868159,3.442358
0.868103,3.442358
0.868048,3.442358
0.867992,3.442358
0.867937,3.442358
0.867882,3.442358
0.867826,3.442358
0.867771,3.442358
0.867716,3.442358
0.867660,3.442358
0.867605,3.442358
0.867549,3.442358
0.867494,3.442358
0.867439,3.442358
0.867383,3.442358
0.867328,3.442358
0.867272,3.442358
0.867217,3.442358
0.867162,3.442358
0.867106,3.442358
0.867051,3.442358
0.866995,3.442358
0.866940,3.442358
0.866885,3.442358
0.866829,3.442358
0.866774,3.442358
0.866718,3.442358
0.866663,3.442358
0.866608,3.442358
0.866552,3.442358
0.866497,3.442358
0.866441,3.442358
0.866386,3.442358
0.866331,3.442358
0.866275,3.442358
0.866220,3.442358
0.866164,3.442168
0.866109,3.442358
0.866054,3.442358
0.865998,3.442168
0.865943,3.442358
0.865887,3.442358
0.865832,3.442358
0.865777,3.442168
0.865721,3.442168
0.865666,3.442358
0.865610,3.442358
0.865555,3.442358
0.865500,3.442358
0.865444,3.442358
0.865389,3.442358
0.865333,3.442358
0.865278,3.442358
0.865223,3.442168
0.865167,3.442168
0.865112,3.442358
0.865057,3.442358
0.865001,3.442358
0.864946,3.442358
0.864890,3.442358
0.864835,3.442358
0.864780,3.442358
0.864724,3.442358
0.864669,3.442358
0.864613,3.442358
0.864558,3.442358
0.864503,3.442168
0.864447,3.442358
0.864392,3.442358
0.864336,3.442358
0.864281,3.442358
0.864226,3.442358
0.864170,3.442358
0.864115,3.442358
0.864059,3.442358
0.864004,3.442358
0.863949,3.442358
0.863893,3.442358
0.863838,3.442168
0.863782,3.442358
0.863727,3.442358
0.863672,3.442358
0.863616,3.442358
0.863561,3.442358
0.863505,3.442168
0.863450,3.442358
0.863395,3.442358
0.863339,3.442358
0.863284,3.442358
0.863228,3.442358
0.863173,3.442358
0.863118,3.442358
0.863062,3.442358
0.863007,3.442358
0.862951,3.442168
0.862896,3.442358
0.862841,3.442358
0.862785,3.442358
0.862730,3.442358
0.862675,3.442358
0.862619,3.442358
0.862564,3.442358
0.862508,3.442358
0.862453,3.442358
0.862398,3.442358
0.862342,3.442358
0.862287,3.442168
0.862231,3.442168
0.862176,3.442358
0.862121,3.442358
0.862065,3.442358
0.862010,3.442358
0.861954,3.442358
0.861899,3.442358
0.861844,3.442358
0.861788,3.442358
0.861733,3.442358
0.861677,3.442358
0.861622,3.442358
0.861567,3.442358
0.861511,3.442358
0.861456,3.442358
0.861400,3.442358
0.861345,3.442358
0.861290,3.442358
0.861234,3.442358
0.861179,3.442168
0.861123,3.442358
0.861068,3.442358
0.861013,3.442358
0.860957,3.442358
0.860902,3.442358
0.860846,3.442168
0.860791,3.442358
0.860736,3.442168
0.860680,3.442358
0.860625,3.442358
0.860569,3.442358
0.860514,3.442168
0.860459,3.442358
0.860403,3.442168
0.860348,3.442358
0.860293,3.442358
0.860237,3.442168
0.860182,3.442358
0.860126,3.442358
0.860071,3.442358
0.860016,3.442358
0.859960,3.442168
0.859905,3.442358
0.859849,3.442168
0.859794,3.442358
0.859739,3.442168
0.859683,3.442358
0.859628,3.442358
0.859572,3.442358
0.859517,3.442358
0.859462,3.442358
0.859406,3.442168
0.859351,3.442358
0.859295,3.442358
0.859240,3.442358
0.859185,3.442168
0.859129,3.442358
0.859074,3.442168
0.859018,3.442358
0.858963,3.442168
0.858908,3.442358
0.858852,3.442168
0.858797,3.442358
0.858741,3.442358
0.858686,3.442168
0.858631,3.442168
0.858575,3.442358
0.858520,3.442168
0.858464,3.442358
0.858409,3.442168
0.858354,3.442358
0.858298,3.442168
0.858243,3.442358
0.858187,3.442168
0.858132,3.442358
0.858077,3.442168
0.858021,3.442168
0.857966,3.442168
0.857911,3.442168
0.857855,3.442168
0.857800,3.442358
0.857744,3.442358
0.857689,3.442358
0.857634,3.442168
0.857578,3.442358
0.857523,3.442358
0.857467,3.442358
0.857412,3.442358
0.857357,3.442358
0.857301,3.442358
0.857246,3.442168
0.857190,3.442168
0.857135,3.442358
0.857080,3.442168
0.857024,3.442358
0.856969,3.442168
0.856913,3.442168
0.856858,3.442168
0.856803,3.442358
0.856747,3.442168
0.856692,3.442168
0.856636,3.442358
0.856581,3.442168
0.856526,3.442358
0.856470,3.442168
0.856415,3.442358
0.856359,3.442358
0.856304,3.442168
0.856249,3.442168
0.856193,3.442358
0.856138,3.442168
0.856082,3.442358
0.856027,3.442168
0.855972,3.442358
0.855916,3.442358
0.855861,3.442168
0.855805,3.442358
0.855750,3.442168
0.855695,3.442358
0.855639,3.442168
0.855584,3.442358
0.855529,3.442358
0.855473,3.442358
0.855418,3.442358
0.855362,3.442358
0.855307,3.442168
0.855252,3.442358
0.855196,3.442168
0.855141,3.442168
0.855085,3.442168
0.855030,3.442358
0.854975,3.442168
0.854919,3.442168
0.854864,3.442168
0.854808,3.442358
0.854753,3.442168
0.854698,3.442168
0.854642,3.442168
0.854587,3.442168
0.854531,3.442168
0.854476,3.442168
0.854421,3.442168
0.854365,3.442168
0.854310,3.442168
0.854254,3.442168
0.854199,3.442358
0.854144,3.442358
0.854088,3.442168
0.854033,3.442168
0.853977,3.442168
0.853922,3.442168
0.853867,3.442168
0.853811,3.442358
0.853756,3.442168
0.853700,3.442168
0.853645,3.442168
0.853590,3.442168
0.853534,3.442168
0.853479,3.442168
0.853423,3.442168
0.853368,3.442168
0.853313,3.442168
0.853257,3.442168
0.853202,3.442358
0.853147,3.442168
0.853091,3.442168
0.853036,3.442168
0.852980,3.442168
0.852925,3.442168
0.852870,3.442168
0.852814,3.442168
0.852759,3.442168
0.852703,3.442168
0.852648,3.442168
0.852593,3.442168
0.852537,3.442358
0.852482,3.442168
0.852426,3.442168
0.852371,3.442358
0.852316,3.442168
0.852260,3.442358
0.852205,3.442168
0.852149,3.442168
0.852094,3.442168
0.852039,3.442168
0.851983,3.442168
0.851928,3.442168
0.851872,3.442168
0.851817,3.442168
0.851762,3.442168
0.851706,3.442358
0.851651,3.442168
0.851595,3.442168
0.851540,3.442168
0.851485,3.442168
0.851429,3.442168
0.851374,3.442168
0.851318,3.442168
0.851263,3.442168
0.851208,3.442168
0.851152,3.442168
0.851097,3.442168
0.851041,3.442358
0.850986,3.442358
0.850931,3.442168
0.850875,3.442168
0.850820,3.442168
0.850764,3.442168
0.850709,3.442168
0.850654,3.442168
0.850598,3.442168
0.850543,3.442168
0.850488,3.442168
0.850432,3.442168
0.850377,3.442168
0.850321,3.442168
0.850266,3.442358
0.850211,3.442168
0.850155,3.442168
0.850100,3.442168
0.850044,3.442168
0.849989,3.442168
0.849934,3.442168
0.849878,3.442168
0.849823,3.442168
0.849767,3.442168
0.849712,3.442168
0.849657,3.442168
0.849601,3.442168
0.849546,3.442168
0.849490,3.442168
0.849435,3.442168
0.849380,3.442358
0.849324,3.442358
0.849269,3.442168
0.849213,3.442168
0.849158,3.442358
0.849103,3.442168
0.849047,3.442168
0.848992,3.442168
0.848936,3.442168
0.848881,3.442168
0.848826,3.442168
0.848770,3.442168
0.848715,3.442168
0.848659,3.442168
0.848604,3.442168
0.848549,3.442168
0.848493,3.442168
0.848438,3.442168
0.848382,3.442168
0.848327,3.442168
0.848272,3.442168
0.848216,3.442358
0.848161,3.442168
0.848106,3.442168
0.848050,3.442168
0.847995,3.442168
0.847939,3.442168
0.847884,3.442168
0.847829,3.442168
0.847773,3.442168
0.847718,3.442168
0.847662,3.442168
0.847607,3.442168
0.847552,3.442168
0.847496,3.442168
0.847441,3.442168
0.847385,3.442168
0.847330,3.442168
0.847275,3.442168
0.847219,3.442168
0.847164,3.442168
0.847108,3.442168
0.847053,3.442168
0.846998,3.442168
0.846942,3.442168
0.846887,3.442168
0.846831,3.442168
0.846776,3.442168
0.846721,3.442168
0.846665,3.442168
0.846610,3.442168
0.846554,3.442168
0.846499,3.442168
0.846444,3.442358
0.846388,3.442168
0.846333,3.442168
0.846277,3.442168
0.846222,3.442168
0.846167,3.442168
0.846111,3.442168
0.846056,3.442168
0.846000,3.442168
0.845945,3.442168
0.845890,3.442168
0.845834,3.442168
0.845779,3.442168
0.845723,3.442168
0.845668,3.442168
0.845613,3.442168
0.845557,3.442168
0.845502,3.442358
0.845447,3.442168
0.845391,3.442168
0.845336,3.442168
0.845280,3.442358
0.845225,3.442168
0.845170,3.442168
0.845114,3.442168
0.845059,3.442168
0.845003,3.442168
0.844948,3.442358
0.844893,3.442168
0.844837,3.442168
0.844782,3.442358
0.844726,3.442168
0.844671,3.442168
0.844616,3.442168
0.844560,3.442168
0.844505,3.442168
0.844449,3.442168
0.844394,3.442168
0.844339,3.442168
0.844283,3.442168
0.844228,3.442168
0.844172,3.442168
0.844117,3.442168
0.844062,3.442168
0.844006,3.442168
0.843951,3.442358
0.843895,3.442168
0.843840,3.442168
0.843785,3.442168
0.843729,3.442168
0.843674,3.442168
0.843618,3.442168
0.843563,3.442168
0.843508,3.442168
0.843452,3.442168
0.843397,3.442168
0.843341,3.442168
0.843286,3.442168
0.843231,3.442168
0.843175,3.442168
0.843120,3.442168
0.843065,3.442168
0.843009,3.442168
0.842954,3.442168
0.842898,3.442168
0.842843,3.442168
0.842788,3.442168
0.842732,3.442168
0.842677,3.442168
0.842621,3.442168
0.842566,3.442168
0.842511,3.442168
0.842455,3.442168
0.842400,3.442168
0.842344,3.442168
0.842289,3.442168
0.842234,3.442168
0.842178,3.442168
0.842123,3.442168
0.842067,3.442168
0.842012,3.442168
0.841957,3.442168
0.841901,3.442168
0.841846,3.442168
0.841790,3.442168
0.841735,3.442358
0.841680,3.442168
0.841624,3.442168
0.841569,3.442168
0.841513,3.442168
0.841458,3.442168
0.841403,3.442168
0.841347,3.442168
0.841292,3.442168
0.841236,3.442168
0.841181,3.442168
0.841126,3.442168
0.841070,3.442168
0.841015,3.442168
0.840959,3.442168
0.840904,3.442168
0.840849,3.442168
0.840793,3.442168
0.840738,3.442168
0.840682,3.442168
0.840627,3.442168
0.840572,3.442168
0.840516,3.442168
0.840461,3.442168
0.840406,3.442168
0.840350,3.442168
0.840295,3.442168
0.840239,3.442358
0.840184,3.442168
0.840129,3.442168
0.840073,3.442168
0.840018,3.442168
0.839962,3.442168
0.839907,3.442168
0.839852,3.442168
0.839796,3.442168
0.839741,3.442168
0.839685,3.442168
0.839630,3.442168
0.839575,3.442168
0.839519,3.442168
0.839464,3.442168
0.839408,3.442168
0.839353,3.442168
0.839298,3.442168
0.839242,3.442168
0.839187,3.442168
0.839131,3.442168
0.839076,3.442168
0.839021,3.442168
0.838965,3.442168
0.838910,3.442168
0.838854,3.442168
0.838799,3.442168
0.838744,3.442168
0.838688,3.442168
0.838633,3.442168
0.838577,3.442168
0.838522,3.442168
0.838467,3.442168
0.838411,3.442168
0.838356,3.442168
0.838300,3.442168
0.838245,3.442168
0.838190,3.442168
0.838134,3.442168
0.838079,3.442168
0.838024,3.442168
0.837968,3.442168
0.837913,3.442168
0.837857,3.442168
0.837802,3.442168
0.837747,3.442168
0.837691,3.442168
0.837636,3.442168
0.837580,3.442168
0.837525,3.442168
0.837470,3.442168
0.837414,3.442168
0.837359,3.442168
0.837303,3.442168
0.837248,3.442168
0.837193,3.442168
0.837137,3.442168
0.837082,3.442168
0.837026,3.442168
0.836971,3.442168
0.836916,3.442168
0.836860,3.442168
0.836805,3.442168
0.836749,3.442168
0.836694,3.442168
0.836639,3.442168
0.836583,3.442168
0.836528,3.442168
0.836472,3.442168
0.836417,3.442168
0.836362,3.442168
0.836306,3.442168
0.836251,3.442168
0.836195,3.442168
0.836140,3.442168
0.836085,3.442168
0.836029,3.442168
0.835974,3.442168
0.835918,3.442168
0.835863,3.442168
0.835808,3.442168
0.835752,3.442168
0.835697,3.442168
0.835641,3.442168
0.835586,3.442168
0.835531,3.442168
0.835475,3.442168
0.835420,3.442168
0.835365,3.442168
0.835309,3.442168
0.835254,3.442168
0.835198,3.442168
0.835143,3.442168
0.835088,3.442168
0.835032,3.442168
0.834977,3.442168
0.834921,3.442168
0.834866,3.442168
0.834811,3.442168
0.834755,3.442168
0.834700,3.442168
0.834644,3.442168
0.834589,3.442168
0.834534,3.442168
0.834478,3.442168
0.834423,3.442168
0.834367,3.442168
0.834312,3.442168
0.834257,3.442168
0.834201,3.442168
0.834146,3.442168
0.834090,3.442168
0.834035,3.442168
0.833980,3.442168
0.833924,3.442168
0.833869,3.442168
0.833813,3.442168
0.833758,3.442168
0.833703,3.442168
0.833647,3.442168
0.833592,3.442168
0.833536,3.442168
0.833481,3.442168
0.833426,3.442168
0.833370,3.442168
0.833315,3.442168
0.833259,3.442168
0.833204,3.442358
0.833149,3.442168
0.833093,3.442168
0.833038,3.442168
0.832983,3.442168
0.832927,3.442168
0.832872,3.442168
0.832816,3.442168
0.832761,3.442168
0.832706,3.442168
0.832650,3.442168
0.832595,3.442168
0.832539,3.442168
0.832484,3.442168
0.832429,3.442168
0.832373,3.442168
0.832318,3.442168
0.832262,3.442168
0.832207,3.442168
0.832152,3.442168
0.832096,3.442168
0.832041,3.442168
0.831985,3.442168
0.831930,3.442168
0.831875,3.442168
0.831819,3.442168
0.831764,3.442168
0.831708,3.442168
0.831653,3.442168
0.831598,3.442168
0.831542,3.442168
0.831487,3.442168
0.831431,3.442168
0.831376,3.442168
0.831321,3.442168
0.831265,3.442168
0.831210,3.442168
0.831154,3.442168
0.831099,3.442168
0.831044,3.442168
0.830988,3.442168
0.830933,3.442168
0.830877,3.442168
0.830822,3.442168
0.830767,3.442168
0.830711,3.442168
0.830656,3.442168
0.830600,3.442168
0.830545,3.442168
0.830490,3.442168
0.830434,3.442168
0.830379,3.442168
0.830324,3.442168
0.830268,3.442168
0.830213,3.442168
0.830157,3.442168
0.830102,3.442168
0.830047,3.442168
0.829991,3.442168
0.829936,3.442168
0.829880,3.442168
0.829825,3.442168
0.829770,3.442168
0.829714,3.442168
0.829659,3.442168
0.829603,3.442168
0.829548,3.442168
0.829493,3.442168
0.829437,3.442168
0.829382,3.442168
0.829326,3.442168
0.829271,3.442168
0.829216,3.442168
0.829160,3.442168
0.829105,3.442168
0.829049,3.442168
0.828994,3.442168
0.828939,3.442168
0.828883,3.442168
0.828828,3.442168
0.828772,3.442168
0.828717,3.442168
0.828662,3.442168
0.828606,3.442168
0.828551,3.442168
0.828495,3.442168
0.828440,3.442168
0.828385,3.442168
0.828329,3.442168
0.828274,3.442168
0.828218,3.442168
0.828163,3.442168
0.828108,3.442168
0.828052,3.442168
0.827997,3.442168
0.827942,3.442168
0.827886,3.442168
0.827831,3.442168
0.827775,3.442168
0.827720,3.442168
0.827665,3.442168
0.827609,3.442168
0.827554,3.442168
0.827498,3.442168
0.827443,3.442168
0.827388,3.442168
0.827332,3.442168
0.827277,3.442168
0.827221,3.442168
0.827166,3.442168
0.827111,3.442168
0.827055,3.442168
0.827000,3.442168
0.826944,3.442168
0.826889,3.442168
0.826834,3.442168
0.826778,3.442168
0.826723,3.442168
0.826667,3.442168
0.826612,3.442168
0.826557,3.442168
0.826501,3.442168
0.826446,3.442168
0.826390,3.442168
0.826335,3.442168
0.826280,3.442168
0.826224,3.442168
0.826169,3.442168
0.826113,3.442168
0.826058,3.442168
0.826003,3.442168
0.825947,3.442168
0.825892,3.442168
0.825836,3.442168
0.825781,3.442168
0.825726,3.442168
0.825670,3.442168
0.825615,3.442168
0.825559,3.442168
0.825504,3.442168
0.825449,3.442168
0.825393,3.442168
0.825338,3.442168
0.825283,3.442168
0.825227,3.442168
0.825172,3.442168
0.825116,3.442168
0.825061,3.442168
0.825006,3.442168
0.824950,3.442168
0.824895,3.442168
0.824839,3.442168
0.824784,3.442168
0.824729,3.442168
0.824673,3.442168
0.824618,3.442168
0.824562,3.442168
0.824507,3.442168
0.824452,3.442168
0.824396,3.442168
0.824341,3.442168
0.824285,3.442168
0.824230,3.442168
0.824175,3.442168
0.824119,3.442168
0.824064,3.442168
0.824008,3.442168
0.823953,3.442168
0.823898,3.442168
0.823842,3.442168
0.823787,3.442168
0.823731,3.442168
0.823676,3.442168
0.823621,3.442168
0.823565,3.442168
0.823510,3.442168
0.823454,3.442168
0.823399,3.442168
0.823344,3.442168
0.823288,3.442168
0.823233,3.442168
0.823177,3.442168
0.823122,3.442168
0.823067,3.442168
0.823011,3.442168
0.822956,3.442168
0.822901,3.442168
0.822845,3.442168
0.822790,3.442168
0.822734,3.442168
0.822679,3.442168
0.822624,3.442168
0.822568,3.442168
0.822513,3.442168
0.822457,3.442168
0.822402,3.442168
0.822347,3.442168
0.822291,3.442168
0.822236,3.442168
0.822180,3.442168
0.822125,3.442168
0.822070,3.442168
0.822014,3.442168
0.821959,3.442168
0.821903,3.442168
0.821848,3.442168
0.821793,3.442168
0.821737,3.442168
0.821682,3.442168
0.821626,3.442168
0.821571,3.442168
0.821516,3.442168
0.821460,3.442168
0.821405,3.442168
0.821349,3.442168
0.821294,3.442168
0.821239,3.442168
0.821183,3.442168
0.821128,3.442168
0.821072,3.442168
0.821017,3.442168
0.820962,3.442168
0.820906,3.442168
0.820851,3.442168
0.820795,3.442168
0.820740,3.442168
0.820685,3.442168
0.820629,3.442168
0.820574,3.442168
0.820518,3.442168
0.820463,3.442168
0.820408,3.442168
0.820352,3.442168
0.820297,3.442168
0.820242,3.442168
0.820186,3.442168
0.820131,3.442168
0.820075,3.442168
0.820020,3.442168
0.819965,3.442168
0.819909,3.442168
0.819854,3.442168
0.819798,3.442168
0.819743,3.442168
0.819688,3.442168
0.819632,3.442168
0.819577,3.442168
0.819521,3.442168
0.819466,3.442168
0.819411,3.442168
0.819355,3.442168
0.819300,3.442168
0.819244,3.442168
0.819189,3.442168
0.819134,3.442168
0.819078,3.442168
0.819023,3.442168
0.818967,3.442168
0.818912,3.442168
0.818857,3.442168
0.818801,3.442168
0.818746,3.442168
0.818690,3.442168
0.818635,3.442168
0.818580,3.442168
0.818524,3.442168
0.818469,3.442168
0.818413,3.442168
0.818358,3.442168
0.818303,3.442168
0.818247,3.442168
0.818192,3.442168
0.818136,3.442168
0.818081,3.442168
0.818026,3.442168
0.817970,3.442168
0.817915,3.442168
0.817859,3.442168
0.817804,3.442168
0.817749,3.442168
0.817693,3.442168
0.817638,3.442168
0.817583,3.442168
0.817527,3.442168
0.817472,3.442168
0.817416,3.442168
0.817361,3.442168
0.817306,3.442168
0.817250,3.442168
0.817195,3.442168
0.817139,3.442168
0.817084,3.442168
0.817029,3.442168
0.816973,3.442168
0.816918,3.442168
0.816862,3.442168
0.816807,3.442168
0.816752,3.442168
0.816696,3.442168
0.816641,3.442168
0.816585,3.442168
0.816530,3.442168
0.816475,3.442168
0.816419,3.442168
0.816364,3.442168
0.816308,3.442168
0.816253,3.442168
0.816198,3.442168
0.816142,3.442168
0.816087,3.442168
0.816031,3.442168
0.815976,3.442168
0.815921,3.442168
0.815865,3.442168
0.815810,3.442168
0.815754,3.442168
0.815699,3.442168
0.815644,3.442168
0.815588,3.442168
0.815533,3.442168
0.815477,3.442168
0.815422,3.442168
0.815367,3.442168
0.815311,3.442168
0.815256,3.442168
0.815200,3.442168
0.815145,3.442168
0.815090,3.442168
0.815034,3.442168
0.814979,3.442168
0.814924,3.442168
0.814868,3.442168
0.814813,3.442168
0.814757,3.442168
0.814702,3.442168
0.814647,3.442168
0.814591,3.442168
0.814536,3.442168
0.814480,3.442168
0.814425,3.442168
0.814370,3.442168
0.814314,3.442168
0.814259,3.442168
0.814203,3.442168
0.814148,3.442168
0.814093,3.442168
0.814037,3.442168
0.813982,3.442168
0.813926,3.442168
0.813871,3.442168
0.813816,3.442168
0.813760,3.442168
0.813705,3.442168
0.813649,3.442168
0.813594,3.442168
0.813539,3.442168
0.813483,3.442168
0.813428,3.442168
0.813372,3.442168
0.813317,3.442168
0.813262,3.442168
0.813206,3.442168
0.813151,3.442168
0.813095,3.442168
0.813040,3.442168
0.812985,3.442168
0.812929,3.442168
0.812874,3.442168
0.812818,3.442168
0.812763,3.442168
0.812708,3.442168
0.812652,3.442168
0.812597,3.442168
0.812542,3.442168
0.812486,3.442168
0.812431,3.442168
0.812375,3.442168
0.812320,3.442168
0.812265,3.442168
0.812209,3.442168
0.812154,3.442168
0.812098,3.442168
0.812043,3.442168
0.811988,3.442168
0.811932,3.442168
0.811877,3.442168
0.811821,3.442168
0.811766,3.442168
0.811711,3.442168
0.811655,3.442168
0.811600,3.442168
0.811544,3.442168
0.811489,3.442168
0.811434,3.442168
0.811378,3.442168
0.811323,3.442168
0.811267,3.442168
0.811212,3.442168
0.811157,3.442168
0.811101,3.442168
0.811046,3.442168
0.810990,3.442168
0.810935,3.442168
0.810880,3.442168
0.810824,3.442168
0.810769,3.442168
0.810713,3.442168
0.810658,3.442168
0.810603,3.442168
0.810547,3.442168
0.810492,3.442168
0.810436,3.442168
0.810381,3.442168
0.810326,3.442168
0.810270,3.442168
0.810215,3.442168
0.810159,3.442168
0.810104,3.442168
0.810049,3.442168
0.809993,3.442168
0.809938,3.442168
0.809883,3.442168
0.809827,3.442168
0.809772,3.442168
0.809716,3.442168
0.809661,3.442168
0.809606,3.442168
0.809550,3.442168
0.809495,3.442168
0.809439,3.442168
0.809384,3.442168
0.809329,3.442168
0.809273,3.442168
0.809218,3.442168
0.809162,3.442168
0.809107,3.442168
0.809052,3.442168
0.808996,3.442168
0.808941,3.442168
0.808885,3.442168
0.808830,3.442168
0.808775,3.442168
0.808719,3.442168
0.808664,3.442168
0.808608,3.442168
0.808553,3.442168
0.808498,3.442168
0.808442,3.442168
0.808387,3.442168
0.808331,3.442168
0.808276,3.442168
0.808221,3.442168
0.808165,3.442168
0.808110,3.442168
0.808054,3.442168
0.807999,3.442168
0.807944,3.442168
0.807888,3.442168
0.807833,3.442168
0.807777,3.442168
0.807722,3.442168
0.807667,3.442168
0.807611,3.442168
0.807556,3.442168
0.807501,3.442168
0.807445,3.442168
0.807390,3.442168
0.807334,3.442168
0.807279,3.442168
0.807224,3.442168
0.807168,3.442168
0.807113,3.442168
0.807057,3.442168
0.807002,3.442168
0.806947,3.442168
0.806891,3.442168
0.806836,3.442168
0.806780,3.442168
0.806725,3.442168
0.806670,3.442168
0.806614,3.442168
0.806559,3.442168
0.806503,3.442168
0.806448,3.442168
0.806393,3.442168
0.806337,3.442168
0.806282,3.442168
0.806226,3.442168
0.806171,3.442168
0.806116,3.442168
0.806060,3.442168
0.806005,3.442168
0.805949,3.442168
0.805894,3.442168
0.805839,3.442168
0.805783,3.442168
0.805728,3.442168
0.805672,3.442168
0.805617,3.442168
0.805562,3.442168
0.805506,3.442168
0.805451,3.442168
0.805395,3.442168
0.805340,3.442168
0.805285,3.442168
0.805229,3.442168
0.805174,3.442168
0.805118,3.442168
0.805063,3.442168
0.805008,3.442168
0.804952,3.442168
0.804897,3.442168
0.804842,3.442168
0.804786,3.442168
0.804731,3.442168
0.804675,3.442168
0.804620,3.442168
0.804565,3.442168
0.804509,3.442168
0.804454,3.442168
0.804398,3.442168
0.804343,3.442168
0.804288,3.442168
0.804232,3.442168
0.804177,3.442168
0.804121,3.442168
0.804066,3.442168
0.804011,3.442168
0.803955,3.442168
0.803900,3.442168
0.803844,3.442168
0.803789,3.442168
0.803734,3.442168
0.803678,3.442168
0.803623,3.442168
0.803567,3.442168
0.803512,3.442168
0.803457,3.442168
0.803401,3.442168
0.803346,3.442168
0.803290,3.442168
0.803235,3.442168
0.803180,3.442168
0.803124,3.442168
0.803069,3.442168
0.803013,3.442168
0.802958,3.442168
0.802903,3.442168
0.802847,3.442168
0.802792,3.442168
0.802736,3.442168
0.802681,3.442168
0.802626,3.442168
0.802570,3.442168
0.802515,3.442168
0.802460,3.442168
0.802404,3.442168
0.802349,3.442168
0.802293,3.442168
0.802238,3.442168
0.802183,3.442168
0.802127,3.442168
0.802072,3.442168
0.802016,3.442168
0.801961,3.442168
0.801906,3.442168
0.801850,3.442168
0.801795,3.442168
0.801739,3.442168
0.801684,3.442168
0.801629,3.442168
0.801573,3.442168
0.801518,3.442168
0.801462,3.442168
0.801407,3.442168
0.801352,3.442168
0.801296,3.442168
0.801241,3.442168
0.801185,3.442168
0.801130,3.442168
0.801075,3.442168
0.801019,3.442168
0.800964,3.442168
0.800908,3.442168
0.800853,3.442168
0.800798,3.442168
0.800742,3.442168
0.800687,3.442168
0.800631,3.442168
0.800576,3.442168
0.800521,3.442168
0.800465,3.442168
0.800410,3.442168
0.800354,3.442168
0.800299,3.442168
0.800244,3.442168
0.800188,3.442168
0.800133,3.442168
0.800077,3.442168
0.800022,3.442168
0.799967,3.442168
0.799911,3.442168
0.799856,3.442168
0.799801,3.442168
0.799745,3.442168
0.799690,3.442168
0.799634,3.442168
0.799579,3.442168
0.799524,3.442168
0.799468,3.442168
0.799413,3.442168
0.799357,3.442168
0.799302,3.442168
0.799247,3.442168
0.799191,3.442168
0.799136,3.442168
0.799080,3.442168
0.799025,3.442168
0.798970,3.442168
0.798914,3.442168
0.798859,3.442168
0.798803,3.442168
0.798748,3.442168
0.798693,3.442168
0.798637,3.442168
0.798582,3.442168
0.798526,3.442168
0.798471,3.442168
0.798416,3.442168
0.798360,3.442168
0.798305,3.442168
0.798249,3.442168
0.798194,3.442168
0.798139,3.442168
0.798083,3.442168
0.798028,3.442168
0.797972,3.442168
0.797917,3.442168
0.797862,3.442168
0.797806,3.442168
0.797751,3.442168
0.797695,3.442168
0.797640,3.442168
0.797585,3.442168
0.797529,3.442168
0.797474,3.442168
0.797419,3.442168
0.797363,3.442168
0.797308,3.442168
0.797252,3.442168
0.797197,3.442168
0.797142,3.442168
0.797086,3.442168
0.797031,3.442168
0.796975,3.442168
0.796920,3.442168
0.796865,3.442168
0.796809,3.442168
0.796754,3.442168
0.796698,3.442168
0.796643,3.442168
0.796588,3.442168
0.796532,3.442168
0.796477,3.442168
0.796421,3.442168
0.796366,3.442168
0.796311,3.442168
0.796255,3.442168
0.796200,3.442168
0.796144,3.442168
0.796089,3.442168
0.796034,3.442168
0.795978,3.442168
0.795923,3.442168
0.795867,3.442168
0.795812,3.442168
0.795757,3.442168
0.795701,3.442168
0.795646,3.442168
0.795590,3.442168
0.795535,3.442168
0.795480,3.442168
0.795424,3.442168
0.795369,3.442168
0.795313,3.442168
0.795258,3.442168
0.795203,3.442168
0.795147,3.442168
0.795092,3.442168
0.795037,3.442168
0.794981,3.442168
0.794926,3.442168
0.794870,3.442168
0.794815,3.442168
0.794760,3.442168
0.794704,3.442168
0.794649,3.442168
0.794593,3.442168
0.794538,3.442168
0.794483,3.442168
0.794427,3.442168
0.794372,3.442168
0.794316,3.442168
0.794261,3.442168
0.794206,3.442168
0.794150,3.442168
0.794095,3.442168
0.794039,3.442168
0.793984,3.442168
0.793929,3.442168
0.793873,3.442168
0.793818,3.442168
0.793762,3.442168
0.793707,3.442168
0.793652,3.442168
0.793596,3.442168
0.793541,3.442168
0.793485,3.442168
0.793430,3.442168
0.793375,3.442168
0.793319,3.442168
0.793264,3.442168
0.793208,3.442168
0.793153,3.442168
0.793098,3.442168
0.793042,3.442168
0.792987,3.442168
0.792931,3.442168
0.792876,3.442168
0.792821,3.442168
0.792765,3.442168
0.792710,3.442168
0.792654,3.442168
0.792599,3.442168
0.792544,3.442168
0.792488,3.442168
0.792433,3.442168
0.792378,3.442168
0.792322,3.442168
0.792267,3.442168
0.792211,3.442168
0.792156,3.442168
0.792101,3.442168
0.792045,3.442168
0.791990,3.442168
0.791934,3.442168
0.791879,3.442168
0.791824,3.442168
0.791768,3.442168
0.791713,3.442168
0.791657,3.442168
0.791602,3.442168
0.791547,3.442168
0.791491,3.442168
0.791436,3.442168
0.791380,3.442168
0.791325,3.442168
0.791270,3.442168
0.791214,3.442168
0.791159,3.442168
0.791103,3.442168
0.791048,3.442168
0.790993,3.442168
0.790937,3.442168
0.790882,3.442168
0.790826,3.442168
0.790771,3.442168
0.790716,3.442168
0.790660,3.442168
0.790605,3.442168
0.790549,3.442168
0.790494,3.442168
0.790439,3.442168
0.790383,3.442168
0.790328,3.442168
0.790272,3.442168
0.790217,3.442168
0.790162,3.442168
0.790106,3.442168
0.790051,3.442168
0.789996,3.442168
0.789940,3.442168
0.789885,3.442168
0.789829,3.442168
0.789774,3.442168
0.789719,3.442168
0.789663,3.442168
0.789608,3.442168
0.789552,3.442168
0.789497,3.442168
0.789442,3.442168
0.789386,3.442168
0.789331,3.442168
0.789275,3.442168
0.789220,3.442168
0.789165,3.442168
0.789109,3.442168
0.789054,3.442168
0.788998,3.442168
0.788943,3.442168
0.788888,3.442168
0.788832,3.442168
0.788777,3.442168
0.788721,3.442168
0.788666,3.442168
0.788611,3.442168
0.788555,3.442168
0.788500,3.442168
0.788444,3.442168
0.788389,3.442168
0.788334,3.442168
0.788278,3.442168
0.788223,3.442168
0.788167,3.442168
0.788112,3.442168
0.788057,3.442168
0.788001,3.442168
0.787946,3.442168
0.787890,3.442168
0.787835,3.442168
0.787780,3.442168
0.787724,3.442168
0.787669,3.442168
0.787614,3.442168
0.787558,3.442168
0.787503,3.442168
0.787447,3.442168
0.787392,3.442168
0.787337,3.442168
0.787281,3.442168
0.787226,3.442168
0.787170,3.442168
0.787115,3.442168
0.787060,3.442168
0.787004,3.442168
0.786949,3.442168
0.786893,3.442168
0.786838,3.442168
0.786783,3.442168
0.786727,3.442168
0.786672,3.442168
0.786616,3.442168
0.786561,3.442168
0.786506,3.442168
0.786450,3.442168
0.786395,3.442168
0.786339,3.442168
0.786284,3.442168
0.786229,3.442168
0.786173,3.442168
0.786118,3.442168
0.786062,3.442168
0.786007,3.442168
0.785952,3.442168
0.785896,3.442168
0.785841,3.442168
0.785785,3.442168
0.785730,3.442168
0.785675,3.442168
0.785619,3.442168
0.785564,3.442168
0.785508,3.442168
0.785453,3.442168
0.785398,3.442168
0.785342,3.442168
0.785287,3.442168
0.785231,3.442168
0.785176,3.442168
0.785121,3.442168
0.785065,3.442168
0.785010,3.442168
0.784955,3.442168
0.784899,3.442168
0.784844,3.442168
0.784788,3.442168
0.784733,3.442168
0.784678,3.442168
0.784622,3.442168
0.784567,3.442168
0.784511,3.442168
0.784456,3.442168
0.784401,3.442168
0.784345,3.442168
0.784290,3.442168
0.784234,3.442168
0.784179,3.442168
0.784124,3.442168
0.784068,3.442168
0.784013,3.442168
0.783957,3.442168
0.783902,3.442168
0.783847,3.442168
0.783791,3.442168
0.783736,3.442168
0.783680,3.442168
0.783625,3.442168
0.783570,3.442168
0.783514,3.442168
0.783459,3.442168
0.783403,3.442168
0.783348,3.442168
0.783293,3.442168
0.783237,3.442168
0.783182,3.442168
0.783126,3.442168
0.783071,3.442168
0.783016,3.442168
0.782960,3.442168
0.782905,3.442168
0.782849,3.442168
0.782794,3.442168
0.782739,3.442168
0.782683,3.442168
0.782628,3.442168
0.782573,3.442168
0.782517,3.442168
0.782462,3.442168
0.782406,3.442168
0.782351,3.442168
0.782296,3.442168
0.782240,3.442168
0.782185,3.442168
0.782129,3.442168
0.782074,3.442168
0.782019,3.442168
0.781963,3.442168
0.781908,3.442168
0.781852,3.442168
0.781797,3.442168
0.781742,3.442168
0.781686,3.442168
0.781631,3.442168
0.781575,3.442168
0.781520,3.442168
0.781465,3.442168
0.781409,3.442168
0.781354,3.442168
0.781298,3.442168
0.781243,3.442168
0.781188,3.442168
0.781132,3.442168
0.781077,3.442168
0.781021,3.442168
0.780966,3.442168
0.780911,3.442168
0.780855,3.442168
0.780800,3.442168
0.780744,3.442168
0.780689,3.442168
0.780634,3.442168
0.780578,3.442168
0.780523,3.442168
0.780467,3.442168
0.780412,3.442168
0.780357,3.442168
0.780301,3.442168
0.780246,3.442168
0.780191,3.442168
0.780135,3.442168
0.780080,3.442168
0.780024,3.442168
0.779969,3.442168
0.779914,3.442168
0.779858,3.442168
0.779803,3.442168
0.779747,3.442168
0.779692,3.442168
0.779637,3.442168
0.779581,3.442168
0.779526,3.442168
0.779470,3.442168
0.779415,3.442168
0.779360,3.442168
0.779304,3.442168
0.779249,3.442168
0.779193,3.442168
0.779138,3.442168
0.779083,3.442168
0.779027,3.442168
0.778972,3.442168
0.778916,3.442168
0.778861,3.442168
0.778806,3.442168
0.778750,3.442168
0.778695,3.442168
0.778639,3.442168
0.778584,3.442168
0.778529,3.442168
0.778473,3.442168
0.778418,3.442168
0.778362,3.442168
0.778307,3.442168
0.778252,3.442168
0.778196,3.442168
0.778141,3.442168
0.778085,3.442168
0.778030,3.442168
0.777975,3.442168
0.777919,3.442168
0.777864,3.442168
0.777808,3.442168
0.777753,3.442168
0.777698,3.442168
0.777642,3.442168
0.777587,3.442168
0.777532,3.442168
0.777476,3.442168
0.777421,3.442168
0.777365,3.442168
0.777310,3.442168
0.777255,3.442168
0.777199,3.442168
0.777144,3.442168
0.777088,3.442168
0.777033,3.442168
0.776978,3.442168
0.776922,3.442168
0.776867,3.442168
0.776811,3.442168
0.776756,3.442168
0.776701,3.442168
0.776645,3.442168
0.776590,3.442168
0.776534,3.442168
0.776479,3.442168
0.776424,3.442168
0.776368,3.442168
0.776313,3.442168
0.776257,3.442168
0.776202,3.442168
0.776147,3.442168
0.776091,3.442168
0.776036,3.442168
0.775980,3.442168
0.775925,3.442168
0.775870,3.442168
0.775814,3.442168
0.775759,3.442168
0.775703,3.442168
0.775648,3.442168
0.775593,3.442168
0.775537,3.442168
0.775482,3.442168
0.775426,3.442168
0.775371,3.442168
0.775316,3.442168
0.775260,3.442168
0.775205,3.442168
0.775150,3.442168
0.775094,3.442168
0.775039,3.442168
0.774983,3.442168
0.774928,3.442168
0.774873,3.442168
0.774817,3.442168
0.774762,3.442168
0.774706,3.442168
0.774651,3.442168
0.774596,3.442168
0.774540,3.442168
0.774485,3.442168
0.774429,3.442168
0.774374,3.442168
0.774319,3.442168
0.774263,3.442168
0.774208,3.442168
0.774152,3.442168
0.774097,3.442168
0.774042,3.442168
0.773986,3.442168
0.773931,3.442168
0.773875,3.442168
0.773820,3.442168
0.773765,3.442168
0.773709,3.442168
0.773654,3.442168
0.773598,3.442168
0.773543,3.442168
0.773488,3.442168
0.773432,3.442168
0.773377,3.442168
0.773321,3.442168
0.773266,3.442168
0.773211,3.442168
0.773155,3.442168
0.773100,3.442168
0.773044,3.442168
0.772989,3.442168
0.772934,3.442168
0.772878,3.442168
0.772823,3.442168
0.772767,3.442168
0.772712,3.442168
0.772657,3.442168
0.772601,3.442168
0.772546,3.442168
0.772491,3.442168
0.772435,3.442168
0.772380,3.442168
0.772324,3.442168
0.772269,3.442168
0.772214,3.442168
0.772158,3.442168
0.772103,3.442168
0.772047,3.442168
0.771992,3.442168
0.771937,3.442168
0.771881,3.442168
0.771826,3.442168
0.771770,3.442168
0.771715,3.442168
0.771660,3.442168
0.771604,3.442168
0.771549,3.442168
0.771493,3.442168
0.771438,3.442168
0.771383,3.442168
0.771327,3.442168
0.771272,3.442168
0.771216,3.442168
0.771161,3.442168
0.771106,3.442168
0.771050,3.442168
0.770995,3.442168
0.770939,3.442168
0.770884,3.442168
0.770829,3.442168
0.770773,3.442168
0.770718,3.442168
0.770662,3.442168
0.770607,3.442168
0.770552,3.442168
0.770496,3.442168
0.770441,3.442168
0.770385,3.442168
0.770330,3.442168
0.770275,3.442168
0.770219,3.442168
0.770164,3.442168
0.770109,3.442168
0.770053,3.442168
0.769998,3.442168
0.769942,3.442168
0.769887,3.442168
0.769832,3.442168
0.769776,3.442168
0.769721,3.442168
0.769665,3.442168
0.769610,3.442168
0.769555,3.442168
0.769499,3.442168
0.769444,3.442168
0.769388,3.442168
0.769333,3.442168
0.769278,3.442168
0.769222,3.442168
0.769167,3.442168
0.769111,3.442168
0.769056,3.442168
0.769001,3.442168
0.768945,3.442168
0.768890,3.442168
0.768834,3.442168
0.768779,3.442168
0.768724,3.442168
0.768668,3.442168
0.768613,3.442168
0.768557,3.442168
0.768502,3.442168
0.768447,3.442168
0.768391,3.442168
0.768336,3.442168
0.768280,3.442168
0.768225,3.442168
0.768170,3.442168
0.768114,3.442168
0.768059,3.442168
0.768003,3.442168
0.767948,3.442168
0.767893,3.442168
0.767837,3.442168
0.767782,3.442168
0.767727,3.442168
0.767671,3.442168
0.767616,3.442168
0.767560,3.442168
0.767505,3.442168
0.767450,3.442168
0.767394,3.442168
0.767339,3.442168
0.767283,3.442168
0.767228,3.442168
0.767173,3.442168
0.767117,3.442168
0.767062,3.442168
0.767006,3.442168
0.766951,3.442168
0.766896,3.442168
0.766840,3.442168
0.766785,3.442168
0.766729,3.442168
0.766674,3.442168
0.766619,3.442168
0.766563,3.442168
0.766508,3.442168
0.766452,3.442168
0.766397,3.442168
0.766342,3.442168
0.766286,3.442168
0.766231,3.442168
0.766175,3.442168
0.766120,3.442168
0.766065,3.442168
0.766009,3.442168
0.765954,3.442168
0.765898,3.442168
0.765843,3.442168
0.765788,3.442168
0.765732,3.442168
0.765677,3.442168
0.765621,3.442168
0.765566,3.442168
0.765511,3.442168
0.765455,3.442168
0.765400,3.442168
0.765345,3.442168
0.765289,3.442168
0.765234,3.442168
0.765178,3.442168
0.765123,3.442168
0.765068,3.442168
0.765012,3.442168
0.764957,3.442168
0.764901,3.442168
0.764846,3.442168
0.764791,3.442168
0.764735,3.442168
0.764680,3.442168
0.764624,3.442168
0.764569,3.442168
0.764514,3.442168
0.764458,3.442168
0.764403,3.442168
0.764347,3.442168
0.764292,3.442168
0.764237,3.442168
0.764181,3.442168
0.764126,3.442168
0.764070,3.442168
0.764015,3.442168
0.763960,3.442168
0.763904,3.442168
0.763849,3.442168
0.763793,3.442168
0.763738,3.442168
0.763683,3.442168
0.763627,3.442168
0.763572,3.442168
0.763516,3.442168
0.763461,3.442168
0.763406,3.442168
0.763350,3.442168
0.763295,3.442168
0.763239,3.442168
0.763184,3.442168
0.763129,3.442168
0.763073,3.442168
0.763018,3.442168
0.762962,3.442168
0.762907,3.442168
0.762852,3.442168
0.762796,3.442168
0.762741,3.442168
0.762686,3.442168
0.762630,3.442168
0.762575,3.442168
0.762519,3.442168
0.762464,3.442168
0.762409,3.442168
0.762353,3.442168
0.762298,3.442168
0.762242,3.442168
0.762187,3.442168
0.762132,3.442168
0.762076,3.442168
0.762021,3.442168
0.761965,3.442168
0.761910,3.442168
0.761855,3.442168
0.761799,3.442168
0.761744,3.442168
0.761688,3.442168
0.761633,3.442168
0.761578,3.442168
0.761522,3.442168
0.761467,3.442168
0.761411,3.442168
0.761356,3.442168
0.761301,3.442168
0.761245,3.442168
0.761190,3.442168
0.761134,3.442168
0.761079,3.442168
0.761024,3.442168
0.760968,3.442168
0.760913,3.442168
0.760857,3.442168
0.760802,3.442168
0.760747,3.442168
0.760691,3.442168
0.760636,3.442168
0.760580,3.442168
0.760525,3.442168
0.760470,3.442168
0.760414,3.442168
0.760359,3.442168
0.760304,3.442168
0.760248,3.442168
0.760193,3.442168
0.760137,3.442168
0.760082,3.442168
0.760027,3.442168
0.759971,3.442168
0.759916,3.442168
0.759860,3.442168
0.759805,3.442168
0.759750,3.442168
0.759694,3.442168
0.759639,3.442168
0.759583,3.442168
0.759528,3.442168
0.759473,3.442168
0.759417,3.442168
0.759362,3.442168
0.759306,3.442168
0.759251,3.442168
0.759196,3.442168
0.759140,3.442168
0.759085,3.442168
0.759029,3.442168
0.758974,3.442168
0.758919,3.442168
0.758863,3.442168
0.758808,3.442168
0.758752,3.442168
0.758697,3.442168
0.758642,3.442168
0.758586,3.442168
0.758531,3.442168
0.758475,3.442168
0.758420,3.442168
0.758365,3.442168
0.758309,3.442168
0.758254,3.442168
0.758198,3.442168
0.758143,3.442168
0.758088,3.442168
0.758032,3.442168
0.757977,3.442168
0.757921,3.442168
0.757866,3.442168
0.757811,3.442168
0.757755,3.442168
0.757700,3.442168
0.757645,3.442168
0.757589,3.442168
0.757534,3.442168
0.757478,3.442168
0.757423,3.442168
0.757368,3.442168
0.757312,3.442168
0.757257,3.442168
0.757201,3.442168
0.757146,3.442168
0.757091,3.442168
0.757035,3.442168
0.756980,3.442168
0.756924,3.442168
0.756869,3.442168
0.756814,3.442168
0.756758,3.442168
0.756703,3.442168
0.756647,3.442168
0.756592,3.442168
0.756537,3.442168
0.756481,3.442168
0.756426,3.442168
0.756370,3.442168
0.756315,3.442168
0.756260,3.442168
0.756204,3.442168
0.756149,3.442168
0.756093,3.442168
0.756038,3.442168
0.755983,3.442168
0.755927,3.442168
0.755872,3.442168
0.755816,3.442168
0.755761,3.442168
0.755706,3.442168
0.755650,3.442168
0.755595,3.442168
0.755539,3.442168
0.755484,3.442168
0.755429,3.442168
0.755373,3.442168
0.755318,3.442168
0.755263,3.442168
0.755207,3.442168
0.755152,3.442168
0.755096,3.442168
0.755041,3.442168
0.754986,3.442168
0.754930,3.442168
0.754875,3.442168
0.754819,3.442168
0.754764,3.442168
0.754709,3.442168
0.754653,3.442168
0.754598,3.442168
0.754542,3.442168
0.754487,3.442168
0.754432,3.442168
0.754376,3.442168
0.754321,3.442168
0.754265,3.442168
0.754210,3.442168
0.754155,3.442168
0.754099,3.442168
0.754044,3.442168
0.753988,3.442168
0.753933,3.442168
0.753878,3.442168
0.753822,3.442168
0.753767,3.442168
0.753711,3.442168
0.753656,3.442168
0.753601,3.442168
0.753545,3.442168
0.753490,3.442168
0.753434,3.442168
0.753379,3.442168
0.753324,3.442168
0.753268,3.442168
0.753213,3.442168
0.753157,3.442168
0.753102,3.442168
0.753047,3.442168
0.752991,3.442168
0.752936,3.442168
0.752881,3.442168
0.752825,3.442168
0.752770,3.442168
0.752714,3.442168
0.752659,3.442168
0.752604,3.442168
0.752548,3.442168
0.752493,3.442168
0.752437,3.442168
0.752382,3.442168
0.752327,3.442168
0.752271,3.442168
0.752216,3.442168
0.752160,3.442168
0.752105,3.442168
0.752050,3.442168
0.751994,3.442168
0.751939,3.442168
0.751883,3.442168
0.751828,3.442168
0.751773,3.442168
0.751717,3.442168
0.751662,3.442168
0.751606,3.442168
0.751551,3.442168
0.751496,3.442168
0.751440,3.442168
0.751385,3.442168
0.751329,3.442168
0.751274,3.442168
0.751219,3.442168
0.751163,3.442168
0.751108,3.442168
0.751052,3.442168
0.750997,3.442168
0.750942,3.442168
0.750886,3.442168
0.750831,3.442168
0.750775,3.442168
0.750720,3.442168
0.750665,3.442168
0.750609,3.442168
0.750554,3.442168
0.750498,3.442168
0.750443,3.442168
0.750388,3.442168
0.750332,3.442168
0.750277,3.442168
0.750222,3.442168
0.750166,3.442168
0.750111,3.442168
0.750055,3.442168
0.750000,3.442168
0.749945,3.442168
0.749889,3.442168
0.749834,3.442168
0.749778,3.442168
0.749723,3.442168
0.749668,3.442168
0.749612,3.442168
0.749557,3.442168
0.749501,3.442168
0.749446,3.442168
0.749391,3.442168
0.749335,3.442168
0.749280,3.442168
0.749224,3.442168
0.749169,3.442168
0.749114,3.442168
0.749058,3.442168
0.749003,3.442168
0.748947,3.442168
0.748892,3.442168
0.748837,3.442168
0.748781,3.442168
0.748726,3.442168
0.748670,3.442168
0.748615,3.442168
0.748560,3.442168
0.748504,3.442168
0.748449,3.442168
0.748393,3.442168
0.748338,3.442168
0.748283,3.442168
0.748227,3.442168
0.748172,3.442168
0.748116,3.442168
0.748061,3.442168
0.748006,3.442168
0.747950,3.442168
0.747895,3.442168
0.747839,3.442168
0.747784,3.442168
0.747729,3.442168
0.747673,3.442168
0.747618,3.442168
0.747563,3.442168
0.747507,3.442168
0.747452,3.442168
0.747396,3.442168
0.747341,3.442168
0.747286,3.442168
0.747230,3.442168
0.747175,3.442168
0.747119,3.442168
0.747064,3.442168
0.747009,3.442168
0.746953,3.442168
0.746898,3.442168
0.746842,3.442168
0.746787,3.442168
0.746732,3.442168
0.746676,3.442168
0.746621,3.442168
0.746565,3.442168
0.746510,3.442168
0.746455,3.442168
0.746399,3.442168
0.746344,3.442168
0.746288,3.442168
0.746233,3.442168
0.746178,3.442168
0.746122,3.442168
0.746067,3.442168
0.746011,3.442168
0.745956,3.442168
0.745901,3.442168
0.745845,3.442168
0.745790,3.442168
0.745734,3.442168
0.745679,3.442168
0.745624,3.442168
0.745568,3.442168
0.745513,3.442168
0.745457,3.442168
0.745402,3.442168
0.745347,3.442168
0.745291,3.442168
0.745236,3.442168
0.745181,3.442168
0.745125,3.442168
0.745070,3.442168
0.745014,3.442168
0.744959,3.442168
0.744904,3.442168
0.744848,3.442168
0.744793,3.442168
0.744737,3.442168
0.744682,3.442168
0.744627,3.442168
0.744571,3.442358
0.744516,3.442168
0.744460,3.442168
0.744405,3.442168
0.744350,3.442168
0.744294,3.442168
0.744239,3.442358
0.744183,3.442168
0.744128,3.442168
0.744073,3.442168
0.744017,3.442168
0.743962,3.442168
0.743906,3.442168
0.743851,3.442168
0.743796,3.442168
0.743740,3.442168
0.743685,3.442168
0.743629,3.442168
0.743574,3.442168
0.743519,3.442168
0.743463,3.442168
0.743408,3.442168
0.743352,3.442168
0.743297,3.442168
0.743242,3.442168
0.743186,3.442168
0.743131,3.442168
0.743075,3.442168
0.743020,3.442168
0.742965,3.442168
0.742909,3.442168
0.742854,3.442168
0.742798,3.442168
0.742743,3.442168
0.742688,3.442358
0.742632,3.442168
0.742577,3.442168
0.742522,3.442168
0.742466,3.442168
0.742411,3.442168
0.742355,3.442168
0.742300,3.442168
0.742245,3.442168
0.742189,3.442168
0.742134,3.442168
0.742078,3.442168
0.742023,3.442168
0.741968,3.442168
0.741912,3.442168
0.741857,3.442168
0.741801,3.442168
0.741746,3.442168
0.741691,3.442168
0.741635,3.442168
0.741580,3.442168
0.741524,3.442168
0.741469,3.442358
0.741414,3.442168
0.741358,3.442168
0.741303,3.442168
0.741247,3.442168
0.741192,3.442168
0.741137,3.442168
0.741081,3.442168
0.741026,3.442168
0.740970,3.442168
0.740915,3.442168
0.740860,3.442168
0.740804,3.442168
0.740749,3.442168
0.740693,3.442168
0.740638,3.442168
0.740583,3.442168
0.740527,3.442168
0.740472,3.442168
0.740416,3.442168
0.740361,3.442168
0.740306,3.442168
0.740250,3.442168
0.740195,3.442168
0.740140,3.442168
0.740084,3.442168
0.740029,3.442168
0.739973,3.442358
0.739918,3.442168
0.739863,3.442168
0.739807,3.442168
0.739752,3.442168
0.739696,3.442168
0.739641,3.442168
0.739586,3.442168
0.739530,3.442168
0.739475,3.442358
0.739419,3.442168
0.739364,3.442168
0.739309,3.442168
0.739253,3.442168
0.739198,3.442168
0.739142,3.442168
0.739087,3.442168
0.739032,3.442168
0.738976,3.442168
0.738921,3.442168
0.738865,3.442168
0.738810,3.442168
0.738755,3.442168
0.738699,3.442168
0.738644,3.442168
0.738588,3.442168
0.738533,3.442168
0.738478,3.442168
0.738422,3.442168
0.738367,3.442168
0.738311,3.442168
0.738256,3.442168
0.738201,3.442168
0.738145,3.442168
0.738090,3.442168
0.738034,3.442168
0.737979,3.442168
0.737924,3.442168
0.737868,3.442168
0.737813,3.442168
0.737757,3.442168
0.737702,3.442168
0.737647,3.442168
0.737591,3.442358
0.737536,3.442168
0.737481,3.442168
0.737425,3.442168
0.737370,3.442168
0.737314,3.442168
0.737259,3.442168
0.737204,3.442168
0.737148,3.442168
0.737093,3.442168
0.737037,3.442168
0.736982,3.442168
0.736927,3.442168
0.736871,3.442168
0.736816,3.442168
0.736760,3.442358
0.736705,3.442168
0.736650,3.442168
0.736594,3.442168
0.736539,3.442168
0.736483,3.442168
0.736428,3.442168
0.736373,3.442168
0.736317,3.442358
0.736262,3.442358
0.736206,3.442168
0.736151,3.442168
0.736096,3.442168
0.736040,3.442168
0.735985,3.442168
0.735929,3.442168
0.735874,3.442168
0.735819,3.442168
0.735763,3.442358
0.735708,3.442168
0.735652,3.442168
0.735597,3.442168
0.735542,3.442168
0.735486,3.442168
0.735431,3.442168
0.735375,3.442168
0.735320,3.442168
0.735265,3.442168
0.735209,3.442168
0.735154,3.442168
0.735098,3.442168
0.735043,3.442168
0.734988,3.442168
0.734932,3.442168
0.734877,3.442168
0.734822,3.442168
0.734766,3.442168
0.734711,3.442168
0.734655,3.442168
0.734600,3.442168
0.734545,3.442168
0.734489,3.442168
0.734434,3.442168
0.734378,3.442168
0.734323,3.442168
0.734268,3.442358
0.734212,3.442168
0.734157,3.442168
0.734101,3.442168
0.734046,3.442168
0.733991,3.442168
0.733935,3.442168
0.733880,3.442168
0.733824,3.442168
0.733769,3.442168
0.733714,3.442168
0.733658,3.442168
0.733603,3.442168
0.733547,3.442168
0.733492,3.442168
0.733437,3.442168
0.733381,3.442168
0.733326,3.442168
0.733270,3.442168
0.733215,3.442358
0.733160,3.442168
0.733104,3.442168
0.733049,3.442168
0.732993,3.442358
0.732938,3.442168
0.732883,3.442358
0.732827,3.442168
0.732772,3.442358
0.732716,3.442358
0.732661,3.442168
0.732606,3.442168
0.732550,3.442168
0.732495,3.442168
0.732440,3.442168
0.732384,3.442358
0.732329,3.442168
0.732273,3.442358
0.732218,3.442168
0.732163,3.442358
0.732107,3.442168
0.732052,3.442168
0.731996,3.442168
0.731941,3.442168
0.731886,3.442358
0.731830,3.442168
0.731775,3.442168
0.731719,3.442168
0.731664,3.442168
0.731609,3.442168
0.731553,3.442168
0.731498,3.442168
0.731442,3.442168
0.731387,3.442168
0.731332,3.442168
0.731276,3.442358
0.731221,3.442168
0.731165,3.442168
0.731110,3.442168
0.731055,3.442358
0.730999,3.442168
0.730944,3.442358
0.730888,3.442168
0.730833,3.442168
0.730778,3.442168
0.730722,3.442358
0.730667,3.442358
0.730611,3.442168
0.730556,3.442168
0.730501,3.442358
0.730445,3.442168
0.730390,3.442168
0.730334,3.442168
0.730279,3.442358
0.730224,3.442168
0.730168,3.442358
0.730113,3.442168
0.730057,3.442168
0.730002,3.442168
0.729947,3.442168
0.729891,3.442168
0.729836,3.442168
0.729781,3.442168
0.729725,3.442168
0.729670,3.442358
0.729614,3.442168
0.729559,3.442168
0.729504,3.442168
0.729448,3.442168
0.729393,3.442358
0.729337,3.442168
0.729282,3.442358
0.729227,3.442168
0.729171,3.442168
0.729116,3.442168
0.729060,3.442168
0.729005,3.442168
0.728950,3.442168
0.728894,3.442168
0.728839,3.442168
0.728783,3.442168
0.728728,3.442168
0.728673,3.442168
0.728617,3.442168
0.728562,3.442358
0.728506,3.442168
0.728451,3.442168
0.728396,3.442358
0.728340,3.442358
0.728285,3.442168
0.728229,3.442358
0.728174,3.442358
0.728119,3.442358
0.728063,3.442168
0.728008,3.442168
0.727952,3.442168
0.727897,3.442168
0.727842,3.442168
0.727786,3.442168
0.727731,3.442358
0.727675,3.442168
0.727620,3.442358
0.727565,3.442168
0.727509,3.442358
0.727454,3.442358
0.727398,3.442358
0.727343,3.442358
0.727288,3.442168
0.727232,3.442358
0.727177,3.442168
0.727122,3.442168
0.727066,3.442358
0.727011,3.442168
0.726955,3.442168
0.726900,3.442168
0.726845,3.442358
0.726789,3.442168
0.726734,3.442168
0.726678,3.442168
0.726623,3.442168
0.726568,3.442168
0.726512,3.442168
0.726457,3.442358
0.726401,3.442168
0.726346,3.442168
0.726291,3.442168
0.726235,3.442358
0.726180,3.442168
0.726124,3.442168
0.726069,3.442168
0.726014,3.442168
0.725958,3.442168
0.725903,3.442168
0.725847,3.442168
0.725792,3.442168
0.725737,3.442168
0.725681,3.442358
0.725626,3.442358
0.725570,3.442168
0.725515,3.442358
0.725460,3.442168
0.725404,3.442168
0.725349,3.442168
0.725293,3.442358
0.725238,3.442168
0.725183,3.442168
0.725127,3.442168
0.725072,3.442168
0.725016,3.442168
0.724961,3.442168
0.724906,3.442168
0.724850,3.442168
0.724795,3.442358
0.724740,3.442358
0.724684,3.442168
0.724629,3.442168
0.724573,3.442168
0.724518,3.442168
0.724463,3.442358
0.724407,3.442168
0.724352,3.442168
0.724296,3.442168
0.724241,3.442168
0.724186,3.442358
0.724130,3.442168
0.724075,3.442168
0.724019,3.442168
0.723964,3.442358
0.723909,3.442358
0.723853,3.442168
0.723798,3.442168
0.723742,3.442358
0.723687,3.442358
0.723632,3.442168
0.723576,3.442358
0.723521,3.442168
0.723465,3.442168
0.723410,3.442358
0.723355,3.442168
0.723299,3.442168
0.723244,3.442168
0.723188,3.442168
0.723133,3.442168
0.723078,3.442168
0.723022,3.442358
0.722967,3.442168
0.722911,3.442168
0.722856,3.442168
0.722801,3.442168
0.722745,3.442168
0.722690,3.442358
0.722634,3.442168
0.722579,3.442168
0.722524,3.442168
0.722468,3.442168
0.722413,3.442168
0.722358,3.442168
0.722302,3.442168
0.722247,3.442168
0.722191,3.442168
0.722136,3.442168
0.722081,3.442358
0.722025,3.442358
0.721970,3.442358
0.721914,3.442358
0.721859,3.442168
0.721804,3.442168
0.721748,3.442358
0.721693,3.442358
0.721637,3.442358
0.721582,3.442358
0.721527,3.442168
0.721471,3.442168
0.721416,3.442358
0.721360,3.442358
0.721305,3.442168
0.721250,3.442168
0.721194,3.442168
0.721139,3.442358
0.721083,3.442168
0.721028,3.442168
0.720973,3.442358
0.720917,3.442358
0.720862,3.442168
0.720806,3.442168
0.720751,3.442358
0.720696,3.442358
0.720640,3.442168
0.720585,3.442168
0.720529,3.442358
0.720474,3.442168
0.720419,3.442168
0.720363,3.442358
0.720308,3.442168
0.720252,3.442168
0.720197,3.442358
0.720142,3.442358
0.720086,3.442168
0.720031,3.442358
0.719976,3.442168
0.719920,3.442358
0.719865,3.442168
0.719809,3.442358
0.719754,3.442168
0.719699,3.442168
0.719643,3.442168
0.719588,3.442358
0.719532,3.442358
0.719477,3.442168
0.719422,3.442358
0.719366,3.442358
0.719311,3.442358
0.719255,3.442358
0.719200,3.442358
0.719145,3.442168
0.719089,3.442358
0.719034,3.442358
0.718978,3.442358
0.718923,3.442168
0.718868,3.442358
0.718812,3.442168
0.718757,3.442168
0.718701,3.442168
0.718646,3.442168
0.718591,3.442358
0.718535,3.442358
0.718480,3.442168
0.718424,3.442358
0.718369,3.442168
0.718314,3.442358
0.718258,3.442168
0.718203,3.442358
0.718147,3.442168
0.718092,3.442168
0.718037,3.442358
0.717981,3.442168
0.717926,3.442168
0.717870,3.442358
0.717815,3.442168
0.717760,3.442358
0.717704,3.442168
0.717649,3.442358
0.717594,3.442168
0.717538,3.442168
0.717483,3.442358
0.717427,3.442358
0.717372,3.442168
0.717317,3.442358
0.717261,3.442358
0.717206,3.442358
0.717150,3.442358
0.717095,3.442358
0.717040,3.442168
0.716984,3.442168
0.716929,3.442168
0.716873,3.442168
0.716818,3.442358
0.716763,3.442358
0.716707,3.442358
0.716652,3.442358
0.716596,3.442358
0.716541,3.442168
0.716486,3.442358
0.716430,3.442168
0.716375,3.442358
0.716319,3.442168
0.716264,3.442358
0.716209,3.442168
0.716153,3.442358
0.716098,3.442358
0.716042,3.442358
0.715987,3.442168
0.715932,3.442168
0.715876,3.442168
0.715821,3.442358
0.715765,3.442168
0.715710,3.442168
0.715655,3.442358
0.715599,3.442358
0.715544,3.442358
0.715488,3.442358
0.715433,3.442168
0.715378,3.442358
0.715322,3.442168
0.715267,3.442168
0.715212,3.442168
0.715156,3.442168
0.715101,3.442168
0.715045,3.442168
0.714990,3.442168
0.714935,3.442358
0.714879,3.442168
0.714824,3.442358
0.714768,3.442358
0.714713,3.442358
0.714658,3.442168
0.714602,3.442358
0.714547,3.442168
0.714491,3.442358
0.714436,3.442358
0.714381,3.442358
0.714325,3.442168
0.714270,3.442358
0.714214,3.442358
0.714159,3.442358
0.714104,3.442358
0.714048,3.442358
0.713993,3.442168
0.713937,3.442168
0.713882,3.442358
0.713827,3.442358
0.713771,3.442358
0.713716,3.442358
0.713660,3.442358
0.713605,3.442358
0.713550,3.442168
0.713494,3.442358
0.713439,3.442358
0.713383,3.442168
0.713328,3.442358
0.713273,3.442168
0.713217,3.442358
0.713162,3.442358
0.713106,3.442358
0.713051,3.442358
0.712996,3.442168
0.712940,3.442358
0.712885,3.442358
0.712830,3.442358
0.712774,3.442358
0.712719,3.442358
0.712663,3.442358
0.712608,3.442168
0.712553,3.442358
0.712497,3.442358
0.712442,3.442358
0.712386,3.442358
0.712331,3.442358
0.712276,3.442358
0.712220,3.442358
0.712165,3.442358
0.712109,3.442358
0.712054,3.442358
0.711999,3.442358
0.711943,3.442358
0.711888,3.442168
0.711832,3.442358
0.711777,3.442358
0.711722,3.442358
0.711666,3.442358
0.711611,3.442168
0.711555,3.442358
0.711500,3.442358
0.711445,3.442358
0.711389,3.442168
0.711334,3.442358
0.711278,3.442358
0.711223,3.442358
0.711168,3.442358
0.711112,3.442358
0.711057,3.442168
0.711001,3.442358
0.710946,3.442358
0.710891,3.442358
0.710835,3.442168
0.710780,3.442358
0.710724,3.442358
0.710669,3.442358
0.710614,3.442168
0.710558,3.442358
0.710503,3.442358
0.710448,3.442358
0.710392,3.442358
0.710337,3.442358
0.710281,3.442358
0.710226,3.442358
0.710171,3.442358
0.710115,3.442168
0.710060,3.442358
0.710004,3.442168
0.709949,3.442358
0.709894,3.442358
0.709838,3.442168
0.709783,3.442358
0.709727,3.442168
0.709672,3.442168
0.709617,3.442168
0.709561,3.442358
0.709506,3.442358
0.709450,3.442358
0.709395,3.442358
0.709340,3.442358
0.709284,3.442168
0.709229,3.442358
0.709173,3.442358
0.709118,3.442168
0.709063,3.442358
0.709007,3.442358
0.708952,3.442358
0.708896,3.442358
0.708841,3.442168
0.708786,3.442358
0.708730,3.442358
0.708675,3.442168
0.708619,3.442358
0.708564,3.442358
0.708509,3.442168
0.708453,3.442358
0.708398,3.442358
0.708342,3.442358
0.708287,3.442168
0.708232,3.442358
0.708176,3.442358
0.708121,3.442358
0.708065,3.442358
0.708010,3.442358
0.707955,3.442358
0.707899,3.442358
0.707844,3.442358
0.707789,3.442358
0.707733,3.442358
0.707678,3.442358
0.707622,3.442168
0.707567,3.442358
0.707512,3.442358
0.707456,3.442358
0.707401,3.442358
0.707345,3.442358
0.707290,3.442358
0.707235,3.442358
0.707179,3.442358
0.707124,3.442168
0.707068,3.442358
0.707013,3.442358
0.706958,3.442358
0.706902,3.442358
0.706847,3.442358
0.706791,3.442358
0.706736,3.442358
0.706681,3.442168
0.706625,3.442358
0.706570,3.442358
0.706514,3.442168
0.706459,3.442358
0.706404,3.442358
0.706348,3.442358
0.706293,3.442168
0.706237,3.442358
0.706182,3.442358
0.706127,3.442358
0.706071,3.442358
0.706016,3.442358
0.705960,3.442358
0.705905,3.442358
0.705850,3.442358
0.705794,3.442358
0.705739,3.442358
0.705683,3.442358
0.705628,3.442358
0.705573,3.442168
0.705517,3.442358
0.705462,3.442358
0.705407,3.442358
0.705351,3.442168
0.705296,3.442358
0.705240,3.442168
0.705185,3.442358
0.705130,3.442358
0.705074,3.442358
0.705019,3.442358
0.704963,3.442358
0.704908,3.442358
0.704853,3.442358
0.704797,3.442358
0.704742,3.442358
0.704686,3.442358
0.704631,3.442358
0.704576,3.442358
0.704520,3.442358
0.704465,3.442358
0.704409,3.442358
0.704354,3.442358
0.704299,3.442358
0.704243,3.442358
0.704188,3.442358
0.704132,3.442358
0.704077,3.442358
0.704022,3.442358
0.703966,3.442358
0.703911,3.442358
0.703855,3.442358
0.703800,3.442358
0.703745,3.442358
0.703689,3.442358
0.703634,3.442168
0.703578,3.442168
0.703523,3.442358
0.703468,3.442358
0.703412,3.442358
0.703357,3.442358
0.703301,3.442358
0.703246,3.442358
0.703191,3.442358
0.703135,3.442168
0.703080,3.442168
0.703024,3.442358
0.702969,3.442358
0.702914,3.442358
0.702858,3.442358
0.702803,3.442358
0.702748,3.442358
0.702692,3.442358
0.702637,3.442358
0.702581,3.442358
0.702526,3.442358
0.702471,3.442358
0.702415,3.442358
0.702360,3.442358
0.702304,3.442358
0.702249,3.442358
0.702194,3.442358
0.702138,3.442358
0.702083,3.442358
0.702027,3.442358
0.701972,3.442358
0.701917,3.442358
0.701861,3.442358
0.701806,3.442358
0.701750,3.442358
0.701695,3.442358
0.701640,3.442358
0.701584,3.442358
0.701529,3.442358
0.701473,3.442358
0.701418,3.442358
0.701363,3.442358
0.701307,3.442358
0.701252,3.442358
0.701196,3.442358
0.701141,3.442358
0.701086,3.442358
0.701030,3.442358
0.700975,3.442358
0.700919,3.442358
0.700864,3.442358
0.700809,3.442358
0.700753,3.442358
0.700698,3.442358
0.700642,3.442358
0.700587,3.442358
0.700532,3.442358
0.700476,3.442358
0.700421,3.442358
0.700366,3.442358
0.700310,3.442358
0.700255,3.442358
0.700199,3.442358
0.700144,3.442358
0.700089,3.442358
0.700033,3.442358
0.699978,3.442358
0.699922,3.442358
0.699867,3.442358
0.699812,3.442358
0.699756,3.442358
0.699701,3.442358
0.699645,3.442358
0.699590,3.442358
0.699535,3.442358
0.699479,3.442358
0.699424,3.442358
0.699368,3.442358
0.699313,3.442358
0.699258,3.442358
0.699202,3.442358
0.699147,3.442358
0.699091,3.442358
0.699036,3.442358
0.698981,3.442358
0.698925,3.442358
0.698870,3.442358
0.698814,3.442358
0.698759,3.442358
0.698704,3.442358
0.698648,3.442358
0.698593,3.442358
0.698537,3.442358
0.698482,3.442358
0.698427,3.442358
0.698371,3.442358
0.698316,3.442358
0.698260,3.442358
0.698205,3.442358
0.698150,3.442358
0.698094,3.442358
0.698039,3.442358
0.697984,3.442358
0.697928,3.442358
0.697873,3.442168
0.697817,3.442358
0.697762,3.442358
0.697707,3.442358
0.697651,3.442168
0.697596,3.442358
0.697540,3.442358
0.697485,3.442358
0.697430,3.442358
0.697374,3.442358
0.697319,3.442358
0.697263,3.442358
0.697208,3.442358
0.697153,3.442358
0.697097,3.442358
0.697042,3.442358
0.696986,3.442358
0.696931,3.442358
0.696876,3.442358
0.696820,3.442358
0.696765,3.442358
0.696709,3.442358
0.696654,3.442358
0.696599,3.442358
0.696543,3.442358
0.696488,3.442358
0.696432,3.442358
0.696377,3.442358
0.696322,3.442358
0.696266,3.442358
0.696211,3.442358
0.696155,3.442358
0.696100,3.442358
0.696045,3.442358
0.695989,3.442358
0.695934,3.442358
0.695878,3.442358
0.695823,3.442358
0.695768,3.442358
0.695712,3.442358
0.695657,3.442358
0.695602,3.442358
0.695546,3.442358
0.695491,3.442358
0.695435,3.442358
0.695380,3.442358
0.695325,3.442358
0.695269,3.442358
0.695214,3.442358
0.695158,3.442358
0.695103,3.442358
0.695048,3.442358
0.694992,3.442168
0.694937,3.442168
0.694881,3.442358
0.694826,3.442168
0.694771,3.442358
0.694715,3.442358
0.694660,3.442358
0.694604,3.442358
0.694549,3.442358
0.694494,3.442168
0.694438,3.442358
0.694383,3.442358
0.694327,3.442358
0.694272,3.442358
0.694217,3.442358
0.694161,3.442358
0.694106,3.442358
0.694050,3.442168
0.693995,3.442358
0.693940,3.442358
0.693884,3.442358
0.693829,3.442358
0.693773,3.442358
0.693718,3.442358
0.693663,3.442358
0.693607,3.442358
0.693552,3.442358
0.693496,3.442358
0.693441,3.442358
0.693386,3.442358
0.693330,3.442168
0.693275,3.442358
0.693219,3.442358
0.693164,3.442358
0.693109,3.442358
0.693053,3.442168
0.692998,3.442358
0.692943,3.442358
0.692887,3.442358
0.692832,3.442358
0.692776,3.442358
0.692721,3.442168
0.692666,3.442358
0.692610,3.442549
0.692555,3.442358
0.692499,3.442168
0.692444,3.442358
0.692389,3.442358
0.692333,3.442358
0.692278,3.442358
0.692222,3.442358
0.692167,3.442358
0.692112,3.442358
0.692056,3.442358
0.692001,3.442358
0.691945,3.442358
0.691890,3.442168
0.691835,3.442358
0.691779,3.442358
0.691724,3.442358
0.691668,3.442358
0.691613,3.442358
0.691558,3.442358
0.691502,3.442358
0.691447,3.442358
0.691391,3.442358
0.691336,3.442358
0.691281,3.442358
0.691225,3.442358
0.691170,3.442358
0.691114,3.442168
0.691059,3.442358
0.691004,3.442168
0.690948,3.442358
0.690893,3.442358
0.690837,3.442358
0.690782,3.442358
0.690727,3.442358
0.690671,3.442358
0.690616,3.442358
0.690561,3.442358
0.690505,3.442358
0.690450,3.442358
0.690394,3.442358
0.690339,3.442358
0.690284,3.442358
0.690228,3.442358
0.690173,3.442358
0.690117,3.442358
0.690062,3.442358
0.690007,3.442358
0.689951,3.442358
0.689896,3.442358
0.689840,3.442358
0.689785,3.442358
0.689730,3.442358
0.689674,3.442358
0.689619,3.442358
0.689563,3.442358
0.689508,3.442358
0.689453,3.442168
0.689397,3.442358
0.689342,3.442358
0.689286,3.442358
0.689231,3.442358
0.689176,3.442358
0.689120,3.442549
0.689065,3.442168
0.689009,3.442358
0.688954,3.442168
0.688899,3.442358
0.688843,3.442358
0.688788,3.442358
0.688732,3.442358
0.688677,3.442358
0.688622,3.442358
0.688566,3.442358
0.688511,3.442358
0.688455,3.442358
0.688400,3.442358
0.688345,3.442358
0.688289,3.442358
0.688234,3.442358
0.688178,3.442358
0.688123,3.442358
0.688068,3.442358
0.688012,3.442358
0.687957,3.442358
0.687902,3.442358
0.687846,3.442358
0.687791,3.442358
0.687735,3.442358
0.687680,3.442358
0.687625,3.442358
0.687569,3.442549
0.687514,3.442358
0.687458,3.442168
0.687403,3.442358
0.687348,3.442358
0.687292,3.442358
0.687237,3.442358
0.687181,3.442358
0.687126,3.442358
0.687071,3.442168
0.687015,3.442549
0.686960,3.442358
0.686904,3.442358
0.686849,3.442358
0.686794,3.442358
0.686738,3.442168
0.686683,3.442358
0.686627,3.442549
0.686572,3.442549
0.686517,3.442358
0.686461,3.442358
0.686406,3.442168
0.686350,3.442549
0.686295,3.442358
0.686240,3.442358
0.686184,3.442358
0.686129,3.442358
0.686073,3.442358
0.686018,3.442358
0.685963,3.442358
0.685907,3.442358
0.685852,3.442358
0.685796,3.442358
0.685741,3.442358
0.685686,3.442358
0.685630,3.442549
0.685575,3.442358
0.685520,3.442358
0.685464,3.442358
0.685409,3.442358
0.685353,3.442358
0.685298,3.442358
0.685243,3.442358
0.685187,3.442358
0.685132,3.442358
0.685076,3.442549
0.685021,3.442168
0.684966,3.442358
0.684910,3.442168
0.684855,3.442549
0.684799,3.442358
0.684744,3.442358
0.684689,3.442358
0.684633,3.442549
0.684578,3.442358
0.684522,3.442549
0.684467,3.442168
0.684412,3.442358
0.684356,3.442168
0.684301,3.442358
0.684245,3.442358
0.684190,3.442358
0.684135,3.442549
0.684079,3.442358
0.684024,3.442549
0.683968,3.442549
0.683913,3.442358
0.683858,3.442549
0.683802,3.442549
0.683747,3.442549
0.683691,3.442358
0.683636,3.442358
0.683581,3.442549
0.683525,3.442358
0.683470,3.442358
0.683414,3.442358
0.683359,3.442358
0.683304,3.442358
0.683248,3.442358
0.683193,3.442358
0.683138,3.442358
0.683082,3.442549
0.683027,3.442358
0.682971,3.442358
0.682916,3.442549
0.682861,3.442358
0.682805,3.442358
0.682750,3.442549
0.682694,3.442549
0.682639,3.442358
0.682584,3.442358
0.682528,3.442549
0.682473,3.442549
0.682417,3.442549
0.682362,3.442358
0.682307,3.442358
0.682251,3.442358
0.682196,3.442549
0.682140,3.442358
0.682085,3.442358
0.682030,3.442358
0.681974,3.442168
0.681919,3.442358
0.681863,3.442549
0.681808,3.442358
0.681753,3.442358
0.681697,3.442358
0.681642,3.442358
0.681586,3.442358
0.681531,3.442358
0.681476,3.442549
0.681420,3.442358
0.681365,3.442358
0.681309,3.442549
0.681254,3.442358
0.681199,3.442168
0.681143,3.442549
0.681088,3.442549
0.681032,3.442549
0.680977,3.442358
0.680922,3.442549
0.680866,3.442168
0.680811,3.442549
0.680756,3.442549
0.680700,3.442549
0.680645,3.442549
0.680589,3.442549
0.680534,3.442358
0.680479,3.442358
0.680423,3.442549
0.680368,3.442549
0.680312,3.442358
0.680257,3.442549
0.680202,3.442358
0.680146,3.442549
0.680091,3.442358
0.680035,3.442549
0.679980,3.442549
0.679925,3.442358
0.679869,3.442358
0.679814,3.442358
0.679758,3.442358
0.679703,3.442549
0.679648,3.442358
0.679592,3.442358
0.679537,3.442358
0.679481,3.442549
0.679426,3.442549
0.679371,3.442358
0.679315,3.442358
0.679260,3.442168
0.679204,3.442549
0.679149,3.442358
0.679094,3.442358
0.679038,3.442549
0.678983,3.442358
0.678927,3.442358
0.678872,3.442358
0.678817,3.442358
0.678761,3.442358
0.678706,3.442549
0.678650,3.442358
0.678595,3.442358
0.678540,3.442549
0.678484,3.442549
0.678429,3.442358
0.678374,3.442549
0.678318,3.442358
0.678263,3.442549
0.678207,3.442358
0.678152,3.442549
0.678097,3.442549
0.678041,3.442549
0.677986,3.442549
0.677930,3.442549
0.677875,3.442549
0.677820,3.442549
0.677764,3.442549
0.677709,3.442549
0.677653,3.442549
0.677598,3.442549
0.677543,3.442549
0.677487,3.442549
0.677432,3.442358
0.677376,3.442549
0.677321,3.442549
0.677266,3.442358
0.677210,3.442358
0.677155,3.442549
0.677099,3.442358
0.677044,3.442358
0.676989,3.442549
0.676933,3.442358
0.676878,3.442358
0.676822,3.442358
0.676767,3.442358
0.676712,3.442549
0.676656,3.442549
0.676601,3.442358
0.676545,3.442358
0.676490,3.442549
0.676435,3.442549
0.676379,3.442549
0.676324,3.442549
0.676268,3.442358
0.676213,3.442549
0.676158,3.442549
0.676102,3.442549
0.676047,3.442358
0.675992,3.442358
0.675936,3.442358
0.675881,3.442549
0.675825,3.442358
0.675770,3.442549
0.675715,3.442549
0.675659,3.442549
0.675604,3.442358
0.675548,3.442549
0.675493,3.442549
0.675438,3.442358
0.675382,3.442358
0.675327,3.442358
0.675271,3.442168
0.675216,3.442549
0.675161,3.442549
0.675105,3.442549
0.675050,3.442549
0.674994,3.442549
0.674939,3.442549
0.674884,3.442549
0.674828,3.442358
0.674773,3.442549
0.674717,3.442549
0.674662,3.442549
0.674607,3.442358
0.674551,3.442549
0.674496,3.442358
0.674440,3.442549
0.674385,3.442549
0.674330,3.442358
0.674274,3.442549
0.674219,3.442549
0.674163,3.442549
0.674108,3.442549
0.674053,3.442549
0.673997,3.442549
0.673942,3.442358
0.673886,3.442358
0.673831,3.442549
0.673776,3.442549
0.673720,3.442358
0.673665,3.442549
0.673610,3.442549
0.673554,3.442549
0.673499,3.442549
0.673443,3.442549
0.673388,3.442358
0.673333,3.442549
0.673277,3.442549
0.673222,3.442549
0.673166,3.442549
0.673111,3.442549
0.673056,3.442358
0.673000,3.442549
0.672945,3.442549
0.672889,3.442549
0.672834,3.442549
0.672779,3.442549
0.672723,3.442358
0.672668,3.442549
0.672612,3.442549
0.672557,3.442358
0.672502,3.442549
0.672446,3.442549
0.672391,3.442358
0.672335,3.442358
0.672280,3.442549
0.672225,3.442549
0.672169,3.442549
0.672114,3.442549
0.672058,3.442358
0.672003,3.442549
0.671948,3.442549
0.671892,3.442358
0.671837,3.442549
0.671781,3.442549
0.671726,3.442549
0.671671,3.442549
0.671615,3.442549
0.671560,3.442549
0.671504,3.442549
0.671449,3.442549
0.671394,3.442358
0.671338,3.442549
0.671283,3.442358
0.671227,3.442358
0.671172,3.442549
0.671117,3.442549
0.671061,3.442549
0.671006,3.442549
0.670951,3.442549
0.670895,3.442358
0.670840,3.442549
0.670784,3.442549
0.670729,3.442358
0.670674,3.442549
0.670618,3.442549
0.670563,3.442549
0.670507,3.442549
0.670452,3.442358
0.670397,3.442549
0.670341,3.442549
0.670286,3.442549
0.670230,3.442358
0.670175,3.442549
0.670120,3.442549
0.670064,3.442549
0.670009,3.442549
0.669953,3.442549
0.669898,3.442549
0.669843,3.442549
0.669787,3.442549
0.669732,3.442549
0.669676,3.442358
0.669621,3.442549
0.669566,3.442358
0.669510,3.442549
0.669455,3.442549
0.669399,3.442549
0.669344,3.442549
0.669289,3.442549
0.669233,3.442549
0.669178,3.442549
0.669122,3.442549
0.669067,3.442549
0.669012,3.442549
0.668956,3.442549
0.668901,3.442549
0.668845,3.442549
0.668790,3.442549
0.668735,3.442549
0.668679,3.442549
0.668624,3.442549
0.668569,3.442358
0.668513,3.442549
0.668458,3.442549
0.668402,3.442549
0.668347,3.442549
0.668292,3.442549
0.668236,3.442549
0.668181,3.442549
0.668125,3.442549
0.668070,3.442549
0.668015,3.442549
0.667959,3.442549
0.667904,3.442549
0.667848,3.442549
0.667793,3.442549
0.667738,3.442549
0.667682,3.442549
0.667627,3.442549
0.667571,3.442549
0.667516,3.442549
0.667461,3.442549
0.667405,3.442549
0.667350,3.442549
0.667294,3.442549
0.667239,3.442549
0.667184,3.442549
0.667128,3.442549
0.667073,3.442549
0.667017,3.442358
0.666962,3.442549
0.666907,3.442549
0.666851,3.442549
0.666796,3.442549
0.666740,3.442549
0.666685,3.442549
0.666630,3.442549
0.666574,3.442358
0.666519,3.442549
0.666463,3.442549
0.666408,3.442549
0.666353,3.442549
0.666297,3.442549
0.666242,3.442549
0.666187,3.442549
0.666131,3.442549
0.666076,3.442549
0.666020,3.442549
0.665965,3.442549
0.665910,3.442549
0.665854,3.442549
0.665799,3.442549
0.665743,3.442549
0.665688,3.442358
0.665633,3.442549
0.665577,3.442549
0.665522,3.442549
0.665466,3.442549
0.665411,3.442549
0.665356,3.442549
0.665300,3.442549
0.665245,3.442358
0.665189,3.442549
0.665134,3.442549
0.665079,3.442549
0.665023,3.442549
0.664968,3.442549
0.664912,3.442549
0.664857,3.442549
0.664802,3.442549
0.664746,3.442549
0.664691,3.442549
0.664635,3.442549
0.664580,3.442549
0.664525,3.442549
0.664469,3.442549
0.664414,3.442549
0.664358,3.442549
0.664303,3.442549
0.664248,3.442549
0.664192,3.442549
0.664137,3.442549
0.664081,3.442549
0.664026,3.442549
0.663971,3.442358
0.663915,3.442549
0.663860,3.442549
0.663804,3.442549
0.663749,3.442549
0.663694,3.442549
0.663638,3.442549
0.663583,3.442549
0.663528,3.442549
0.663472,3.442549
0.663417,3.442549
0.663361,3.442549
0.663306,3.442549
0.663251,3.442549
0.663195,3.442549
0.663140,3.442549
0.663084,3.442549
0.663029,3.442549
0.662974,3.442549
0.662918,3.442549
0.662863,3.442549
0.662807,3.442549
0.662752,3.442549
0.662697,3.442549
0.662641,3.442549
0.662586,3.442549
0.662530,3.442549
0.662475,3.442549
0.662420,3.442549
0.662364,3.442549
0.662309,3.442549
0.662253,3.442549
0.662198,3.442549
0.662143,3.442549
0.662087,3.442549
0.662032,3.442549
0.661976,3.442549
0.661921,3.442549
0.661866,3.442549
0.661810,3.442549
0.661755,3.442549
0.661699,3.442549
0.661644,3.442549
0.661589,3.442549
0.661533,3.442549
0.661478,3.442549
0.661422,3.442549
0.661367,3.442549
0.661312,3.442549
0.661256,3.442549
0.661201,3.442549
0.661146,3.442549
0.661090,3.442549
0.661035,3.442549
0.660979,3.442549
0.660924,3.442549
0.660869,3.442549
0.660813,3.442549
0.660758,3.442549
0.660702,3.442549
0.660647,3.442549
0.660592,3.442358
0.660536,3.442549
0.660481,3.442549
0.660425,3.442549
0.660370,3.442549
0.660315,3.442549
0.660259,3.442549
0.660204,3.442549
0.660148,3.442549
0.660093,3.442549
0.660038,3.442549
0.659982,3.442549
0.659927,3.442549
0.659871,3.442549
0.659816,3.442549
0.659761,3.442549
0.659705,3.442549
0.659650,3.442549
0.659594,3.442549
0.659539,3.442549
0.659484,3.442549
0.659428,3.442549
0.659373,3.442549
0.659317,3.442549
0.659262,3.442549
0.659207,3.442739
0.659151,3.442549
0.659096,3.442549
0.659040,3.442549
0.658985,3.442549
0.658930,3.442549
0.658874,3.442549
0.658819,3.442549
0.658764,3.442549
0.658708,3.442549
0.658653,3.442549
0.658597,3.442549
0.658542,3.442549
0.658487,3.442549
0.658431,3.442549
0.658376,3.442549
0.658320,3.442549
0.658265,3.442549
0.658210,3.442549
0.658154,3.442549
0.658099,3.442549
0.658043,3.442549
0.657988,3.442549
0.657933,3.442549
0.657877,3.442549
0.657822,3.442549
0.657766,3.442549
0.657711,3.442549
0.657656,3.442549
0.657600,3.442549
0.657545,3.442549
0.657489,3.442549
0.657434,3.442549
0.657379,3.442549
0.657323,3.442549
0.657268,3.442549
0.657212,3.442549
0.657157,3.442549
0.657102,3.442549
0.657046,3.442549
0.656991,3.442549
0.656935,3.442549
0.656880,3.442549
0.656825,3.442549
0.656769,3.442549
0.656714,3.442549
0.656658,3.442549
0.656603,3.442549
0.656548,3.442549
0.656492,3.442549
0.656437,3.442549
0.656382,3.442549
0.656326,3.442549
0.656271,3.442549
0.656215,3.442549
0.656160,3.442549
0.656105,3.442549
0.656049,3.442549
0.655994,3.442549
0.655938,3.442549
0.655883,3.442549
0.655828,3.442549
0.655772,3.442549
0.655717,3.442549
0.655661,3.442549
0.655606,3.442549
0.655551,3.442549
0.655495,3.442549
0.655440,3.442549
0.655384,3.442549
0.655329,3.442549
0.655274,3.442549
0.655218,3.442549
0.655163,3.442549
0.655107,3.442549
0.655052,3.442549
0.654997,3.442549
0.654941,3.442549
0.654886,3.442549
0.654830,3.442549
0.654775,3.442549
0.654720,3.442739
0.654664,3.442549
0.654609,3.442549
0.654553,3.442549
0.654498,3.442549
0.654443,3.442549
0.654387,3.442549
0.654332,3.442549
0.654276,3.442549
0.654221,3.442549
0.654166,3.442549
0.654110,3.442549
0.654055,3.442549
0.654000,3.442549
0.653944,3.442549
0.653889,3.442549
0.653833,3.442549
0.653778,3.442549
0.653723,3.442549
0.653667,3.442549
0.653612,3.442549
0.653556,3.442549
0.653501,3.442549
0.653446,3.442549
0.653390,3.442549
0.653335,3.442549
0.653279,3.442549
0.653224,3.442549
0.653169,3.442549
0.653113,3.442549
0.653058,3.442549
0.653002,3.442549
0.652947,3.442549
0.652892,3.442549
0.652836,3.442549
0.652781,3.442549
0.652725,3.442549
0.652670,3.442549
0.652615,3.442549
0.652559,3.442549
0.652504,3.442549
0.652448,3.442549
0.652393,3.442549
0.652338,3.442549
0.652282,3.442549
0.652227,3.442549
0.652171,3.442549
0.652116,3.442549
0.652061,3.442549
0.652005,3.442549
0.651950,3.442549
0.651894,3.442549
0.651839,3.442739
0.651784,3.442549
0.651728,3.442549
0.651673,3.442549
0.651618,3.442549
0.651562,3.442549
0.651507,3.442549
0.651451,3.442549
0.651396,3.442549
0.651341,3.442549
0.651285,3.442549
0.651230,3.442549
0.651174,3.442549
0.651119,3.442549
0.651064,3.442549
0.651008,3.442549
0.650953,3.442549
0.650897,3.442549
0.650842,3.442549
0.650787,3.442549
0.650731,3.442549
0.650676,3.442549
0.650620,3.442549
0.650565,3.442549
0.650510,3.442549
0.650454,3.442549
0.650399,3.442549
0.650343,3.442549
0.650288,3.442549
0.650233,3.442549
0.650177,3.442549
0.650122,3.442739
0.650066,3.442549
0.650011,3.442549
0.649956,3.442549
0.649900,3.442549
0.649845,3.442549
0.649789,3.442549
0.649734,3.442739
0.649679,3.442549
0.649623,3.442549
0.649568,3.442739
0.649512,3.442739
0.649457,3.442549
0.649402,3.442549
0.649346,3.442549
0.649291,3.442739
0.649235,3.442549
0.649180,3.442739
0.649125,3.442549
0.649069,3.442549
0.649014,3.442739
0.648959,3.442549
0.648903,3.442549
0.648848,3.442549
0.648792,3.442549
0.648737,3.442549
0.648682,3.442549
0.648626,3.442549
0.648571,3.442549
0.648515,3.442739
0.648460,3.442549
0.648405,3.442549
0.648349,3.442549
0.648294,3.442739
0.648238,3.442549
0.648183,3.442549
0.648128,3.442549
0.648072,3.442549
0.648017,3.442549
0.647961,3.442549
0.647906,3.442549
0.647851,3.442549
0.647795,3.442549
0.647740,3.442739
0.647684,3.442739
0.647629,3.442739
0.647574,3.442549
0.647518,3.442549
0.647463,3.442549
0.647407,3.442549
0.647352,3.442549
0.647297,3.442739
0.647241,3.442549
0.647186,3.442549
0.647130,3.442739
0.647075,3.442549
0.647020,3.442549
0.646964,3.442549
0.646909,3.442739
0.646853,3.442549
0.646798,3.442549
0.646743,3.442739
0.646687,3.442549
0.646632,3.442549
0.646577,3.442549
0.646521,3.442549
0.646466,3.442549
0.646410,3.442549
0.646355,3.442549
0.646300,3.442739
0.646244,3.442549
0.646189,3.442549
0.646133,3.442739
0.646078,3.442549
0.646023,3.442549
0.645967,3.442739
0.645912,3.442549
0.645856,3.442739
0.645801,3.442549
0.645746,3.442739
0.645690,3.442739
0.645635,3.442739
0.645579,3.442739
0.645524,3.442549
0.645469,3.442549
0.645413,3.442549
0.645358,3.442549
0.645302,3.442549
0.645247,3.442549
0.645192,3.442549
0.645136,3.442739
0.645081,3.442549
0.645025,3.442549
0.644970,3.442549
0.644915,3.442549
0.644859,3.442739
0.644804,3.442549
0.644748,3.442739
0.644693,3.442739
0.644638,3.442739
0.644582,3.442549
0.644527,3.442739
0.644471,3.442739
0.644416,3.442739
0.644361,3.442739
0.644305,3.442549
0.644250,3.442739
0.644195,3.442739
0.644139,3.442739
0.644084,3.442739
0.644028,3.442739
0.643973,3.442549
0.643918,3.442739
0.643862,3.442549
0.643807,3.442549
0.643751,3.442739
0.643696,3.442739
0.643641,3.442549
0.643585,3.442739
0.643530,3.442739
0.643474,3.442739
0.643419,3.442549
0.643364,3.442739
0.643308,3.442549
0.643253,3.442739
0.643197,3.442739
0.643142,3.442549
0.643087,3.442739
0.643031,3.442549
0.642976,3.442739
0.642920,3.442739
0.642865,3.442739
0.642810,3.442549
0.642754,3.442739
0.642699,3.442739
0.642643,3.442739
0.642588,3.442739
0.642533,3.442549
0.642477,3.442739
0.642422,3.442739
0.642366,3.442739
0.642311,3.442739
0.642256,3.442739
0.642200,3.442739
0.642145,3.442739
0.642089,3.442549
0.642034,3.442739
0.641979,3.442739
0.641923,3.442549
0.641868,3.442739
0.641813,3.442739
0.641757,3.442549
0.641702,3.442739
0.641646,3.442739
0.641591,3.442739
0.641536,3.442739
0.641480,3.442739
0.641425,3.442739
0.641369,3.442739
0.641314,3.442739
0.641259,3.442739
0.641203,3.442549
0.641148,3.442549
0.641092,3.442739
0.641037,3.442549
0.640982,3.442739
0.640926,3.442739
0.640871,3.442739
0.640815,3.442739
0.640760,3.442739
0.640705,3.442739
0.640649,3.442739
0.640594,3.442739
0.640538,3.442739
0.640483,3.442739
0.640428,3.442549
0.640372,3.442739
0.640317,3.442739
0.640261,3.442739
0.640206,3.442739
0.640151,3.442739
0.640095,3.442739
0.640040,3.442739
0.639984,3.442739
0.639929,3.442739
0.639874,3.442739
0.639818,3.442739
0.639763,3.442739
0.639707,3.442739
0.639652,3.442739
0.639597,3.442739
0.639541,3.442739
0.639486,3.442549
0.639431,3.442739
0.639375,3.442739
0.639320,3.442549
0.639264,3.442739
0.639209,3.442739
0.639154,3.442739
0.639098,3.442549
0.639043,3.442739
0.638987,3.442739
0.638932,3.442739
0.638877,3.442549
0.638821,3.442739
0.638766,3.442739
0.638710,3.442739
0.638655,3.442739
0.638600,3.442739
0.638544,3.442739
0.638489,3.442739
0.638433,3.442739
0.638378,3.442739
0.638323,3.442739
0.638267,3.442739
0.638212,3.442739
0.638156,3.442739
0.638101,3.442739
0.638046,3.442739
0.637990,3.442739
0.637935,3.442739
0.637879,3.442739
0.637824,3.442549
0.637769,3.442739
0.637713,3.442739
0.637658,3.442739
0.637602,3.442739
0.637547,3.442739
0.637492,3.442739
0.637436,3.442739
0.637381,3.442739
0.637325,3.442739
0.637270,3.442739
0.637215,3.442739
0.637159,3.442739
0.637104,3.442739
0.637049,3.442739
0.636993,3.442739
0.636938,3.442739
0.636882,3.442739
0.636827,3.442739
0.636772,3.442739
0.636716,3.442739
0.636661,3.442739
0.636605,3.442739
0.636550,3.442739
0.636495,3.442739
0.636439,3.442739
0.636384,3.442739
0.636328,3.442739
0.636273,3.442739
0.636218,3.442739
0.636162,3.442739
0.636107,3.442739
0.636051,3.442739
0.635996,3.442739
0.635941,3.442739
0.635885,3.442739
0.635830,3.442739
0.635774,3.442739
0.635719,3.442739
0.635664,3.442739
0.635608,3.442739
0.635553,3.442739
0.635497,3.442549
0.635442,3.442739
0.635387,3.442739
0.635331,3.442739
0.635276,3.442739
0.635220,3.442739
0.635165,3.442739
0.635110,3.442739
0.635054,3.442739
0.634999,3.442549
0.634944,3.442549
0.634888,3.442739
0.634833,3.442739
0.634777,3.442739
0.634722,3.442739
0.634667,3.442739
0.634611,3.442739
0.634556,3.442739
0.634500,3.442739
0.634445,3.442739
0.634390,3.442739
0.634334,3.442739
0.634279,3.442739
0.634223,3.442739
0.634168,3.442739
0.634113,3.442739
0.634057,3.442739
0.634002,3.442739
0.633946,3.442739
0.633891,3.442739
0.633836,3.442739
0.633780,3.442739
0.633725,3.442739
0.633669,3.442739
0.633614,3.442739
0.633559,3.442739
0.633503,3.442739
0.633448,3.442739
0.633392,3.442739
0.633337,3.442739
0.633282,3.442739
0.633226,3.442739
0.633171,3.442739
0.633115,3.442739
0.633060,3.442739
0.633005,3.442739
0.632949,3.442739
0.632894,3.442739
0.632838,3.442739
0.632783,3.442739
0.632728,3.442739
0.632672,3.442739
0.632617,3.442739
0.632562,3.442739
0.632506,3.442739
0.632451,3.442739
0.632395,3.442739
0.632340,3.442739
0.632285,3.442739
0.632229,3.442739
0.632174,3.442739
0.632118,3.442739
0.632063,3.442739
0.632008,3.442739
0.631952,3.442739
0.631897,3.442739
0.631841,3.442739
0.631786,3.442739
0.631731,3.442739
0.631675,3.442739
0.631620,3.442739
0.631564,3.442739
0.631509,3.442739
0.631454,3.442739
0.631398,3.442739
0.631343,3.442739
0.631287,3.442739
0.631232,3.442739
0.631177,3.442739
0.631121,3.442739
0.631066,3.442739
0.631010,3.442739
0.630955,3.442739
0.630900,3.442739
0.630844,3.442739
0.630789,3.442739
0.630733,3.442739
0.630678,3.442739
0.630623,3.442739
0.630567,3.442739
0.630512,3.442739
0.630456,3.442739
0.630401,3.442739
0.630346,3.442739
0.630290,3.442739
0.630235,3.442739
0.630180,3.442739
0.630124,3.442739
0.630069,3.442739
0.630013,3.442739
0.629958,3.442739
0.629903,3.442739
0.629847,3.442739
0.629792,3.442739
0.629736,3.442739
0.629681,3.442739
0.629626,3.442739
0.629570,3.442739
0.629515,3.442739
0.629459,3.442739
0.629404,3.442739
0.629349,3.442739
0.629293,3.442739
0.629238,3.442739
0.629182,3.442739
0.629127,3.442739
0.629072,3.442739
0.629016,3.442739
0.628961,3.442739
0.628905,3.442739
0.628850,3.442739
0.628795,3.442739
0.628739,3.442739
0.628684,3.442739
0.628628,3.442739
0.628573,3.442739
0.628518,3.442739
0.628462,3.442739
0.628407,3.442739
0.628351,3.442739
0.628296,3.442739
0.628241,3.442739
0.628185,3.442739
0.628130,3.442739
0.628074,3.442739
0.628019,3.442739
0.627964,3.442739
0.627908,3.442739
0.627853,3.442739
0.627798,3.442739
0.627742,3.442739
0.627687,3.442739
0.627631,3.442739
0.627576,3.442739
0.627521,3.442739
0.627465,3.442739
0.627410,3.442739
0.627354,3.442739
0.627299,3.442739
0.627244,3.442739
0.627188,3.442739
0.627133,3.442739
0.627077,3.442739
0.627022,3.442739
0.626967,3.442739
0.626911,3.442739
0.626856,3.442739
0.626800,3.442739
0.626745,3.442930
0.626690,3.442739
0.626634,3.442739
0.626579,3.442739
0.626523,3.442739
0.626468,3.442930
0.626413,3.442739
0.626357,3.442739
0.626302,3.442739
0.626246,3.442739
0.626191,3.442739
0.626136,3.442739
0.626080,3.442739
0.626025,3.442739
0.625969,3.442739
0.625914,3.442739
0.625859,3.442739
0.625803,3.442739
0.625748,3.442739
0.625692,3.442930
0.625637,3.442739
0.625582,3.442739
0.625526,3.442739
0.625471,3.442739
0.625416,3.442739
0.625360,3.442739
0.625305,3.442739
0.625249,3.442739
0.625194,3.442739
0.625139,3.442739
0.625083,3.442739
0.625028,3.442739
0.624972,3.442739
0.624917,3.442739
0.624862,3.442739
0.624806,3.442739
0.624751,3.442739
0.624695,3.442739
0.624640,3.442739
0.624585,3.442739
0.624529,3.442739
0.624474,3.442739
0.624418,3.442739
0.624363,3.442739
0.624308,3.442739
0.624252,3.442739
0.624197,3.442739
0.624141,3.442739
0.624086,3.442739
0.624031,3.442739
0.623975,3.442739
0.623920,3.442739
0.623864,3.442739
0.623809,3.442739
0.623754,3.442739
0.623698,3.442739
0.623643,3.442739
0.623587,3.442739
0.623532,3.442739
0.623477,3.442739
0.623421,3.442739
0.623366,3.442739
0.623310,3.442739
0.623255,3.442739
0.623200,3.442739
0.623144,3.442739
0.623089,3.442739
0.623034,3.442739
0.622978,3.442739
0.622923,3.442739
0.622867,3.442739
0.622812,3.442739
0.622757,3.442739
0.622701,3.442930
0.622646,3.442739
0.622590,3.442739
0.622535,3.442739
0.622480,3.442739
0.622424,3.442930
0.622369,3.442739
0.622313,3.442739
0.622258,3.442739
0.622203,3.442739
0.622147,3.442739
0.622092,3.442739
0.622036,3.442739
0.621981,3.442739
0.621926,3.442739
0.621870,3.442930
0.621815,3.442739
0.621759,3.442739
0.621704,3.442930
0.621649,3.442739
0.621593,3.442739
0.621538,3.442739
0.621482,3.442930
0.621427,3.442739
0.621372,3.442739
0.621316,3.442739
0.621261,3.442739
0.621205,3.442739
0.621150,3.442739
0.621095,3.442739
0.621039,3.442739
0.620984,3.442739
0.620928,3.442739
0.620873,3.442930
0.620818,3.442739
0.620762,3.442739
0.620707,3.442739
0.620652,3.442739
0.620596,3.442739
0.620541,3.442739
0.620485,3.442739
0.620430,3.442739
0.620375,3.442739
0.620319,3.442739
0.620264,3.442739
0.620208,3.442739
0.620153,3.442930
0.620098,3.442930
0.620042,3.442739
0.619987,3.442930
0.619931,3.442739
0.619876,3.442739
0.619821,3.442739
0.619765,3.442739
0.619710,3.442739
0.619654,3.442930
0.619599,3.442739
0.619544,3.442739
0.619488,3.442739
0.619433,3.442930
0.619377,3.442739
0.619322,3.442739
0.619267,3.442739
0.619211,3.442930
0.619156,3.442739
0.619100,3.442930
0.619045,3.442739
0.618990,3.442930
0.618934,3.442739
0.618879,3.442930
0.618823,3.442930
0.618768,3.442739
0.618713,3.442739
0.618657,3.442930
0.618602,3.442739
0.618546,3.442739
0.618491,3.442930
0.618436,3.442739
0.618380,3.442739
0.618325,3.442930
0.618270,3.442930
0.618214,3.442739
0.618159,3.442930
0.618103,3.442739
0.618048,3.442739
0.617993,3.442930
0.617937,3.442739
0.617882,3.442739
0.617826,3.442930
0.617771,3.442739
0.617716,3.442739
0.617660,3.442930
0.617605,3.442930
0.617549,3.442739
0.617494,3.442739
0.617439,3.442739
0.617383,3.442930
0.617328,3.442739
0.617272,3.442930
0.617217,3.442930
0.617162,3.442739
0.617106,3.442930
0.617051,3.442930
0.616995,3.442739
0.616940,3.442930
0.616885,3.442739
0.616829,3.442739
0.616774,3.442930
0.616718,3.442739
0.616663,3.442930
0.616608,3.442930
0.616552,3.442739
0.616497,3.442930
0.616441,3.442930
0.616386,3.442930
0.616331,3.442739
0.616275,3.442930
0.616220,3.442739
0.616164,3.442930
0.616109,3.442930
0.616054,3.442739
0.615998,3.442930
0.615943,3.442930
0.615888,3.442930
0.615832,3.442739
0.615777,3.442739
0.615721,3.442930
0.615666,3.442930
0.615611,3.442739
0.615555,3.442930
0.615500,3.442739
0.615444,3.442739
0.615389,3.442739
0.615334,3.442739
0.615278,3.442739
0.615223,3.442930
0.615167,3.442739
0.615112,3.442930
0.615057,3.442739
0.615001,3.442930
0.614946,3.442930
0.614890,3.442930
0.614835,3.442739
0.614780,3.442739
0.614724,3.442739
0.614669,3.442930
0.614613,3.442739
0.614558,3.442930
0.614503,3.442930
0.614447,3.442739
0.614392,3.442739
0.614336,3.442930
0.614281,3.442739
0.614226,3.442739
0.614170,3.442930
0.614115,3.442930
0.614059,3.442930
0.614004,3.442739
0.613949,3.442930
0.613893,3.442930
0.613838,3.442930
0.613782,3.442930
0.613727,3.442930
0.613672,3.442930
0.613616,3.442739
0.613561,3.442930
0.613506,3.442930
0.613450,3.442739
0.613395,3.442930
0.613339,3.442930
0.613284,3.442930
0.613229,3.442930
0.613173,3.442930
0.613118,3.442930
0.613062,3.442930
0.613007,3.442930
0.612952,3.442930
0.612896,3.442930
0.612841,3.442930
0.612785,3.442930
0.612730,3.442930
0.612675,3.442739
0.612619,3.442930
0.612564,3.442930
0.612508,3.442930
0.612453,3.442930
0.612398,3.442930
0.612342,3.442739
0.612287,3.442930
0.612231,3.442739
0.612176,3.442930
0.612121,3.442930
0.612065,3.442930
0.612010,3.442930
0.611954,3.442930
0.611899,3.442930
0.611844,3.442930
0.611788,3.442930
0.611733,3.442930
0.611677,3.442739
0.611622,3.442930
0.611567,3.442930
0.611511,3.442930
0.611456,3.442930
0.611400,3.442930
0.611345,3.442739
0.611290,3.442930
0.611234,3.442930
0.611179,3.442930
0.611124,3.442930
0.611068,3.442930
0.611013,3.442930
0.610957,3.442930
0.610902,3.442739
0.610847,3.442930
0.610791,3.442930
0.610736,3.442930
0.610680,3.442930
0.610625,3.442930
0.610570,3.442930
0.610514,3.442739
0.610459,3.442930
0.610403,3.442930
0.610348,3.442739
0.610293,3.442930
0.610237,3.442930
0.610182,3.442930
0.610126,3.442930
0.610071,3.442930
0.610016,3.442739
0.609960,3.442930
0.609905,3.442930
0.609849,3.442930
0.609794,3.442930
0.609739,3.442930
0.609683,3.442739
0.609628,3.442930
0.609572,3.442930
0.609517,3.442930
0.609462,3.442930
0.609406,3.442930
0.609351,3.442930
0.609295,3.442930
0.609240,3.442930
0.609185,3.442930
0.609129,3.442930
0.609074,3.442930
0.609018,3.442930
0.608963,3.442930
0.608908,3.442930
0.608852,3.442930
0.608797,3.442930
0.608742,3.442930
0.608686,3.442930
0.608631,3.442930
0.608575,3.442930
0.608520,3.442930
0.608465,3.442930
0.608409,3.442930
0.608354,3.442930
0.608298,3.442930
0.608243,3.442930
0.608188,3.442930
0.608132,3.442930
0.608077,3.442739
0.608021,3.442739
0.607966,3.442930
0.607911,3.442930
0.607855,3.442930
0.607800,3.442930
0.607744,3.442930
0.607689,3.442930
0.607634,3.442930
0.607578,3.442930
0.607523,3.442930
0.607467,3.442930
0.607412,3.442930
0.607357,3.442930
0.607301,3.442930
0.607246,3.442930
0.607190,3.442930
0.607135,3.442930
0.607080,3.442930
0.607024,3.442739
0.606969,3.442930
0.606913,3.442930
0.606858,3.442930
0.606803,3.442930
0.606747,3.442739
0.606692,3.442930
0.606636,3.442930
0.606581,3.442930
0.606526,3.442930
0.606470,3.442739
0.606415,3.442930
0.606359,3.442930
0.606304,3.442930
0.606249,3.442930
0.606193,3.442930
0.606138,3.442930
0.606083,3.442739
0.606027,3.442930
0.605972,3.442930
0.605916,3.442930
0.605861,3.442930
0.605806,3.442930
0.605750,3.442930
0.605695,3.442930
0.605639,3.442930
0.605584,3.442930
0.605529,3.442930
0.605473,3.442930
0.605418,3.442930
0.605362,3.442930
0.605307,3.442930
0.605252,3.442930
0.605196,3.442930
0.605141,3.442930
0.605085,3.442930
0.605030,3.442930
0.604975,3.442930
0.604919,3.442930
0.604864,3.442930
0.604808,3.442930
0.604753,3.442930
0.604698,3.442930
0.604642,3.442930
0.604587,3.442930
0.604531,3.442930
0.604476,3.442930
0.604421,3.442930
0.604365,3.442930
0.604310,3.442930
0.604254,3.442930
0.604199,3.442930
0.604144,3.442739
0.604088,3.442930
0.604033,3.442930
0.603977,3.442930
0.603922,3.442930
0.603867,3.442930
0.603811,3.442930
0.603756,3.442930
0.603701,3.442930
0.603645,3.442930
0.603590,3.442930
0.603534,3.442930
0.603479,3.442930
0.603424,3.442930
0.603368,3.442930
0.603313,3.442930
0.603257,3.442930
0.603202,3.442930
0.603147,3.442930
0.603091,3.442930
0.603036,3.442930
0.602980,3.442930
0.602925,3.442739
0.602870,3.442930
0.602814,3.442930
0.602759,3.442930
0.602703,3.442930
0.602648,3.442930
0.602593,3.442930
0.602537,3.442930
0.602482,3.442930
0.602426,3.442930
0.602371,3.442930
0.602316,3.442930
0.602260,3.442930
0.602205,3.442930
0.602149,3.442930
0.602094,3.442930
0.602039,3.442930
0.601983,3.442930
0.601928,3.442930
0.601872,3.442930
0.601817,3.442930
0.601762,3.442930
0.601706,3.442930
0.601651,3.442930
0.601595,3.442930
0.601540,3.442930
0.601485,3.442930
0.601429,3.442930
0.601374,3.442930
0.601319,3.442930
0.601263,3.442930
0.601208,3.442930
0.601152,3.442930
0.601097,3.442930
0.601042,3.442930
0.600986,3.442930
0.600931,3.442930
0.600875,3.442930
0.600820,3.442930
0.600765,3.442930
0.600709,3.442930
0.600654,3.442930
0.600598,3.442930
0.600543,3.442930
0.600488,3.442930
0.600432,3.442930
0.600377,3.442930
0.600321,3.442930
0.600266,3.442930
0.600211,3.442930
0.600155,3.442930
0.600100,3.442930
0.600044,3.442930
0.599989,3.442930
0.599934,3.442930
0.599878,3.442930
0.599823,3.442930
0.599767,3.442930
0.599712,3.442930
0.599657,3.442930
0.599601,3.442930
0.599546,3.442930
0.599490,3.442930
0.599435,3.442930
0.599380,3.442930
0.599324,3.442930
0.599269,3.442930
0.599213,3.442930
0.599158,3.442930
0.599103,3.442930
0.599047,3.442930
0.598992,3.442930
0.598937,3.442930
0.598881,3.442930
0.598826,3.442930
0.598770,3.442930
0.598715,3.442930
0.598660,3.442930
0.598604,3.442930
0.598549,3.442930
0.598493,3.442930
0.598438,3.442930
0.598383,3.442930
0.598327,3.442930
0.598272,3.442930
0.598216,3.442930
0.598161,3.442930
0.598106,3.442930
0.598050,3.442930
0.597995,3.442930
0.597939,3.442930
0.597884,3.442930
0.597829,3.442930
0.597773,3.442930
0.597718,3.442930
0.597662,3.442930
0.597607,3.442930
0.597552,3.442930
0.597496,3.442930
0.597441,3.442930
0.597385,3.442930
0.597330,3.442930
0.597275,3.442930
0.597219,3.442930
0.597164,3.442930
0.597108,3.442930
0.597053,3.442930
0.596998,3.442930
0.596942,3.442930
0.596887,3.442930
0.596831,3.442930
0.596776,3.442930
0.596721,3.442930
0.596665,3.442930
0.596610,3.442930
0.596555,3.442930
0.596499,3.442930
0.596444,3.442930
0.596388,3.442930
0.596333,3.442930
0.596278,3.442930
0.596222,3.442930
0.596167,3.442930
0.596111,3.442930
0.596056,3.442930
0.596001,3.442930
0.595945,3.442930
0.595890,3.442930
0.595834,3.442930
0.595779,3.442930
0.595724,3.442930
0.595668,3.442930
0.595613,3.442930
0.595557,3.442930
0.595502,3.442930
0.595447,3.442930
0.595391,3.442930
0.595336,3.442930
0.595280,3.442930
0.595225,3.442930
0.595170,3.442930
0.595114,3.442930
0.595059,3.442930
0.595003,3.442930
0.594948,3.442930
0.594893,3.442930
0.594837,3.442930
0.594782,3.442930
0.594726,3.442930
0.594671,3.442930
0.594616,3.442930
0.594560,3.442930
0.594505,3.442930
0.594449,3.442930
0.594394,3.442930
0.594339,3.442930
0.594283,3.442930
0.594228,3.442930
0.594173,3.442930
0.594117,3.442930
0.594062,3.442930
0.594006,3.442930
0.593951,3.442930
0.593896,3.442930
0.593840,3.442930
0.593785,3.442930
0.593729,3.442930
0.593674,3.442930
0.593619,3.442930
0.593563,3.442930
0.593508,3.442930
0.593452,3.442930
0.593397,3.442930
0.593342,3.442930
0.593286,3.442930
0.593231,3.442930
0.593175,3.443121
0.593120,3.443121
0.593065,3.442930
0.593009,3.442930
0.592954,3.442930
0.592898,3.442930
0.592843,3.442930
0.592788,3.442930
0.592732,3.442930
0.592677,3.443121
0.592621,3.443121
0.592566,3.442930
0.592511,3.442930
0.592455,3.442930
0.592400,3.442930
0.592344,3.442930
0.592289,3.442930
0.592234,3.442930
0.592178,3.442930
0.592123,3.442930
0.592067,3.442930
0.592012,3.442930
0.591957,3.442930
0.591901,3.442930
0.591846,3.443121
0.591791,3.443121
0.591735,3.443121
0.591680,3.442930
0.591624,3.442930
0.591569,3.442930
0.591514,3.443121
0.591458,3.442930
0.591403,3.442930
0.591347,3.443121
0.591292,3.442930
0.591237,3.442930
0.591181,3.442930
0.591126,3.442930
0.591070,3.443121
0.591015,3.442930
0.590960,3.442930
0.590904,3.442930
0.590849,3.442930
0.590793,3.442930
0.590738,3.442930
0.590683,3.442930
0.590627,3.442930
0.590572,3.442930
0.590516,3.442930
0.590461,3.442930
0.590406,3.442930
0.590350,3.443121
0.590295,3.442930
0.590239,3.442930
0.590184,3.442930
0.590129,3.443121
0.590073,3.442930
0.590018,3.442930
0.589962,3.442930
0.589907,3.442930
0.589852,3.442930
0.589796,3.442930
0.589741,3.443121
0.589685,3.442930
0.589630,3.442930
0.589575,3.442930
0.589519,3.442930
0.589464,3.442930
0.589409,3.443121
0.589353,3.442930
0.589298,3.443121
0.589242,3.442930
0.589187,3.442930
0.589132,3.442930
0.589076,3.442930
0.589021,3.442930
0.588965,3.442930
0.588910,3.442930
0.588855,3.443121
0.588799,3.442930
0.588744,3.443121
0.588688,3.443121
0.588633,3.442930
0.588578,3.442930
0.588522,3.442930
0.588467,3.442930
0.588411,3.442930
0.588356,3.442930
0.588301,3.443121
0.588245,3.443121
0.588190,3.442930
0.588134,3.443121
0.588079,3.442930
0.588024,3.442930
0.587968,3.442930
0.587913,3.442930
0.587857,3.443121
0.587802,3.443121
0.587747,3.442930
0.587691,3.442930
0.587636,3.442930
0.587580,3.443121
0.587525,3.442930
0.587470,3.442930
0.587414,3.442930
0.587359,3.443121
0.587303,3.442930
0.587248,3.442930
0.587193,3.443121
0.587137,3.443121
0.587082,3.443121
0.587027,3.442930
0.586971,3.442930
0.586916,3.442930
0.586860,3.443121
0.586805,3.442930
0.586750,3.442930
0.586694,3.443121
0.586639,3.443121
0.586583,3.442930
0.586528,3.443121
0.586473,3.442930
0.586417,3.442930
0.586362,3.443121
0.586306,3.443121
0.586251,3.442930
0.586196,3.442930
0.586140,3.442930
0.586085,3.443121
0.586029,3.443121
0.585974,3.442930
0.585919,3.442930
0.585863,3.443121
0.585808,3.442930
0.585752,3.443121
0.585697,3.443121
0.585642,3.442930
0.585586,3.443121
0.585531,3.443121
0.585475,3.442930
0.585420,3.443121
0.585365,3.443121
0.585309,3.443121
0.585254,3.443121
0.585198,3.443121
0.585143,3.443121
0.585088,3.443121
0.585032,3.443121
0.584977,3.443121
0.584921,3.443121
0.584866,3.443121
0.584811,3.442930
0.584755,3.443121
0.584700,3.442930
0.584644,3.442930
0.584589,3.443121
0.584534,3.443121
0.584478,3.442930
0.584423,3.442930
0.584368,3.442930
0.584312,3.443121
0.584257,3.442930
0.584201,3.443121
0.584146,3.443121
0.584091,3.443121
0.584035,3.442930
0.583980,3.442930
0.583924,3.443121
0.583869,3.442930
0.583814,3.442930
0.583758,3.443121
0.583703,3.443121
0.583647,3.443121
0.583592,3.442930
0.583537,3.443121
0.583481,3.443121
0.583426,3.443121
0.583370,3.443121
0.583315,3.443121
0.583260,3.442930
0.583204,3.442930
0.583149,3.443121
0.583093,3.443121
0.583038,3.443121
0.582983,3.443121
0.582927,3.442930
0.582872,3.443121
0.582816,3.442930
0.582761,3.443121
0.582706,3.443121
0.582650,3.443121
0.582595,3.443121
0.582539,3.443121
0.582484,3.443121
0.582429,3.443121
0.582373,3.443121
0.582318,3.442930
0.582262,3.443121
0.582207,3.443121
0.582152,3.443121
0.582096,3.442930
0.582041,3.443121
0.581986,3.443121
0.581930,3.443121
0.581875,3.443121
0.581819,3.443121
0.581764,3.443121
0.581709,3.443121
0.581653,3.442930
0.581598,3.443121
0.581542,3.443121
0.581487,3.443121
0.581432,3.443121
0.581376,3.443121
0.581321,3.442930
0.581265,3.443121
0.581210,3.443121
0.581155,3.443121
0.581099,3.442930
0.581044,3.443121
0.580988,3.442930
0.580933,3.443121
0.580878,3.443121
0.580822,3.443121
0.580767,3.443121
0.580711,3.443121
0.580656,3.443121
0.580601,3.443121
0.580545,3.443121
0.580490,3.442930
0.580434,3.443121
0.580379,3.443121
0.580324,3.442930
0.580268,3.443121
0.580213,3.443121
0.580157,3.443121
0.580102,3.443121
0.580047,3.443121
0.579991,3.443121
0.579936,3.443121
0.579881,3.443121
0.579825,3.443121
0.579770,3.443121
0.579714,3.443121
0.579659,3.443121
0.579604,3.443121
0.579548,3.443121
0.579493,3.443121
0.579437,3.443121
0.579382,3.443121
0.579327,3.443121
0.579271,3.443121
0.579216,3.442930
0.579160,3.443121
0.579105,3.443121
0.579050,3.443121
0.578994,3.443121
0.578939,3.443121
0.578883,3.442930
0.578828,3.443121
0.578773,3.443121
0.578717,3.443121
0.578662,3.443121
0.578606,3.443121
0.578551,3.443121
0.578496,3.443121
0.578440,3.443121
0.578385,3.443121
0.578329,3.443121
0.578274,3.443121
0.578219,3.443121
0.578163,3.443121
0.578108,3.443121
0.578052,3.443121
0.577997,3.443121
0.577942,3.443121
0.577886,3.443121
0.577831,3.443121
0.577775,3.443121
0.577720,3.443121
0.577665,3.443121
0.577609,3.443121
0.577554,3.443121
0.577499,3.443121
0.577443,3.443121
0.577388,3.443121
0.577332,3.443121
0.577277,3.443121
0.577222,3.443121
0.577166,3.443121
0.577111,3.443121
0.577055,3.443121
0.577000,3.443121
0.576945,3.443121
0.576889,3.443121
0.576834,3.443121
0.576778,3.443121
0.576723,3.443121
0.576668,3.443121
0.576612,3.443121
0.576557,3.443121
0.576501,3.443121
0.576446,3.443121
0.576391,3.443121
0.576335,3.443121
0.576280,3.443121
0.576224,3.443121
0.576169,3.443121
0.576114,3.443121
0.576058,3.443121
0.576003,3.443121
0.575947,3.443121
0.575892,3.443121
0.575837,3.443121
0.575781,3.443121
0.575726,3.443121
0.575670,3.443121
0.575615,3.443121
0.575560,3.443121
0.575504,3.443121
0.575449,3.443121
0.575393,3.443121
0.575338,3.443121
0.575283,3.443121
0.575227,3.443121
0.575172,3.443121
0.575117,3.443121
0.575061,3.443121
0.575006,3.443121
0.574950,3.443121
0.574895,3.443121
0.574840,3.443121
0.574784,3.443121
0.574729,3.443121
0.574673,3.443121
0.574618,3.443121
0.574563,3.443121
0.574507,3.443121
0.574452,3.443121
0.574396,3.443121
0.574341,3.443121
0.574286,3.443121
0.574230,3.443121
0.574175,3.443121
0.574119,3.443121
0.574064,3.443121
0.574009,3.443121
0.573953,3.443121
0.573898,3.443121
0.573842,3.443121
0.573787,3.443121
0.573732,3.443121
0.573676,3.443121
0.573621,3.443121
0.573565,3.443121
0.573510,3.443121
0.573455,3.443121
0.573399,3.443121
0.573344,3.443121
0.573288,3.443121
0.573233,3.443121
0.573178,3.443121
0.573122,3.443121
0.573067,3.443121
0.573011,3.443121
0.572956,3.443121
0.572901,3.443121
0.572845,3.443121
0.572790,3.443121
0.572735,3.443121
0.572679,3.443121
0.572624,3.443121
0.572568,3.443121
0.572513,3.443121
0.572458,3.443121
0.572402,3.443121
0.572347,3.443121
0.572291,3.443121
0.572236,3.443121
0.572181,3.443121
0.572125,3.443121
0.572070,3.443121
0.572014,3.443121
0.571959,3.443121
0.571904,3.443121
0.571848,3.443121
0.571793,3.443121
0.571737,3.443121
0.571682,3.443121
0.571627,3.443121
0.571571,3.443121
0.571516,3.443121
0.571460,3.443121
0.571405,3.443121
0.571350,3.443121
0.571294,3.443121
0.571239,3.443121
0.571183,3.443121
0.571128,3.443121
0.571073,3.443121
0.571017,3.443121
0.570962,3.443121
0.570906,3.443121
0.570851,3.443121
0.570796,3.443121
0.570740,3.443121
0.570685,3.443121
0.570629,3.443121
0.570574,3.443121
0.570519,3.443121
0.570463,3.443121
0.570408,3.443121
0.570353,3.443121
0.570297,3.443121
0.570242,3.443121
0.570186,3.443121
0.570131,3.443121
0.570076,3.443121
0.570020,3.443121
0.569965,3.443121
0.569909,3.443121
0.569854,3.443121
0.569799,3.443121
0.569743,3.443121
0.569688,3.443121
0.569632,3.443121
0.569577,3.443121
0.569522,3.443121
0.569466,3.443121
0.569411,3.443121
0.569355,3.443121
0.569300,3.443121
0.569245,3.443121
0.569189,3.443121
0.569134,3.443121
0.569078,3.443121
0.569023,3.443121
0.568968,3.443311
0.568912,3.443121
0.568857,3.443121
0.568801,3.443121
0.568746,3.443121
0.568691,3.443121
0.568635,3.443121
0.568580,3.443121
0.568524,3.443121
0.568469,3.443121
0.568414,3.443121
0.568358,3.443121
0.568303,3.443121
0.568247,3.443121
0.568192,3.443121
0.568137,3.443121
0.568081,3.443121
0.568026,3.443121
0.567971,3.443121
0.567915,3.443121
0.567860,3.443121
0.567804,3.443121
0.567749,3.443121
0.567694,3.443121
0.567638,3.443121
0.567583,3.443121
0.567527,3.443121
0.567472,3.443121
0.567417,3.443121
0.567361,3.443121
0.567306,3.443121
0.567250,3.443121
0.567195,3.443121
0.567140,3.443121
0.567084,3.443121
0.567029,3.443121
0.566973,3.443121
0.566918,3.443121
0.566863,3.443121
0.566807,3.443121
0.566752,3.443121
0.566696,3.443121
0.566641,3.443121
0.566586,3.443121
0.566530,3.443121
0.566475,3.443121
0.566419,3.443311
0.566364,3.443121
0.566309,3.443121
0.566253,3.443121
0.566198,3.443121
0.566142,3.443311
0.566087,3.443121
0.566032,3.443121
0.565976,3.443121
0.565921,3.443311
0.565865,3.443121
0.565810,3.443121
0.565755,3.443121
0.565699,3.443121
0.565644,3.443311
0.565589,3.443121
0.565533,3.443121
0.565478,3.443121
0.565422,3.443121
0.565367,3.443121
0.565312,3.443121
0.565256,3.443121
0.565201,3.443311
0.565145,3.443121
0.565090,3.443121
0.565035,3.443121
0.564979,3.443121
0.564924,3.443121
0.564868,3.443121
0.564813,3.443121
0.564758,3.443121
0.564702,3.443121
0.564647,3.443121
0.564591,3.443311
0.564536,3.443121
0.564481,3.443311
0.564425,3.443311
0.564370,3.443121
0.564314,3.443121
0.564259,3.443121
0.564204,3.443121
0.564148,3.443121
0.564093,3.443121
0.564037,3.443121
0.563982,3.443121
0.563927,3.443121
0.563871,3.443121
0.563816,3.443121
0.563760,3.443121
0.563705,3.443121
0.563650,3.443121
0.563594,3.443121
0.563539,3.443121
0.563483,3.443121
0.563428,3.443121
0.563373,3.443121
0.563317,3.443121
0.563262,3.443121
0.563207,3.443121
0.563151,3.443311
0.563096,3.443311
0.563040,3.443311
0.562985,3.443121
0.562930,3.443121
0.562874,3.443311
0.562819,3.443121
0.562763,3.443311
0.562708,3.443311
0.562653,3.443311
0.562597,3.443311
0.562542,3.443311
0.562486,3.443121
0.562431,3.443311
0.562376,3.443311
0.562320,3.443121
0.562265,3.443311
0.562209,3.443311
0.562154,3.443121
0.562099,3.443311
0.562043,3.443121
0.561988,3.443311
0.561932,3.443311
0.561877,3.443311
0.561822,3.443121
0.561766,3.443311
0.561711,3.443311
0.561655,3.443311
0.561600,3.443121
0.561545,3.443121
0.561489,3.443311
0.561434,3.443121
0.561378,3.443311
0.561323,3.443311
0.561268,3.443121
0.561212,3.443121
0.561157,3.443311
0.561101,3.443311
0.561046,3.443311
0.560991,3.443121
0.560935,3.443121
0.560880,3.443311
0.560825,3.443121
0.560769,3.443121
0.560714,3.443311
0.560658,3.443311
0.560603,3.443311
0.560548,3.443311
0.560492,3.443311
0.560437,3.443311
0.560381,3.443311
0.560326,3.443311
0.560271,3.443121
0.560215,3.443311
0.560160,3.443311
0.560104,3.443311
0.560049,3.443121
0.559994,3.443311
0.559938,3.443311
0.559883,3.443121
0.559827,3.443311
0.559772,3.443311
0.559717,3.443311
0.559661,3.443121
0.559606,3.443311
0.559550,3.443311
0.559495,3.443311
0.559440,3.443311
0.559384,3.443311
0.559329,3.443311
0.559273,3.443311
0.559218,3.443121
0.559163,3.443311
0.559107,3.443311
0.559052,3.443121
0.558996,3.443311
0.558941,3.443311
0.558886,3.443121
0.558830,3.443121
0.558775,3.443311
0.558719,3.443311
0.558664,3.443311
0.558609,3.443311
0.558553,3.443311
0.558498,3.443311
0.558443,3.443121
0.558387,3.443311
0.558332,3.443311
0.558276,3.443311
0.558221,3.443311
0.558166,3.443311
0.558110,3.443311
0.558055,3.443311
0.557999,3.443311
0.557944,3.443311
0.557889,3.443311
0.557833,3.443311
0.557778,3.443311
0.557722,3.443311
0.557667,3.443121
0.557612,3.443311
0.557556,3.443311
0.557501,3.443311
0.557445,3.443311
0.557390,3.443311
0.557335,3.443311
0.557279,3.443311
0.557224,3.443311
0.557168,3.443311
0.557113,3.443311
0.557058,3.443121
0.557002,3.443311
0.556947,3.443121
0.556891,3.443311
0.556836,3.443311
0.556781,3.443311
0.556725,3.443311
0.556670,3.443311
0.556614,3.443311
0.556559,3.443121
0.556504,3.443121
0.556448,3.443311
0.556393,3.443311
0.556337,3.443311
0.556282,3.443311
0.556227,3.443311
0.556171,3.443311
0.556116,3.443311
0.556061,3.443311
0.556005,3.443311
0.555950,3.443311
0.555894,3.443311
0.555839,3.443311
0.555784,3.443311
0.555728,3.443311
0.555673,3.443311
0.555617,3.443311
0.555562,3.443311
0.555507,3.443311
0.555451,3.443311
0.555396,3.443311
0.555340,3.443311
0.555285,3.443311
0.555230,3.443311
0.555174,3.443311
0.555119,3.443311
0.555063,3.443311
0.555008,3.443311
0.554953,3.443311
0.554897,3.443311
0.554842,3.443121
0.554786,3.443311
0.554731,3.443311
0.554676,3.443311
0.554620,3.443311
0.554565,3.443311
0.554509,3.443311
0.554454,3.443311
0.554399,3.443311
0.554343,3.443311
0.554288,3.443311
0.554232,3.443311
0.554177,3.443311
0.554122,3.443311
0.554066,3.443311
0.554011,3.443311
0.553955,3.443311
0.553900,3.443311
0.553845,3.443311
0.553789,3.443311
0.553734,3.443311
0.553679,3.443311
0.553623,3.443311
0.553568,3.443311
0.553512,3.443311
0.553457,3.443311
0.553402,3.443311
0.553346,3.443121
0.553291,3.443311
0.553235,3.443311
0.553180,3.443311
0.553125,3.443311
0.553069,3.443311
0.553014,3.443311
0.552958,3.443311
0.552903,3.443311
0.552848,3.443311
0.552792,3.443311
0.552737,3.443311
0.552681,3.443311
0.552626,3.443311
0.552571,3.443311
0.552515,3.443311
0.552460,3.443311
0.552404,3.443311
0.552349,3.443311
0.552294,3.443311
0.552238,3.443311
0.552183,3.443311
0.552127,3.443311
0.552072,3.443311
0.552017,3.443311
0.551961,3.443311
0.551906,3.443311
0.551850,3.443311
0.551795,3.443311
0.551740,3.443311
0.551684,3.443311
0.551629,3.443311
0.551573,3.443311
0.551518,3.443311
0.551463,3.443311
0.551407,3.443311
0.551352,3.443311
0.551297,3.443311
0.551241,3.443311
0.551186,3.443311
0.551130,3.443311
0.551075,3.443311
0.551020,3.443311
0.550964,3.443311
0.550909,3.443311
0.550853,3.443311
0.550798,3.443311
0.550743,3.443311
0.550687,3.443311
0.550632,3.443311
0.550576,3.443311
0.550521,3.443311
0.550466,3.443311
0.550410,3.443311
0.550355,3.443311
0.550299,3.443311
0.550244,3.443311
0.550189,3.443311
0.550133,3.443311
0.550078,3.443311
0.550022,3.443311
0.549967,3.443311
0.549912,3.443311
0.549856,3.443311
0.549801,3.443311
0.549745,3.443311
0.549690,3.443311
0.549635,3.443311
0.549579,3.443311
0.549524,3.443311
0.549468,3.443311
0.549413,3.443311
0.549358,3.443311
0.549302,3.443311
0.549247,3.443311
0.549191,3.443311
0.549136,3.443311
0.549081,3.443311
0.549025,3.443311
0.548970,3.443311
0.548914,3.443311
0.548859,3.443311
0.548804,3.443311
0.548748,3.443311
0.548693,3.443311
0.548638,3.443311
0.548582,3.443311
0.548527,3.443311
0.548471,3.443311
0.548416,3.443311
0.548361,3.443311
0.548305,3.443311
0.548250,3.443311
0.548194,3.443311
0.548139,3.443311
0.548084,3.443311
0.548028,3.443311
0.547973,3.443311
0.547917,3.443311
0.547862,3.443311
0.547807,3.443311
0.547751,3.443311
0.547696,3.443311
0.547640,3.443311
0.547585,3.443311
0.547530,3.443311
0.547474,3.443311
0.547419,3.443311
0.547363,3.443311
0.547308,3.443311
0.547253,3.443311
0.547197,3.443311
0.547142,3.443311
0.547086,3.443311
0.547031,3.443311
0.546976,3.443311
0.546920,3.443311
0.546865,3.443311
0.546809,3.443311
0.546754,3.443311
0.546699,3.443311
0.546643,3.443311
0.546588,3.443311
0.546532,3.443311
0.546477,3.443311
0.546422,3.443311
0.546366,3.443311
0.546311,3.443311
0.546256,3.443311
0.546200,3.443311
0.546145,3.443311
0.546089,3.443311
0.546034,3.443311
0.545979,3.443311
0.545923,3.443311
0.545868,3.443311
0.545812,3.443311
0.545757,3.443311
0.545702,3.443311
0.545646,3.443311
0.545591,3.443311
0.545535,3.443311
0.545480,3.443311
0.545425,3.443311
0.545369,3.443311
0.545314,3.443311
0.545258,3.443311
0.545203,3.443311
0.545148,3.443311
0.545092,3.443311
0.545037,3.443311
0.544981,3.443311
0.544926,3.443311
0.544871,3.443311
0.544815,3.443311
0.544760,3.443311
0.544704,3.443311
0.544649,3.443311
0.544594,3.443311
0.544538,3.443311
0.544483,3.443311
0.544427,3.443311
0.544372,3.443311
0.544317,3.443311
0.544261,3.443311
0.544206,3.443311
0.544150,3.443311
0.544095,3.443311
0.544040,3.443311
0.543984,3.443311
0.543929,3.443311
0.543874,3.443311
0.543818,3.443311
0.543763,3.443311
0.543707,3.443311
0.543652,3.443311
0.543597,3.443311
0.543541,3.443502
0.543486,3.443311
0.543430,3.443311
0.543375,3.443502
0.543320,3.443311
0.543264,3.443311
0.543209,3.443311
0.543153,3.443311
0.543098,3.443311
0.543043,3.443311
0.542987,3.443311
0.542932,3.443311
0.542876,3.443311
0.542821,3.443311
0.542766,3.443311
0.542710,3.443311
0.542655,3.443311
0.542599,3.443311
0.542544,3.443311
0.542489,3.443311
0.542433,3.443502
0.542378,3.443311
0.542322,3.443311
0.542267,3.443502
0.542212,3.443311
0.542156,3.443502
0.542101,3.443311
0.542045,3.443502
0.541990,3.443311
0.541935,3.443311
0.541879,3.443311
0.541824,3.443311
0.541768,3.443311
0.541713,3.443311
0.541658,3.443311
0.541602,3.443311
0.541547,3.443311
0.541492,3.443311
0.541436,3.443502
0.541381,3.443502
0.541325,3.443502
0.541270,3.443502
0.541215,3.443502
0.541159,3.443311
0.541104,3.443311
0.541048,3.443311
0.540993,3.443311
0.540938,3.443311
0.540882,3.443311
0.540827,3.443311
0.540771,3.443502
0.540716,3.443311
0.540661,3.443311
0.540605,3.443311
0.540550,3.443311
0.540494,3.443311
0.540439,3.443311
0.540384,3.443311
0.540328,3.443311
0.540273,3.443311
0.540217,3.443311
0.540162,3.443311
0.540107,3.443311
0.540051,3.443311
0.539996,3.443311
0.539940,3.443311
0.539885,3.443311
0.539830,3.443311
0.539774,3.443311
0.539719,3.443311
0.539663,3.443502
0.539608,3.443311
0.539553,3.443311
0.539497,3.443311
0.539442,3.443311
0.539386,3.443311
0.539331,3.443502
0.539276,3.443311
0.539220,3.443502
0.539165,3.443311
0.539110,3.443502
0.539054,3.443311
0.538999,3.443311
0.538943,3.443311
0.538888,3.443311
0.538833,3.443311
0.538777,3.443311
0.538722,3.443502
0.538666,3.443311
0.538611,3.443311
0.538556,3.443502
0.538500,3.443502
0.538445,3.443311
0.538389,3.443311
0.538334,3.443502
0.538279,3.443502
0.538223,3.443502
0.538168,3.443311
0.538112,3.443502
0.538057,3.443311
0.538002,3.443502
0.537946,3.443311
0.537891,3.443311
0.537835,3.443311
0.537780,3.443311
0.537725,3.443311
0.537669,3.443502
0.537614,3.443311
0.537558,3.443311
0.537503,3.443311
0.537448,3.443311
0.537392,3.443311
0.537337,3.443311
0.537281,3.443311
0.537226,3.443502
0.537171,3.443502
0.537115,3.443502
0.537060,3.443311
0.537004,3.443311
0.536949,3.443311
0.536894,3.443502
0.536838,3.443502
0.536783,3.443502
0.536728,3.443311
0.536672,3.443311
0.536617,3.443502
0.536561,3.443311
0.536506,3.443502
0.536451,3.443311
0.536395,3.443502
0.536340,3.443311
0.536284,3.443311
0.536229,3.443311
0.536174,3.443502
0.536118,3.443311
0.536063,3.443502
0.536007,3.443502
0.535952,3.443311
0.535897,3.443311
0.535841,3.443502
0.535786,3.443502
0.535730,3.443502
0.535675,3.443311
0.535620,3.443311
0.535564,3.443502
0.535509,3.443502
0.535453,3.443311
0.535398,3.443311
0.535343,3.443311
0.535287,3.443502
0.535232,3.443502
0.535176,3.443502
0.535121,3.443502
0.535066,3.443502
0.535010,3.443502
0.534955,3.443502
0.534899,3.443502
0.534844,3.443502
0.534789,3.443311
0.534733,3.443311
0.534678,3.443311
0.534622,3.443502
0.534567,3.443311
0.534512,3.443502
0.534456,3.443502
0.534401,3.443502
0.534346,3.443502
0.534290,3.443502
0.534235,3.443502
0.534179,3.443311
0.534124,3.443502
0.534069,3.443311
0.534013,3.443502
0.533958,3.443502
0.533902,3.443502
0.533847,3.443502
0.533792,3.443311
0.533736,3.443502
0.533681,3.443502
0.533625,3.443502
0.533570,3.443311
0.533515,3.443502
0.533459,3.443502
0.533404,3.443502
0.533348,3.443502
0.533293,3.443502
0.533238,3.443502
0.533182,3.443502
0.533127,3.443502
0.533071,3.443502
0.533016,3.443502
0.532961,3.443311
0.532905,3.443311
0.532850,3.443502
0.532794,3.443502
0.532739,3.443502
0.532684,3.443502
0.532628,3.443502
0.532573,3.443311
0.532517,3.443502
0.532462,3.443502
0.532407,3.443502
0.532351,3.443502
0.532296,3.443502
0.532240,3.443502
0.532185,3.443311
0.532130,3.443502
0.532074,3.443502
0.532019,3.443502
0.531963,3.443502
0.531908,3.443502
0.531853,3.443502
0.531797,3.443502
0.531742,3.443502
0.531687,3.443502
0.531631,3.443502
0.531576,3.443502
0.531520,3.443502
0.531465,3.443502
0.531410,3.443502
0.531354,3.443502
0.531299,3.443502
0.531243,3.443502
0.531188,3.443311
0.531133,3.443502
0.531077,3.443311
0.531022,3.443502
0.530966,3.443502
0.530911,3.443502
0.530856,3.443502
0.530800,3.443502
0.530745,3.443502
0.530689,3.443502
0.530634,3.443502
0.530579,3.443502
0.530523,3.443502
0.530468,3.443502
0.530412,3.443502
0.530357,3.443502
0.530302,3.443502
0.530246,3.443502
0.530191,3.443502
0.530135,3.443502
0.530080,3.443502
0.530025,3.443502
0.529969,3.443502
0.529914,3.443502
0.529858,3.443502
0.529803,3.443502
0.529748,3.443502
0.529692,3.443311
0.529637,3.443502
0.529581,3.443502
0.529526,3.443502
0.529471,3.443502
0.529415,3.443502
0.529360,3.443502
0.529305,3.443502
0.529249,3.443502
0.529194,3.443502
0.529138,3.443311
0.529083,3.443502
0.529028,3.443502
0.528972,3.443502
0.528917,3.443502
0.528861,3.443502
0.528806,3.443502
0.528751,3.443502
0.528695,3.443502
0.528640,3.443502
0.528584,3.443502
0.528529,3.443502
0.528474,3.443502
0.528418,3.443502
0.528363,3.443502
0.528307,3.443502
0.528252,3.443502
0.528197,3.443502
0.528141,3.443502
0.528086,3.443502
0.528030,3.443502
0.527975,3.443502
0.527920,3.443502
0.527864,3.443502
0.527809,3.443502
0.527753,3.443502
0.527698,3.443502
0.527643,3.443502
0.527587,3.443502
0.527532,3.443502
0.527476,3.443502
0.527421,3.443502
0.527366,3.443502
0.527310,3.443502
0.527255,3.443502
0.527199,3.443502
0.527144,3.443502
0.527089,3.443502
0.527033,3.443502
0.526978,3.443502
0.526923,3.443502
0.526867,3.443502
0.526812,3.443502
0.526756,3.443502
0.526701,3.443502
0.526646,3.443502
0.526590,3.443502
0.526535,3.443502
0.526479,3.443502
0.526424,3.443502
0.526369,3.443502
0.526313,3.443502
0.526258,3.443502
0.526202,3.443502
0.526147,3.443502
0.526092,3.443502
0.526036,3.443502
0.525981,3.443502
0.525925,3.443502
0.525870,3.443502
0.525815,3.443502
0.525759,3.443502
0.525704,3.443502
0.525648,3.443502
0.525593,3.443502
0.525538,3.443502
0.525482,3.443502
0.525427,3.443502
0.525371,3.443502
0.525316,3.443502
0.525261,3.443502
0.525205,3.443502
0.525150,3.443502
0.525094,3.443502
0.525039,3.443502
0.524984,3.443502
0.524928,3.443502
0.524873,3.443502
0.524817,3.443502
0.524762,3.443502
0.524707,3.443502
0.524651,3.443502
0.524596,3.443502
0.524541,3.443502
0.524485,3.443502
0.524430,3.443502
0.524374,3.443502
0.524319,3.443502
0.524264,3.443502
0.524208,3.443502
0.524153,3.443502
0.524097,3.443502
0.524042,3.443502
0.523987,3.443502
0.523931,3.443502
0.523876,3.443502
0.523820,3.443502
0.523765,3.443502
0.523710,3.443502
0.523654,3.443502
0.523599,3.443502
0.523543,3.443502
0.523488,3.443502
0.523433,3.443502
0.523377,3.443502
0.523322,3.443502
0.523266,3.443502
0.523211,3.443502
0.523156,3.443502
0.523100,3.443502
0.523045,3.443502
0.522989,3.443502
0.522934,3.443502
0.522879,3.443502
0.522823,3.443502
0.522768,3.443502
0.522712,3.443502
0.522657,3.443502
0.522602,3.443502
0.522546,3.443502
0.522491,3.443502
0.522436,3.443502
0.522380,3.443502
0.522325,3.443502
0.522269,3.443502
0.522214,3.443502
0.522159,3.443502
0.522103,3.443502
0.522048,3.443502
0.521992,3.443502
0.521937,3.443502
0.521882,3.443502
0.521826,3.443502
0.521771,3.443502
0.521715,3.443502
0.521660,3.443502
0.521605,3.443502
0.521549,3.443502
0.521494,3.443502
0.521438,3.443502
0.521383,3.443502
0.521328,3.443502
0.521272,3.443502
0.521217,3.443502
0.521161,3.443502
0.521106,3.443502
0.521051,3.443502
0.520995,3.443502
0.520940,3.443502
0.520884,3.443502
0.520829,3.443502
0.520774,3.443502
0.520718,3.443502
0.520663,3.443502
0.520607,3.443502
0.520552,3.443502
0.520497,3.443502
0.520441,3.443502
0.520386,3.443502
0.520330,3.443502
0.520275,3.443502
0.520220,3.443502
0.520164,3.443502
0.520109,3.443502
0.520054,3.443502
0.519998,3.443502
0.519943,3.443502
0.519887,3.443502
0.519832,3.443502
0.519777,3.443502
0.519721,3.443502
0.519666,3.443502
0.519610,3.443502
0.519555,3.443502
0.519500,3.443502
0.519444,3.443502
0.519389,3.443502
0.519333,3.443502
0.519278,3.443502
0.519223,3.443502
0.519167,3.443502
0.519112,3.443502
0.519056,3.443502
0.519001,3.443502
0.518946,3.443502
0.518890,3.443502
0.518835,3.443502
0.518779,3.443502
0.518724,3.443502
0.518669,3.443502
0.518613,3.443502
0.518558,3.443502
0.518502,3.443502
0.518447,3.443502
0.518392,3.443502
0.518336,3.443502
0.518281,3.443502
0.518225,3.443502
0.518170,3.443502
0.518115,3.443502
0.518059,3.443502
0.518004,3.443502
0.517948,3.443502
0.517893,3.443502
0.517838,3.443502
0.517782,3.443502
0.517727,3.443502
0.517672,3.443502
0.517616,3.443502
0.517561,3.443502
0.517505,3.443502
0.517450,3.443502
0.517395,3.443502
0.517339,3.443502
0.517284,3.443502
0.517228,3.443502
0.517173,3.443502
0.517118,3.443502
0.517062,3.443502
0.517007,3.443502
0.516951,3.443502
0.516896,3.443502
0.516841,3.443502
0.516785,3.443502
0.516730,3.443502
0.516674,3.443502
0.516619,3.443502
0.516564,3.443692
0.516508,3.443502
0.516453,3.443502
0.516397,3.443502
0.516342,3.443502
0.516287,3.443692
0.516231,3.443502
0.516176,3.443502
0.516120,3.443502
0.516065,3.443502
0.516010,3.443502
0.515954,3.443502
0.515899,3.443502
0.515843,3.443502
0.515788,3.443502
0.515733,3.443502
0.515677,3.443502
0.515622,3.443502
0.515566,3.443502
0.515511,3.443502
0.515456,3.443502
0.515400,3.443502
0.515345,3.443502
0.515290,3.443502
0.515234,3.443502
0.515179,3.443502
0.515123,3.443502
0.515068,3.443692
0.515013,3.443502
0.514957,3.443502
0.514902,3.443502
0.514846,3.443502
0.514791,3.443502
0.514736,3.443502
0.514680,3.443502
0.514625,3.443502
0.514569,3.443502
0.514514,3.443502
0.514459,3.443692
0.514403,3.443502
0.514348,3.443502
0.514292,3.443502
0.514237,3.443502
0.514182,3.443502
0.514126,3.443502
0.514071,3.443311
0.514015,3.443502
0.513960,3.443502
0.513905,3.443502
0.513849,3.443692
0.513794,3.443502
0.513738,3.443502
0.513683,3.443502
0.513628,3.443692
0.513572,3.443502
0.513517,3.443692
0.513461,3.443502
0.513406,3.443502
0.513351,3.443502
0.513295,3.443502
0.513240,3.443692
0.513184,3.443502
0.513129,3.443502
0.513074,3.443692
0.513018,3.443692
0.512963,3.443692
0.512907,3.443692
0.512852,3.443502
0.512797,3.443502
0.512741,3.443502
0.512686,3.443692
0.512631,3.443502
0.512575,3.443692
0.512520,3.443502
0.512464,3.443692
0.512409,3.443502
0.512354,3.443502
0.512298,3.443692
0.512243,3.443502
0.512187,3.443692
0.512132,3.443692
0.512077,3.443502
0.512021,3.443692
0.511966,3.443692
0.511910,3.443502
0.511855,3.443692
0.511800,3.443502
0.511744,3.443502
0.511689,3.443502
0.511633,3.443502
0.511578,3.443502
0.511523,3.443502
0.511467,3.443502
0.511412,3.443502
0.511356,3.443502
0.511301,3.443692
0.511246,3.443502
0.511190,3.443502
0.511135,3.443692
0.511079,3.443502
0.511024,3.443502
0.510969,3.443692
0.510913,3.443502
0.510858,3.443692
0.510802,3.443502
0.510747,3.443502
0.510692,3.443502
0.510636,3.443692
0.510581,3.443692
0.510525,3.443692
0.510470,3.443692
0.510415,3.443502
0.510359,3.443692
0.510304,3.443692
0.510249,3.443692
0.510193,3.443502
0.510138,3.443692
0.510082,3.443692
0.510027,3.443692
0.509972,3.443692
0.509916,3.443502
0.509861,3.443692
0.509805,3.443692
0.509750,3.443502
0.509695,3.443502
0.509639,3.443692
0.509584,3.443692
0.509528,3.443692
0.509473,3.443692
0.509418,3.443692
0.509362,3.443692
0.509307,3.443692
0.509251,3.443502
0.509196,3.443692
0.509141,3.443692
0.509085,3.443502
0.509030,3.443692
0.508974,3.443692
0.508919,3.443692
0.508864,3.443692
0.508808,3.443692
0.508753,3.443692
0.508697,3.443692
0.508642,3.443692
0.508587,3.443502
0.508531,3.443502
0.508476,3.443692
0.508420,3.443692
0.508365,3.443692
0.508310,3.443692
0.508254,3.443502
0.508199,3.443502
0.508143,3.443692
0.508088,3.443692
0.508033,3.443692
0.507977,3.443692
0.507922,3.443502
0.507867,3.443692
0.507811,3.443502
0.507756,3.443502
0.507700,3.443692
0.507645,3.443692
0.507590,3.443692
0.507534,3.443692
0.507479,3.443692
0.507423,3.443692
0.507368,3.443692
0.507313,3.443692
0.507257,3.443692
0.507202,3.443692
0.507146,3.443692
0.507091,3.443692
0.507036,3.443502
0.506980,3.443692
0.506925,3.443692
0.506869,3.443502
0.506814,3.443692
0.506759,3.443692
0.506703,3.443692
0.506648,3.443692
0.506592,3.443692
0.506537,3.443692
0.506482,3.443502
0.506426,3.443692
0.506371,3.443692
0.506315,3.443692
0.506260,3.443692
0.506205,3.443692
0.506149,3.443692
0.506094,3.443692
0.506038,3.443692
0.505983,3.443692
0.505928,3.443692
0.505872,3.443692
0.505817,3.443692
0.505761,3.443692
0.505706,3.443502
0.505651,3.443502
0.505595,3.443692
0.505540,3.443692
0.505484,3.443692
0.505429,3.443692
0.505374,3.443692
0.505318,3.443692
0.505263,3.443502
0.505208,3.443692
0.505152,3.443692
0.505097,3.443692
0.505041,3.443692
0.504986,3.443692
0.504931,3.443502
0.504875,3.443502
0.504820,3.443692
0.504764,3.443692
0.504709,3.443692
0.504654,3.443692
0.504598,3.443502
0.504543,3.443692
0.504487,3.443692
0.504432,3.443502
0.504377,3.443692
0.504321,3.443692
0.504266,3.443502
0.504210,3.443692
0.504155,3.443502
0.504100,3.443502
0.504044,3.443692
0.503989,3.443692
0.503933,3.443692
0.503878,3.443502
0.503823,3.443692
0.503767,3.443692
0.503712,3.443692
0.503656,3.443692
0.503601,3.443692
0.503546,3.443692
0.503490,3.443692
0.503435,3.443692
0.503379,3.443692
0.503324,3.443692
0.503269,3.443692
0.503213,3.443692
0.503158,3.443692
0.503102,3.443692
0.503047,3.443692
0.502992,3.443692
0.502936,3.443502
0.502881,3.443692
0.502826,3.443692
0.502770,3.443502
0.502715,3.443692
0.502659,3.443692
0.502604,3.443692
0.502549,3.443692
0.502493,3.443692
0.502438,3.443692
0.502382,3.443692
0.502327,3.443692
0.502272,3.443692
0.502216,3.443692
0.502161,3.443692
0.502105,3.443692
0.502050,3.443502
0.501995,3.443692
0.501939,3.443692
0.501884,3.443692
0.501828,3.443692
0.501773,3.443692
0.501718,3.443692
0.501662,3.443692
0.501607,3.443692
0.501551,3.443692
0.501496,3.443692
0.501441,3.443692
0.501385,3.443692
0.501330,3.443692
0.501274,3.443692
0.501219,3.443692
0.501164,3.443692
0.501108,3.443692
0.501053,3.443692
0.500997,3.443692
0.500942,3.443692
0.500887,3.443692
0.500831,3.443692
0.500776,3.443692
0.500720,3.443692
0.500665,3.443692
0.500610,3.443692
0.500554,3.443692
0.500499,3.443692
0.500444,3.443692
0.500388,3.443692
0.500333,3.443692
0.500277,3.443692
0.500222,3.443692
0.500167,3.443502
0.500111,3.443692
0.500056,3.443692
0.500000,3.443692
0.499945,3.443692
0.499890,3.443692
0.499834,3.443692
0.499779,3.443692
0.499723,3.443692
0.499668,3.443692
0.499613,3.443692
0.499557,3.443692
0.499502,3.443692
0.499446,3.443692
0.499391,3.443692
0.499336,3.443692
0.499280,3.443692
0.499225,3.443692
0.499169,3.443692
0.499114,3.443692
0.499059,3.443692
0.499003,3.443692
0.498948,3.443692
0.498892,3.443692
0.498837,3.443692
0.498782,3.443692
0.498726,3.443692
0.498671,3.443692
0.498615,3.443692
0.498560,3.443692
0.498505,3.443692
0.498449,3.443692
0.498394,3.443692
0.498338,3.443883
0.498283,3.443692
0.498228,3.443692
0.498172,3.443692
0.498117,3.443692
0.498061,3.443692
0.498006,3.443692
0.497951,3.443692
0.497895,3.443692
0.497840,3.443692
0.497785,3.443692
0.497729,3.443692
0.497674,3.443692
0.497618,3.443692
0.497563,3.443692
0.497508,3.443692
0.497452,3.443692
0.497397,3.443692
0.497341,3.443692
0.497286,3.443692
0.497231,3.443692
0.497175,3.443502
0.497120,3.443692
0.497064,3.443692
0.497009,3.443692
0.496954,3.443692
0.496898,3.443692
0.496843,3.443692
0.496787,3.443692
0.496732,3.443692
0.496677,3.443692
0.496621,3.443692
0.496566,3.443692
0.496510,3.443692
0.496455,3.443692
0.496400,3.443692
0.496344,3.443692
0.496289,3.443692
0.496233,3.443692
0.496178,3.443692
0.496123,3.443692
0.496067,3.443692
0.496012,3.443692
0.495956,3.443692
0.495901,3.443692
0.495846,3.443502
0.495790,3.443692
0.495735,3.443692
0.495679,3.443692
0.495624,3.443692
0.495569,3.443692
0.495513,3.443692
0.495458,3.443692
0.495403,3.443692
0.495347,3.443692
0.495292,3.443692
0.495236,3.443692
0.495181,3.443692
0.495126,3.443692
0.495070,3.443692
0.495015,3.443692
0.494959,3.443692
0.494904,3.443883
0.494849,3.443692
0.494793,3.443692
0.494738,3.443692
0.494682,3.443692
0.494627,3.443692
0.494572,3.443692
0.494516,3.443692
0.494461,3.443692
0.494405,3.443692
0.494350,3.443692
0.494295,3.443692
0.494239,3.443692
0.494184,3.443692
0.494128,3.443692
0.494073,3.443692
0.494018,3.443502
0.493962,3.443692
0.493907,3.443692
0.493851,3.443692
0.493796,3.443692
0.493741,3.443692
0.493685,3.443692
0.493630,3.443692
0.493574,3.443692
0.493519,3.443692
0.493464,3.443692
0.493408,3.443692
0.493353,3.443883
0.493297,3.443692
0.493242,3.443692
0.493187,3.443692
0.493131,3.443692
0.493076,3.443692
0.493020,3.443692
0.492965,3.443692
0.492910,3.443692
0.492854,3.443692
0.492799,3.443692
0.492744,3.443692
0.492688,3.443692
0.492633,3.443692
0.492577,3.443692
0.492522,3.443692
0.492467,3.443692
0.492411,3.443692
0.492356,3.443692
0.492300,3.443692
0.492245,3.443692
0.492190,3.443692
0.492134,3.443692
0.492079,3.443692
0.492023,3.443692
0.491968,3.443692
0.491913,3.443692
0.491857,3.443692
0.491802,3.443692
0.491746,3.443883
0.491691,3.443692
0.491636,3.443692
0.491580,3.443692
0.491525,3.443692
0.491469,3.443692
0.491414,3.443692
0.491359,3.443692
0.491303,3.443692
0.491248,3.443692
0.491192,3.443692
0.491137,3.443692
0.491082,3.443692
0.491026,3.443883
0.490971,3.443883
0.490915,3.443692
0.490860,3.443692
0.490805,3.443692
0.490749,3.443692
0.490694,3.443692
0.490638,3.443692
0.490583,3.443692
0.490528,3.443692
0.490472,3.443692
0.490417,3.443692
0.490362,3.443883
0.490306,3.443692
0.490251,3.443692
0.490195,3.443692
0.490140,3.443692
0.490085,3.443692
0.490029,3.443883
0.489974,3.443883
0.489918,3.443692
0.489863,3.443692
0.489808,3.443692
0.489752,3.443883
0.489697,3.443692
0.489641,3.443883
0.489586,3.443692
0.489531,3.443883
0.489475,3.443883
0.489420,3.443883
0.489364,3.443692
0.489309,3.443883
0.489254,3.443692
0.489198,3.443692
0.489143,3.443692
0.489087,3.443883
0.489032,3.443883
0.488977,3.443883
0.488921,3.443692
0.488866,3.443692
0.488810,3.443883
0.488755,3.443883
0.488700,3.443692
0.488644,3.443692
0.488589,3.443883
0.488533,3.443883
0.488478,3.443883
0.488423,3.443692
0.488367,3.443692
0.488312,3.443883
0.488256,3.443692
0.488201,3.443692
0.488146,3.443692
0.488090,3.443692
0.488035,3.443692
0.487980,3.443692
0.487924,3.443692
0.487869,3.443692
0.487813,3.443883
0.487758,3.443692
0.487703,3.443883
0.487647,3.443883
0.487592,3.443883
0.487536,3.443692
0.487481,3.443883
0.487426,3.443883
0.487370,3.443692
0.487315,3.443692
0.487259,3.443883
0.487204,3.443692
0.487149,3.443692
0.487093,3.443692
0.487038,3.443883
0.486982,3.443883
0.486927,3.443692
0.486872,3.443883
0.486816,3.443883
0.486761,3.443692
0.486705,3.443692
0.486650,3.443883
0.486595,3.443883
0.486539,3.443883
0.486484,3.443883
0.486428,3.443883
0.486373,3.443692
0.486318,3.443883
0.486262,3.443883
0.486207,3.443692
0.486151,3.443692
0.486096,3.443692
0.486041,3.443883
0.485985,3.443883
0.485930,3.443692
0.485874,3.443883
0.485819,3.443692
0.485764,3.443692
0.485708,3.443692
0.485653,3.443692
0.485597,3.443692
0.485542,3.443692
0.485487,3.443692
0.485431,3.443692
0.485376,3.443883
0.485321,3.443883
0.485265,3.443692
0.485210,3.443883
0.485154,3.443883
0.485099,3.443883
0.485044,3.443883
0.484988,3.443692
0.484933,3.443692
0.484877,3.443883
0.484822,3.443883
0.484767,3.443692
0.484711,3.443692
0.484656,3.443692
0.484600,3.443883
0.484545,3.443692
0.484490,3.443883
0.484434,3.443692
0.484379,3.443692
0.484323,3.443883
0.484268,3.443883
0.484213,3.443883
0.484157,3.443883
0.484102,3.443883
0.484046,3.443883
0.483991,3.443883
0.483936,3.443883
0.483880,3.443883
0.483825,3.443883
0.483769,3.443883
0.483714,3.443883
0.483659,3.443692
0.483603,3.443883
0.483548,3.443883
0.483492,3.443883
0.483437,3.443883
0.483382,3.443883
0.483326,3.443692
0.483271,3.443883
0.483215,3.443883
0.483160,3.443692
0.483105,3.443883
0.483049,3.443883
0.482994,3.443692
0.482939,3.443692
0.482883,3.443883
0.482828,3.443883
0.482772,3.443883
0.482717,3.443883
0.482662,3.443883
0.482606,3.443883
0.482551,3.443883
0.482495,3.443883
0.482440,3.443883
0.482385,3.443883
0.482329,3.443883
0.482274,3.443883
0.482218,3.443692
0.482163,3.443883
0.482108,3.443692
0.482052,3.443883
0.481997,3.443883
0.481941,3.443883
0.481886,3.443883
0.481831,3.443883
0.481775,3.443883
0.481720,3.443883
0.481664,3.443883
0.481609,3.443883
0.481554,3.443692
0.481498,3.443883
0.481443,3.443883
0.481387,3.443883
0.481332,3.443883
0.481277,3.443883
0.481221,3.443883
0.481166,3.443883
0.481110,3.443883
0.481055,3.443883
0.481000,3.443883
0.480944,3.443883
0.480889,3.443692
0.480833,3.443883
0.480778,3.443883
0.480723,3.443883
0.480667,3.443883
0.480612,3.443883
0.480556,3.443883
0.480501,3.443883
0.480446,3.443883
0.480390,3.443883
0.480335,3.443883
0.480280,3.443883
0.480224,3.443883
0.480169,3.443883
0.480113,3.443883
0.480058,3.443883
0.480003,3.443883
0.479947,3.443883
0.479892,3.443883
0.479836,3.443883
0.479781,3.443883
0.479726,3.443883
0.479670,3.443883
0.479615,3.443883
0.479559,3.443883
0.479504,3.443883
0.479449,3.443883
0.479393,3.443692
0.479338,3.443883
0.479282,3.443883
0.479227,3.443883
0.479172,3.443883
0.479116,3.443883
0.479061,3.443883
0.479005,3.443883
0.478950,3.443883
0.478895,3.443883
0.478839,3.443883
0.478784,3.443883
0.478728,3.443883
0.478673,3.443883
0.478618,3.443883
0.478562,3.443883
0.478507,3.443883
0.478451,3.443883
0.478396,3.443883
0.478341,3.443883
0.478285,3.443883
0.478230,3.443883
0.478174,3.443883
0.478119,3.443883
0.478064,3.443883
0.478008,3.443883
0.477953,3.443883
0.477898,3.443883
0.477842,3.443883
0.477787,3.443883
0.477731,3.443883
0.477676,3.443883
0.477621,3.443883
0.477565,3.443883
0.477510,3.443883
0.477454,3.443883
0.477399,3.443883
0.477344,3.443883
0.477288,3.443883
0.477233,3.443883
0.477177,3.443883
0.477122,3.443883
0.477067,3.443883
0.477011,3.443883
0.476956,3.443883
0.476900,3.443883
0.476845,3.443883
0.476790,3.443883
0.476734,3.443883
0.476679,3.443883
0.476623,3.443883
0.476568,3.443883
0.476513,3.443883
0.476457,3.443883
0.476402,3.443883
0.476346,3.443883
0.476291,3.444074
0.476236,3.443883
0.476180,3.443883
0.476125,3.443883
0.476069,3.443883
0.476014,3.443883
0.475959,3.444074
0.475903,3.443883
0.475848,3.443883
0.475792,3.443883
0.475737,3.443883
0.475682,3.444074
0.475626,3.444074
0.475571,3.443883
0.475515,3.443883
0.475460,3.443883
0.475405,3.444074
0.475349,3.444074
0.475294,3.443883
0.475239,3.443883
0.475183,3.443883
0.475128,3.444074
0.475072,3.443883
0.475017,3.444074
0.474962,3.444074
0.474906,3.443883
0.474851,3.443883
0.474795,3.444074
0.474740,3.444074
0.474685,3.443883
0.474629,3.444074
0.474574,3.444074
0.474518,3.443883
0.474463,3.443883
0.474408,3.444074
0.474352,3.444074
0.474297,3.443883
0.474241,3.444074
0.474186,3.444074
0.474131,3.444074
0.474075,3.443883
0.474020,3.444074
0.473964,3.444074
0.473909,3.443883
0.473854,3.444074
0.473798,3.444074
0.473743,3.444074
0.473687,3.444074
0.473632,3.444074
0.473577,3.444074
0.473521,3.444074
0.473466,3.444074
0.473410,3.444074
0.473355,3.444074
0.473300,3.444074
0.473244,3.444074
0.473189,3.443883
0.473133,3.444074
0.473078,3.444074
0.473023,3.444074
0.472967,3.444074
0.472912,3.444074
0.472857,3.444074
0.472801,3.444074
0.472746,3.444074
0.472690,3.443883
0.472635,3.444074
0.472580,3.444074
0.472524,3.443883
0.472469,3.444074
0.472413,3.444074
0.472358,3.443883
0.472303,3.443883
0.472247,3.444074
0.472192,3.444074
0.472136,3.444074
0.472081,3.444074
0.472026,3.444074
0.471970,3.444074
0.471915,3.444074
0.471859,3.444074
0.471804,3.444074
0.471749,3.444074
0.471693,3.444074
0.471638,3.444074
0.471582,3.443883
0.471527,3.444074
0.471472,3.443883
0.471416,3.444074
0.471361,3.444074
0.471305,3.444074
0.471250,3.444074
0.471195,3.443883
0.471139,3.444074
0.471084,3.444074
0.471028,3.443883
0.470973,3.444074
0.470918,3.444074
0.470862,3.444074
0.470807,3.444074
0.470751,3.444074
0.470696,3.444074
0.470641,3.443883
0.470585,3.444074
0.470530,3.444074
0.470475,3.444074
0.470419,3.443883
0.470364,3.444074
0.470308,3.444074
0.470253,3.444074
0.470198,3.443883
0.470142,3.444074
0.470087,3.444074
0.470031,3.444074
0.469976,3.444074
0.469921,3.444074
0.469865,3.444074
0.469810,3.444074
0.469754,3.444074
0.469699,3.444074
0.469644,3.444074
0.469588,3.444074
0.469533,3.443883
0.469477,3.444074
0.469422,3.444074
0.469367,3.444074
0.469311,3.444074
0.469256,3.444074
0.469200,3.444074
0.469145,3.444074
0.469090,3.444074
0.469034,3.444074
0.468979,3.444074
0.468923,3.444074
0.468868,3.443883
0.468813,3.444074
0.468757,3.444074
0.468702,3.444074
0.468646,3.444074
0.468591,3.444074
0.468536,3.444074
0.468480,3.444074
0.468425,3.444074
0.468369,3.444074
0.468314,3.444074
0.468259,3.444074
0.468203,3.444074
0.468148,3.444074
0.468092,3.444074
0.468037,3.444074
0.467982,3.444074
0.467926,3.444074
0.467871,3.444074
0.467816,3.444074
0.467760,3.444074
0.467705,3.444074
0.467649,3.444074
0.467594,3.444074
0.467539,3.444074
0.467483,3.444074
0.467428,3.444074
0.467372,3.444074
0.467317,3.444074
0.467262,3.444074
0.467206,3.444074
0.467151,3.444074
0.467095,3.444074
0.467040,3.444074
0.466985,3.444074
0.466929,3.444074
0.466874,3.444074
0.466818,3.444074
0.466763,3.444074
0.466708,3.444074
0.466652,3.444074
0.466597,3.444074
0.466541,3.444074
0.466486,3.444264
0.466431,3.444074
0.466375,3.444074
0.466320,3.444074
0.466264,3.444074
0.466209,3.444074
0.466154,3.444074
0.466098,3.444074
0.466043,3.444074
0.465987,3.444074
0.465932,3.444264
0.465877,3.444074
0.465821,3.444074
0.465766,3.444074
0.465710,3.444074
0.465655,3.444074
0.465600,3.444264
0.465544,3.444074
0.465489,3.444264
0.465434,3.444074
0.465378,3.444074
0.465323,3.444074
0.465267,3.444074
0.465212,3.444074
0.465157,3.444074
0.465101,3.444074
0.465046,3.444074
0.464990,3.444264
0.464935,3.444264
0.464880,3.444074
0.464824,3.444074
0.464769,3.444074
0.464713,3.444074
0.464658,3.444074
0.464603,3.444074
0.464547,3.444264
0.464492,3.444264
0.464436,3.444264
0.464381,3.444074
0.464326,3.444264
0.464270,3.444074
0.464215,3.444074
0.464159,3.444074
0.464104,3.444264
0.464049,3.444074
0.463993,3.444074
0.463938,3.444074
0.463882,3.444074
0.463827,3.444264
0.463772,3.444074
0.463716,3.444264
0.463661,3.444264
0.463605,3.444074
0.463550,3.444264
0.463495,3.444074
0.463439,3.444074
0.463384,3.444264
0.463328,3.444264
0.463273,3.444264
0.463218,3.444074
0.463162,3.444074
0.463107,3.444264
0.463051,3.444264
0.462996,3.444264
0.462941,3.444264
0.462885,3.444074
0.462830,3.444074
0.462775,3.444264
0.462719,3.444264
0.462664,3.444074
0.462608,3.444264
0.462553,3.444264
0.462498,3.444264
0.462442,3.444264
0.462387,3.444074
0.462331,3.444264
0.462276,3.444264
0.462221,3.444264
0.462165,3.444074
0.462110,3.444264
0.462054,3.444264
0.461999,3.444264
0.461944,3.444074
0.461888,3.444074
0.461833,3.444264
0.461777,3.444264
0.461722,3.444264
0.461667,3.444074
0.461611,3.444264
0.461556,3.444264
0.461500,3.444264
0.461445,3.444264
0.461390,3.444264
0.461334,3.444264
0.461279,3.444264
0.461223,3.444264
0.461168,3.444264
0.461113,3.444074
0.461057,3.444264
0.461002,3.444264
0.460946,3.444264
0.460891,3.444264
0.460836,3.444264
0.460780,3.444264
0.460725,3.444264
0.460669,3.444264
0.460614,3.444264
0.460559,3.444264
0.460503,3.444264
0.460448,3.444264
0.460393,3.444264
0.460337,3.444264
0.460282,3.444264
0.460226,3.444264
0.460171,3.444264
0.460116,3.444074
0.460060,3.444264
0.460005,3.444074
0.459949,3.444264
0.459894,3.444264
0.459839,3.444264
0.459783,3.444264
0.459728,3.444264
0.459672,3.444264
0.459617,3.444264
0.459562,3.444264
0.459506,3.444074
0.459451,3.444264
0.459395,3.444264
0.459340,3.444264
0.459285,3.444264
0.459229,3.444264
0.459174,3.444264
0.459118,3.444264
0.459063,3.444264
0.459008,3.444264
0.458952,3.444264
0.458897,3.444264
0.458841,3.444264
0.458786,3.444264
0.458731,3.444264
0.458675,3.444264
0.458620,3.444074
0.458564,3.444264
0.458509,3.444264
0.458454,3.444264
0.458398,3.444264
0.458343,3.444264
0.458287,3.444264
0.458232,3.444264
0.458177,3.444264
0.458121,3.444264
0.458066,3.444264
0.458010,3.444264
0.457955,3.444264
0.457900,3.444264
0.457844,3.444264
0.457789,3.444264
0.457734,3.444264
0.457678,3.444264
0.457623,3.444264
0.457567,3.444264
0.457512,3.444264
0.457457,3.444264
0.457401,3.444264
0.457346,3.444264
0.457290,3.444264
0.457235,3.444264
0.457180,3.444264
0.457124,3.444264
0.457069,3.444264
0.457013,3.444264
0.456958,3.444264
0.456903,3.444264
0.456847,3.444264
0.456792,3.444264
0.456736,3.444264
0.456681,3.444264
0.456626,3.444264
0.456570,3.444264
0.456515,3.444264
0.456459,3.444264
0.456404,3.444264
0.456349,3.444264
0.456293,3.444264
0.456238,3.444264
0.456182,3.444264
0.456127,3.444264
0.456072,3.444264
0.456016,3.444264
0.455961,3.444264
0.455905,3.444264
0.455850,3.444264
0.455795,3.444264
0.455739,3.444264
0.455684,3.444264
0.455628,3.444264
0.455573,3.444264
0.455518,3.444264
0.455462,3.444264
0.455407,3.444264
0.455351,3.444264
0.455296,3.444264
0.455241,3.444264
0.455185,3.444264
0.455130,3.444455
0.455075,3.444264
0.455019,3.444264
0.454964,3.444264
0.454908,3.444264
0.454853,3.444264
0.454798,3.444264
0.454742,3.444264
0.454687,3.444264
0.454631,3.444264
0.454576,3.444264
0.454521,3.444264
0.454465,3.444264
0.454410,3.444264
0.454354,3.444264
0.454299,3.444264
0.454244,3.444264
0.454188,3.444264
0.454133,3.444264
0.454077,3.444264
0.454022,3.444264
0.453967,3.444264
0.453911,3.444264
0.453856,3.444264
0.453800,3.444264
0.453745,3.444264
0.453690,3.444455
0.453634,3.444264
0.453579,3.444264
0.453523,3.444264
0.453468,3.444264
0.453413,3.444264
0.453357,3.444264
0.453302,3.444264
0.453246,3.444264
0.453191,3.444264
0.453136,3.444264
0.453080,3.444264
0.453025,3.444264
0.452969,3.444264
0.452914,3.444264
0.452859,3.444264
0.452803,3.444264
0.452748,3.444264
0.452692,3.444264
0.452637,3.444264
0.452582,3.444264
0.452526,3.444264
0.452471,3.444264
0.452416,3.444455
0.452360,3.444455
0.452305,3.444264
0.452249,3.444264
0.452194,3.444264
0.452139,3.444264
0.452083,3.444264
0.452028,3.444264
0.451972,3.444264
0.451917,3.444264
0.451862,3.444455
0.451806,3.444264
0.451751,3.444264
0.451695,3.444455
0.451640,3.444264
0.451585,3.444264
0.451529,3.444264
0.451474,3.444264
0.451418,3.444264
0.451363,3.444455
0.451308,3.444264
0.451252,3.444455
0.451197,3.444264
0.451141,3.444264
0.451086,3.444455
0.451031,3.444264
0.450975,3.444264
0.450920,3.444264
0.450864,3.444264
0.450809,3.444455
0.450754,3.444264
0.450698,3.444455
0.450643,3.444264
0.450587,3.444264
0.450532,3.444264
0.450477,3.444264
0.450421,3.444455
0.450366,3.444264
0.450310,3.444264
0.450255,3.444455
0.450200,3.444455
0.450144,3.444264
0.450089,3.444455
0.450033,3.444264
0.449978,3.444264
0.449923,3.444264
0.449867,3.444264
0.449812,3.444455
0.449757,3.444264
0.449701,3.444455
0.449646,3.444264
0.449590,3.444455
0.449535,3.444264
0.449480,3.444264
0.449424,3.444455
0.449369,3.444264
0.449313,3.444264
0.449258,3.444264
0.449203,3.444455
0.449147,3.444264
0.449092,3.444264
0.449036,3.444455
0.448981,3.444264
0.448926,3.444455
0.448870,3.444264
0.448815,3.444264
0.448759,3.444455
0.448704,3.444264
0.448649,3.444455
0.448593,3.444264
0.448538,3.444455
0.448482,3.444264
0.448427,3.444455
0.448372,3.444264
0.448316,3.444264
0.448261,3.444264
0.448205,3.444264
0.448150,3.444264
0.448095,3.444455
0.448039,3.444455
0.447984,3.444264
0.447928,3.444455
0.447873,3.444455
0.447818,3.444455
0.447762,3.444455
0.447707,3.444455
0.447651,3.444455
0.447596,3.444455
0.447541,3.444455
0.447485,3.444264
0.447430,3.444455
0.447375,3.444455
0.447319,3.444455
0.447264,3.444455
0.447208,3.444264
0.447153,3.444455
0.447098,3.444264
0.447042,3.444455
0.446987,3.444455
0.446931,3.444455
0.446876,3.444455
0.446821,3.444455
0.446765,3.444455
0.446710,3.444455
0.446654,3.444455
0.446599,3.444455
0.446544,3.444264
0.446488,3.444264
0.446433,3.444455
0.446377,3.444455
0.446322,3.444455
0.446267,3.444455
0.446211,3.444455
0.446156,3.444455
0.446100,3.444455
0.446045,3.444264
0.445990,3.444455
0.445934,3.444455
0.445879,3.444455
0.445823,3.444455
0.445768,3.444455
0.445713,3.444455
0.445657,3.444455
0.445602,3.444455
0.445546,3.444455
0.445491,3.444455
0.445436,3.444455
0.445380,3.444455
0.445325,3.444455
0.445269,3.444455
0.445214,3.444455
0.445159,3.444455
0.445103,3.444455
0.445048,3.444455
0.444992,3.444455
0.444937,3.444455
0.444882,3.444455
0.444826,3.444455
0.444771,3.444455
0.444716,3.444264
0.444660,3.444455
0.444605,3.444455
0.444549,3.444455
0.444494,3.444455
0.444439,3.444455
0.444383,3.444455
0.444328,3.444455
0.444272,3.444455
0.444217,3.444455
0.444162,3.444455
0.444106,3.444455
0.444051,3.444455
0.443995,3.444455
0.443940,3.444455
0.443885,3.444455
0.443829,3.444455
0.443774,3.444455
0.443718,3.444455
0.443663,3.444455
0.443608,3.444455
0.443552,3.444455
0.443497,3.444455
0.443441,3.444455
0.443386,3.444455
0.443331,3.444455
0.443275,3.444455
0.443220,3.444455
0.443164,3.444455
0.443109,3.444455
0.443054,3.444455
0.442998,3.444455
0.442943,3.444455
0.442887,3.444455
0.442832,3.444455
0.442777,3.444455
0.442721,3.444455
0.442666,3.444455
0.442610,3.444455
0.442555,3.444455
0.442500,3.444455
0.442444,3.444455
0.442389,3.444455
0.442334,3.444455
0.442278,3.444455
0.442223,3.444455
0.442167,3.444455
0.442112,3.444455
0.442057,3.444455
0.442001,3.444455
0.441946,3.444455
0.441890,3.444455
0.441835,3.444455
0.441780,3.444455
0.441724,3.444455
0.441669,3.444455
0.441613,3.444455
0.441558,3.444455
0.441503,3.444455
0.441447,3.444455
0.441392,3.444455
0.441336,3.444455
0.441281,3.444455
0.441226,3.444455
0.441170,3.444455
0.441115,3.444455
0.441059,3.444455
0.441004,3.444455
0.440949,3.444455
0.440893,3.444455
0.440838,3.444455
0.440782,3.444455
0.440727,3.444455
0.440672,3.444455
0.440616,3.444455
0.440561,3.444455
0.440505,3.444455
0.440450,3.444455
0.440395,3.444455
0.440339,3.444455
0.440284,3.444455
0.440228,3.444455
0.440173,3.444455
0.440118,3.444455
0.440062,3.444455
0.440007,3.444455
0.439951,3.444455
0.439896,3.444455
0.439841,3.444455
0.439785,3.444455
0.439730,3.444455
0.439675,3.444455
0.439619,3.444455
0.439564,3.444455
0.439508,3.444455
0.439453,3.444455
0.439398,3.444455
0.439342,3.444455
0.439287,3.444455
0.439231,3.444455
0.439176,3.444455
0.439121,3.444455
0.439065,3.444455
0.439010,3.444455
0.438954,3.444455
0.438899,3.444455
0.438844,3.444455
0.438788,3.444455
0.438733,3.444455
0.438677,3.444455
0.438622,3.444455
0.438567,3.444455
0.438511,3.444455
0.438456,3.444455
0.438400,3.444455
0.438345,3.444455
0.438290,3.444455
0.438234,3.444455
0.438179,3.444455
0.438123,3.444455
0.438068,3.444455
0.438013,3.444455
0.437957,3.444455
0.437902,3.444455
0.437846,3.444455
0.437791,3.444455
0.437736,3.444455
0.437680,3.444455
0.437625,3.444455
0.437569,3.444455
0.437514,3.444455
0.437459,3.444455
0.437403,3.444455
0.437348,3.444455
0.437293,3.444455
0.437237,3.444455
0.437182,3.444455
0.437126,3.444455
0.437071,3.444455
0.437016,3.444455
0.436960,3.444455
0.436905,3.444455
0.436849,3.444455
0.436794,3.444455
0.436739,3.444645
0.436683,3.444645
0.436628,3.444455
0.436572,3.444455
0.436517,3.444645
0.436462,3.444645
0.436406,3.444455
0.436351,3.444645
0.436295,3.444455
0.436240,3.444455
0.436185,3.444455
0.436129,3.444645
0.436074,3.444455
0.436018,3.444455
0.435963,3.444645
0.435908,3.444645
0.435852,3.444455
0.435797,3.444645
0.435741,3.444455
0.435686,3.444455
0.435631,3.444455
0.435575,3.444645
0.435520,3.444455
0.435464,3.444645
0.435409,3.444645
0.435354,3.444645
0.435298,3.444455
0.435243,3.444645
0.435187,3.444645
0.435132,3.444455
0.435077,3.444645
0.435021,3.444455
0.434966,3.444455
0.434911,3.444455
0.434855,3.444455
0.434800,3.444455
0.434744,3.444455
0.434689,3.444645
0.434634,3.444455
0.434578,3.444455
0.434523,3.444455
0.434467,3.444455
0.434412,3.444455
0.434357,3.444455
0.434301,3.444455
0.434246,3.444455
0.434190,3.444645
0.434135,3.444645
0.434080,3.444645
0.434024,3.444645
0.433969,3.444455
0.433913,3.444645
0.433858,3.444455
0.433803,3.444645
0.433747,3.444645
0.433692,3.444455
0.433636,3.444645
0.433581,3.444455
0.433526,3.444645
0.433470,3.444455
0.433415,3.444455
0.433359,3.444645
0.433304,3.444645
0.433249,3.444645
0.433193,3.444645
0.433138,3.444645
0.433082,3.444455
0.433027,3.444645
0.432972,3.444645
0.432916,3.444645
0.432861,3.444645
0.432805,3.444645
0.432750,3.444645
0.432695,3.444455
0.432639,3.444645
0.432584,3.444645
0.432529,3.444455
0.432473,3.444455
0.432418,3.444645
0.432362,3.444645
0.432307,3.444455
0.432252,3.444645
0.432196,3.444645
0.432141,3.444455
0.432085,3.444645
0.432030,3.444645
0.431975,3.444455
0.431919,3.444645
0.431864,3.444645
0.431808,3.444645
0.431753,3.444645
0.431698,3.444455
0.431642,3.444645
0.431587,3.444645
0.431531,3.444645
0.431476,3.444645
0.431421,3.444645
0.431365,3.444645
0.431310,3.444455
0.431254,3.444645
0.431199,3.444645
0.431144,3.444455
0.431088,3.444645
0.431033,3.444645
0.430977,3.444455
0.430922,3.444645
0.430867,3.444645
0.430811,3.444645
0.430756,3.444645
0.430700,3.444645
0.430645,3.444645
0.430590,3.444645
0.430534,3.444645
0.430479,3.444645
0.430423,3.444645
0.430368,3.444645
0.430313,3.444645
0.430257,3.444645
0.430202,3.444645
0.430147,3.444645
0.430091,3.444645
0.430036,3.444645
0.429980,3.444645
0.429925,3.444645
0.429870,3.444645
0.429814,3.444645
0.429759,3.444645
0.429703,3.444645
0.429648,3.444645
0.429593,3.444645
0.429537,3.444645
0.429482,3.444645
0.429426,3.444645
0.429371,3.444645
0.429316,3.444645
0.429260,3.444645
0.429205,3.444645
0.429149,3.444645
0.429094,3.444645
0.429039,3.444645
0.428983,3.444645
0.428928,3.444645
0.428872,3.444645
0.428817,3.444645
0.428762,3.444645
0.428706,3.444645
0.428651,3.444645
0.428595,3.444645
0.428540,3.444645
0.428485,3.444645
0.428429,3.444645
0.428374,3.444645
0.428318,3.444645
0.428263,3.444645
0.428208,3.444645
0.428152,3.444645
0.428097,3.444645
0.428041,3.444645
0.427986,3.444645
0.427931,3.444645
0.427875,3.444645
0.427820,3.444645
0.427765,3.444645
0.427709,3.444645
0.427654,3.444645
0.427598,3.444645
0.427543,3.444645
0.427488,3.444645
0.427432,3.444645
0.427377,3.444645
0.427321,3.444645
0.427266,3.444645
0.427211,3.444645
0.427155,3.444645
0.427100,3.444645
0.427044,3.444645
0.426989,3.444645
0.426934,3.444645
0.426878,3.444645
0.426823,3.444645
0.426767,3.444645
0.426712,3.444645
0.426657,3.444645
0.426601,3.444645
0.426546,3.444645
0.426490,3.444645
0.426435,3.444645
0.426380,3.444645
0.426324,3.444645
0.426269,3.444645
0.426213,3.444645
0.426158,3.444645
0.426103,3.444645
0.426047,3.444645
0.425992,3.444645
0.425936,3.444645
0.425881,3.444645
0.425826,3.444645
0.425770,3.444645
0.425715,3.444645
0.425659,3.444645
0.425604,3.444645
0.425549,3.444645
0.425493,3.444455
0.425438,3.444645
0.425383,3.444645
0.425327,3.444645
0.425272,3.444645
0.425216,3.444645
0.425161,3.444645
0.425106,3.444645
0.425050,3.444645
0.424995,3.444645
0.424939,3.444645
0.424884,3.444645
0.424829,3.444645
0.424773,3.444645
0.424718,3.444645
0.424662,3.444645
0.424607,3.444645
0.424552,3.444645
0.424496,3.444645
0.424441,3.444645
0.424385,3.444645
0.424330,3.444645
0.424275,3.444645
0.424219,3.444645
0.424164,3.444645
0.424108,3.444645
0.424053,3.444645
0.423998,3.444645
0.423942,3.444645
0.423887,3.444645
0.423831,3.444645
0.423776,3.444645
0.423721,3.444645
0.423665,3.444645
0.423610,3.444645
0.423554,3.444645
0.423499,3.444645
0.423444,3.444645
0.423388,3.444645
0.423333,3.444645
0.423277,3.444645
0.423222,3.444645
0.423167,3.444645
0.423111,3.444645
0.423056,3.444645
0.423001,3.444645
0.422945,3.444645
0.422890,3.444645
0.422834,3.444645
0.422779,3.444645
0.422724,3.444645
0.422668,3.444645
0.422613,3.444645
0.422557,3.444645
0.422502,3.444645
0.422447,3.444645
0.422391,3.444645
0.422336,3.444645
0.422280,3.444645
0.422225,3.444645
0.422170,3.444645
0.422114,3.444645
0.422059,3.444645
0.422003,3.444645
0.421948,3.444645
0.421893,3.444645
0.421837,3.444645
0.421782,3.444645
0.421726,3.444645
0.421671,3.444645
0.421616,3.444645
0.421560,3.444645
0.421505,3.444645
0.421449,3.444645
0.421394,3.444645
0.421339,3.444645
0.421283,3.444645
0.421228,3.444645
0.421172,3.444645
0.421117,3.444645
0.421062,3.444645
0.421006,3.444645
0.420951,3.444645
0.420895,3.444645
0.420840,3.444645
0.420785,3.444645
0.420729,3.444645
0.420674,3.444645
0.420618,3.444645
0.420563,3.444645
0.420508,3.444645
0.420452,3.444645
0.420397,3.444645
0.420342,3.444645
0.420286,3.444645
0.420231,3.444645
0.420175,3.444645
0.420120,3.444645
0.420065,3.444645
0.420009,3.444645
0.419954,3.444645
0.419898,3.444645
0.419843,3.444645
0.419788,3.444645
0.419732,3.444645
0.419677,3.444645
0.419621,3.444645
0.419566,3.444645
0.419511,3.444645
0.419455,3.444645
0.419400,3.444645
0.419344,3.444645
0.419289,3.444645
0.419234,3.444645
0.419178,3.444645
0.419123,3.444645
0.419067,3.444645
0.419012,3.444645
0.418957,3.444645
0.418901,3.444645
0.418846,3.444645
0.418790,3.444645
0.418735,3.444645
0.418680,3.444645
0.418624,3.444645
0.418569,3.444645
0.418513,3.444645
0.418458,3.444645
0.418403,3.444645
0.418347,3.444645
0.418292,3.444645
0.418236,3.444645
0.418181,3.444645
0.418126,3.444645
0.418070,3.444645
0.418015,3.444645
0.417960,3.444645
0.417904,3.444645
0.417849,3.444645
0.417793,3.444645
0.417738,3.444645
0.417683,3.444645
0.417627,3.444645
0.417572,3.444645
0.417516,3.444645
0.417461,3.444645
0.417406,3.444836
0.417350,3.444645
0.417295,3.444836
0.417239,3.444645
0.417184,3.444645
0.417129,3.444645
0.417073,3.444645
0.417018,3.444645
0.416962,3.444645
0.416907,3.444645
0.416852,3.444645
0.416796,3.444645
0.416741,3.444645
0.416685,3.444645
0.416630,3.444645
0.416575,3.444645
0.416519,3.444836
0.416464,3.444645
0.416408,3.444645
0.416353,3.444645
0.416298,3.444836
0.416242,3.444645
0.416187,3.444645
0.416131,3.444645
0.416076,3.444645
0.416021,3.444645
0.415965,3.444645
0.415910,3.444645
0.415854,3.444645
0.415799,3.444645
0.415744,3.444645
0.415688,3.444645
0.415633,3.444836
0.415578,3.444645
0.415522,3.444645
0.415467,3.444645
0.415411,3.444645
0.415356,3.444645
0.415301,3.444645
0.415245,3.444645
0.415190,3.444836
0.415134,3.444836
0.415079,3.444645
0.415024,3.444836
0.414968,3.444645
0.414913,3.444645
0.414857,3.444645
0.414802,3.444645
0.414747,3.444645
0.414691,3.444645
0.414636,3.444645
0.414580,3.444645
0.414525,3.444645
0.414470,3.444645
0.414414,3.444645
0.414359,3.444645
0.414303,3.444645
0.414248,3.444645
0.414193,3.444836
0.414137,3.444645
0.414082,3.444645
0.414026,3.444645
0.413971,3.444836
0.413916,3.444645
0.413860,3.444645
0.413805,3.444645
0.413749,3.444645
0.413694,3.444836
0.413639,3.444645
0.413583,3.444836
0.413528,3.444645
0.413472,3.444645
0.413417,3.444645
0.413362,3.444645
0.413306,3.444645
0.413251,3.444645
0.413195,3.444645
0.413140,3.444645
0.413085,3.444645
0.413029,3.444645
0.412974,3.444645
0.412919,3.444645
0.412863,3.444836
0.412808,3.444836
0.412752,3.444645
0.412697,3.444836
0.412642,3.444645
0.412586,3.444836
0.412531,3.444645
0.412475,3.444645
0.412420,3.444836
0.412365,3.444645
0.412309,3.444836
0.412254,3.444645
0.412198,3.444645
0.412143,3.444645
0.412088,3.444836
0.412032,3.444836
0.411977,3.444836
0.411921,3.444645
0.411866,3.444645
0.411811,3.444645
0.411755,3.444645
0.411700,3.444645
0.411644,3.444645
0.411589,3.444645
0.411534,3.444645
0.411478,3.444836
0.411423,3.444836
0.411367,3.444836
0.411312,3.444645
0.411257,3.444645
0.411201,3.444836
0.411146,3.444645
0.411090,3.444645
0.411035,3.444836
0.410980,3.444836
0.410924,3.444836
0.410869,3.444645
0.410813,3.444836
0.410758,3.444645
0.410703,3.444645
0.410647,3.444836
0.410592,3.444836
0.410537,3.444836
0.410481,3.444836
0.410426,3.444645
0.410370,3.444836
0.410315,3.444836
0.410260,3.444836
0.410204,3.444836
0.410149,3.444645
0.410093,3.444645
0.410038,3.444836
0.409983,3.444836
0.409927,3.444836
0.409872,3.444836
0.409816,3.444836
0.409761,3.444645
0.409706,3.444645
0.409650,3.444836
0.409595,3.444836
0.409539,3.444836
0.409484,3.444645
0.409429,3.444836
0.409373,3.444836
0.409318,3.444836
0.409262,3.444836
0.409207,3.444836
0.409152,3.444836
0.409096,3.444836
0.409041,3.444836
0.408985,3.444836
0.408930,3.444836
0.408875,3.444836
0.408819,3.444836
0.408764,3.444836
0.408708,3.444645
0.408653,3.444836
0.408598,3.444645
0.408542,3.444836
0.408487,3.444645
0.408431,3.444836
0.408376,3.444836
0.408321,3.444645
0.408265,3.444836
0.408210,3.444836
0.408155,3.444836
0.408099,3.444836
0.408044,3.444836
0.407988,3.444836
0.407933,3.444836
0.407878,3.444645
0.407822,3.444836
0.407767,3.444836
0.407711,3.444836
0.407656,3.444836
0.407601,3.444836
0.407545,3.444836
0.407490,3.444836
0.407434,3.444836
0.407379,3.444836
0.407324,3.444836
0.407268,3.444836
0.407213,3.444836
0.407157,3.444836
0.407102,3.444836
0.407047,3.444645
0.406991,3.444836
0.406936,3.444645
0.406880,3.444836
0.406825,3.444836
0.406770,3.444836
0.406714,3.444836
0.406659,3.444836
0.406603,3.444836
0.406548,3.444836
0.406493,3.444836
0.406437,3.444836
0.406382,3.444836
0.406326,3.444645
0.406271,3.444836
0.406216,3.444836
0.406160,3.444836
0.406105,3.444836
0.406049,3.444836
0.405994,3.444836
0.405939,3.444836
0.405883,3.444836
0.405828,3.444836
0.405773,3.444836
0.405717,3.444836
0.405662,3.444836
0.405606,3.444645
0.405551,3.444836
0.405496,3.444836
0.405440,3.444836
0.405385,3.444836
0.405329,3.444836
0.405274,3.444836
0.405219,3.444836
0.405163,3.444836
0.405108,3.444836
0.405052,3.444836
0.404997,3.444836
0.404942,3.444836
0.404886,3.444836
0.404831,3.444836
0.404775,3.444836
0.404720,3.444836
0.404665,3.444836
0.404609,3.444836
0.404554,3.444836
0.404498,3.444836
0.404443,3.444836
0.404388,3.444836
0.404332,3.444836
0.404277,3.444836
0.404221,3.444836
0.404166,3.444836
0.404111,3.444836
0.404055,3.444836
0.404000,3.444836
0.403944,3.444836
0.403889,3.444836
0.403834,3.444836
0.403778,3.444836
0.403723,3.444836
0.403667,3.444836
0.403612,3.444836
0.403557,3.444836
0.403501,3.444836
0.403446,3.444836
0.403391,3.444836
0.403335,3.444836
0.403280,3.444836
0.403224,3.444836
0.403169,3.444836
0.403114,3.444836
0.403058,3.444836
0.403003,3.444836
0.402947,3.444836
0.402892,3.444836
0.402837,3.444836
0.402781,3.444836
0.402726,3.444836
0.402670,3.444836
0.402615,3.444836
0.402560,3.444836
0.402504,3.444836
0.402449,3.444836
0.402393,3.444836
0.402338,3.444836
0.402283,3.444836
0.402227,3.444836
0.402172,3.444836
0.402116,3.444836
0.402061,3.444836
0.402006,3.444836
0.401950,3.444836
0.401895,3.444836
0.401839,3.444836
0.401784,3.444836
0.401729,3.444836
0.401673,3.444836
0.401618,3.444836
0.401562,3.444836
0.401507,3.444836
0.401452,3.444836
0.401396,3.444836
0.401341,3.444836
0.401286,3.444836
0.401230,3.444836
0.401175,3.444836
0.401119,3.444836
0.401064,3.444836
0.401009,3.444836
0.400953,3.444836
0.400898,3.444836
0.400842,3.444836
0.400787,3.444836
0.400732,3.444836
0.400676,3.444836
0.400621,3.444836
0.400565,3.444836
0.400510,3.444836
0.400455,3.444836
0.400399,3.444836
0.400344,3.444836
0.400288,3.444836
0.400233,3.444836
0.400178,3.444836
0.400122,3.444836
0.400067,3.445026
0.400011,3.444836
0.399956,3.444836
0.399901,3.444836
0.399845,3.444836
0.399790,3.444836
0.399734,3.444836
0.399679,3.444836
0.399624,3.444836
0.399568,3.444836
0.399513,3.444836
0.399457,3.444836
0.399402,3.444836
0.399347,3.444836
0.399291,3.444836
0.399236,3.444836
0.399180,3.444836
0.399125,3.444836
0.399070,3.444836
0.399014,3.444836
0.398959,3.444836
0.398904,3.444836
0.398848,3.444836
0.398793,3.444836
0.398737,3.444836
0.398682,3.444836
0.398627,3.444836
0.398571,3.444836
0.398516,3.444836
0.398460,3.444836
0.398405,3.444836
0.398350,3.444836
0.398294,3.444836
0.398239,3.444836
0.398183,3.444836
0.398128,3.444836
0.398073,3.444836
0.398017,3.444836
0.397962,3.444836
0.397906,3.444836
0.397851,3.444836
0.397796,3.445026
0.397740,3.444836
0.397685,3.444836
0.397629,3.444836
0.397574,3.444836
0.397519,3.444836
0.397463,3.444836
0.397408,3.444836
0.397352,3.444836
0.397297,3.444836
0.397242,3.444836
0.397186,3.444836
0.397131,3.444836
0.397075,3.444836
0.397020,3.444836
0.396965,3.444836
0.396909,3.444836
0.396854,3.444836
0.396798,3.444836
0.396743,3.444836
0.396688,3.445026
0.396632,3.444836
0.396577,3.444836
0.396522,3.445026
0.396466,3.445026
0.396411,3.444836
0.396355,3.444836
0.396300,3.444836
0.396245,3.444836
0.396189,3.444836
0.396134,3.445026
0.396078,3.444836
0.396023,3.445026
0.395968,3.444836
0.395912,3.444836
0.395857,3.444836
0.395801,3.444836
0.395746,3.445026
0.395691,3.444836
0.395635,3.445026
0.395580,3.444836
0.395524,3.445026
0.395469,3.445026
0.395414,3.445026
0.395358,3.444836
0.395303,3.445026
0.395247,3.445026
0.395192,3.445026
0.395137,3.445026
0.395081,3.445026
0.395026,3.444836
0.394970,3.444836
0.394915,3.445026
0.394860,3.445026
0.394804,3.444836
0.394749,3.444836
0.394693,3.445026
0.394638,3.445026
0.394583,3.444836
0.394527,3.445026
0.394472,3.444836
0.394417,3.445026
0.394361,3.444836
0.394306,3.445026
0.394250,3.444836
0.394195,3.445026
0.394140,3.445026
0.394084,3.445026
0.394029,3.445026
0.393973,3.445026
0.393918,3.444836
0.393863,3.445026
0.393807,3.445026
0.393752,3.445026
0.393696,3.445026
0.393641,3.445026
0.393586,3.445026
0.393530,3.445026
0.393475,3.445026
0.393419,3.445026
0.393364,3.445026
0.393309,3.444836
0.393253,3.445026
0.393198,3.445026
0.393142,3.445026
0.393087,3.445026
0.393032,3.445026
0.392976,3.445026
0.392921,3.445026
0.392865,3.445026
0.392810,3.445026
0.392755,3.445026
0.392699,3.444836
0.392644,3.445026
0.392588,3.445026
0.392533,3.445026
0.392478,3.445026
0.392422,3.445026
0.392367,3.445026
0.392311,3.445026
0.392256,3.445026
0.392201,3.445026
0.392145,3.445026
0.392090,3.445026
0.392035,3.445026
0.391979,3.445026
0.391924,3.445026
0.391868,3.445026
0.391813,3.445026
0.391758,3.445026
0.391702,3.445026
0.391647,3.445026
0.391591,3.445026
0.391536,3.445026
0.391481,3.445026
0.391425,3.445026
0.391370,3.445026
0.391314,3.445026
0.391259,3.445026
0.391204,3.445026
0.391148,3.445026
0.391093,3.445026
0.391037,3.445026
0.390982,3.445026
0.390927,3.445026
0.390871,3.445026
0.390816,3.445026
0.390760,3.445026
0.390705,3.445026
0.390650,3.445026
0.390594,3.445026
0.390539,3.445026
0.390483,3.445026
0.390428,3.445026
0.390373,3.445026
0.390317,3.445026
0.390262,3.445026
0.390206,3.445026
0.390151,3.445026
0.390096,3.445026
0.390040,3.445026
0.389985,3.445026
0.389929,3.445026
0.389874,3.445026
0.389819,3.445026
0.389763,3.445026
0.389708,3.445026
0.389653,3.445026
0.389597,3.445026
0.389542,3.445026
0.389486,3.445026
0.389431,3.445026
0.389376,3.445026
0.389320,3.445026
0.389265,3.445026
0.389209,3.445026
0.389154,3.445026
0.389099,3.445026
0.389043,3.445026
0.388988,3.445026
0.388932,3.445026
0.388877,3.445026
0.388822,3.445026
0.388766,3.445026
0.388711,3.445026
0.388655,3.445026
0.388600,3.445026
0.388545,3.445026
0.388489,3.445026
0.388434,3.445026
0.388378,3.445026
0.388323,3.445026
0.388268,3.445026
0.388212,3.445026
0.388157,3.445026
0.388101,3.445026
0.388046,3.445026
0.387991,3.445026
0.387935,3.445026
0.387880,3.445026
0.387824,3.445026
0.387769,3.445026
0.387714,3.445026
0.387658,3.445026
0.387603,3.445026
0.387547,3.445026
0.387492,3.445026
0.387437,3.445026
0.387381,3.445026
0.387326,3.445026
0.387271,3.445026
0.387215,3.445026
0.387160,3.445026
0.387104,3.445026
0.387049,3.445026
0.386994,3.445026
0.386938,3.445026
0.386883,3.445026
0.386827,3.445026
0.386772,3.445026
0.386717,3.445026
0.386661,3.445026
0.386606,3.445026
0.386550,3.445026
0.386495,3.445026
0.386440,3.445026
0.386384,3.445217
0.386329,3.445026
0.386273,3.445026
0.386218,3.445026
0.386163,3.445026
0.386107,3.445026
0.386052,3.445026
0.385996,3.445026
0.385941,3.445026
0.385886,3.445026
0.385830,3.445026
0.385775,3.445026
0.385719,3.445026
0.385664,3.445026
0.385609,3.445026
0.385553,3.445026
0.385498,3.445026
0.385442,3.445026
0.385387,3.445026
0.385332,3.445026
0.385276,3.445026
0.385221,3.445026
0.385165,3.445026
0.385110,3.445026
0.385055,3.445026
0.384999,3.445026
0.384944,3.445026
0.384889,3.445026
0.384833,3.445026
0.384778,3.445026
0.384722,3.445026
0.384667,3.445026
0.384612,3.445026
0.384556,3.445026
0.384501,3.445026
0.384445,3.445026
0.384390,3.445026
0.384335,3.445026
0.384279,3.445026
0.384224,3.445026
0.384168,3.445026
0.384113,3.445026
0.384058,3.445026
0.384002,3.445026
0.383947,3.445026
0.383891,3.445026
0.383836,3.445026
0.383781,3.445026
0.383725,3.445026
0.383670,3.445026
0.383614,3.445026
0.383559,3.445026
0.383504,3.445217
0.383448,3.445026
0.383393,3.445026
0.383337,3.445026
0.383282,3.445026
0.383227,3.445217
0.383171,3.445026
0.383116,3.445026
0.383060,3.445217
0.383005,3.445026
0.382950,3.445026
0.382894,3.445026
0.382839,3.445026
0.382783,3.445026
0.382728,3.445026
0.382673,3.445026
0.382617,3.445026
0.382562,3.445026
0.382506,3.445026
0.382451,3.445217
0.382396,3.445026
0.382340,3.445026
0.382285,3.445026
0.382230,3.445217
0.382174,3.445026
0.382119,3.445026
0.382063,3.445026
0.382008,3.445026
0.381953,3.445026
0.381897,3.445217
0.381842,3.445026
0.381786,3.445026
0.381731,3.445026
0.381676,3.445217
0.381620,3.445026
0.381565,3.445026
0.381509,3.445026
0.381454,3.445026
0.381399,3.445026
0.381343,3.445026
0.381288,3.445217
0.381232,3.445217
0.381177,3.445217
0.381122,3.445217
0.381066,3.445026
0.381011,3.445217
0.380955,3.445026
0.380900,3.445217
0.380845,3.445026
0.380789,3.445217
0.380734,3.445026
0.380678,3.445217
0.380623,3.445217
0.380568,3.445217
0.380512,3.445217
0.380457,3.445026
0.380401,3.445026
0.380346,3.445217
0.380291,3.445026
0.380235,3.445217
0.380180,3.445026
0.380124,3.445217
0.380069,3.445026
0.380014,3.445026
0.379958,3.445217
0.379903,3.445026
0.379848,3.445217
0.379792,3.445217
0.379737,3.445026
0.379681,3.445026
0.379626,3.445217
0.379571,3.445217
0.379515,3.445026
0.379460,3.445217
0.379404,3.445217
0.379349,3.445026
0.379294,3.445026
0.379238,3.445026
0.379183,3.445026
0.379127,3.445217
0.379072,3.445217
0.379017,3.445026
0.378961,3.445026
0.378906,3.445026
0.378850,3.445217
0.378795,3.445217
0.378740,3.445026
0.378684,3.445217
0.378629,3.445026
0.378573,3.445217
0.378518,3.445026
0.378463,3.445217
0.378407,3.445217
0.378352,3.445026
0.378296,3.445026
0.378241,3.445026
0.378186,3.445026
0.378130,3.445217
0.378075,3.445217
0.378019,3.445026
0.377964,3.445026
0.377909,3.445217
0.377853,3.445217
0.377798,3.445217
0.377742,3.445217
0.377687,3.445026
0.377632,3.445026
0.377576,3.445217
0.377521,3.445217
0.377465,3.445217
0.377410,3.445217
0.377355,3.445217
0.377299,3.445217
0.377244,3.445026
0.377189,3.445026
0.377133,3.445217
0.377078,3.445217
0.377022,3.445217
0.376967,3.445217
0.376912,3.445026
0.376856,3.445217
0.376801,3.445217
0.376745,3.445026
0.376690,3.445217
0.376635,3.445217
0.376579,3.445217
0.376524,3.445217
0.376468,3.445217
0.376413,3.445217
0.376358,3.445217
0.376302,3.445026
0.376247,3.445217
0.376191,3.445217
0.376136,3.445217
0.376081,3.445217
0.376025,3.445217
0.375970,3.445026
0.375914,3.445217
0.375859,3.445217
0.375804,3.445217
0.375748,3.445026
0.375693,3.445217
0.375637,3.445217
0.375582,3.445217
0.375527,3.445217
0.375471,3.445026
0.375416,3.445026
0.375360,3.445026
0.375305,3.445217
0.375250,3.445217
0.375194,3.445217
0.375139,3.445217
0.375083,3.445217
0.375028,3.445217
0.374973,3.445217
0.374917,3.445217
0.374862,3.445217
0.374807,3.445026
0.374751,3.445217
0.374696,3.445217
0.374640,3.445217
0.374585,3.445217
0.374530,3.445217
0.374474,3.445217
0.374419,3.445217
0.374363,3.445217
0.374308,3.445217
0.374253,3.445217
0.374197,3.445026
0.374142,3.445217
0.374086,3.445217
0.374031,3.445217
0.373976,3.445217
0.373920,3.445217
0.373865,3.445217
0.373809,3.445217
0.373754,3.445217
0.373699,3.445217
0.373643,3.445217
0.373588,3.445217
0.373532,3.445217
0.373477,3.445217
0.373422,3.445217
0.373366,3.445217
0.373311,3.445217
0.373255,3.445217
0.373200,3.445217
0.373145,3.445217
0.373089,3.445217
0.373034,3.445217
0.372978,3.445217
0.372923,3.445217
0.372868,3.445217
0.372812,3.445217
0.372757,3.445217
0.372701,3.445217
0.372646,3.445217
0.372591,3.445217
0.372535,3.445217
0.372480,3.445217
0.372424,3.445217
0.372369,3.445217
0.372314,3.445217
0.372258,3.445217
0.372203,3.445217
0.372148,3.445217
0.372092,3.445217
0.372037,3.445217
0.371981,3.445217
0.371926,3.445217
0.371871,3.445217
0.371815,3.445217
0.371760,3.445217
0.371704,3.445217
0.371649,3.445217
0.371594,3.445217
0.371538,3.445217
0.371483,3.445217
0.371427,3.445217
0.371372,3.445217
0.371317,3.445217
0.371261,3.445217
0.371206,3.445217
0.371150,3.445217
0.371095,3.445217
0.371040,3.445217
0.370984,3.445217
0.370929,3.445217
0.370873,3.445217
0.370818,3.445217
0.370763,3.445217
0.370707,3.445217
0.370652,3.445217
0.370596,3.445217
0.370541,3.445217
0.370486,3.445217
0.370430,3.445217
0.370375,3.445217
0.370319,3.445217
0.370264,3.445217
0.370209,3.445217
0.370153,3.445217
0.370098,3.445217
0.370042,3.445217
0.369987,3.445217
0.369932,3.445217
0.369876,3.445217
0.369821,3.445217
0.369766,3.445217
0.369710,3.445217
0.369655,3.445217
0.369599,3.445217
0.369544,3.445217
0.369489,3.445217
0.369433,3.445217
0.369378,3.445217
0.369322,3.445217
0.369267,3.445217
0.369212,3.445217
0.369156,3.445217
0.369101,3.445217
0.369045,3.445217
0.368990,3.445217
0.368935,3.445217
0.368879,3.445217
0.368824,3.445217
0.368768,3.445217
0.368713,3.445217
0.368658,3.445217
0.368602,3.445217
0.368547,3.445217
0.368491,3.445217
0.368436,3.445217
0.368381,3.445217
0.368325,3.445217
0.368270,3.445217
0.368214,3.445217
0.368159,3.445217
0.368104,3.445217
0.368048,3.445217
0.367993,3.445217
0.367937,3.445217
0.367882,3.445217
0.367827,3.445217
0.367771,3.445217
0.367716,3.445217
0.367660,3.445217
0.367605,3.445217
0.367550,3.445217
0.367494,3.445217
0.367439,3.445217
0.367383,3.445217
0.367328,3.445217
0.367273,3.445217
0.367217,3.445217
0.367162,3.445217
0.367107,3.445217
0.367051,3.445217
0.366996,3.445217
0.366940,3.445217
0.366885,3.445217
0.366830,3.445217
0.366774,3.445217
0.366719,3.445217
0.366663,3.445217
0.366608,3.445217
0.366553,3.445217
0.366497,3.445217
0.366442,3.445217
0.366386,3.445217
0.366331,3.445217
0.366276,3.445217
0.366220,3.445217
0.366165,3.445217
0.366109,3.445217
0.366054,3.445217
0.365999,3.445217
0.365943,3.445217
0.365888,3.445217
0.365832,3.445217
0.365777,3.445217
0.365722,3.445217
0.365666,3.445217
0.365611,3.445217
0.365555,3.445217
0.365500,3.445217
0.365445,3.445217
0.365389,3.445217
0.365334,3.445217
0.365278,3.445217
0.365223,3.445217
0.365168,3.445217
0.365112,3.445217
0.365057,3.445217
0.365001,3.445217
0.364946,3.445217
0.364891,3.445217
0.364835,3.445217
0.364780,3.445217
0.364725,3.445217
0.364669,3.445217
0.364614,3.445217
0.364558,3.445217
0.364503,3.445217
0.364448,3.445217
0.364392,3.445217
0.364337,3.445217
0.364281,3.445217
0.364226,3.445217
0.364171,3.445217
0.364115,3.445217
0.364060,3.445217
0.364004,3.445217
0.363949,3.445217
0.363894,3.445217
0.363838,3.445217
0.363783,3.445217
0.363727,3.445217
0.363672,3.445217
0.363617,3.445217
0.363561,3.445217
0.363506,3.445217
0.363450,3.445217
0.363395,3.445217
0.363340,3.445217
0.363284,3.445217
0.363229,3.445217
0.363173,3.445217
0.363118,3.445217
0.363063,3.445217
0.363007,3.445217
0.362952,3.445217
0.362896,3.445217
0.362841,3.445217
0.362786,3.445217
0.362730,3.445217
0.362675,3.445217
0.362619,3.445217
0.362564,3.445217
0.362509,3.445217
0.362453,3.445217
0.362398,3.445217
0.362343,3.445217
0.362287,3.445217
0.362232,3.445217
0.362176,3.445217
0.362121,3.445217
0.362066,3.445217
0.362010,3.445217
0.361955,3.445217
0.361899,3.445217
0.361844,3.445217
0.361789,3.445217
0.361733,3.445217
0.361678,3.445217
0.361622,3.445217
0.361567,3.445217
0.361512,3.445217
0.361456,3.445217
0.361401,3.445217
0.361345,3.445217
0.361290,3.445217
0.361235,3.445217
0.361179,3.445217
0.361124,3.445217
0.361068,3.445217
0.361013,3.445217
0.360958,3.445217
0.360902,3.445217
0.360847,3.445217
0.360791,3.445217
0.360736,3.445217
0.360681,3.445217
0.360625,3.445217
0.360570,3.445217
0.360514,3.445217
0.360459,3.445217
0.360404,3.445217
0.360348,3.445217
0.360293,3.445217
0.360237,3.445217
0.360182,3.445217
0.360127,3.445217
0.360071,3.445217
0.360016,3.445217
0.359960,3.445217
0.359905,3.445217
0.359850,3.445217
0.359794,3.445217
0.359739,3.445217
0.359684,3.445217
0.359628,3.445217
0.359573,3.445217
0.359517,3.445217
0.359462,3.445217
0.359407,3.445217
0.359351,3.445217
0.359296,3.445217
0.359240,3.445217
0.359185,3.445217
0.359130,3.445217
0.359074,3.445217
0.359019,3.445217
0.358963,3.445217
0.358908,3.445217
0.358853,3.445217
0.358797,3.445217
0.358742,3.445217
0.358686,3.445217
0.358631,3.445217
0.358576,3.445217
0.358520,3.445217
0.358465,3.445217
0.358409,3.445217
0.358354,3.445217
0.358299,3.445217
0.358243,3.445217
0.358188,3.445217
0.358132,3.445217
0.358077,3.445217
0.358022,3.445217
0.357966,3.445217
0.357911,3.445217
0.357855,3.445217
0.357800,3.445217
0.357745,3.445217
0.357689,3.445217
0.357634,3.445217
0.357578,3.445217
0.357523,3.445217
0.357468,3.445217
0.357412,3.445217
0.357357,3.445217
0.357302,3.445217
0.357246,3.445217
0.357191,3.445217
0.357135,3.445217
0.357080,3.445217
0.357025,3.445217
0.356969,3.445217
0.356914,3.445217
0.356858,3.445217
0.356803,3.445217
0.356748,3.445217
0.356692,3.445217
0.356637,3.445217
0.356581,3.445217
0.356526,3.445217
0.356471,3.445217
0.356415,3.445217
0.356360,3.445217
0.356304,3.445217
0.356249,3.445217
0.356194,3.445217
0.356138,3.445217
0.356083,3.445217
0.356027,3.445408
0.355972,3.445217
0.355917,3.445217
0.355861,3.445217
0.355806,3.445217
0.355750,3.445217
0.355695,3.445217
0.355640,3.445217
0.355584,3.445217
0.355529,3.445217
0.355473,3.445217
0.355418,3.445217
0.355363,3.445217
0.355307,3.445217
0.355252,3.445217
0.355196,3.445217
0.355141,3.445217
0.355086,3.445217
0.355030,3.445217
0.354975,3.445217
0.354920,3.445217
0.354864,3.445217
0.354809,3.445217
0.354753,3.445408
0.354698,3.445217
0.354643,3.445217
0.354587,3.445217
0.354532,3.445217
0.354476,3.445217
0.354421,3.445217
0.354366,3.445217
0.354310,3.445217
0.354255,3.445217
0.354199,3.445217
0.354144,3.445217
0.354089,3.445217
0.354033,3.445217
0.353978,3.445217
0.353922,3.445217
0.353867,3.445408
0.353812,3.445217
0.353756,3.445217
0.353701,3.445217
0.353645,3.445408
0.353590,3.445217
0.353535,3.445217
0.353479,3.445217
0.353424,3.445217
0.353368,3.445217
0.353313,3.445217
0.353258,3.445217
0.353202,3.445217
0.353147,3.445217
0.353091,3.445217
0.353036,3.445217
0.352981,3.445408
0.352925,3.445217
0.352870,3.445408
0.352814,3.445217
0.352759,3.445217
0.352704,3.445217
0.352648,3.445217
0.352593,3.445217
0.352538,3.445217
0.352482,3.445408
0.352427,3.445217
0.352371,3.445217
0.352316,3.445217
0.352261,3.445217
0.352205,3.445217
0.352150,3.445408
0.352094,3.445408
0.352039,3.445217
0.351984,3.445408
0.351928,3.445217
0.351873,3.445408
0.351817,3.445408
0.351762,3.445408
0.351707,3.445408
0.351651,3.445408
0.351596,3.445408
0.351540,3.445408
0.351485,3.445217
0.351430,3.445408
0.351374,3.445408
0.351319,3.445217
0.351263,3.445408
0.351208,3.445408
0.351153,3.445408
0.351097,3.445408
0.351042,3.445408
0.350986,3.445408
0.350931,3.445408
0.350876,3.445217
0.350820,3.445217
0.350765,3.445408
0.350709,3.445217
0.350654,3.445408
0.350599,3.445408
0.350543,3.445408
0.350488,3.445408
0.350432,3.445408
0.350377,3.445408
0.350322,3.445408
0.350266,3.445217
0.350211,3.445408
0.350155,3.445408
0.350100,3.445408
0.350045,3.445408
0.349989,3.445408
0.349934,3.445217
0.349879,3.445408
0.349823,3.445408
0.349768,3.445408
0.349712,3.445408
0.349657,3.445408
0.349602,3.445408
0.349546,3.445408
0.349491,3.445408
0.349435,3.445408
0.349380,3.445408
0.349325,3.445408
0.349269,3.445408
0.349214,3.445408
0.349158,3.445217
0.349103,3.445408
0.349048,3.445408
0.348992,3.445408
0.348937,3.445408
0.348881,3.445408
0.348826,3.445408
0.348771,3.445408
0.348715,3.445408
0.348660,3.445408
0.348604,3.445408
0.348549,3.445408
0.348494,3.445408
0.348438,3.445408
0.348383,3.445408
0.348327,3.445408
0.348272,3.445408
0.348217,3.445408
0.348161,3.445408
0.348106,3.445408
0.348050,3.445408
0.347995,3.445408
0.347940,3.445408
0.347884,3.445408
0.347829,3.445408
0.347773,3.445408
0.347718,3.445408
0.347663,3.445408
0.347607,3.445408
0.347552,3.445408
0.347497,3.445408
0.347441,3.445408
0.347386,3.445408
0.347330,3.445408
0.347275,3.445408
0.347220,3.445408
0.347164,3.445408
0.347109,3.445408
0.347053,3.445408
0.346998,3.445408
0.346943,3.445408
0.346887,3.445408
0.346832,3.445408
0.346776,3.445408
0.346721,3.445408
0.346666,3.445408
0.346610,3.445408
0.346555,3.445408
0.346499,3.445408
0.346444,3.445408
0.346389,3.445408
0.346333,3.445408
0.346278,3.445408
0.346222,3.445408
0.346167,3.445408
0.346112,3.445408
0.346056,3.445408
0.346001,3.445408
0.345945,3.445408
0.345890,3.445408
0.345835,3.445408
0.345779,3.445408
0.345724,3.445408
0.345668,3.445408
0.345613,3.445408
0.345558,3.445408
0.345502,3.445408
0.345447,3.445408
0.345391,3.445408
0.345336,3.445408
0.345281,3.445408
0.345225,3.445408
0.345170,3.445408
0.345115,3.445408
0.345059,3.445408
0.345004,3.445408
0.344948,3.445408
0.344893,3.445408
0.344838,3.445408
0.344782,3.445408
0.344727,3.445408
0.344671,3.445408
0.344616,3.445408
0.344561,3.445408
0.344505,3.445408
0.344450,3.445408
0.344394,3.445408
0.344339,3.445408
0.344284,3.445408
0.344228,3.445408
0.344173,3.445408
0.344117,3.445408
0.344062,3.445408
0.344007,3.445408
0.343951,3.445408
0.343896,3.445598
0.343840,3.445408
0.343785,3.445408
0.343730,3.445408
0.343674,3.445408
0.343619,3.445408
0.343563,3.445408
0.343508,3.445598
0.343453,3.445598
0.343397,3.445598
0.343342,3.445408
0.343286,3.445598
0.343231,3.445408
0.343176,3.445598
0.343120,3.445598
0.343065,3.445598
0.343009,3.445408
0.342954,3.445408
0.342899,3.445408
0.342843,3.445598
0.342788,3.445598
0.342732,3.445408
0.342677,3.445598
0.342622,3.445598
0.342566,3.445408
0.342511,3.445408
0.342456,3.445408
0.342400,3.445598
0.342345,3.445408
0.342289,3.445408
0.342234,3.445408
0.342179,3.445598
0.342123,3.445598
0.342068,3.445598
0.342012,3.445408
0.341957,3.445408
0.341902,3.445408
0.341846,3.445408
0.341791,3.445408
0.341735,3.445598
0.341680,3.445598
0.341625,3.445408
0.341569,3.445408
0.341514,3.445598
0.341458,3.445408
0.341403,3.445408
0.341348,3.445598
0.341292,3.445598
0.341237,3.445408
0.341181,3.445408
0.341126,3.445408
0.341071,3.445408
0.341015,3.445408
0.340960,3.445598
0.340904,3.445598
0.340849,3.445408
0.340794,3.445598
0.340738,3.445408
0.340683,3.445598
0.340627,3.445598
0.340572,3.445598
0.340517,3.445598
0.340461,3.445598
0.340406,3.445598
0.340350,3.445408
0.340295,3.445598
0.340240,3.445598
0.340184,3.445598
0.340129,3.445598
0.340074,3.445408
0.340018,3.445598
0.339963,3.445408
0.339907,3.445598
0.339852,3.445598
0.339797,3.445598
0.339741,3.445598
0.339686,3.445598
0.339630,3.445598
0.339575,3.445598
0.339520,3.445598
0.339464,3.445598
0.339409,3.445598
0.339353,3.445598
0.339298,3.445598
0.339243,3.445408
0.339187,3.445598
0.339132,3.445598
0.339076,3.445598
0.339021,3.445408
0.338966,3.445408
0.338910,3.445598
0.338855,3.445598
0.338799,3.445598
0.338744,3.445598
0.338689,3.445598
0.338633,3.445598
0.338578,3.445598
0.338522,3.445598
0.338467,3.445598
0.338412,3.445598
0.338356,3.445598
0.338301,3.445598
0.338245,3.445598
0.338190,3.445598
0.338135,3.445598
0.338079,3.445598
0.338024,3.445598
0.337968,3.445598
0.337913,3.445598
0.337858,3.445598
0.337802,3.445598
0.337747,3.445598
0.337692,3.445598
0.337636,3.445408
0.337581,3.445598
0.337525,3.445598
0.337470,3.445598
0.337415,3.445598
0.337359,3.445598
0.337304,3.445598
0.337248,3.445598
0.337193,3.445598
0.337138,3.445598
0.337082,3.445598
0.337027,3.445598
0.336971,3.445598
0.336916,3.445598
0.336861,3.445598
0.336805,3.445598
0.336750,3.445598
0.336694,3.445598
0.336639,3.445598
0.336584,3.445598
0.336528,3.445598
0.336473,3.445598
0.336417,3.445598
0.336362,3.445598
0.336307,3.445598
0.336251,3.445598
0.336196,3.445598
0.336140,3.445598
0.336085,3.445598
0.336030,3.445598
0.335974,3.445598
0.335919,3.445598
0.335863,3.445598
0.335808,3.445598
0.335753,3.445598
0.335697,3.445789
0.335642,3.445598
0.335586,3.445598
0.335531,3.445598
0.335476,3.445598
0.335420,3.445598
0.335365,3.445598
0.335309,3.445598
0.335254,3.445598
0.335199,3.445598
0.335143,3.445598
0.335088,3.445598
0.335033,3.445598
0.334977,3.445598
0.334922,3.445598
0.334866,3.445598
0.334811,3.445598
0.334756,3.445598
0.334700,3.445598
0.334645,3.445598
0.334589,3.445598
0.334534,3.445598
0.334479,3.445598
0.334423,3.445598
0.334368,3.445598
0.334312,3.445598
0.334257,3.445598
0.334202,3.445598
0.334146,3.445598
0.334091,3.445598
0.334035,3.445598
0.333980,3.445598
0.333925,3.445598
0.333869,3.445598
0.333814,3.445598
0.333758,3.445598
0.333703,3.445598
0.333648,3.445598
0.333592,3.445598
0.333537,3.445598
0.333481,3.445598
0.333426,3.445598
0.333371,3.445598
0.333315,3.445598
0.333260,3.445598
0.333204,3.445598
0.333149,3.445598
0.333094,3.445598
0.333038,3.445598
0.332983,3.445598
0.332927,3.445598
0.332872,3.445598
0.332817,3.445789
0.332761,3.445598
0.332706,3.445598
0.332651,3.445598
0.332595,3.445598
0.332540,3.445598
0.332484,3.445598
0.332429,3.445598
0.332374,3.445789
0.332318,3.445789
0.332263,3.445598
0.332207,3.445789
0.332152,3.445598
0.332097,3.445598
0.332041,3.445598
0.331986,3.445598
0.331930,3.445598
0.331875,3.445598
0.331820,3.445598
0.331764,3.445598
0.331709,3.445598
0.331653,3.445789
0.331598,3.445598
0.331543,3.445598
0.331487,3.445598
0.331432,3.445598
0.331376,3.445598
0.331321,3.445598
0.331266,3.445789
0.331210,3.445598
0.331155,3.445598
0.331099,3.445598
0.331044,3.445598
0.330989,3.445789
0.330933,3.445598
0.330878,3.445598
0.330822,3.445598
0.330767,3.445789
0.330712,3.445598
0.330656,3.445598
0.330601,3.445789
0.330546,3.445789
0.330490,3.445598
0.330435,3.445789
0.330379,3.445598
0.330324,3.445789
0.330269,3.445789
0.330213,3.445598
0.330158,3.445598
0.330102,3.445789
0.330047,3.445598
0.329992,3.445789
0.329936,3.445598
0.329881,3.445789
0.329825,3.445789
0.329770,3.445598
0.329715,3.445789
0.329659,3.445789
0.329604,3.445598
0.329548,3.445789
0.329493,3.445789
0.329438,3.445598
0.329382,3.445789
0.329327,3.445789
0.329271,3.445789
0.329216,3.445789
0.329161,3.445789
0.329105,3.445789
0.329050,3.445789
0.328994,3.445789
0.328939,3.445789
0.328884,3.445789
0.328828,3.445789
0.328773,3.445789
0.328717,3.445598
0.328662,3.445598
0.328607,3.445789
0.328551,3.445789
0.328496,3.445789
0.328440,3.445789
0.328385,3.445789
0.328330,3.445789
0.328274,3.445598
0.328219,3.445789
0.328164,3.445789
0.328108,3.445598
0.328053,3.445789
0.327997,3.445789
0.327942,3.445789
0.327887,3.445789
0.327831,3.445789
0.327776,3.445789
0.327720,3.445789
0.327665,3.445598
0.327610,3.445789
0.327554,3.445789
0.327499,3.445789
0.327443,3.445789
0.327388,3.445789
0.327333,3.445789
0.327277,3.445789
0.327222,3.445789
0.327166,3.445789
0.327111,3.445789
0.327056,3.445789
0.327000,3.445789
0.326945,3.445789
0.326889,3.445789
0.326834,3.445789
0.326779,3.445789
0.326723,3.445789
0.326668,3.445789
0.326612,3.445789
0.326557,3.445789
0.326502,3.445789
0.326446,3.445789
0.326391,3.445789
0.326335,3.445789
0.326280,3.445789
0.326225,3.445789
0.326169,3.445789
0.326114,3.445789
0.326058,3.445789
0.326003,3.445789
0.325948,3.445789
0.325892,3.445598
0.325837,3.445789
0.325782,3.445789
0.325726,3.445789
0.325671,3.445789
0.325615,3.445789
0.325560,3.445789
0.325505,3.445789
0.325449,3.445789
0.325394,3.445789
0.325338,3.445789
0.325283,3.445789
0.325228,3.445789
0.325172,3.445789
0.325117,3.445789
0.325061,3.445789
0.325006,3.445789
0.324951,3.445789
0.324895,3.445789
0.324840,3.445789
0.324784,3.445789
0.324729,3.445789
0.324674,3.445789
0.324618,3.445789
0.324563,3.445789
0.324507,3.445789
0.324452,3.445789
0.324397,3.445789
0.324341,3.445789
0.324286,3.445789
0.324230,3.445789
0.324175,3.445789
0.324120,3.445789
0.324064,3.445789
0.324009,3.445789
0.323953,3.445789
0.323898,3.445789
0.323843,3.445789
0.323787,3.445789
0.323732,3.445979
0.323676,3.445789
0.323621,3.445789
0.323566,3.445789
0.323510,3.445789
0.323455,3.445789
0.323400,3.445789
0.323344,3.445789
0.323289,3.445789
0.323233,3.445789
0.323178,3.445789
0.323123,3.445789
0.323067,3.445789
0.323012,3.445789
0.322956,3.445789
0.322901,3.445789
0.322846,3.445789
0.322790,3.445789
0.322735,3.445789
0.322679,3.445789
0.322624,3.445789
0.322569,3.445789
0.322513,3.445789
0.322458,3.445789
0.322402,3.445789
0.322347,3.445789
0.322292,3.445789
0.322236,3.445789
0.322181,3.445789
0.322125,3.445789
0.322070,3.445789
0.322015,3.445789
0.321959,3.445789
0.321904,3.445789
0.321848,3.445789
0.321793,3.445789
0.321738,3.445789
0.321682,3.445789
0.321627,3.445789
0.321571,3.445789
0.321516,3.445789
0.321461,3.445789
0.321405,3.445789
0.321350,3.445979
0.321294,3.445789
0.321239,3.445789
0.321184,3.445789
0.321128,3.445789
0.321073,3.445789
0.321018,3.445789
0.320962,3.445789
0.320907,3.445789
0.320851,3.445979
0.320796,3.445979
0.320741,3.445979
0.320685,3.445979
0.320630,3.445789
0.320574,3.445789
0.320519,3.445789
0.320464,3.445789
0.320408,3.445789
0.320353,3.445789
0.320297,3.445789
0.320242,3.445789
0.320187,3.445789
0.320131,3.445789
0.320076,3.445979
0.320020,3.445789
0.319965,3.445789
0.319910,3.445979
0.319854,3.445789
0.319799,3.445789
0.319743,3.445789
0.319688,3.445979
0.319633,3.445789
0.319577,3.445789
0.319522,3.445789
0.319466,3.445979
0.319411,3.445789
0.319356,3.445789
0.319300,3.445789
0.319245,3.445979
0.319189,3.445979
0.319134,3.445979
0.319079,3.445789
0.319023,3.445789
0.318968,3.445789
0.318912,3.445979
0.318857,3.445979
0.318802,3.445979
0.318746,3.445979
0.318691,3.445789
0.318636,3.445789
0.318580,3.445789
0.318525,3.445979
0.318469,3.445979
0.318414,3.445789
0.318359,3.445979
0.318303,3.445789
0.318248,3.445979
0.318192,3.445789
0.318137,3.445979
0.318082,3.445979
0.318026,3.445979
0.317971,3.445979
0.317915,3.445979
0.317860,3.445979
0.317805,3.445789
0.317749,3.445979
0.317694,3.445979
0.317638,3.445789
0.317583,3.445979
0.317528,3.445979
0.317472,3.445789
0.317417,3.445979
0.317361,3.445979
0.317306,3.445979
0.317251,3.445979
0.317195,3.445979
0.317140,3.445979
0.317084,3.445979
0.317029,3.445979
0.316974,3.445979
0.316918,3.445979
0.316863,3.445979
0.316807,3.445979
0.316752,3.445979
0.316697,3.445979
0.316641,3.445979
0.316586,3.445979
0.316530,3.445979
0.316475,3.445979
0.316420,3.445979
0.316364,3.445979
0.316309,3.445979
0.316254,3.445979
0.316198,3.445979
0.316143,3.445979
0.316087,3.445979
0.316032,3.445979
0.315977,3.445979
0.315921,3.445979
0.315866,3.445979
0.315810,3.445979
0.315755,3.445979
0.315700,3.445979
0.315644,3.445979
0.315589,3.445979
0.315533,3.445979
0.315478,3.445979
0.315423,3.445979
0.315367,3.445979
0.315312,3.445979
0.315256,3.445979
0.315201,3.445979
0.315146,3.445979
0.315090,3.445979
0.315035,3.445979
0.314979,3.445979
0.314924,3.445979
0.314869,3.445979
0.314813,3.445979
0.314758,3.445979
0.314702,3.445979
0.314647,3.445979
0.314592,3.445979
0.314536,3.445979
0.314481,3.445979
0.314425,3.445979
0.314370,3.445979
0.314315,3.445979
0.314259,3.445979
0.314204,3.445979
0.314148,3.445979
0.314093,3.445979
0.314038,3.445979
0.313982,3.445979
0.313927,3.445979
0.313872,3.445979
0.313816,3.445979
0.313761,3.445979
0.313705,3.445979
0.313650,3.445979
0.313595,3.445979
0.313539,3.445979
0.313484,3.445979
0.313428,3.445979
0.313373,3.445979
0.313318,3.445979
0.313262,3.445979
0.313207,3.445979
0.313151,3.445979
0.313096,3.445979
0.313041,3.445979
0.312985,3.445979
0.312930,3.445979
0.312874,3.445979
0.312819,3.445979
0.312764,3.445979
0.312708,3.445979
0.312653,3.445979
0.312597,3.445979
0.312542,3.445979
0.312487,3.445979
0.312431,3.445979
0.312376,3.445979
0.312320,3.445979
0.312265,3.445979
0.312210,3.445979
0.312154,3.445979
0.312099,3.445979
0.312043,3.445979
0.311988,3.445979
0.311933,3.445979
0.311877,3.445979
0.311822,3.445979
0.311766,3.445979
0.311711,3.445979
0.311656,3.445979
0.311600,3.445979
0.311545,3.445979
0.311489,3.445979
0.311434,3.445979
0.311379,3.445979
0.311323,3.445979
0.311268,3.445979
0.311213,3.445979
0.311157,3.445979
0.311102,3.445979
0.311046,3.445979
0.310991,3.445979
0.310936,3.445979
0.310880,3.445979
0.310825,3.445979
0.310769,3.445979
0.310714,3.445979
0.310659,3.445979
0.310603,3.445979
0.310548,3.445979
0.310492,3.445979
0.310437,3.445979
0.310382,3.445979
0.310326,3.445979
0.310271,3.445979
0.310215,3.445979
0.310160,3.446170
0.310105,3.445979
0.310049,3.445979
0.309994,3.445979
0.309938,3.445979
0.309883,3.446170
0.309828,3.445979
0.309772,3.445979
0.309717,3.445979
0.309661,3.445979
0.309606,3.445979
0.309551,3.445979
0.309495,3.446170
0.309440,3.446170
0.309384,3.446170
0.309329,3.446170
0.309274,3.446170
0.309218,3.445979
0.309163,3.445979
0.309107,3.445979
0.309052,3.445979
0.308997,3.445979
0.308941,3.445979
0.308886,3.445979
0.308831,3.446170
0.308775,3.445979
0.308720,3.445979
0.308664,3.446170
0.308609,3.446170
0.308554,3.445979
0.308498,3.445979
0.308443,3.445979
0.308387,3.445979
0.308332,3.446170
0.308277,3.445979
0.308221,3.445979
0.308166,3.445979
0.308110,3.445979
0.308055,3.446170
0.308000,3.445979
0.307944,3.445979
0.307889,3.446170
0.307833,3.445979
0.307778,3.446170
0.307723,3.445979
0.307667,3.446170
0.307612,3.446170
0.307556,3.446170
0.307501,3.446170
0.307446,3.445979
0.307390,3.446170
0.307335,3.445979
0.307279,3.445979
0.307224,3.445979
0.307169,3.446170
0.307113,3.446170
0.307058,3.445979
0.307002,3.445979
0.306947,3.445979
0.306892,3.446170
0.306836,3.446170
0.306781,3.446170
0.306725,3.445979
0.306670,3.446170
0.306615,3.446170
0.306559,3.446170
0.306504,3.445979
0.306449,3.446170
0.306393,3.445979
0.306338,3.445979
0.306282,3.446170
0.306227,3.446170
0.306172,3.445979
0.306116,3.446170
0.306061,3.446170
0.306005,3.446170
0.305950,3.446170
0.305895,3.446170
0.305839,3.446170
0.305784,3.445979
0.305728,3.446170
0.305673,3.446170
0.305618,3.446170
0.305562,3.446170
0.305507,3.446170
0.305451,3.446170
0.305396,3.445979
0.305341,3.446170
0.305285,3.446170
0.305230,3.446170
0.305174,3.446170
0.305119,3.446170
0.305064,3.445979
0.305008,3.446170
0.304953,3.446170
0.304897,3.446170
0.304842,3.446170
0.304787,3.446170
0.304731,3.446170
0.304676,3.446170
0.304620,3.446170
0.304565,3.446170
0.304510,3.446170
0.304454,3.446170
0.304399,3.446170
0.304343,3.446170
0.304288,3.446170
0.304233,3.446170
0.304177,3.446170
0.304122,3.446170
0.304067,3.446170
0.304011,3.445979
0.303956,3.446170
0.303900,3.446170
0.303845,3.446170
0.303790,3.446170
0.303734,3.446170
0.303679,3.446170
0.303623,3.446170
0.303568,3.446170
0.303513,3.446170
0.303457,3.446170
0.303402,3.446170
0.303346,3.446170
0.303291,3.446170
0.303236,3.446170
0.303180,3.446170
0.303125,3.446170
0.303069,3.446170
0.303014,3.446170
0.302959,3.446170
0.302903,3.446170
0.302848,3.446170
0.302792,3.446170
0.302737,3.446170
0.302682,3.446170
0.302626,3.446170
0.302571,3.446170
0.302515,3.446170
0.302460,3.446170
0.302405,3.446170
0.302349,3.446170
0.302294,3.446170
0.302238,3.446170
0.302183,3.446170
0.302128,3.446170
0.302072,3.446170
0.302017,3.446170
0.301961,3.446170
0.301906,3.446170
0.301851,3.446170
0.301795,3.446170
0.301740,3.446170
0.301685,3.446170
0.301629,3.446170
0.301574,3.446170
0.301518,3.446170
0.301463,3.446170
0.301408,3.446170
0.301352,3.446170
0.301297,3.446170
0.301241,3.446170
0.301186,3.446170
0.301131,3.446170
0.301075,3.446170
0.301020,3.446170
0.300964,3.446170
0.300909,3.446170
0.300854,3.446170
0.300798,3.446170
0.300743,3.446170
0.300687,3.446170
0.300632,3.446170
0.300577,3.446170
0.300521,3.446170
0.300466,3.446170
0.300410,3.446170
0.300355,3.446170
0.300300,3.446170
0.300244,3.446170
0.300189,3.446170
0.300133,3.446170
0.300078,3.446170
0.300023,3.446170
0.299967,3.446170
0.299912,3.446170
0.299856,3.446170
0.299801,3.446170
0.299746,3.446170
0.299690,3.446170
0.299635,3.446170
0.299579,3.446170
0.299524,3.446170
0.299469,3.446170
0.299413,3.446170
0.299358,3.446170
0.299303,3.446170
0.299247,3.446170
0.299192,3.446170
0.299136,3.446170
0.299081,3.446170
0.299026,3.446170
0.298970,3.446170
0.298915,3.446170
0.298859,3.446170
0.298804,3.446170
0.298749,3.446170
0.298693,3.446170
0.298638,3.446170
0.298582,3.446170
0.298527,3.446170
0.298472,3.446170
0.298416,3.446170
0.298361,3.446170
0.298305,3.446170
0.298250,3.446170
0.298195,3.446170
0.298139,3.446170
0.298084,3.446170
0.298028,3.446170
0.297973,3.446170
0.297918,3.446170
0.297862,3.446170
0.297807,3.446170
0.297751,3.446360
0.297696,3.446170
0.297641,3.446170
0.297585,3.446170
0.297530,3.446360
0.297474,3.446170
0.297419,3.446170
0.297364,3.446170
0.297308,3.446170
0.297253,3.446170
0.297197,3.446170
0.297142,3.446170
0.297087,3.446360
0.297031,3.446360
0.296976,3.446170
0.296920,3.446170
0.296865,3.446360
0.296810,3.446360
0.296754,3.446170
0.296699,3.446170
0.296644,3.446360
0.296588,3.446170
0.296533,3.446360
0.296477,3.446360
0.296422,3.446360
0.296367,3.446170
0.296311,3.446170
0.296256,3.446360
0.296200,3.446360
0.296145,3.446360
0.296090,3.446360
0.296034,3.446170
0.295979,3.446360
0.295923,3.446360
0.295868,3.446170
0.295813,3.446360
0.295757,3.446170
0.295702,3.446360
0.295646,3.446170
0.295591,3.446170
0.295536,3.446360
0.295480,3.446360
0.295425,3.446360
0.295369,3.446170
0.295314,3.446170
0.295259,3.446360
0.295203,3.446170
0.295148,3.446360
0.295092,3.446360
0.295037,3.446360
0.294982,3.446360
0.294926,3.446170
0.294871,3.446170
0.294815,3.446360
0.294760,3.446170
0.294705,3.446360
0.294649,3.446360
0.294594,3.446360
0.294538,3.446360
0.294483,3.446360
0.294428,3.446360
0.294372,3.446360
0.294317,3.446360
0.294262,3.446360
0.294206,3.446360
0.294151,3.446360
0.294095,3.446360
0.294040,3.446360
0.293985,3.446360
0.293929,3.446360
0.293874,3.446360
0.293818,3.446360
0.293763,3.446360
0.293708,3.446360
0.293652,3.446360
0.293597,3.446170
0.293541,3.446360
0.293486,3.446360
0.293431,3.446360
0.293375,3.446360
0.293320,3.446360
0.293264,3.446360
0.293209,3.446360
0.293154,3.446360
0.293098,3.446360
0.293043,3.446360
0.292987,3.446360
0.292932,3.446360
0.292877,3.446360
0.292821,3.446360
0.292766,3.446360
0.292710,3.446360
0.292655,3.446360
0.292600,3.446360
0.292544,3.446360
0.292489,3.446360
0.292433,3.446360
0.292378,3.446360
0.292323,3.446360
0.292267,3.446360
0.292212,3.446360
0.292156,3.446360
0.292101,3.446360
0.292046,3.446360
0.291990,3.446360
0.291935,3.446360
0.291880,3.446360
0.291824,3.446360
0.291769,3.446360
0.291713,3.446360
0.291658,3.446360
0.291603,3.446360
0.291547,3.446360
0.291492,3.446360
0.291436,3.446360
0.291381,3.446360
0.291326,3.446360
0.291270,3.446360
0.291215,3.446360
0.291159,3.446360
0.291104,3.446360
0.291049,3.446360
0.290993,3.446360
0.290938,3.446360
0.290882,3.446360
0.290827,3.446360
0.290772,3.446360
0.290716,3.446360
0.290661,3.446360
0.290605,3.446360
0.290550,3.446360
0.290495,3.446360
0.290439,3.446360
0.290384,3.446360
0.290328,3.446360
0.290273,3.446360
0.290218,3.446360
0.290162,3.446360
0.290107,3.446360
0.290051,3.446360
0.289996,3.446360
0.289941,3.446360
0.289885,3.446360
0.289830,3.446360
0.289774,3.446360
0.289719,3.446360
0.289664,3.446360
0.289608,3.446360
0.289553,3.446360
0.289497,3.446360
0.289442,3.446360
0.289387,3.446360
0.289331,3.446360
0.289276,3.446360
0.289221,3.446360
0.289165,3.446360
0.289110,3.446360
0.289054,3.446360
0.288999,3.446360
0.288944,3.446360
0.288888,3.446360
0.288833,3.446360
0.288777,3.446360
0.288722,3.446360
0.288667,3.446360
0.288611,3.446360
0.288556,3.446360
0.288500,3.446360
0.288445,3.446551
0.288390,3.446360
0.288334,3.446360
0.288279,3.446360
0.288223,3.446360
0.288168,3.446360
0.288113,3.446360
0.288057,3.446360
0.288002,3.446360
0.287946,3.446360
0.287891,3.446360
0.287836,3.446360
0.287780,3.446360
0.287725,3.446360
0.287669,3.446360
0.287614,3.446551
0.287559,3.446360
0.287503,3.446360
0.287448,3.446360
0.287392,3.446360
0.287337,3.446360
0.287282,3.446360
0.287226,3.446360
0.287171,3.446360
0.287115,3.446360
0.287060,3.446360
0.287005,3.446360
0.286949,3.446360
0.286894,3.446360
0.286839,3.446360
0.286783,3.446360
0.286728,3.446360
0.286672,3.446360
0.286617,3.446360
0.286562,3.446551
0.286506,3.446360
0.286451,3.446360
0.286395,3.446360
0.286340,3.446360
0.286285,3.446360
0.286229,3.446551
0.286174,3.446360
0.286118,3.446551
0.286063,3.446551
0.286008,3.446360
0.285952,3.446551
0.285897,3.446360
0.285841,3.446360
0.285786,3.446360
0.285731,3.446360
0.285675,3.446551
0.285620,3.446360
0.285564,3.446551
0.285509,3.446360
0.285454,3.446360
0.285398,3.446360
0.285343,3.446360
0.285287,3.446360
0.285232,3.446360
0.285177,3.446360
0.285121,3.446551
0.285066,3.446551
0.285010,3.446360
0.284955,3.446360
0.284900,3.446360
0.284844,3.446360
0.284789,3.446360
0.284733,3.446551
0.284678,3.446551
0.284623,3.446551
0.284567,3.446551
0.284512,3.446551
0.284457,3.446360
0.284401,3.446551
0.284346,3.446551
0.284290,3.446551
0.284235,3.446360
0.284180,3.446551
0.284124,3.446551
0.284069,3.446360
0.284013,3.446551
0.283958,3.446551
0.283903,3.446551
0.283847,3.446551
0.283792,3.446551
0.283736,3.446551
0.283681,3.446551
0.283626,3.446360
0.283570,3.446551
0.283515,3.446360
0.283459,3.446551
0.283404,3.446551
0.283349,3.446551
0.283293,3.446551
0.283238,3.446551
0.283182,3.446551
0.283127,3.446551
0.283072,3.446551
0.283016,3.446551
0.282961,3.446551
0.282905,3.446551
0.282850,3.446551
0.282795,3.446551
0.282739,3.446551
0.282684,3.446551
0.282628,3.446360
0.282573,3.446551
0.282518,3.446551
0.282462,3.446551
0.282407,3.446551
0.282351,3.446551
0.282296,3.446551
0.282241,3.446551
0.282185,3.446551
0.282130,3.446551
0.282075,3.446551
0.282019,3.446551
0.281964,3.446551
0.281908,3.446551
0.281853,3.446551
0.281798,3.446551
0.281742,3.446551
0.281687,3.446551
0.281631,3.446551
0.281576,3.446551
0.281521,3.446551
0.281465,3.446551
0.281410,3.446551
0.281354,3.446551
0.281299,3.446551
0.281244,3.446551
0.281188,3.446551
0.281133,3.446551
0.281077,3.446551
0.281022,3.446551
0.280967,3.446551
0.280911,3.446551
0.280856,3.446551
0.280800,3.446551
0.280745,3.446551
0.280690,3.446551
0.280634,3.446551
0.280579,3.446551
0.280523,3.446551
0.280468,3.446551
0.280413,3.446551
0.280357,3.446551
0.280302,3.446551
0.280246,3.446551
0.280191,3.446551
0.280136,3.446551
0.280080,3.446551
0.280025,3.446551
0.279969,3.446551
0.279914,3.446551
0.279859,3.446551
0.279803,3.446551
0.279748,3.446551
0.279692,3.446551
0.279637,3.446551
0.279582,3.446551
0.279526,3.446551
0.279471,3.446551
0.279416,3.446551
0.279360,3.446551
0.279305,3.446551
0.279249,3.446551
0.279194,3.446551
0.279139,3.446551
0.279083,3.446551
0.279028,3.446551
0.278972,3.446551
0.278917,3.446551
0.278862,3.446551
0.278806,3.446551
0.278751,3.446551
0.278695,3.446551
0.278640,3.446551
0.278585,3.446551
0.278529,3.446551
0.278474,3.446551
0.278418,3.446551
0.278363,3.446551
0.278308,3.446551
0.278252,3.446551
0.278197,3.446551
0.278141,3.446551
0.278086,3.446551
0.278031,3.446551
0.277975,3.446551
0.277920,3.446551
0.277864,3.446551
0.277809,3.446551
0.277754,3.446551
0.277698,3.446551
0.277643,3.446551
0.277587,3.446551
0.277532,3.446551
0.277477,3.446551
0.277421,3.446551
0.277366,3.446551
0.277310,3.446551
0.277255,3.446551
0.277200,3.446742
0.277144,3.446551
0.277089,3.446551
0.277034,3.446551
0.276978,3.446551
0.276923,3.446551
0.276867,3.446551
0.276812,3.446551
0.276757,3.446551
0.276701,3.446551
0.276646,3.446551
0.276590,3.446551
0.276535,3.446551
0.276480,3.446551
0.276424,3.446551
0.276369,3.446551
0.276313,3.446551
0.276258,3.446551
0.276203,3.446551
0.276147,3.446551
0.276092,3.446551
0.276036,3.446551
0.275981,3.446742
0.275926,3.446551
0.275870,3.446551
0.275815,3.446551
0.275759,3.446551
0.275704,3.446551
0.275649,3.446551
0.275593,3.446551
0.275538,3.446551
0.275482,3.446551
0.275427,3.446551
0.275372,3.446551
0.275316,3.446551
0.275261,3.446551
0.275205,3.446742
0.275150,3.446551
0.275095,3.446742
0.275039,3.446551
0.274984,3.446551
0.274928,3.446551
0.274873,3.446742
0.274818,3.446551
0.274762,3.446551
0.274707,3.446742
0.274652,3.446742
0.274596,3.446742
0.274541,3.446551
0.274485,3.446551
0.274430,3.446551
0.274375,3.446551
0.274319,3.446742
0.274264,3.446742
0.274208,3.446551
0.274153,3.446551
0.274098,3.446551
0.274042,3.446742
0.273987,3.446742
0.273931,3.446742
0.273876,3.446742
0.273821,3.446551
0.273765,3.446742
0.273710,3.446551
0.273654,3.446742
0.273599,3.446742
0.273544,3.446742
0.273488,3.446742
0.273433,3.446742
0.273377,3.446742
0.273322,3.446742
0.273267,3.446551
0.273211,3.446742
0.273156,3.446742
0.273100,3.446551
0.273045,3.446742
0.272990,3.446551
0.272934,3.446742
0.272879,3.446742
0.272823,3.446742
0.272768,3.446742
0.272713,3.446742
0.272657,3.446742
0.272602,3.446742
0.272546,3.446551
0.272491,3.446742
0.272436,3.446742
0.272380,3.446742
0.272325,3.446742
0.272269,3.446742
0.272214,3.446742
0.272159,3.446742
0.272103,3.446742
0.272048,3.446742
0.271993,3.446742
0.271937,3.446742
0.271882,3.446742
0.271826,3.446742
0.271771,3.446742
0.271716,3.446742
0.271660,3.446742
0.271605,3.446742
0.271549,3.446742
0.271494,3.446742
0.271439,3.446551
0.271383,3.446742
0.271328,3.446742
0.271272,3.446742
0.271217,3.446551
0.271162,3.446742
0.271106,3.446742
0.271051,3.446742
0.270995,3.446742
0.270940,3.446742
0.270885,3.446742
0.270829,3.446742
0.270774,3.446742
0.270718,3.446742
0.270663,3.446742
0.270608,3.446742
0.270552,3.446742
0.270497,3.446742
0.270441,3.446742
0.270386,3.446742
0.270331,3.446742
0.270275,3.446742
0.270220,3.446742
0.270164,3.446742
0.270109,3.446742
0.270054,3.446742
0.269998,3.446742
0.269943,3.446742
0.269887,3.446742
0.269832,3.446742
0.269777,3.446742
0.269721,3.446742
0.269666,3.446742
0.269611,3.446742
0.269555,3.446742
0.269500,3.446742
0.269444,3.446742
0.269389,3.446742
0.269334,3.446742
0.269278,3.446742
0.269223,3.446742
0.269167,3.446742
0.269112,3.446742
0.269057,3.446742
0.269001,3.446742
0.268946,3.446742
0.268890,3.446742
0.268835,3.446742
0.268780,3.446742
0.268724,3.446742
0.268669,3.446742
0.268613,3.446742
0.268558,3.446742
0.268503,3.446742
0.268447,3.446742
0.268392,3.446742
0.268336,3.446742
0.268281,3.446742
0.268226,3.446742
0.268170,3.446742
0.268115,3.446742
0.268059,3.446742
0.268004,3.446742
0.267949,3.446742
0.267893,3.446742
0.267838,3.446742
0.267782,3.446742
0.267727,3.446742
0.267672,3.446742
0.267616,3.446742
0.267561,3.446742
0.267505,3.446742
0.267450,3.446742
0.267395,3.446742
0.267339,3.446742
0.267284,3.446742
0.267229,3.446742
0.267173,3.446742
0.267118,3.446742
0.267062,3.446742
0.267007,3.446742
0.266952,3.446742
0.266896,3.446742
0.266841,3.446742
0.266785,3.446742
0.266730,3.446742
0.266675,3.446742
0.266619,3.446742
0.266564,3.446742
0.266508,3.446742
0.266453,3.446742
0.266398,3.446742
0.266342,3.446742
0.266287,3.446742
0.266231,3.446742
0.266176,3.446742
0.266121,3.446742
0.266065,3.446742
0.266010,3.446742
0.265954,3.446742
0.265899,3.446742
0.265844,3.446742
0.265788,3.446932
0.265733,3.446742
0.265677,3.446932
0.265622,3.446742
0.265567,3.446742
0.265511,3.446742
0.265456,3.446742
0.265400,3.446742
0.265345,3.446742
0.265290,3.446742
0.265234,3.446742
0.265179,3.446742
0.265123,3.446742
0.265068,3.446742
0.265013,3.446742
0.264957,3.446932
0.264902,3.446742
0.264847,3.446742
0.264791,3.446742
0.264736,3.446742
0.264680,3.446742
0.264625,3.446742
0.264570,3.446742
0.264514,3.446742
0.264459,3.446742
0.264403,3.446742
0.264348,3.446932
0.264293,3.446742
0.264237,3.446742
0.264182,3.446742
0.264126,3.446932
0.264071,3.446742
0.264016,3.446742
0.263960,3.446742
0.263905,3.446932
0.263849,3.446742
0.263794,3.446742
0.263739,3.446932
0.263683,3.446742
0.263628,3.446742
0.263572,3.446932
0.263517,3.446742
0.263462,3.446742
0.263406,3.446742
0.263351,3.446742
0.263295,3.446742
0.263240,3.446742
0.263185,3.446742
0.263129,3.446742
0.263074,3.446932
0.263018,3.446932
0.262963,3.446932
0.262908,3.446742
0.262852,3.446932
0.262797,3.446742
0.262741,3.446742
0.262686,3.446742
0.262631,3.446742
0.262575,3.446932
0.262520,3.446932
0.262465,3.446742
0.262409,3.446932
0.262354,3.446932
0.262298,3.446932
0.262243,3.446742
0.262188,3.446932
0.262132,3.446742
0.262077,3.446742
0.262021,3.446742
0.261966,3.446742
0.261911,3.446932
0.261855,3.446742
0.261800,3.446932
0.261744,3.446932
0.261689,3.446932
0.261634,3.446932
0.261578,3.446932
0.261523,3.446932
0.261467,3.446932
0.261412,3.446742
0.261357,3.446932
0.261301,3.446742
0.261246,3.446932
0.261190,3.446932
0.261135,3.446932
0.261080,3.446932
0.261024,3.446932
0.260969,3.446932
0.260913,3.446932
0.260858,3.446932
0.260803,3.446932
0.260747,3.446932
0.260692,3.446932
0.260636,3.446932
0.260581,3.446932
0.260526,3.446932
0.260470,3.446932
0.260415,3.446932
0.260359,3.446932
0.260304,3.446932
0.260249,3.446932
0.260193,3.446932
0.260138,3.446932
0.260083,3.446932
0.260027,3.446932
0.259972,3.446932
0.259916,3.446932
0.259861,3.446932
0.259806,3.446932
0.259750,3.446932
0.259695,3.446932
0.259639,3.446932
0.259584,3.446932
0.259529,3.446932
0.259473,3.446932
0.259418,3.446932
0.259362,3.446932
0.259307,3.446932
0.259252,3.446932
0.259196,3.446932
0.259141,3.446932
0.259085,3.446932
0.259030,3.446932
0.258975,3.446932
0.258919,3.446932
0.258864,3.446932
0.258808,3.446932
0.258753,3.446932
0.258698,3.446932
0.258642,3.447123
0.258587,3.447123
0.258531,3.447123
0.258476,3.446932
0.258421,3.446932
0.258365,3.447123
0.258310,3.446932
0.258254,3.446932
0.258199,3.446932
0.258144,3.446932
0.258088,3.446932
0.258033,3.447123
0.257977,3.446932
0.257922,3.446932
0.257867,3.446932
0.257811,3.446932
0.257756,3.446932
0.257701,3.446932
0.257645,3.446932
0.257590,3.446932
0.257534,3.447123
0.257479,3.446932
0.257424,3.446932
0.257368,3.446932
0.257313,3.446932
0.257257,3.447123
0.257202,3.446932
0.257147,3.447123
0.257091,3.446932
0.257036,3.446932
0.256980,3.446932
0.256925,3.447123
0.256870,3.446932
0.256814,3.447123
0.256759,3.447123
0.256703,3.447123
0.256648,3.447123
0.256593,3.446932
0.256537,3.446932
0.256482,3.447123
0.256426,3.446932
0.256371,3.447123
0.256316,3.446932
0.256260,3.447123
0.256205,3.447123
0.256149,3.447123
0.256094,3.447123
0.256039,3.447123
0.255983,3.447123
0.255928,3.447123
0.255872,3.447123
0.255817,3.447123
0.255762,3.446932
0.255706,3.447123
0.255651,3.447123
0.255595,3.447123
0.255540,3.447123
0.255485,3.446932
0.255429,3.447123
0.255374,3.446932
0.255318,3.447123
0.255263,3.446932
0.255208,3.446932
0.255152,3.446932
0.255097,3.447123
0.255042,3.447123
0.254986,3.447123
0.254931,3.446932
0.254875,3.447123
0.254820,3.447123
0.254765,3.447123
0.254709,3.447123
0.254654,3.447123
0.254598,3.447123
0.254543,3.447123
0.254488,3.447123
0.254432,3.447123
0.254377,3.447123
0.254321,3.447123
0.254266,3.447123
0.254211,3.446932
0.254155,3.447123
0.254100,3.447123
0.254044,3.447123
0.253989,3.447123
0.253934,3.447123
0.253878,3.447123
0.253823,3.447123
0.253767,3.447123
0.253712,3.447123
0.253657,3.447123
0.253601,3.447123
0.253546,3.447123
0.253490,3.447123
0.253435,3.447123
0.253380,3.447123
0.253324,3.447123
0.253269,3.447123
0.253213,3.447123
0.253158,3.447123
0.253103,3.447123
0.253047,3.447123
0.252992,3.447123
0.252936,3.447123
0.252881,3.447123
0.252826,3.447123
0.252770,3.447123
0.252715,3.447313
0.252660,3.447123
0.252604,3.447123
0.252549,3.447123
0.252493,3.447123
0.252438,3.447123
0.252383,3.447123
0.252327,3.447313
0.252272,3.447123
0.252216,3.447123
0.252161,3.447123
0.252106,3.447123
0.252050,3.447123
0.251995,3.447123
0.251939,3.447123
0.251884,3.447123
0.251829,3.447123
0.251773,3.447123
0.251718,3.447123
0.251662,3.447123
0.251607,3.447123
0.251552,3.447123
0.251496,3.447123
0.251441,3.447313
0.251385,3.447123
0.251330,3.447123
0.251275,3.447123
0.251219,3.447123
0.251164,3.447123
0.251108,3.447313
0.251053,3.447123
0.250998,3.447123
0.250942,3.447123
0.250887,3.447123
0.250831,3.447313
0.250776,3.447123
0.250721,3.447313
0.250665,3.447123
0.250610,3.447313
0.250554,3.447313
0.250499,3.447123
0.250444,3.447123
0.250388,3.447313
0.250333,3.447313
0.250277,3.447123
0.250222,3.447313
0.250167,3.447313
0.250111,3.447123
0.250056,3.447313
0.250001,3.447313
0.249945,3.447313
0.249890,3.447313
0.249834,3.447313
0.249779,3.447123
0.249724,3.447313
0.249668,3.447313
0.249613,3.447313
0.249557,3.447313
0.249502,3.447313
0.249447,3.447313
0.249391,3.447313
0.249336,3.447313
0.249280,3.447313
0.249225,3.447313
0.249170,3.447313
0.249114,3.447313
0.249059,3.447313
0.249003,3.447313
0.248948,3.447313
0.248893,3.447313
0.248837,3.447313
0.248782,3.447313
0.248726,3.447313
0.248671,3.447313
0.248616,3.447313
0.248560,3.447313
0.248505,3.447313
0.248449,3.447313
0.248394,3.447313
0.248339,3.447123
0.248283,3.447313
0.248228,3.447313
0.248172,3.447313
0.248117,3.447313
0.248062,3.447313
0.248006,3.447313
0.247951,3.447313
0.247895,3.447123
0.247840,3.447313
0.247785,3.447313
0.247729,3.447313
0.247674,3.447313
0.247619,3.447313
0.247563,3.447313
0.247508,3.447313
0.247452,3.447313
0.247397,3.447313
0.247342,3.447313
0.247286,3.447313
0.247231,3.447313
0.247175,3.447313
0.247120,3.447313
0.247065,3.447504
0.247009,3.447313
0.246954,3.447313
0.246898,3.447313
0.246843,3.447313
0.246788,3.447313
0.246732,3.447313
0.246677,3.447313
0.246621,3.447313
0.246566,3.447313
0.246511,3.447313
0.246455,3.447313
0.246400,3.447313
0.246344,3.447313
0.246289,3.447313
0.246234,3.447313
0.246178,3.447313
0.246123,3.447313
0.246067,3.447313
0.246012,3.447313
0.245957,3.447313
0.245901,3.447313
0.245846,3.447313
0.245790,3.447313
0.245735,3.447313
0.245680,3.447313
0.245624,3.447313
0.245569,3.447313
0.245513,3.447313
0.245458,3.447313
0.245403,3.447313
0.245347,3.447313
0.245292,3.447313
0.245236,3.447313
0.245181,3.447313
0.245126,3.447313
0.245070,3.447313
0.245015,3.447313
0.244960,3.447313
0.244904,3.447313
0.244849,3.447313
0.244793,3.447313
0.244738,3.447313
0.244683,3.447504
0.244627,3.447313
0.244572,3.447313
0.244516,3.447313
0.244461,3.447313
0.244406,3.447313
0.244350,3.447313
0.244295,3.447504
0.244239,3.447504
0.244184,3.447313
0.244129,3.447313
0.244073,3.447504
0.244018,3.447313
0.243962,3.447504
0.243907,3.447313
0.243852,3.447313
0.243796,3.447313
0.243741,3.447313
0.243685,3.447504
0.243630,3.447313
0.243575,3.447504
0.243519,3.447313
0.243464,3.447504
0.243408,3.447504
0.243353,3.447313
0.243298,3.447313
0.243242,3.447313
0.243187,3.447313
0.243131,3.447313
0.243076,3.447504
0.243021,3.447313
0.242965,3.447504
0.242910,3.447504
0.242854,3.447504
0.242799,3.447504
0.242744,3.447504
0.242688,3.447313
0.242633,3.447504
0.242578,3.447313
0.242522,3.447504
0.242467,3.447504
0.242411,3.447313
0.242356,3.447504
0.242301,3.447504
0.242245,3.447504
0.242190,3.447313
0.242134,3.447504
0.242079,3.447504
0.242024,3.447504
0.241968,3.447504
0.241913,3.447504
0.241857,3.447504
0.241802,3.447504
0.241747,3.447313
0.241691,3.447504
0.241636,3.447504
0.241580,3.447504
0.241525,3.447504
0.241470,3.447504
0.241414,3.447504
0.241359,3.447313
0.241303,3.447504
0.241248,3.447504
0.241193,3.447504
0.241137,3.447504
0.241082,3.447504
0.241026,3.447504
0.240971,3.447504
0.240916,3.447504
0.240860,3.447504
0.240805,3.447504
0.240749,3.447504
0.240694,3.447504
0.240639,3.447504
0.240583,3.447504
0.240528,3.447504
0.240472,3.447504
0.240417,3.447504
0.240362,3.447504
0.240306,3.447504
0.240251,3.447504
0.240195,3.447504
0.240140,3.447504
0.240085,3.447504
0.240029,3.447504
0.239974,3.447504
0.239919,3.447504
0.239863,3.447504
0.239808,3.447504
0.239752,3.447504
0.239697,3.447504
0.239642,3.447504
0.239586,3.447504
0.239531,3.447504
0.239475,3.447504
0.239420,3.447504
0.239365,3.447504
0.239309,3.447504
0.239254,3.447504
0.239198,3.447504
0.239143,3.447504
0.239088,3.447504
0.239032,3.447504
0.238977,3.447504
0.238921,3.447504
0.238866,3.447504
0.238811,3.447504
0.238755,3.447504
0.238700,3.447504
0.238644,3.447504
0.238589,3.447504
0.238534,3.447504
0.238478,3.447504
0.238423,3.447504
0.238367,3.447504
0.238312,3.447504
0.238257,3.447504
0.238201,3.447504
0.238146,3.447504
0.238090,3.447504
0.238035,3.447504
0.237980,3.447504
0.237924,3.447504
0.237869,3.447504
0.237813,3.447504
0.237758,3.447504
0.237703,3.447504
0.237647,3.447504
0.237592,3.447504
0.237537,3.447504
0.237481,3.447504
0.237426,3.447504
0.237370,3.447504
0.237315,3.447504
0.237260,3.447504
0.237204,3.447504
0.237149,3.447504
0.237093,3.447504
0.237038,3.447504
0.236983,3.447504
0.236927,3.447504
0.236872,3.447504
0.236816,3.447504
0.236761,3.447504
0.236706,3.447504
0.236650,3.447504
0.236595,3.447504
0.236539,3.447504
0.236484,3.447504
0.236429,3.447504
0.236373,3.447504
0.236318,3.447504
0.236262,3.447504
0.236207,3.447504
0.236152,3.447694
0.236096,3.447504
0.236041,3.447504
0.235985,3.447504
0.235930,3.447504
0.235875,3.447504
0.235819,3.447504
0.235764,3.447504
0.235708,3.447504
0.235653,3.447504
0.235598,3.447504
0.235542,3.447694
0.235487,3.447504
0.235431,3.447504
0.235376,3.447504
0.235321,3.447694
0.235265,3.447504
0.235210,3.447504
0.235154,3.447504
0.235099,3.447694
0.235044,3.447694
0.234988,3.447694
0.234933,3.447694
0.234878,3.447504
0.234822,3.447694
0.234767,3.447694
0.234711,3.447694
0.234656,3.447694
0.234601,3.447694
0.234545,3.447694
0.234490,3.447694
0.234434,3.447504
0.234379,3.447694
0.234324,3.447504
0.234268,3.447694
0.234213,3.447694
0.234157,3.447504
0.234102,3.447694
0.234047,3.447694
0.233991,3.447694
0.233936,3.447694
0.233880,3.447504
0.233825,3.447694
0.233770,3.447694
0.233714,3.447694
0.233659,3.447694
0.233603,3.447694
0.233548,3.447694
0.233493,3.447694
0.233437,3.447694
0.233382,3.447694
0.233326,3.447694
0.233271,3.447694
0.233216,3.447694
0.233160,3.447694
0.233105,3.447504
0.233049,3.447694
0.232994,3.447694
0.232939,3.447504
0.232883,3.447694
0.232828,3.447694
0.232772,3.447694
0.232717,3.447694
0.232662,3.447694
0.232606,3.447504
0.232551,3.447694
0.232495,3.447694
0.232440,3.447694
0.232385,3.447694
0.232329,3.447694
0.232274,3.447694
0.232219,3.447694
0.232163,3.447694
0.232108,3.447694
0.232052,3.447694
0.231997,3.447694
0.231942,3.447694
0.231886,3.447694
0.231831,3.447694
0.231775,3.447694
0.231720,3.447694
0.231665,3.447694
0.231609,3.447694
0.231554,3.447504
0.231498,3.447694
0.231443,3.447694
0.231388,3.447504
0.231332,3.447694
0.231277,3.447694
0.231221,3.447694
0.231166,3.447694
0.231111,3.447694
0.231055,3.447504
0.231000,3.447694
0.230944,3.447694
0.230889,3.447694
0.230834,3.447694
0.230778,3.447694
0.230723,3.447694
0.230667,3.447694
0.230612,3.447694
0.230557,3.447694
0.230501,3.447694
0.230446,3.447694
0.230390,3.447694
0.230335,3.447694
0.230280,3.447694
0.230224,3.447694
0.230169,3.447694
0.230113,3.447694
0.230058,3.447694
0.230003,3.447694
0.229947,3.447694
0.229892,3.447694
0.229837,3.447694
0.229781,3.447694
0.229726,3.447694
0.229670,3.447694
0.229615,3.447694
0.229560,3.447694
0.229504,3.447694
0.229449,3.447694
0.229393,3.447694
0.229338,3.447694
0.229283,3.447694
0.229227,3.447694
0.229172,3.447694
0.229116,3.447694
0.229061,3.447694
0.229006,3.447694
0.228950,3.447694
0.228895,3.447694
0.228839,3.447694
0.228784,3.447694
0.228729,3.447694
0.228673,3.447694
0.228618,3.447694
0.228562,3.447694
0.228507,3.447694
0.228452,3.447694
0.228396,3.447694
0.228341,3.447694
0.228285,3.447694
0.228230,3.447694
0.228175,3.447694
0.228119,3.447694
0.228064,3.447694
0.228008,3.447694
0.227953,3.447694
0.227898,3.447694
0.227842,3.447694
0.227787,3.447885
0.227731,3.447694
0.227676,3.447694
0.227621,3.447694
0.227565,3.447694
0.227510,3.447694
0.227455,3.447694
0.227399,3.447694
0.227344,3.447694
0.227288,3.447694
0.227233,3.447694
0.227178,3.447694
0.227122,3.447694
0.227067,3.447694
0.227011,3.447694
0.226956,3.447885
0.226901,3.447694
0.226845,3.447694
0.226790,3.447694
0.226734,3.447694
0.226679,3.447885
0.226624,3.447694
0.226568,3.447694
0.226513,3.447694
0.226457,3.447694
0.226402,3.447694
0.226347,3.447694
0.226291,3.447694
0.226236,3.447694
0.226180,3.447694
0.226125,3.447694
0.226070,3.447694
0.226014,3.447694
0.225959,3.447694
0.225903,3.447885
0.225848,3.447694
0.225793,3.447885
0.225737,3.447885
0.225682,3.447694
0.225626,3.447694
0.225571,3.447694
0.225516,3.447694
0.225460,3.447885
0.225405,3.447694
0.225349,3.447694
0.225294,3.447885
0.225239,3.447885
0.225183,3.447694
0.225128,3.447885
0.225072,3.447694
0.225017,3.447694
0.224962,3.447694
0.224906,3.447694
0.224851,3.447885
0.224796,3.447885
0.224740,3.447885
0.224685,3.447885
0.224629,3.447885
0.224574,3.447694
0.224519,3.447885
0.224463,3.447885
0.224408,3.447885
0.224352,3.447885
0.224297,3.447885
0.224242,3.447694
0.224186,3.447885
0.224131,3.447885
0.224075,3.447885
0.224020,3.447885
0.223965,3.447885
0.223909,3.447694
0.223854,3.447885
0.223798,3.447885
0.223743,3.447885
0.223688,3.447885
0.223632,3.447694
0.223577,3.447694
0.223521,3.447694
0.223466,3.447885
0.223411,3.447885
0.223355,3.447885
0.223300,3.447885
0.223244,3.447885
0.223189,3.447694
0.223134,3.447885
0.223078,3.447885
0.223023,3.447885
0.222967,3.447885
0.222912,3.447885
0.222857,3.447885
0.222801,3.447885
0.222746,3.447885
0.222690,3.447885
0.222635,3.447885
0.222580,3.447885
0.222524,3.447885
0.222469,3.447885
0.222414,3.447885
0.222358,3.447885
0.222303,3.447885
0.222247,3.447885
0.222192,3.447885
0.222137,3.447885
0.222081,3.447885
0.222026,3.447885
0.221970,3.447885
0.221915,3.447885
0.221860,3.447885
0.221804,3.447885
0.221749,3.447885
0.221693,3.447885
0.221638,3.447885
0.221583,3.447885
0.221527,3.447885
0.221472,3.447885
0.221416,3.447885
0.221361,3.447885
0.221306,3.447885
0.221250,3.447885
0.221195,3.447885
0.221139,3.447885
0.221084,3.447885
0.221029,3.447885
0.220973,3.447885
0.220918,3.447885
0.220862,3.447885
0.220807,3.447885
0.220752,3.447885
0.220696,3.447885
0.220641,3.447885
0.220585,3.447885
0.220530,3.447885
0.220475,3.447885
0.220419,3.447885
0.220364,3.447885
0.220308,3.447885
0.220253,3.447885
0.220198,3.447885
0.220142,3.447885
0.220087,3.447885
0.220031,3.447885
0.219976,3.447885
0.219921,3.447885
0.219865,3.447885
0.219810,3.447885
0.219755,3.447885
0.219699,3.447885
0.219644,3.447885
0.219588,3.447885
0.219533,3.447885
0.219478,3.447885
0.219422,3.447885
0.219367,3.447885
0.219311,3.447885
0.219256,3.447885
0.219201,3.447885
0.219145,3.447885
0.219090,3.447885
0.219034,3.447885
0.218979,3.447885
0.218924,3.447885
0.218868,3.447885
0.218813,3.447885
0.218757,3.447885
0.218702,3.447885
0.218647,3.447885
0.218591,3.447885
0.218536,3.447885
0.218480,3.447885
0.218425,3.447885
0.218370,3.447885
0.218314,3.447885
0.218259,3.447885
0.218203,3.447885
0.218148,3.447885
0.218093,3.447885
0.218037,3.447885
0.217982,3.447885
0.217926,3.447885
0.217871,3.448076
0.217816,3.447885
0.217760,3.447885
0.217705,3.447885
0.217649,3.447885
0.217594,3.447885
0.217539,3.447885
0.217483,3.447885
0.217428,3.447885
0.217373,3.447885
0.217317,3.447885
0.217262,3.447885
0.217206,3.447885
0.217151,3.447885
0.217096,3.447885
0.217040,3.447885
0.216985,3.448076
0.216929,3.447885
0.216874,3.447885
0.216819,3.447885
0.216763,3.448076
0.216708,3.447885
0.216652,3.448076
0.216597,3.447885
0.216542,3.447885
0.216486,3.447885
0.216431,3.447885
0.216375,3.448076
0.216320,3.447885
0.216265,3.448076
0.216209,3.447885
0.216154,3.447885
0.216098,3.447885
0.216043,3.448076
0.215988,3.447885
0.215932,3.447885
0.215877,3.448076
0.215821,3.448076
0.215766,3.448076
0.215711,3.447885
0.215655,3.448076
0.215600,3.448076
0.215544,3.447885
0.215489,3.448076
0.215434,3.447885
0.215378,3.448076
0.215323,3.448076
0.215267,3.447885
0.215212,3.448076
0.215157,3.448076
0.215101,3.448076
0.215046,3.448076
0.214991,3.448076
0.214935,3.447885
0.214880,3.448076
0.214824,3.448076
0.214769,3.448076
0.214714,3.447885
0.214658,3.448076
0.214603,3.447885
0.214547,3.447885
0.214492,3.447885
0.214437,3.448076
0.214381,3.448076
0.214326,3.448076
0.214270,3.448076
0.214215,3.448076
0.214160,3.448076
0.214104,3.448076
0.214049,3.448076
0.213993,3.448076
0.213938,3.448076
0.213883,3.447885
0.213827,3.448076
0.213772,3.448076
0.213716,3.448076
0.213661,3.448076
0.213606,3.448076
0.213550,3.448076
0.213495,3.448076
0.213439,3.448076
0.213384,3.448076
0.213329,3.448076
0.213273,3.448076
0.213218,3.448076
0.213162,3.447885
0.213107,3.448076
0.213052,3.448076
0.212996,3.448076
0.212941,3.448076
0.212885,3.448076
0.212830,3.448076
0.212775,3.448076
0.212719,3.448076
0.212664,3.448076
0.212608,3.448076
0.212553,3.448076
0.212498,3.448076
0.212442,3.448076
0.212387,3.448076
0.212332,3.448076
0.212276,3.448076
0.212221,3.448076
0.212165,3.448076
0.212110,3.448076
0.212055,3.448076
0.211999,3.448076
0.211944,3.448076
0.211888,3.448076
0.211833,3.448076
0.211778,3.448076
0.211722,3.448076
0.211667,3.448076
0.211611,3.448076
0.211556,3.448076
0.211501,3.448076
0.211445,3.448076
0.211390,3.448076
0.211334,3.448076
0.211279,3.448076
0.211224,3.448076
0.211168,3.448076
0.211113,3.448076
0.211057,3.448076
0.211002,3.448076
0.210947,3.448076
0.210891,3.448076
0.210836,3.448076
0.210780,3.448076
0.210725,3.448076
0.210670,3.448076
0.210614,3.448076
0.210559,3.448076
0.210503,3.448076
0.210448,3.448076
0.210393,3.448076
0.210337,3.448076
0.210282,3.448076
0.210226,3.448076
0.210171,3.448076
0.210116,3.448076
0.210060,3.448076
0.210005,3.448076
0.209950,3.448076
0.209894,3.448076
0.209839,3.448076
0.209783,3.448076
0.209728,3.448076
0.209673,3.448076
0.209617,3.448076
0.209562,3.448076
0.209506,3.448076
0.209451,3.448076
0.209396,3.448076
0.209340,3.448076
0.209285,3.448076
0.209229,3.448076
0.209174,3.448076
0.209119,3.448076
0.209063,3.448076
0.209008,3.448076
0.208952,3.448076
0.208897,3.448076
0.208842,3.448076
0.208786,3.448076
0.208731,3.448076
0.208675,3.448076
0.208620,3.448076
0.208565,3.448076
0.208509,3.448076
0.208454,3.448076
0.208398,3.448076
0.208343,3.448266
0.208288,3.448076
0.208232,3.448076
0.208177,3.448076
0.208121,3.448076
0.208066,3.448076
0.208011,3.448266
0.207955,3.448076
0.207900,3.448076
0.207844,3.448076
0.207789,3.448266
0.207734,3.448076
0.207678,3.448076
0.207623,3.448076
0.207568,3.448266
0.207512,3.448076
0.207457,3.448076
0.207401,3.448076
0.207346,3.448076
0.207291,3.448076
0.207235,3.448266
0.207180,3.448076
0.207124,3.448076
0.207069,3.448076
0.207014,3.448076
0.206958,3.448076
0.206903,3.448076
0.206847,3.448266
0.206792,3.448076
0.206737,3.448076
0.206681,3.448076
0.206626,3.448266
0.206570,3.448266
0.206515,3.448266
0.206460,3.448076
0.206404,3.448266
0.206349,3.448076
0.206293,3.448076
0.206238,3.448266
0.206183,3.448076
0.206127,3.448076
0.206072,3.448266
0.206016,3.448266
0.205961,3.448266
0.205906,3.448076
0.205850,3.448076
0.205795,3.448076
0.205739,3.448266
0.205684,3.448266
0.205629,3.448076
0.205573,3.448076
0.205518,3.448076
0.205462,3.448266
0.205407,3.448266
0.205352,3.448266
0.205296,3.448076
0.205241,3.448076
0.205185,3.448266
0.205130,3.448266
0.205075,3.448266
0.205019,3.448076
0.204964,3.448266
0.204909,3.448266
0.204853,3.448076
0.204798,3.448266
0.204742,3.448076
0.204687,3.448266
0.204632,3.448266
0.204576,3.448266
0.204521,3.448266
0.204465,3.448266
0.204410,3.448266
0.204355,3.448266
0.204299,3.448266
0.204244,3.448266
0.204188,3.448266
0.204133,3.448266
0.204078,3.448266
0.204022,3.448076
0.203967,3.448076
0.203911,3.448266
0.203856,3.448076
0.203801,3.448266
0.203745,3.448266
0.203690,3.448266
0.203634,3.448266
0.203579,3.448266
0.203524,3.448266
0.203468,3.448266
0.203413,3.448266
0.203357,3.448266
0.203302,3.448266
0.203247,3.448076
0.203191,3.448266
0.203136,3.448266
0.203080,3.448266
0.203025,3.448266
0.202970,3.448266
0.202914,3.448266
0.202859,3.448266
0.202803,3.448266
0.202748,3.448076
0.202693,3.448266
0.202637,3.448266
0.202582,3.448266
0.202527,3.448266
0.202471,3.448266
0.202416,3.448266
0.202360,3.448266
0.202305,3.448266
0.202250,3.448266
0.202194,3.448266
0.202139,3.448266
0.202083,3.448266
0.202028,3.448266
0.201973,3.448266
0.201917,3.448266
0.201862,3.448266
0.201806,3.448266
0.201751,3.448266
0.201696,3.448266
0.201640,3.448266
0.201585,3.448266
0.201529,3.448266
0.201474,3.448266
0.201419,3.448266
0.201363,3.448266
0.201308,3.448266
0.201252,3.448266
0.201197,3.448266
0.201142,3.448266
0.201086,3.448266
0.201031,3.448266
0.200975,3.448266
0.200920,3.448266
0.200865,3.448266
0.200809,3.448266
0.200754,3.448266
0.200698,3.448266
0.200643,3.448266
0.200588,3.448266
0.200532,3.448266
0.200477,3.448266
0.200421,3.448266
0.200366,3.448266
0.200311,3.448266
0.200255,3.448266
0.200200,3.448266
0.200144,3.448266
0.200089,3.448266
0.200034,3.448266
0.199978,3.448266
0.199923,3.448266
0.199868,3.448266
0.199812,3.448266
0.199757,3.448266
0.199701,3.448266
0.199646,3.448266
0.199591,3.448266
0.199535,3.448266
0.199480,3.448266
0.199424,3.448266
0.199369,3.448266
0.199314,3.448266
0.199258,3.448266
0.199203,3.448266
0.199147,3.448266
0.199092,3.448266
0.199037,3.448266
0.198981,3.448266
0.198926,3.448266
0.198870,3.448266
0.198815,3.448266
0.198760,3.448266
0.198704,3.448266
0.198649,3.448266
0.198593,3.448266
0.198538,3.448266
0.198483,3.448266
0.198427,3.448266
0.198372,3.448266
0.198316,3.448266
0.198261,3.448266
0.198206,3.448266
0.198150,3.448266
0.198095,3.448266
0.198039,3.448266
0.197984,3.448266
0.197929,3.448266
0.197873,3.448266
0.197818,3.448266
0.197762,3.448266
0.197707,3.448266
0.197652,3.448266
0.197596,3.448266
0.197541,3.448266
0.197486,3.448266
0.197430,3.448266
0.197375,3.448266
0.197319,3.448266
0.197264,3.448266
0.197209,3.448266
0.197153,3.448266
0.197098,3.448266
0.197042,3.448266
0.196987,3.448266
0.196932,3.448266
0.196876,3.448266
0.196821,3.448266
0.196765,3.448266
0.196710,3.448266
0.196655,3.448266
0.196599,3.448266
0.196544,3.448266
0.196488,3.448266
0.196433,3.448266
0.196378,3.448266
0.196322,3.448266
0.196267,3.448266
0.196211,3.448266
0.196156,3.448266
0.196101,3.448266
0.196045,3.448266
0.195990,3.448266
0.195934,3.448266
0.195879,3.448266
0.195824,3.448266
0.195768,3.448266
0.195713,3.448266
0.195657,3.448266
0.195602,3.448266
0.195547,3.448266
0.195491,3.448266
0.195436,3.448266
0.195380,3.448266
0.195325,3.448266
0.195270,3.448266
0.195214,3.448266
0.195159,3.448266
0.195103,3.448266
0.195048,3.448266
0.194993,3.448266
0.194937,3.448266
0.194882,3.448266
0.194827,3.448266
0.194771,3.448266
0.194716,3.448266
0.194660,3.448266
0.194605,3.448266
0.194550,3.448266
0.194494,3.448266
0.194439,3.448266
0.194383,3.448266
0.194328,3.448266
0.194273,3.448266
0.194217,3.448266
0.194162,3.448266
0.194106,3.448266
0.194051,3.448266
0.193996,3.448266
0.193940,3.448266
0.193885,3.448266
0.193829,3.448266
0.193774,3.448266
0.193719,3.448266
0.193663,3.448266
0.193608,3.448266
0.193552,3.448266
0.193497,3.448266
0.193442,3.448266
0.193386,3.448266
0.193331,3.448266
0.193275,3.448266
0.193220,3.448266
0.193165,3.448266
0.193109,3.448266
0.193054,3.448266
0.192998,3.448266
0.192943,3.448266
0.192888,3.448266
0.192832,3.448266
0.192777,3.448457
0.192721,3.448266
0.192666,3.448266
0.192611,3.448266
0.192555,3.448457
0.192500,3.448266
0.192445,3.448266
0.192389,3.448266
0.192334,3.448457
0.192278,3.448266
0.192223,3.448266
0.192168,3.448457
0.192112,3.448266
0.192057,3.448457
0.192001,3.448266
0.191946,3.448457
0.191891,3.448266
0.191835,3.448266
0.191780,3.448266
0.191724,3.448457
0.191669,3.448266
0.191614,3.448266
0.191558,3.448457
0.191503,3.448457
0.191447,3.448266
0.191392,3.448266
0.191337,3.448266
0.191281,3.448266
0.191226,3.448266
0.191170,3.448266
0.191115,3.448266
0.191060,3.448266
0.191004,3.448266
0.190949,3.448457
0.190893,3.448266
0.190838,3.448457
0.190783,3.448266
0.190727,3.448266
0.190672,3.448457
0.190616,3.448266
0.190561,3.448457
0.190506,3.448266
0.190450,3.448457
0.190395,3.448266
0.190339,3.448457
0.190284,3.448457
0.190229,3.448266
0.190173,3.448457
0.190118,3.448457
0.190063,3.448457
0.190007,3.448266
0.189952,3.448457
0.189896,3.448266
0.189841,3.448457
0.189786,3.448266
0.189730,3.448457
0.189675,3.448457
0.189619,3.448457
0.189564,3.448266
0.189509,3.448266
0.189453,3.448457
0.189398,3.448457
0.189342,3.448457
0.189287,3.448457
0.189232,3.448457
0.189176,3.448457
0.189121,3.448457
0.189065,3.448457
0.189010,3.448457
0.188955,3.448457
0.188899,3.448457
0.188844,3.448457
0.188788,3.448457
0.188733,3.448457
0.188678,3.448457
0.188622,3.448457
0.188567,3.448457
0.188511,3.448457
0.188456,3.448457
0.188401,3.448457
0.188345,3.448457
0.188290,3.448457
0.188234,3.448457
0.188179,3.448457
0.188124,3.448457
0.188068,3.448457
0.188013,3.448457
0.187957,3.448457
0.187902,3.448457
0.187847,3.448457
0.187791,3.448457
0.187736,3.448266
0.187680,3.448457
0.187625,3.448457
0.187570,3.448457
0.187514,3.448457
0.187459,3.448457
0.187404,3.448457
0.187348,3.448457
0.187293,3.448457
0.187237,3.448457
0.187182,3.448457
0.187127,3.448457
0.187071,3.448457
0.187016,3.448457
0.186960,3.448457
0.186905,3.448457
0.186850,3.448457
0.186794,3.448457
0.186739,3.448457
0.186683,3.448457
0.186628,3.448457
0.186573,3.448457
0.186517,3.448457
0.186462,3.448457
0.186406,3.448457
0.186351,3.448647
0.186296,3.448457
0.186240,3.448457
0.186185,3.448457
0.186129,3.448457
0.186074,3.448457
0.186019,3.448457
0.185963,3.448457
0.185908,3.448457
0.185852,3.448457
0.185797,3.448457
0.185742,3.448457
0.185686,3.448457
0.185631,3.448457
0.185575,3.448457
0.185520,3.448457
0.185465,3.448457
0.185409,3.448457
0.185354,3.448457
0.185298,3.448457
0.185243,3.448457
0.185188,3.448457
0.185132,3.448647
0.185077,3.448457
0.185022,3.448457
0.184966,3.448457
0.184911,3.448647
0.184855,3.448457
0.184800,3.448457
0.184745,3.448457
0.184689,3.448457
0.184634,3.448457
0.184578,3.448647
0.184523,3.448457
0.184468,3.448457
0.184412,3.448457
0.184357,3.448457
0.184301,3.448457
0.184246,3.448457
0.184191,3.448647
0.184135,3.448457
0.184080,3.448457
0.184024,3.448457
0.183969,3.448457
0.183914,3.448457
0.183858,3.448457
0.183803,3.448457
0.183747,3.448457
0.183692,3.448647
0.183637,3.448647
0.183581,3.448457
0.183526,3.448647
0.183470,3.448457
0.183415,3.448647
0.183360,3.448457
0.183304,3.448457
0.183249,3.448457
0.183193,3.448647
0.183138,3.448647
0.183083,3.448647
0.183027,3.448457
0.182972,3.448647
0.182916,3.448647
0.182861,3.448457
0.182806,3.448647
0.182750,3.448647
0.182695,3.448647
0.182640,3.448457
0.182584,3.448647
0.182529,3.448647
0.182473,3.448647
0.182418,3.448647
0.182363,3.448647
0.182307,3.448457
0.182252,3.448647
0.182196,3.448457
0.182141,3.448457
0.182086,3.448457
0.182030,3.448647
0.181975,3.448457
0.181919,3.448647
0.181864,3.448647
0.181809,3.448647
0.181753,3.448647
0.181698,3.448647
0.181642,3.448647
0.181587,3.448647
0.181532,3.448647
0.181476,3.448647
0.181421,3.448647
0.181365,3.448647
0.181310,3.448647
0.181255,3.448647
0.181199,3.448647
0.181144,3.448647
0.181088,3.448647
0.181033,3.448647
0.180978,3.448647
0.180922,3.448647
0.180867,3.448647
0.180811,3.448647
0.180756,3.448647
0.180701,3.448647
0.180645,3.448647
0.180590,3.448647
0.180534,3.448647
0.180479,3.448647
0.180424,3.448647
0.180368,3.448647
0.180313,3.448647
0.180258,3.448647
0.180202,3.448838
0.180147,3.448647
0.180091,3.448457
0.180036,3.448647
0.179981,3.448647
0.179925,3.448647
0.179870,3.448647
0.179814,3.448647
0.179759,3.448647
0.179704,3.448647
0.179648,3.448647
0.179593,3.448647
0.179537,3.448647
0.179482,3.448647
0.179427,3.448647
0.179371,3.448647
0.179316,3.448647
0.179260,3.448647
0.179205,3.448647
0.179150,3.448647
0.179094,3.448647
0.179039,3.448647
0.178983,3.448647
0.178928,3.448647
0.178873,3.448647
0.178817,3.448647
0.178762,3.448647
0.178706,3.448647
0.178651,3.448647
0.178596,3.448647
0.178540,3.448647
0.178485,3.448647
0.178429,3.448647
0.178374,3.448647
0.178319,3.448647
0.178263,3.448647
0.178208,3.448647
0.178152,3.448647
0.178097,3.448647
0.178042,3.448647
0.177986,3.448647
0.177931,3.448647
0.177876,3.448647
0.177820,3.448647
0.177765,3.448838
0.177709,3.448647
0.177654,3.448647
0.177599,3.448647
0.177543,3.448647
0.177488,3.448838
0.177432,3.448647
0.177377,3.448647
0.177322,3.448647
0.177266,3.448647
0.177211,3.448838
0.177155,3.448647
0.177100,3.448838
0.177045,3.448647
0.176989,3.448647
0.176934,3.448647
0.176878,3.448647
0.176823,3.448647
0.176768,3.448647
0.176712,3.448647
0.176657,3.448838
0.176601,3.448647
0.176546,3.448838
0.176491,3.448647
0.176435,3.448647
0.176380,3.448647
0.176324,3.448647
0.176269,3.448647
0.176214,3.448838
0.176158,3.448647
0.176103,3.448838
0.176047,3.448838
0.175992,3.448838
0.175937,3.448838
0.175881,3.448647
0.175826,3.448647
0.175770,3.448838
0.175715,3.448838
0.175660,3.448838
0.175604,3.448838
0.175549,3.448838
0.175494,3.448838
0.175438,3.448647
0.175383,3.448838
0.175327,3.448838
0.175272,3.448838
0.175217,3.448647
0.175161,3.448647
0.175106,3.448838
0.175050,3.448647
0.174995,3.448838
0.174940,3.448838
0.174884,3.448647
0.174829,3.448647
0.174773,3.448838
0.174718,3.448838
0.174663,3.448838
0.174607,3.448838
0.174552,3.448838
0.174496,3.448838
0.174441,3.448647
0.174386,3.448838
0.174330,3.448647
0.174275,3.448838
0.174219,3.448838
0.174164,3.448838
0.174109,3.448838
0.174053,3.448838
0.173998,3.448838
0.173942,3.448838
0.173887,3.448838
0.173832,3.448838
0.173776,3.448838
0.173721,3.448838
0.173665,3.448838
0.173610,3.448838
0.173555,3.448838
0.173499,3.448838
0.173444,3.448838
0.173388,3.448838
0.173333,3.448838
0.173278,3.448838
0.173222,3.448838
0.173167,3.448838
0.173111,3.448838
0.173056,3.448838
0.173001,3.448838
0.172945,3.448838
0.172890,3.448838
0.172835,3.448838
0.172779,3.448838
0.172724,3.448838
0.172668,3.448838
0.172613,3.448838
0.172558,3.448838
0.172502,3.448838
0.172447,3.448838
0.172391,3.448838
0.172336,3.448838
0.172281,3.448838
0.172225,3.448838
0.172170,3.448838
0.172114,3.448838
0.172059,3.448838
0.172004,3.448838
0.171948,3.448838
0.171893,3.448838
0.171837,3.448838
0.171782,3.448838
0.171727,3.448838
0.171671,3.448838
0.171616,3.448838
0.171560,3.448838
0.171505,3.448838
0.171450,3.448838
0.171394,3.448838
0.171339,3.448838
0.171283,3.448838
0.171228,3.448838
0.171173,3.448838
0.171117,3.448838
0.171062,3.448838
0.171006,3.448838
0.170951,3.448838
0.170896,3.448838
0.170840,3.448838
0.170785,3.448838
0.170729,3.448838
0.170674,3.448838
0.170619,3.448838
0.170563,3.448838
0.170508,3.448838
0.170453,3.448838
0.170397,3.448838
0.170342,3.449028
0.170286,3.448838
0.170231,3.448838
0.170176,3.448838
0.170120,3.448838
0.170065,3.448838
0.170009,3.448838
0.169954,3.448838
0.169899,3.448838
0.169843,3.448838
0.169788,3.449028
0.169732,3.448838
0.169677,3.448838
0.169622,3.449028
0.169566,3.448838
0.169511,3.449028
0.169455,3.449028
0.169400,3.448838
0.169345,3.448838
0.169289,3.449028
0.169234,3.448838
0.169178,3.448838
0.169123,3.448838
0.169068,3.449028
0.169012,3.449028
0.168957,3.448838
0.168901,3.448838
0.168846,3.448838
0.168791,3.449028
0.168735,3.449028
0.168680,3.449028
0.168624,3.449028
0.168569,3.449028
0.168514,3.449028
0.168458,3.449028
0.168403,3.449028
0.168347,3.449028
0.168292,3.449028
0.168237,3.449028
0.168181,3.449028
0.168126,3.449028
0.168071,3.449028
0.168015,3.449028
0.167960,3.448838
0.167904,3.449028
0.167849,3.449028
0.167794,3.449028
0.167738,3.449028
0.167683,3.449028
0.167627,3.449028
0.167572,3.449028
0.167517,3.448838
0.167461,3.449028
0.167406,3.449028
0.167350,3.449028
0.167295,3.449028
0.167240,3.449028
0.167184,3.449028
0.167129,3.448838
0.167073,3.449028
0.167018,3.449028
0.166963,3.449028
0.166907,3.449028
0.166852,3.449028
0.166796,3.449028
0.166741,3.448838
0.166686,3.448838
0.166630,3.449028
0.166575,3.449028
0.166519,3.449028
0.166464,3.449028
0.166409,3.449028
0.166353,3.449028
0.166298,3.449028
0.166242,3.449028
0.166187,3.449028
0.166132,3.449028
0.166076,3.449028
0.166021,3.449028
0.165965,3.449028
0.165910,3.449028
0.165855,3.449028
0.165799,3.449028
0.165744,3.449028
0.165689,3.449028
0.165633,3.449028
0.165578,3.449028
0.165522,3.449028
0.165467,3.449028
0.165412,3.449028
0.165356,3.449028
0.165301,3.449028
0.165245,3.449028
0.165190,3.449028
0.165135,3.449028
0.165079,3.449028
0.165024,3.449028
0.164968,3.449028
0.164913,3.449028
0.164858,3.449028
0.164802,3.449028
0.164747,3.449219
0.164691,3.449028
0.164636,3.449028
0.164581,3.449028
0.164525,3.449028
0.164470,3.449028
0.164414,3.449028
0.164359,3.449028
0.164304,3.449028
0.164248,3.449028
0.164193,3.449219
0.164137,3.449028
0.164082,3.449028
0.164027,3.449219
0.163971,3.449028
0.163916,3.449028
0.163860,3.449028
0.163805,3.449028
0.163750,3.449028
0.163694,3.449028
0.163639,3.449028
0.163583,3.449028
0.163528,3.449028
0.163473,3.449028
0.163417,3.449028
0.163362,3.449219
0.163307,3.449028
0.163251,3.449028
0.163196,3.449219
0.163140,3.449028
0.163085,3.449028
0.163030,3.449028
0.162974,3.449028
0.162919,3.449028
0.162863,3.449028
0.162808,3.449028
0.162753,3.449219
0.162697,3.449028
0.162642,3.449219
0.162586,3.449219
0.162531,3.449028
0.162476,3.449028
0.162420,3.449219
0.162365,3.449028
0.162309,3.449028
0.162254,3.449028
0.162199,3.449028
0.162143,3.449028
0.162088,3.449028
0.162032,3.449028
0.161977,3.449028
0.161922,3.449219
0.161866,3.449028
0.161811,3.449028
0.161755,3.449028
0.161700,3.449219
0.161645,3.449219
0.161589,3.449219
0.161534,3.449028
0.161478,3.449028
0.161423,3.449219
0.161368,3.449219
0.161312,3.449219
0.161257,3.449219
0.161201,3.449219
0.161146,3.449028
0.161091,3.449219
0.161035,3.449219
0.160980,3.449028
0.160925,3.449219
0.160869,3.449219
0.160814,3.449219
0.160758,3.449219
0.160703,3.449219
0.160648,3.449219
0.160592,3.449219
0.160537,3.449219
0.160481,3.449219
0.160426,3.449219
0.160371,3.449219
0.160315,3.449219
0.160260,3.449219
0.160204,3.449219
0.160149,3.449219
0.160094,3.449219
0.160038,3.449219
0.159983,3.449219
0.159927,3.449028
0.159872,3.449219
0.159817,3.449219
0.159761,3.449219
0.159706,3.449219
0.159650,3.449219
0.159595,3.449219
0.159540,3.449219
0.159484,3.449219
0.159429,3.449219
0.159373,3.449219
0.159318,3.449219
0.159263,3.449219
0.159207,3.449219
0.159152,3.449219
0.159096,3.449219
0.159041,3.449219
0.158986,3.449219
0.158930,3.449219
0.158875,3.449219
0.158819,3.449219
0.158764,3.449219
0.158709,3.449219
0.158653,3.449219
0.158598,3.449219
0.158543,3.449219
0.158487,3.449219
0.158432,3.449219
0.158376,3.449219
0.158321,3.449219
0.158266,3.449219
0.158210,3.449219
0.158155,3.449219
0.158099,3.449219
0.158044,3.449219
0.157989,3.449219
0.157933,3.449219
0.157878,3.449219
0.157822,3.449219
0.157767,3.449219
0.157712,3.449219
0.157656,3.449219
0.157601,3.449219
0.157545,3.449219
0.157490,3.449219
0.157435,3.449219
0.157379,3.449219
0.157324,3.449219
0.157268,3.449219
0.157213,3.449219
0.157158,3.449219
0.157102,3.449219
0.157047,3.449219
0.156991,3.449219
0.156936,3.449219
0.156881,3.449219
0.156825,3.449219
0.156770,3.449219
0.156714,3.449219
0.156659,3.449219
0.156604,3.449219
0.156548,3.449219
0.156493,3.449219
0.156437,3.449219
0.156382,3.449219
0.156327,3.449219
0.156271,3.449219
0.156216,3.449219
0.156161,3.449219
0.156105,3.449219
0.156050,3.449219
0.155994,3.449219
0.155939,3.449219
0.155884,3.449219
0.155828,3.449219
0.155773,3.449219
0.155717,3.449219
0.155662,3.449219
0.155607,3.449219
0.155551,3.449219
0.155496,3.449410
0.155440,3.449219
0.155385,3.449219
0.155330,3.449219
0.155274,3.449410
0.155219,3.449219
0.155163,3.449219
0.155108,3.449410
0.155053,3.449219
0.154997,3.449410
0.154942,3.449410
0.154886,3.449219
0.154831,3.449219
0.154776,3.449219
0.154720,3.449219
0.154665,3.449219
0.154609,3.449219
0.154554,3.449219
0.154499,3.449410
0.154443,3.449410
0.154388,3.449410
0.154332,3.449219
0.154277,3.449219
0.154222,3.449219
0.154166,3.449410
0.154111,3.449219
0.154055,3.449410
0.154000,3.449219
0.153945,3.449410
0.153889,3.449410
0.153834,3.449410
0.153779,3.449219
0.153723,3.449410
0.153668,3.449219
0.153612,3.449410
0.153557,3.449410
0.153502,3.449410
0.153446,3.449410
0.153391,3.449410
0.153335,3.449410
0.153280,3.449219
0.153225,3.449410
0.153169,3.449410
0.153114,3.449410
0.153058,3.449410
0.153003,3.449410
0.152948,3.449410
0.152892,3.449410
0.152837,3.449410
0.152781,3.449410
0.152726,3.449410
0.152671,3.449410
0.152615,3.449410
0.152560,3.449410
0.152504,3.449410
0.152449,3.449410
0.152394,3.449410
0.152338,3.449410
0.152283,3.449410
0.152227,3.449410
0.152172,3.449410
0.152117,3.449410
0.152061,3.449410
0.152006,3.449410
0.151950,3.449410
0.151895,3.449410
0.151840,3.449410
0.151784,3.449410
0.151729,3.449410
0.151673,3.449410
0.151618,3.449410
0.151563,3.449410
0.151507,3.449410
0.151452,3.449410
0.151397,3.449410
0.151341,3.449410
0.151286,3.449410
0.151230,3.449410
0.151175,3.449410
0.151120,3.449410
0.151064,3.449410
0.151009,3.449410
0.150953,3.449410
0.150898,3.449410
0.150843,3.449410
0.150787,3.449410
0.150732,3.449410
0.150676,3.449410
0.150621,3.449410
0.150566,3.449410
0.150510,3.449600
0.150455,3.449410
0.150399,3.449410
0.150344,3.449410
0.150289,3.449410
0.150233,3.449410
0.150178,3.449410
0.150122,3.449410
0.150067,3.449410
0.150012,3.449410
0.149956,3.449410
0.149901,3.449410
0.149845,3.449410
0.149790,3.449600
0.149735,3.449410
0.149679,3.449410
0.149624,3.449410
0.149568,3.449410
0.149513,3.449410
0.149458,3.449600
0.149402,3.449410
0.149347,3.449410
0.149291,3.449410
0.149236,3.449410
0.149181,3.449410
0.149125,3.449410
0.149070,3.449410
0.149015,3.449410
0.148959,3.449410
0.148904,3.449410
0.148848,3.449600
0.148793,3.449410
0.148738,3.449410
0.148682,3.449410
0.148627,3.449410
0.148571,3.449410
0.148516,3.449600
0.148461,3.449600
0.148405,3.449410
0.148350,3.449410
0.148294,3.449410
0.148239,3.449410
0.148184,3.449410
0.148128,3.449600
0.148073,3.449600
0.148017,3.449410
0.147962,3.449600
0.147907,3.449600
0.147851,3.449410
0.147796,3.449410
0.147740,3.449600
0.147685,3.449410
0.147630,3.449600
0.147574,3.449410
0.147519,3.449410
0.147463,3.449410
0.147408,3.449600
0.147353,3.449600
0.147297,3.449410
0.147242,3.449600
0.147186,3.449600
0.147131,3.449410
0.147076,3.449410
0.147020,3.449600
0.146965,3.449410
0.146909,3.449600
0.146854,3.449410
0.146799,3.449600
0.146743,3.449600
0.146688,3.449410
0.146633,3.449600
0.146577,3.449600
0.146522,3.449600
0.146466,3.449600
0.146411,3.449410
0.146356,3.449410
0.146300,3.449600
0.146245,3.449600
0.146189,3.449600
0.146134,3.449410
0.146079,3.449600
0.146023,3.449410
0.145968,3.449600
0.145912,3.449600
0.145857,3.449600
0.145802,3.449600
0.145746,3.449600
0.145691,3.449600
0.145635,3.449600
0.145580,3.449600
0.145525,3.449600
0.145469,3.449600
0.145414,3.449600
0.145358,3.449600
0.145303,3.449600
0.145248,3.449600
0.145192,3.449600
0.145137,3.449600
0.145081,3.449600
0.145026,3.449600
0.144971,3.449600
0.144915,3.449600
0.144860,3.449600
0.144804,3.449600
0.144749,3.449600
0.144694,3.449600
0.144638,3.449600
0.144583,3.449600
0.144527,3.449600
0.144472,3.449600
0.144417,3.449600
0.144361,3.449600
0.144306,3.449600
0.144251,3.449600
0.144195,3.449600
0.144140,3.449791
0.144084,3.449600
0.144029,3.449600
0.143974,3.449791
0.143918,3.449600
0.143863,3.449600
0.143807,3.449600
0.143752,3.449600
0.143697,3.449600
0.143641,3.449600
0.143586,3.449791
0.143530,3.449600
0.143475,3.449600
0.143420,3.449600
0.143364,3.449791
0.143309,3.449791
0.143253,3.449600
0.143198,3.449600
0.143143,3.449600
0.143087,3.449600
0.143032,3.449600
0.142976,3.449600
0.142921,3.449600
0.142866,3.449600
0.142810,3.449791
0.142755,3.449600
0.142699,3.449791
0.142644,3.449600
0.142589,3.449791
0.142533,3.449600
0.142478,3.449600
0.142422,3.449791
0.142367,3.449791
0.142312,3.449791
0.142256,3.449791
0.142201,3.449600
0.142145,3.449600
0.142090,3.449791
0.142035,3.449600
0.141979,3.449791
0.141924,3.449600
0.141869,3.449791
0.141813,3.449791
0.141758,3.449791
0.141702,3.449791
0.141647,3.449791
0.141592,3.449791
0.141536,3.449600
0.141481,3.449791
0.141425,3.449791
0.141370,3.449600
0.141315,3.449791
0.141259,3.449791
0.141204,3.449791
0.141148,3.449791
0.141093,3.449791
0.141038,3.449791
0.140982,3.449791
0.140927,3.449791
0.140871,3.449791
0.140816,3.449791
0.140761,3.449791
0.140705,3.449791
0.140650,3.449791
0.140594,3.449791
0.140539,3.449791
0.140484,3.449600
0.140428,3.449791
0.140373,3.449791
0.140317,3.449791
0.140262,3.449791
0.140207,3.449791
0.140151,3.449791
0.140096,3.449791
0.140040,3.449791
0.139985,3.449791
0.139930,3.449791
0.139874,3.449791
0.139819,3.449791
0.139763,3.449791
0.139708,3.449791
0.139653,3.449791
0.139597,3.449791
0.139542,3.449791
0.139486,3.449981
0.139431,3.449791
0.139376,3.449791
0.139320,3.449791
0.139265,3.449791
0.139210,3.449791
0.139154,3.449791
0.139099,3.449791
0.139043,3.449981
0.138988,3.449791
0.138933,3.449791
0.138877,3.449791
0.138822,3.449791
0.138766,3.449791
0.138711,3.449981
0.138656,3.449981
0.138600,3.449791
0.138545,3.449791
0.138489,3.449791
0.138434,3.449791
0.138379,3.449981
0.138323,3.449981
0.138268,3.449981
0.138212,3.449791
0.138157,3.449981
0.138102,3.449981
0.138046,3.449981
0.137991,3.449981
0.137935,3.449981
0.137880,3.449791
0.137825,3.449981
0.137769,3.449791
0.137714,3.449981
0.137658,3.449981
0.137603,3.449981
0.137548,3.449791
0.137492,3.449981
0.137437,3.449791
0.137381,3.449981
0.137326,3.449981
0.137271,3.449981
0.137215,3.449981
0.137160,3.449981
0.137104,3.449981
0.137049,3.449981
0.136994,3.449981
0.136938,3.449791
0.136883,3.449981
0.136828,3.449981
0.136772,3.449981
0.136717,3.449981
0.136661,3.449981
0.136606,3.449981
0.136551,3.449981
0.136495,3.449981
0.136440,3.449981
0.136384,3.449981
0.136329,3.449981
0.136274,3.449981
0.136218,3.449981
0.136163,3.449981
0.136107,3.449981
0.136052,3.449981
0.135997,3.449981
0.135941,3.449981
0.135886,3.449981
0.135830,3.449981
0.135775,3.449981
0.135720,3.449981
0.135664,3.449981
0.135609,3.449981
0.135553,3.449981
0.135498,3.449981
0.135443,3.449981
0.135387,3.449981
0.135332,3.449981
0.135276,3.449981
0.135221,3.449981
0.135166,3.449981
0.135110,3.449981
0.135055,3.450172
0.134999,3.449981
0.134944,3.449981
0.134889,3.449981
0.134833,3.449981
0.134778,3.449981
0.134722,3.449981
0.134667,3.449981
0.134612,3.450172
0.134556,3.449981
0.134501,3.449981
0.134446,3.449981
0.134390,3.449981
0.134335,3.449981
0.134279,3.449981
0.134224,3.449981
0.134169,3.449981
0.134113,3.449981
0.134058,3.450172
0.134002,3.449981
0.133947,3.449981
0.133892,3.449981
0.133836,3.449981
0.133781,3.450172
0.133725,3.449981
0.133670,3.450172
0.133615,3.449981
0.133559,3.449981
0.133504,3.449981
0.133448,3.449981
0.133393,3.450172
0.133338,3.450172
0.133282,3.449981
0.133227,3.449981
0.133171,3.450172
0.133116,3.450172
0.133061,3.450172
0.133005,3.450172
0.132950,3.449981
0.132894,3.449981
0.132839,3.450172
0.132784,3.450172
0.132728,3.450172
0.132673,3.450172
0.132617,3.449981
0.132562,3.449981
0.132507,3.450172
0.132451,3.449981
0.132396,3.450172
0.132340,3.449981
0.132285,3.450172
0.132230,3.450172
0.132174,3.450172
0.132119,3.449981
0.132063,3.449981
0.132008,3.450172
0.131953,3.450172
0.131897,3.450172
0.131842,3.450172
0.131787,3.450172
0.131731,3.450172
0.131676,3.450172
0.131620,3.450172
0.131565,3.450172
0.131510,3.450172
0.131454,3.450172
0.131399,3.450172
0.131343,3.450172
0.131288,3.450172
0.131233,3.450172
0.131177,3.450172
0.131122,3.450172
0.131066,3.450172
0.131011,3.450172
0.130956,3.450172
0.130900,3.450172
0.130845,3.450172
0.130789,3.450172
0.130734,3.450172
0.130679,3.450172
0.130623,3.450172
0.130568,3.450172
0.130512,3.450172
0.130457,3.450172
0.130402,3.450172
0.130346,3.450172
0.130291,3.450172
0.130235,3.450172
0.130180,3.450172
0.130125,3.450172
0.130069,3.450172
0.130014,3.450172
0.129958,3.450172
0.129903,3.450172
0.129848,3.450172
0.129792,3.450172
0.129737,3.450172
0.129681,3.450172
0.129626,3.450172
0.129571,3.450172
0.129515,3.450172
0.129460,3.450172
0.129405,3.450172
0.129349,3.450172
0.129294,3.450172
0.129238,3.450172
0.129183,3.450172
0.129128,3.450172
0.129072,3.450172
0.129017,3.450172
0.128961,3.450172
0.128906,3.450172
0.128851,3.450363
0.128795,3.450172
0.128740,3.450172
0.128684,3.450363
0.128629,3.450363
0.128574,3.450363
0.128518,3.450172
0.128463,3.450172
0.128407,3.450172
0.128352,3.450172
0.128297,3.450363
0.128241,3.450363
0.128186,3.450172
0.128130,3.450172
0.128075,3.450172
0.128020,3.450172
0.127964,3.450363
0.127909,3.450363
0.127853,3.450363
0.127798,3.450363
0.127743,3.450363
0.127687,3.450363
0.127632,3.450363
0.127576,3.450363
0.127521,3.450172
0.127466,3.450363
0.127410,3.450363
0.127355,3.450363
0.127299,3.450363
0.127244,3.450363
0.127189,3.450363
0.127133,3.450363
0.127078,3.450363
0.127022,3.450363
0.126967,3.450363
0.126912,3.450363
0.126856,3.450363
0.126801,3.450363
0.126746,3.450363
0.126690,3.450363
0.126635,3.450363
0.126579,3.450363
0.126524,3.450363
0.126469,3.450363
0.126413,3.450363
0.126358,3.450363
0.126302,3.450363
0.126247,3.450363
0.126192,3.450363
0.126136,3.450363
0.126081,3.450363
0.126025,3.450363
0.125970,3.450363
0.125915,3.450363
0.125859,3.450363
0.125804,3.450363
0.125748,3.450363
0.125693,3.450363
0.125638,3.450363
0.125582,3.450363
0.125527,3.450363
0.125471,3.450363
0.125416,3.450363
0.125361,3.450363
0.125305,3.450363
0.125250,3.450363
0.125194,3.450363
0.125139,3.450363
0.125084,3.450363
0.125028,3.450363
0.124973,3.450363
0.124917,3.450363
0.124862,3.450363
0.124807,3.450363
0.124751,3.450363
0.124696,3.450363
0.124640,3.450363
0.124585,3.450363
0.124530,3.450363
0.124474,3.450363
0.124419,3.450363
0.124364,3.450363
0.124308,3.450363
0.124253,3.450363
0.124197,3.450363
0.124142,3.450363
0.124087,3.450363
0.124031,3.450363
0.123976,3.450363
0.123920,3.450363
0.123865,3.450363
0.123810,3.450363
0.123754,3.450363
0.123699,3.450363
0.123643,3.450363
0.123588,3.450363
0.123533,3.450363
0.123477,3.450363
0.123422,3.450363
0.123366,3.450553
0.123311,3.450363
0.123256,3.450363
0.123200,3.450363
0.123145,3.450363
0.123089,3.450553
0.123034,3.450553
0.122979,3.450363
0.122923,3.450363
0.122868,3.450363
0.122812,3.450363
0.122757,3.450363
0.122702,3.450553
0.122646,3.450363
0.122591,3.450553
0.122535,3.450553
0.122480,3.450363
0.122425,3.450553
0.122369,3.450363
0.122314,3.450553
0.122258,3.450553
0.122203,3.450553
0.122148,3.450553
0.122092,3.450363
0.122037,3.450363
0.121981,3.450553
0.121926,3.450553
0.121871,3.450363
0.121815,3.450553
0.121760,3.450553
0.121705,3.450553
0.121649,3.450553
0.121594,3.450553
0.121538,3.450553
0.121483,3.450553
0.121428,3.450553
0.121372,3.450553
0.121317,3.450553
0.121261,3.450553
0.121206,3.450553
0.121151,3.450553
0.121095,3.450553
0.121040,3.450553
0.120984,3.450553
0.120929,3.450553
0.120874,3.450553
0.120818,3.450553
0.120763,3.450553
0.120707,3.450553
0.120652,3.450553
0.120597,3.450553
0.120541,3.450553
0.120486,3.450553
0.120430,3.450553
0.120375,3.450553
0.120320,3.450553
0.120264,3.450553
0.120209,3.450553
0.120153,3.450553
0.120098,3.450553
0.120043,3.450553
0.119987,3.450553
0.119932,3.450553
0.119876,3.450553
0.119821,3.450553
0.119766,3.450553
0.119710,3.450553
0.119655,3.450553
0.119599,3.450553
0.119544,3.450553
0.119489,3.450553
0.119433,3.450553
0.119378,3.450553
0.119323,3.450553
0.119267,3.450553
0.119212,3.450553
0.119156,3.450553
0.119101,3.450553
0.119046,3.450553
0.118990,3.450553
0.118935,3.450553
0.118879,3.450553
0.118824,3.450553
0.118769,3.450744
0.118713,3.450553
0.118658,3.450553
0.118602,3.450553
0.118547,3.450553
0.118492,3.450744
0.118436,3.450744
0.118381,3.450553
0.118325,3.450744
0.118270,3.450553
0.118215,3.450553
0.118159,3.450553
0.118104,3.450553
0.118048,3.450553
0.117993,3.450553
0.117938,3.450553
0.117882,3.450553
0.117827,3.450553
0.117771,3.450744
0.117716,3.450553
0.117661,3.450553
0.117605,3.450553
0.117550,3.450553
0.117494,3.450744
0.117439,3.450553
0.117384,3.450744
0.117328,3.450744
0.117273,3.450744
0.117217,3.450744
0.117162,3.450744
0.117107,3.450744
0.117051,3.450744
0.116996,3.450744
0.116940,3.450744
0.116885,3.450744
0.116830,3.450744
0.116774,3.450553
0.116719,3.450744
0.116664,3.450744
0.116608,3.450553
0.116553,3.450553
0.116497,3.450553
0.116442,3.450744
0.116387,3.450744
0.116331,3.450744
0.116276,3.450744
0.116220,3.450744
0.116165,3.450744
0.116110,3.450744
0.116054,3.450744
0.115999,3.450744
0.115943,3.450744
0.115888,3.450744
0.115833,3.450744
0.115777,3.450744
0.115722,3.450744
0.115666,3.450744
0.115611,3.450744
0.115556,3.450744
0.115500,3.450744
0.115445,3.450744
0.115389,3.450744
0.115334,3.450744
0.115279,3.450744
0.115223,3.450744
0.115168,3.450744
0.115112,3.450744
0.115057,3.450744
0.115002,3.450744
0.114946,3.450744
0.114891,3.450744
0.114835,3.450744
0.114780,3.450744
0.114725,3.450744
0.114669,3.450744
0.114614,3.450744
0.114558,3.450744
0.114503,3.450744
0.114448,3.450744
0.114392,3.450744
0.114337,3.450744
0.114282,3.450744
0.114226,3.450744
0.114171,3.450744
0.114115,3.450744
0.114060,3.450744
0.114005,3.450744
0.113949,3.450744
0.113894,3.450744
0.113838,3.450744
0.113783,3.450744
0.113728,3.450744
0.113672,3.450744
0.113617,3.450744
0.113561,3.450744
0.113506,3.450934
0.113451,3.450744
0.113395,3.450744
0.113340,3.450744
0.113284,3.450744
0.113229,3.450744
0.113174,3.450744
0.113118,3.450744
0.113063,3.450744
0.113007,3.450744
0.112952,3.450744
0.112897,3.450744
0.112841,3.450744
0.112786,3.450744
0.112730,3.450744
0.112675,3.450744
0.112620,3.450744
0.112564,3.450744
0.112509,3.450934
0.112453,3.450744
0.112398,3.450934
0.112343,3.450744
0.112287,3.450744
0.112232,3.450744
0.112176,3.450744
0.112121,3.450744
0.112066,3.450744
0.112010,3.450934
0.111955,3.450934
0.111900,3.450934
0.111844,3.450934
0.111789,3.450744
0.111733,3.450934
0.111678,3.450934
0.111623,3.450934
0.111567,3.450934
0.111512,3.450934
0.111456,3.450934
0.111401,3.450934
0.111346,3.450744
0.111290,3.450934
0.111235,3.450934
0.111179,3.450934
0.111124,3.450934
0.111069,3.450934
0.111013,3.450934
0.110958,3.450744
0.110902,3.450934
0.110847,3.450934
0.110792,3.450934
0.110736,3.450934
0.110681,3.450934
0.110625,3.450934
0.110570,3.450934
0.110515,3.450934
0.110459,3.450934
0.110404,3.450934
0.110348,3.450934
0.110293,3.450934
0.110238,3.450934
0.110182,3.450934
0.110127,3.450934
0.110071,3.450934
0.110016,3.450934
0.109961,3.450934
0.109905,3.450934
0.109850,3.450934
0.109794,3.450934
0.109739,3.450934
0.109684,3.450934
0.109628,3.450934
0.109573,3.450934
0.109518,3.450934
0.109462,3.450934
0.109407,3.450934
0.109351,3.450934
0.109296,3.450934
0.109241,3.450934
0.109185,3.450934
0.109130,3.450934
0.109074,3.450934
0.109019,3.450934
0.108964,3.450934
0.108908,3.450934
0.108853,3.450934
0.108797,3.450934
0.108742,3.450934
0.108687,3.450934
0.108631,3.450934
0.108576,3.450934
0.108520,3.450934
0.108465,3.450934
0.108410,3.450934
0.108354,3.450934
0.108299,3.450934
0.108243,3.450934
0.108188,3.450934
0.108133,3.450934
0.108077,3.450934
0.108022,3.450934
0.107966,3.450934
0.107911,3.450934
0.107856,3.450934
0.107800,3.450934
0.107745,3.451125
0.107689,3.450934
0.107634,3.450934
0.107579,3.450934
0.107523,3.450934
0.107468,3.450934
0.107412,3.450934
0.107357,3.451125
0.107302,3.450934
0.107246,3.450934
0.107191,3.451125
0.107136,3.451125
0.107080,3.450934
0.107025,3.450934
0.106969,3.451125
0.106914,3.450934
0.106859,3.450934
0.106803,3.451125
0.106748,3.451125
0.106692,3.450934
0.106637,3.450934
0.106582,3.450934
0.106526,3.451125
0.106471,3.451125
0.106415,3.450934
0.106360,3.450934
0.106305,3.451125
0.106249,3.450934
0.106194,3.451125
0.106138,3.450934
0.106083,3.450934
0.106028,3.450934
0.105972,3.450934
0.105917,3.451125
0.105861,3.450934
0.105806,3.451125
0.105751,3.451125
0.105695,3.451125
0.105640,3.451125
0.105584,3.450934
0.105529,3.451125
0.105474,3.451125
0.105418,3.451125
0.105363,3.451125
0.105307,3.450934
0.105252,3.451125
0.105197,3.451125
0.105141,3.451125
0.105086,3.451125
0.105030,3.451125
0.104975,3.451125
0.104920,3.451125
0.104864,3.451125
0.104809,3.451125
0.104754,3.451125
0.104698,3.451125
0.104643,3.451125
0.104587,3.451125
0.104532,3.451125
0.104477,3.451125
0.104421,3.451125
0.104366,3.451125
0.104310,3.451125
0.104255,3.451125
0.104200,3.451125
0.104144,3.451125
0.104089,3.451125
0.104033,3.451125
0.103978,3.451125
0.103923,3.451125
0.103867,3.451125
0.103812,3.451125
0.103756,3.451125
0.103701,3.451125
0.103646,3.451125
0.103590,3.451125
0.103535,3.451125
0.103479,3.451125
0.103424,3.451125
0.103369,3.451125
0.103313,3.451125
0.103258,3.451125
0.103202,3.451125
0.103147,3.451125
0.103092,3.451125
0.103036,3.451125
0.102981,3.451125
0.102925,3.451125
0.102870,3.451125
0.102815,3.451125
0.102759,3.451125
0.102704,3.451125
0.102648,3.451125
0.102593,3.451125
0.102538,3.451125
0.102482,3.451125
0.102427,3.451125
0.102372,3.451125
0.102316,3.451125
0.102261,3.451125
0.102205,3.451125
0.102150,3.451125
0.102095,3.451125
0.102039,3.451125
0.101984,3.451315
0.101928,3.451125
0.101873,3.451315
0.101818,3.451315
0.101762,3.451125
0.101707,3.451315
0.101651,3.451315
0.101596,3.451125
0.101541,3.451125
0.101485,3.451125
0.101430,3.451315
0.101374,3.451315
0.101319,3.451315
0.101264,3.451315
0.101208,3.451315
0.101153,3.451315
0.101097,3.451315
0.101042,3.451315
0.100987,3.451315
0.100931,3.451315
0.100876,3.451315
0.100820,3.451315
0.100765,3.451315
0.100710,3.451315
0.100654,3.451315
0.100599,3.451315
0.100543,3.451315
0.100488,3.451315
0.100433,3.451315
0.100377,3.451315
0.100322,3.451315
0.100266,3.451315
0.100211,3.451315
0.100156,3.451315
0.100100,3.451315
0.100045,3.451315
0.099990,3.451315
0.099934,3.451315
0.099879,3.451315
0.099823,3.451315
0.099768,3.451315
0.099713,3.451315
0.099657,3.451315
0.099602,3.451315
0.099546,3.451315
0.099491,3.451315
0.099436,3.451315
0.099380,3.451315
0.099325,3.451315
0.099269,3.451315
0.099214,3.451315
0.099159,3.451315
0.099103,3.451315
0.099048,3.451315
0.098992,3.451315
0.098937,3.451315
0.098882,3.451315
0.098826,3.451315
0.098771,3.451315
0.098715,3.451315
0.098660,3.451315
0.098605,3.451315
0.098549,3.451315
0.098494,3.451315
0.098438,3.451315
0.098383,3.451315
0.098328,3.451315
0.098272,3.451315
0.098217,3.451315
0.098161,3.451315
0.098106,3.451315
0.098051,3.451315
0.097995,3.451315
0.097940,3.451315
0.097885,3.451315
0.097829,3.451315
0.097774,3.451315
0.097718,3.451315
0.097663,3.451315
0.097608,3.451315
0.097552,3.451315
0.097497,3.451315
0.097441,3.451315
0.097386,3.451315
0.097331,3.451315
0.097275,3.451315
0.097220,3.451315
0.097164,3.451315
0.097109,3.451315
0.097054,3.451315
0.096998,3.451315
0.096943,3.451315
0.096887,3.451315
0.096832,3.451315
0.096777,3.451315
0.096721,3.451315
0.096666,3.451315
0.096610,3.451315
0.096555,3.451315
0.096500,3.451315
0.096444,3.451315
0.096389,3.451315
0.096333,3.451315
0.096278,3.451315
0.096223,3.451315
0.096167,3.451315
0.096112,3.451315
0.096056,3.451315
0.096001,3.451315
0.095946,3.451506
0.095890,3.451315
0.095835,3.451315
0.095779,3.451315
0.095724,3.451315
0.095669,3.451315
0.095613,3.451315
0.095558,3.451315
0.095503,3.451506
0.095447,3.451315
0.095392,3.451315
0.095336,3.451315
0.095281,3.451315
0.095226,3.451315
0.095170,3.451506
0.095115,3.451315
0.095059,3.451315
0.095004,3.451315
0.094949,3.451315
0.094893,3.451315
0.094838,3.451315
0.094782,3.451315
0.094727,3.451315
0.094672,3.451506
0.094616,3.451315
0.094561,3.451506
0.094505,3.451315
0.094450,3.451315
0.094395,3.451315
0.094339,3.451506
0.094284,3.451506
0.094228,3.451315
0.094173,3.451315
0.094118,3.451315
0.094062,3.451506
0.094007,3.451506
0.093951,3.451506
0.093896,3.451315
0.093841,3.451506
0.093785,3.451506
0.093730,3.451315
0.093674,3.451506
0.093619,3.451506
0.093564,3.451315
0.093508,3.451506
0.093453,3.451506
0.093397,3.451506
0.093342,3.451506
0.093287,3.451506
0.093231,3.451506
0.093176,3.451506
0.093121,3.451506
0.093065,3.451315
0.093010,3.451506
0.092954,3.451506
0.092899,3.451506
0.092844,3.451506
0.092788,3.451506
0.092733,3.451506
0.092677,3.451506
0.092622,3.451506
0.092567,3.451506
0.092511,3.451506
0.092456,3.451506
0.092400,3.451506
0.092345,3.451506
0.092290,3.451506
0.092234,3.451506
0.092179,3.451506
0.092123,3.451506
0.092068,3.451506
0.092013,3.451506
0.091957,3.451506
0.091902,3.451506
0.091846,3.451506
0.091791,3.451506
0.091736,3.451506
0.091680,3.451506
0.091625,3.451506
0.091569,3.451506
0.091514,3.451506
0.091459,3.451506
0.091403,3.451506
0.091348,3.451506
0.091292,3.451506
0.091237,3.451506
0.091182,3.451506
0.091126,3.451506
0.091071,3.451506
0.091015,3.451506
0.090960,3.451506
0.090905,3.451506
0.090849,3.451506
0.090794,3.451506
0.090739,3.451506
0.090683,3.451506
0.090628,3.451506
0.090572,3.451506
0.090517,3.451506
0.090462,3.451506
0.090406,3.451697
0.090351,3.451697
0.090295,3.451697
0.090240,3.451697
0.090185,3.451506
0.090129,3.451697
0.090074,3.451697
0.090018,3.451697
0.089963,3.451697
0.089908,3.451697
0.089852,3.451697
0.089797,3.451697
0.089741,3.451506
0.089686,3.451506
0.089631,3.451697
0.089575,3.451697
0.089520,3.451697
0.089464,3.451697
0.089409,3.451697
0.089354,3.451697
0.089298,3.451697
0.089243,3.451697
0.089187,3.451697
0.089132,3.451697
0.089077,3.451697
0.089021,3.451697
0.088966,3.451697
0.088910,3.451697
0.088855,3.451697
0.088800,3.451697
0.088744,3.451697
0.088689,3.451697
0.088633,3.451697
0.088578,3.451697
0.088523,3.451697
0.088467,3.451697
0.088412,3.451697
0.088357,3.451697
0.088301,3.451697
0.088246,3.451697
0.088190,3.451697
0.088135,3.451697
0.088080,3.451697
0.088024,3.451697
0.087969,3.451887
0.087913,3.451697
0.087858,3.451697
0.087803,3.451697
0.087747,3.451887
0.087692,3.451697
0.087636,3.451697
0.087581,3.451697
0.087526,3.451697
0.087470,3.451697
0.087415,3.451697
0.087359,3.451887
0.087304,3.451697
0.087249,3.451887
0.087193,3.451887
0.087138,3.451697
0.087082,3.451887
0.087027,3.451697
0.086972,3.451697
0.086916,3.451887
0.086861,3.451697
0.086805,3.451887
0.086750,3.451887
0.086695,3.451697
0.086639,3.451697
0.086584,3.451697
0.086528,3.451887
0.086473,3.451887
0.086418,3.451887
0.086362,3.451697
0.086307,3.451887
0.086251,3.451887
0.086196,3.451887
0.086141,3.451887
0.086085,3.451887
0.086030,3.451887
0.085975,3.451887
0.085919,3.451887
0.085864,3.451887
0.085808,3.451887
0.085753,3.451887
0.085698,3.451887
0.085642,3.451887
0.085587,3.451887
0.085531,3.451887
0.085476,3.451887
0.085421,3.451887
0.085365,3.451887
0.085310,3.451887
0.085254,3.451887
0.085199,3.451887
0.085144,3.451887
0.085088,3.451887
0.085033,3.451887
0.084977,3.451887
0.084922,3.451887
0.084867,3.451887
0.084811,3.451887
0.084756,3.451887
0.084700,3.451887
0.084645,3.451887
0.084590,3.451887
0.084534,3.451887
0.084479,3.451887
0.084423,3.451887
0.084368,3.451887
0.084313,3.451887
0.084257,3.451887
0.084202,3.451887
0.084146,3.451887
0.084091,3.451887
0.084036,3.452078
0.083980,3.451887
0.083925,3.451887
0.083869,3.452078
0.083814,3.451887
0.083759,3.452078
0.083703,3.452078
0.083648,3.452078
0.083592,3.451887
0.083537,3.452078
0.083482,3.451887
0.083426,3.451887
0.083371,3.452078
0.083316,3.451887
0.083260,3.451887
0.083205,3.452078
0.083149,3.452078
0.083094,3.452078
0.083039,3.452078
0.082983,3.452078
0.082928,3.452078
0.082872,3.452078
0.082817,3.452078
0.082762,3.452078
0.082706,3.452078
0.082651,3.452078
0.082595,3.452078
0.082540,3.452078
0.082485,3.452078
0.082429,3.452078
0.082374,3.452078
0.082318,3.452078
0.082263,3.452078
0.082208,3.452078
0.082152,3.452078
0.082097,3.452078
0.082041,3.452078
0.081986,3.452078
0.081931,3.452078
0.081875,3.452078
0.081820,3.452078
0.081764,3.452078
0.081709,3.452078
0.081654,3.452078
0.081598,3.452078
0.081543,3.452078
0.081487,3.452078
0.081432,3.452078
0.081377,3.452268
0.081321,3.452078
0.081266,3.452078
0.081210,3.452078
0.081155,3.452078
0.081100,3.452078
0.081044,3.452268
0.080989,3.452078
0.080934,3.452078
0.080878,3.452078
0.080823,3.452078
0.080767,3.452268
0.080712,3.452268
0.080657,3.452078
0.080601,3.452078
0.080546,3.452268
0.080490,3.452078
0.080435,3.452268
0.080380,3.452268
0.080324,3.452268
0.080269,3.452268
0.080213,3.452268
0.080158,3.452078
0.080103,3.452078
0.080047,3.452078
0.079992,3.452078
0.079936,3.452268
0.079881,3.452268
0.079826,3.452268
0.079770,3.452268
0.079715,3.452268
0.079659,3.452268
0.079604,3.452268
0.079549,3.452268
0.079493,3.452268
0.079438,3.452268
0.079382,3.452268
0.079327,3.452268
0.079272,3.452268
0.079216,3.452268
0.079161,3.452268
0.079105,3.452268
0.079050,3.452268
0.078995,3.452268
0.078939,3.452268
0.078884,3.452268
0.078828,3.452268
0.078773,3.452268
0.078718,3.452268
0.078662,3.452268
0.078607,3.452268
0.078552,3.452268
0.078496,3.452268
0.078441,3.452268
0.078385,3.452268
0.078330,3.452268
0.078275,3.452268
0.078219,3.452459
0.078164,3.452268
0.078108,3.452268
0.078053,3.452268
0.077998,3.452268
0.077942,3.452268
0.077887,3.452459
0.077831,3.452268
0.077776,3.452459
0.077721,3.452268
0.077665,3.452268
0.077610,3.452268
0.077554,3.452459
0.077499,3.452268
0.077444,3.452268
0.077388,3.452268
0.077333,3.452268
0.077277,3.452459
0.077222,3.452459
0.077167,3.452268
0.077111,3.452459
0.077056,3.452268
0.077000,3.452459
0.076945,3.452459
0.076890,3.452459
0.076834,3.452268
0.076779,3.452268
0.076723,3.452459
0.076668,3.452459
0.076613,3.452459
0.076557,3.452459
0.076502,3.452459
0.076446,3.452459
0.076391,3.452459
0.076336,3.452459
0.076280,3.452459
0.076225,3.452459
0.076169,3.452459
0.076114,3.452459
0.076059,3.452459
0.076003,3.452459
0.075948,3.452459
0.075893,3.452459
0.075837,3.452459
0.075782,3.452459
0.075726,3.452459
0.075671,3.452459
0.075616,3.452459
0.075560,3.452459
0.075505,3.452459
0.075449,3.452459
0.075394,3.452459
0.075339,3.452459
0.075283,3.452459
0.075228,3.452459
0.075172,3.452459
0.075117,3.452459
0.075062,3.452459
0.075006,3.452459
0.074951,3.452459
0.074895,3.452649
0.074840,3.452459
0.074785,3.452459
0.074729,3.452459
0.074674,3.452459
0.074618,3.452649
0.074563,3.452459
0.074508,3.452459
0.074452,3.452459
0.074397,3.452459
0.074341,3.452459
0.074286,3.452459
0.074231,3.452649
0.074175,3.452649
0.074120,3.452459
0.074064,3.452649
0.074009,3.452649
0.073954,3.452649
0.073898,3.452459
0.073843,3.452649
0.073787,3.452649
0.073732,3.452649
0.073677,3.452649
0.073621,3.452649
0.073566,3.452459
0.073511,3.452649
0.073455,3.452649
0.073400,3.452649
0.073344,3.452649
0.073289,3.452649
0.073234,3.452649
0.073178,3.452649
0.073123,3.452649
0.073067,3.452649
0.073012,3.452649
0.072957,3.452649
0.072901,3.452649
0.072846,3.452649
0.072790,3.452649
0.072735,3.452649
0.072680,3.452649
0.072624,3.452649
0.072569,3.452649
0.072513,3.452649
0.072458,3.452649
0.072403,3.452649
0.072347,3.452649
0.072292,3.452649
0.072236,3.452649
0.072181,3.452649
0.072126,3.452649
0.072070,3.452649
0.072015,3.452649
0.071959,3.452649
0.071904,3.452649
0.071849,3.452649
0.071793,3.452649
0.071738,3.452649
0.071682,3.452649
0.071627,3.452649
0.071572,3.452649
0.071516,3.452649
0.071461,3.452649
0.071405,3.452649
0.071350,3.452649
0.071295,3.452649
0.071239,3.452649
0.071184,3.452840
0.071129,3.452649
0.071073,3.452840
0.071018,3.452840
0.070962,3.452649
0.070907,3.452649
0.070852,3.452840
0.070796,3.452649
0.070741,3.452840
0.070685,3.452840
0.070630,3.452649
0.070575,3.452840
0.070519,3.452840
0.070464,3.452840
0.070408,3.452840
0.070353,3.452840
0.070298,3.452840
0.070242,3.452840
0.070187,3.452840
0.070131,3.452840
0.070076,3.452840
0.070021,3.452840
0.069965,3.452840
0.069910,3.452649
0.069854,3.452840
0.069799,3.452840
0.069744,3.452840
0.069688,3.452840
0.069633,3.452840
0.069577,3.452840
0.069522,3.452840
0.069467,3.452840
0.069411,3.452840
0.069356,3.452840
0.069300,3.452840
0.069245,3.452840
0.069190,3.452840
0.069134,3.452840
0.069079,3.452840
0.069023,3.452840
0.068968,3.452840
0.068913,3.452840
0.068857,3.452840
0.068802,3.452840
0.068747,3.452840
0.068691,3.452840
0.068636,3.452840
0.068580,3.452840
0.068525,3.452840
0.068470,3.452840
0.068414,3.452840
0.068359,3.452840
0.068303,3.452840
0.068248,3.452840
0.068193,3.452840
0.068137,3.452840
0.068082,3.452840
0.068026,3.452840
0.067971,3.452840
0.067916,3.452840
0.067860,3.452840
0.067805,3.452840
0.067749,3.453031
0.067694,3.452840
0.067639,3.453031
0.067583,3.453031
0.067528,3.452840
0.067472,3.453031
0.067417,3.452840
0.067362,3.452840
0.067306,3.453031
0.067251,3.452840
0.067195,3.453031
0.067140,3.453031
0.067085,3.453031
0.067029,3.453031
0.066974,3.453031
0.066918,3.453031
0.066863,3.453031
0.066808,3.453031
0.066752,3.453031
0.066697,3.453031
0.066641,3.453031
0.066586,3.453031
0.066531,3.453031
0.066475,3.453031
0.066420,3.453221
0.066364,3.453031
0.066309,3.453031
0.066254,3.453031
0.066198,3.453031
0.066143,3.453031
0.066088,3.453031
0.066032,3.453031
0.065977,3.453031
0.065921,3.453031
0.065866,3.453031
0.065811,3.453221
0.065755,3.453221
0.065700,3.453221
0.065644,3.453221
0.065589,3.453031
0.065534,3.453221
0.065478,3.453031
0.065423,3.453221
0.065367,3.453221
0.065312,3.453221
0.065257,3.453221
0.065201,3.453031
0.065146,3.453221
0.065090,3.453221
0.065035,3.453221
0.064980,3.453221
0.064924,3.453221
0.064869,3.453221
0.064813,3.453221
0.064758,3.453221
0.064703,3.453412
0.064647,3.453221
0.064592,3.453221
0.064536,3.453221
0.064481,3.453221
0.064426,3.453221
0.064370,3.453221
0.064315,3.453221
0.064259,3.453412
0.064204,3.453221
0.064149,3.453412
0.064093,3.453221
0.064038,3.453412
0.063982,3.453412
0.063927,3.453412
0.063872,3.453412
0.063816,3.453412
0.063761,3.453221
0.063706,3.453412
0.063650,3.453412
0.063595,3.453412
0.063539,3.453412
0.063484,3.453412
0.063429,3.453412
0.063373,3.453412
0.063318,3.453412
0.063262,3.453412
0.063207,3.453412
0.063152,3.453412
0.063096,3.453412
0.063041,3.453412
0.062985,3.453412
0.062930,3.453412
0.062875,3.453412
0.062819,3.453412
0.062764,3.453412
0.062708,3.453412
0.062653,3.453412
0.062598,3.453412
0.062542,3.453412
0.062487,3.453412
0.062431,3.453602
0.062376,3.453602
0.062321,3.453412
0.062265,3.453412
0.062210,3.453602
0.062154,3.453602
0.062099,3.453602
0.062044,3.453412
0.061988,3.453602
0.061933,3.453602
0.061877,3.453602
0.061822,3.453412
0.061767,3.453602
0.061711,3.453602
0.061656,3.453602
0.061600,3.453602
0.061545,3.453602
0.061490,3.453602
0.061434,3.453602
0.061379,3.453602
0.061324,3.453602
0.061268,3.453602
0.061213,3.453602
0.061157,3.453602
0.061102,3.453602
0.061047,3.453602
0.060991,3.453602
0.060936,3.453602
0.060880,3.453602
0.060825,3.453602
0.060770,3.453602
0.060714,3.453602
0.060659,3.453602
0.060603,3.453602
0.060548,3.453602
0.060493,3.453602
0.060437,3.453602
0.060382,3.453602
0.060326,3.453602
0.060271,3.453602
0.060216,3.453602
0.060160,3.453602
0.060105,3.453602
0.060049,3.453602
0.059994,3.453793
0.059939,3.453793
0.059883,3.453602
0.059828,3.453793
0.059772,3.453793
0.059717,3.453793
0.059662,3.453793
0.059606,3.453793
0.059551,3.453793
0.059495,3.453793
0.059440,3.453793
0.059385,3.453793
0.059329,3.453793
0.059274,3.453793
0.059218,3.453793
0.059163,3.453793
0.059108,3.453793
0.059052,3.453793
0.058997,3.453793
0.058941,3.453793
0.058886,3.453793
0.058831,3.453793
0.058775,3.453793
0.058720,3.453793
0.058665,3.453793
0.058609,3.453793
0.058554,3.453793
0.058498,3.453793
0.058443,3.453793
0.058388,3.453793
0.058332,3.453793
0.058277,3.453793
0.058221,3.453793
0.058166,3.453793
0.058111,3.453793
0.058055,3.453793
0.058000,3.453793
0.057944,3.453793
0.057889,3.453793
0.057834,3.453793
0.057778,3.453793
0.057723,3.453793
0.057667,3.453793
0.057612,3.453793
0.057557,3.453793
0.057501,3.453793
0.057446,3.453983
0.057390,3.453983
0.057335,3.453983
0.057280,3.453983
0.057224,3.453983
0.057169,3.453983
0.057113,3.453983
0.057058,3.453983
0.057003,3.453983
0.056947,3.453983
0.056892,3.453983
0.056836,3.453983
0.056781,3.453983
0.056726,3.453983
0.056670,3.453983
0.056615,3.453983
0.056559,3.453983
0.056504,3.453983
0.056449,3.453983
0.056393,3.453983
0.056338,3.453983
0.056283,3.453983
0.056227,3.453983
0.056172,3.453983
0.056116,3.453983
0.056061,3.453983
0.056006,3.453983
0.055950,3.453983
0.055895,3.453983
0.055839,3.453983
0.055784,3.453983
0.055729,3.453983
0.055673,3.453983
0.055618,3.453983
0.055562,3.453983
0.055507,3.453983
0.055452,3.454174
0.055396,3.454174
0.055341,3.453983
0.055285,3.453983
0.055230,3.454174
0.055175,3.454174
0.055119,3.453983
0.055064,3.454174
0.055008,3.454174
0.054953,3.454174
0.054898,3.454174
0.054842,3.454174
0.054787,3.454174
0.054731,3.454174
0.054676,3.454174
0.054621,3.454174
0.054565,3.454174
0.054510,3.454174
0.054454,3.454174
0.054399,3.454174
0.054344,3.454174
0.054288,3.454174
0.054233,3.454174
0.054177,3.454174
0.054122,3.454174
0.054067,3.454174
0.054011,3.454174
0.053956,3.454174
0.053900,3.454174
0.053845,3.454174
0.053790,3.454365
0.053734,3.454174
0.053679,3.454174
0.053624,3.454174
0.053568,3.454174
0.053513,3.454174
0.053457,3.454174
0.053402,3.454174
0.053347,3.454365
0.053291,3.454365
0.053236,3.454365
0.053180,3.454365
0.053125,3.454365
0.053070,3.454365
0.053014,3.454365
0.052959,3.454365
0.052903,3.454365
0.052848,3.454365
0.052793,3.454365
0.052737,3.454365
0.052682,3.454365
0.052626,3.454365
0.052571,3.454365
0.052516,3.454365
0.052460,3.454365
0.052405,3.454365
0.052349,3.454365
0.052294,3.454365
0.052239,3.454365
0.052183,3.454365
0.052128,3.454365
0.052072,3.454365
0.052017,3.454365
0.051962,3.454365
0.051906,3.454365
0.051851,3.454365
0.051795,3.454365
0.051740,3.454365
0.051685,3.454365
0.051629,3.454365
0.051574,3.454365
0.051518,3.454365
0.051463,3.454365
0.051408,3.454365
0.051352,3.454365
0.051297,3.454365
0.051242,3.454365
0.051186,3.454365
0.051131,3.454365
0.051075,3.454365
0.051020,3.454365
0.050965,3.454365
0.050909,3.454365
0.050854,3.454365
0.050798,3.454365
0.050743,3.454365
0.050688,3.454365
0.050632,3.454365
0.050577,3.454365
0.050521,3.454365
0.050466,3.454365
0.050411,3.454365
0.050355,3.454365
0.050300,3.454365
0.050244,3.454365
0.050189,3.454365
0.050134,3.454555
0.050078,3.454365
0.050023,3.454365
0.049967,3.454555
0.049912,3.454365
0.049857,3.454365
0.049801,3.454555
0.049746,3.454555
0.049690,3.454365
0.049635,3.454555
0.049580,3.454555
0.049524,3.454555
0.049469,3.454555
0.049413,3.454555
0.049358,3.454555
0.049303,3.454555
0.049247,3.454555
0.049192,3.454555
0.049136,3.454555
0.049081,3.454555
0.049026,3.454555
0.048970,3.454555
0.048915,3.454555
0.048859,3.454555
0.048804,3.454555
0.048749,3.454746
0.048693,3.454746
0.048638,3.454746
0.048583,3.454746
0.048527,3.454746
0.048472,3.454746
0.048416,3.454746
0.048361,3.454555
0.048306,3.454746
0.048250,3.454746
0.048195,3.454746
0.048139,3.454746
0.048084,3.454746
0.048029,3.454746
0.047973,3.454746
0.047918,3.454746
0.047862,3.454746
0.047807,3.454746
0.047752,3.454746
0.047696,3.454746
0.047641,3.454746
0.047585,3.454746
0.047530,3.454746
0.047475,3.454746
0.047419,3.454746
0.047364,3.454746
0.047308,3.454746
0.047253,3.454936
0.047198,3.454746
0.047142,3.454936
0.047087,3.454746
0.047031,3.454936
0.046976,3.454936
0.046921,3.454936
0.046865,3.454936
0.046810,3.454936
0.046754,3.454936
0.046699,3.454936
0.046644,3.454936
0.046588,3.454936
0.046533,3.454936
0.046477,3.454936
0.046422,3.454936
0.046367,3.454936
0.046311,3.454936
0.046256,3.454936
0.046201,3.454936
0.046145,3.454936
0.046090,3.454936
0.046034,3.454936
0.045979,3.454936
0.045924,3.455127
0.045868,3.454936
0.045813,3.454936
0.045757,3.454936
0.045702,3.455127
0.045647,3.454936
0.045591,3.454936
0.045536,3.455127
0.045480,3.455127
0.045425,3.454936
0.045370,3.455127
0.045314,3.455127
0.045259,3.455127
0.045203,3.455127
0.045148,3.455127
0.045093,3.455127
0.045037,3.455127
0.044982,3.455127
0.044926,3.455127
0.044871,3.455127
0.044816,3.455127
0.044760,3.455127
0.044705,3.455127
0.044649,3.455127
0.044594,3.455127
0.044539,3.455127
0.044483,3.455317
0.044428,3.455127
0.044372,3.455317
0.044317,3.455127
0.044262,3.455317
0.044206,3.455317
0.044151,3.455127
0.044095,3.455127
0.044040,3.455317
0.043985,3.455317
0.043929,3.455317
0.043874,3.455317
0.043819,3.455317
0.043763,3.455317
0.043708,3.455317
0.043652,3.455317
0.043597,3.455317
0.043542,3.455317
0.043486,3.455317
0.043431,3.455317
0.043375,3.455317
0.043320,3.455317
0.043265,3.455317
0.043209,3.455317
0.043154,3.455317
0.043098,3.455317
0.043043,3.455317
0.042988,3.455317
0.042932,3.455508
0.042877,3.455508
0.042821,3.455317
0.042766,3.455508
0.042711,3.455508
0.042655,3.455508
0.042600,3.455508
0.042544,3.455508
0.042489,3.455508
0.042434,3.455508
0.042378,3.455508
0.042323,3.455508
0.042267,3.455508
0.042212,3.455508
0.042157,3.455508
0.042101,3.455508
0.042046,3.455508
0.041990,3.455699
0.041935,3.455699
0.041880,3.455699
0.041824,3.455508
0.041769,3.455508
0.041713,3.455508
0.041658,3.455699
0.041603,3.455508
0.041547,3.455699
0.041492,3.455699
0.041436,3.455699
0.041381,3.455699
0.041326,3.455699
0.041270,3.455699
0.041215,3.455699
0.041160,3.455699
0.041104,3.455699
0.041049,3.455699
0.040993,3.455699
0.040938,3.455699
0.040883,3.455699
0.040827,3.455699
0.040772,3.455699
0.040716,3.455699
0.040661,3.455699
0.040606,3.455699
0.040550,3.455699
0.040495,3.455699
0.040439,3.455699
0.040384,3.455889
0.040329,3.455699
0.040273,3.455699
0.040218,3.455889
0.040162,3.455889
0.040107,3.455889
0.040052,3.455889
0.039996,3.455889
0.039941,3.455889
0.039885,3.455889
0.039830,3.455889
0.039775,3.455889
0.039719,3.455889
0.039664,3.455889
0.039608,3.455889
0.039553,3.455889
0.039498,3.455889
0.039442,3.455889
0.039387,3.455889
0.039331,3.455889
0.039276,3.455889
0.039221,3.455889
0.039165,3.455889
0.039110,3.455889
0.039055,3.455889
0.038999,3.455889
0.038944,3.455889
0.038888,3.456080
0.038833,3.456080
0.038778,3.455889
0.038722,3.456080
0.038667,3.456080
0.038611,3.456080
0.038556,3.456080
0.038501,3.456080
0.038445,3.456080
0.038390,3.456080
0.038334,3.456080
0.038279,3.456270
0.038224,3.456080
0.038168,3.456270
0.038113,3.456270
0.038057,3.456080
0.038002,3.456270
0.037947,3.456270
0.037891,3.456270
0.037836,3.456270
0.037780,3.456270
0.037725,3.456270
0.037670,3.456270
0.037614,3.456461
0.037559,3.456270
0.037503,3.456461
0.037448,3.456461
0.037393,3.456461
0.037337,3.456461
0.037282,3.456461
0.037226,3.456461
0.037171,3.456461
0.037116,3.456461
0.037060,3.456461
0.037005,3.456461
0.036949,3.456461
0.036894,3.456461
0.036839,3.456651
0.036783,3.456651
0.036728,3.456651
0.036672,3.456461
0.036617,3.456651
0.036562,3.456651
0.036506,3.456461
0.036451,3.456651
0.036396,3.456651
0.036340,3.456651
0.036285,3.456651
0.036229,3.456651
0.036174,3.456651
0.036119,3.456651
0.036063,3.456651
0.036008,3.456651
0.035952,3.456842
0.035897,3.456651
0.035842,3.456842
0.035786,3.456842
0.035731,3.456842
0.035675,3.456842
0.035620,3.456842
0.035565,3.456842
0.035509,3.456842
0.035454,3.456842
0.035398,3.456842
0.035343,3.456842
0.035288,3.456842
0.035232,3.456842
0.035177,3.456842
0.035121,3.456842
0.035066,3.456842
0.035011,3.456842
0.034955,3.456842
0.034900,3.456842
0.034844,3.457033
0.034789,3.456842
0.034734,3.457033
0.034678,3.457033
0.034623,3.457033
0.034567,3.457033
0.034512,3.457033
0.034457,3.457033
0.034401,3.457033
0.034346,3.457033
0.034290,3.457033
0.034235,3.457033
0.034180,3.457223
0.034124,3.457033
0.034069,3.457033
0.034014,3.457033
0.033958,3.457223
0.033903,3.457223
0.033847,3.457223
0.033792,3.457223
0.033737,3.457223
0.033681,3.457223
0.033626,3.457223
0.033570,3.457223
0.033515,3.457223
0.033460,3.457223
0.033404,3.457223
0.033349,3.457414
0.033293,3.457414
0.033238,3.457223
0.033183,3.457223
0.033127,3.457223
0.033072,3.457223
0.033016,3.457414
0.032961,3.457414
0.032906,3.457223
0.032850,3.457414
0.032795,3.457414
0.032739,3.457414
0.032684,3.457414
0.032629,3.457414
0.032573,3.457414
0.032518,3.457414
0.032462,3.457414
0.032407,3.457414
0.032352,3.457414
0.032296,3.457414
0.032241,3.457414
0.032185,3.457414
0.032130,3.457414
0.032075,3.457414
0.032019,3.457414
0.031964,3.457414
0.031908,3.457414
0.031853,3.457414
0.031798,3.457414
0.031742,3.457414
0.031687,3.457414
0.031632,3.457414
0.031576,3.457604
0.031521,3.457604
0.031465,3.457604
0.031410,3.457604
0.031355,3.457604
0.031299,3.457604
0.031244,3.457604
0.031188,3.457604
0.031133,3.457604
0.031078,3.457604
0.031022,3.457604
0.030967,3.457795
0.030911,3.457795
0.030856,3.457795
0.030801,3.457795
0.030745,3.457795
0.030690,3.457795
0.030634,3.457795
0.030579,3.457795
0.030524,3.457795
0.030468,3.457795
0.030413,3.457986
0.030357,3.457986
0.030302,3.457986
0.030247,3.457986
0.030191,3.457986
0.030136,3.457986
0.030080,3.457986
0.030025,3.457986
0.029970,3.457986
0.029914,3.457986
0.029859,3.457986
0.029803,3.457986
0.029748,3.458176
0.029693,3.458176
0.029637,3.458176
0.029582,3.458176
0.029526,3.458176
0.029471,3.458176
0.029416,3.458176
0.029360,3.458176
0.029305,3.458176
0.029249,3.458176
0.029194,3.458176
0.029139,3.458176
0.029083,3.458367
0.029028,3.458367
0.028973,3.458367
0.028917,3.458176
0.028862,3.458367
0.028806,3.458367
0.028751,3.458367
0.028696,3.458367
0.028640,3.458367
0.028585,3.458367
0.028529,3.458557
0.028474,3.458557
0.028419,3.458557
0.028363,3.458557
0.028308,3.458557
0.028252,3.458557
0.028197,3.458557
0.028142,3.458557
0.028086,3.458557
0.028031,3.458557
0.027975,3.458557
0.027920,3.458557
0.027865,3.458748
0.027809,3.458748
0.027754,3.458748
0.027698,3.458748
0.027643,3.458748
0.027588,3.458748
0.027532,3.458748
0.027477,3.458748
0.027421,3.458748
0.027366,3.458748
0.027311,3.458748
0.027255,3.458938
0.027200,3.458938
0.027144,3.458938
0.027089,3.458938
0.027034,3.458938
0.026978,3.458938
0.026923,3.458938
0.026867,3.458938
0.026812,3.458938
0.026757,3.458938
0.026701,3.458938
0.026646,3.458938
0.026591,3.459129
0.026535,3.459129
0.026480,3.459129
0.026424,3.459129
0.026369,3.459129
0.026314,3.459129
0.026258,3.459129
0.026203,3.459320
0.026147,3.459320
0.026092,3.459320
0.026037,3.459320
0.025981,3.459510
0.025926,3.459510
0.025870,3.459510
0.025815,3.459510
0.025760,3.459510
0.025704,3.459510
0.025649,3.459510
0.025593,3.459510
0.025538,3.459510
0.025483,3.459701
0.025427,3.459701
0.025372,3.459701
0.025316,3.459701
0.025261,3.459701
0.025206,3.459891
0.025150,3.459701
0.025095,3.459891
0.025039,3.459891
0.024984,3.459891
0.024929,3.459891
0.024873,3.459891
0.024818,3.459891
0.024762,3.459891
0.024707,3.460082
0.024652,3.460082
0.024596,3.460082
0.024541,3.460082
0.024485,3.460082
0.024430,3.460082
0.024375,3.460082
0.024319,3.460082
0.024264,3.460272
0.024208,3.460272
0.024153,3.460272
0.024098,3.460272
0.024042,3.460272
0.023987,3.460272
0.023932,3.460463
0.023876,3.460272
0.023821,3.460272
0.023765,3.460272
0.023710,3.460463
0.023655,3.460463
0.023599,3.460463
0.023544,3.460463
0.023488,3.460463
0.023433,3.460463
0.023378,3.460463
0.023322,3.460463
0.023267,3.460463
0.023211,3.460463
0.023156,3.460463
0.023101,3.460463
0.023045,3.460463
0.022990,3.460654
0.022934,3.460654
0.022879,3.460654
0.022824,3.460654
0.022768,3.460844
0.022713,3.460844
0.022657,3.460844
0.022602,3.460844
0.022547,3.460844
0.022491,3.460844
0.022436,3.461035
0.022380,3.461035
0.022325,3.461035
0.022270,3.461035
0.022214,3.461035
0.022159,3.461225
0.022103,3.461225
0.022048,3.461225
0.021993,3.461225
0.021937,3.461416
0.021882,3.461225
0.021826,3.461416
0.021771,3.461416
0.021716,3.461416
0.021660,3.461416
0.021605,3.461416
0.021549,3.461606
0.021494,3.461606
0.021439,3.461606
0.021383,3.461606
0.021328,3.461606
0.021273,3.461797
0.021217,3.461797
0.021162,3.461797
0.021106,3.461797
0.021051,3.461988
0.020996,3.461988
0.020940,3.461988
0.020885,3.462178
0.020829,3.462178
0.020774,3.462178
0.020719,3.462178
0.020663,3.462178
0.020608,3.462178
0.020552,3.462178
0.020497,3.462369
0.020442,3.462369
0.020386,3.462369
0.020331,3.462369
0.020275,3.462559
0.020220,3.462559
0.020165,3.462559
0.020109,3.462559
0.020054,3.462559
0.019998,3.462750
0.019943,3.462750
0.019888,3.462750
0.019832,3.462750
0.019777,3.462940
0.019721,3.462940
0.019666,3.462940
0.019611,3.462940
0.019555,3.462940
0.019500,3.463131
0.019444,3.463131
0.019389,3.463131
0.019334,3.463131
0.019278,3.463322
0.019223,3.463322
0.019167,3.463322
0.019112,3.463322
0.019057,3.463512
0.019001,3.463512
0.018946,3.463512
0.018891,3.463512
0.018835,3.463512
0.018780,3.463512
0.018724,3.463512
0.018669,3.463512
0.018614,3.463512
0.018558,3.463703
0.018503,3.463703
0.018447,3.463893
0.018392,3.463893
0.018337,3.463893
0.018281,3.464084
0.018226,3.464084
0.018170,3.464084
0.018115,3.464274
0.018060,3.464274
0.018004,3.464274
0.017949,3.464274
0.017893,3.464274
0.017838,3.464465
0.017783,3.464465
0.017727,3.464656
0.017672,3.464465
0.017616,3.464656
0.017561,3.464656
0.017506,3.464846
0.017450,3.464846
0.017395,3.464846
0.017339,3.465037
0.017284,3.465037
0.017229,3.465037
0.017173,3.465227
0.017118,3.465037
0.017062,3.465227
0.017007,3.465418
0.016952,3.465609
0.016896,3.465609
0.016841,3.465609
0.016785,3.465799
0.016730,3.465799
0.016675,3.465799
0.016619,3.465990
0.016564,3.465990
0.016508,3.465990
0.016453,3.466180
0.016398,3.466180
0.016342,3.466371
0.016287,3.466371
0.016232,3.466371
0.016176,3.466561
0.016121,3.466561
0.016065,3.466561
0.016010,3.466561
0.015955,3.466561
0.015899,3.466752
0.015844,3.466752
0.015788,3.466943
0.015733,3.466943
0.015678,3.467133
0.015622,3.467133
0.015567,3.467324
0.015511,3.467324
0.015456,3.467514
0.015401,3.467514
0.015345,3.467514
0.015290,3.467705
0.015234,3.467895
0.015179,3.467895
0.015124,3.467895
0.015068,3.468086
0.015013,3.468086
0.014957,3.468086
0.014902,3.468277
0.014847,3.468467
0.014791,3.468658
0.014736,3.468658
0.014680,3.468848
0.014625,3.469039
0.014570,3.469039
0.014514,3.469039
0.014459,3.469229
0.014403,3.469420
0.014348,3.469420
0.014293,3.469420
0.014237,3.469611
0.014182,3.469611
0.014126,3.469611
0.014071,3.469801
0.014016,3.469801
0.013960,3.469992
0.013905,3.470182
0.013850,3.470373
0.013794,3.470373
0.013739,3.470563
0.013683,3.470754
0.013628,3.470754
0.013573,3.470945
0.013517,3.470945
0.013462,3.471135
0.013406,3.471135
0.013351,3.471326
0.013296,3.471516
0.013240,3.471707
0.013185,3.471897
0.013129,3.471897
0.013074,3.472088
0.013019,3.472279
0.012963,3.472469
0.012908,3.472469
0.012852,3.472660
0.012797,3.472660
0.012742,3.472850
0.012686,3.473041
0.012631,3.473232
0.012575,3.473422
0.012520,3.473422
0.012465,3.473613
0.012409,3.473803
0.012354,3.473994
0.012298,3.474184
0.012243,3.474375
0.012188,3.474566
0.012132,3.474756
0.012077,3.474947
0.012021,3.475137
0.011966,3.475328
0.011911,3.475328
0.011855,3.475709
0.011800,3.475709
0.011744,3.475709
0.011689,3.476090
0.011634,3.476281
0.011578,3.476471
0.011523,3.476662
0.011467,3.476852
0.011412,3.477043
0.011357,3.477234
0.011301,3.477424
0.011246,3.477615
0.011191,3.477996
0.011135,3.478186
0.011080,3.478377
0.011024,3.478568
0.010969,3.478758
0.010914,3.478949
0.010858,3.479139
0.010803,3.479330
0.010747,3.479711
0.010692,3.479902
0.010637,3.480092
0.010581,3.480283
0.010526,3.480664
0.010470,3.481045
0.010415,3.481426
0.010360,3.481617
0.010304,3.481807
0.010249,3.481998
0.010193,3.482379
0.010138,3.482570
0.010083,3.482951
0.010027,3.483141
0.009972,3.483332
0.009916,3.483904
0.009861,3.484285
0.009806,3.484475
0.009750,3.484857
0.009695,3.485047
0.009639,3.485428
0.009584,3.485619
0.009529,3.486191
0.009473,3.486572
0.009418,3.486953
0.009362,3.487334
0.009307,3.487715
0.009252,3.487906
0.009196,3.488287
0.009141,3.488668
0.009085,3.489049
0.009030,3.489430
0.008975,3.490002
0.008919,3.490383
0.008864,3.490764
0.008808,3.491146
0.008753,3.491717
0.008698,3.492098
0.008642,3.492480
0.008587,3.493242
0.008532,3.493814
0.008476,3.494004
0.008421,3.494576
0.008365,3.494957
0.008310,3.495529
0.008255,3.496101
0.008199,3.496672
0.008144,3.497053
0.008088,3.497816
0.008033,3.498387
0.007978,3.499150
0.007922,3.499721
0.007867,3.500103
0.007811,3.500865
0.007756,3.501437
0.007701,3.502199
0.007645,3.502771
0.007590,3.503342
0.007534,3.504105
0.007479,3.504676
0.007424,3.505439
0.007368,3.506201
0.007313,3.506963
0.007257,3.507535
0.007202,3.508488
0.007147,3.509250
0.007091,3.510013
0.007036,3.510775
0.006980,3.511347
0.006925,3.512299
0.006870,3.513252
0.006814,3.514015
0.006759,3.514967
0.006703,3.515730
0.006648,3.516683
0.006593,3.517826
0.006537,3.518398
0.006482,3.519541
0.006426,3.520494
0.006371,3.521447
0.006316,3.522400
0.006260,3.523543
0.006205,3.524496
0.006150,3.525640
0.006094,3.526783
0.006039,3.527736
0.005983,3.528879
0.005928,3.530023
0.005873,3.531166
0.005817,3.532310
0.005762,3.533644
0.005706,3.534597
0.005651,3.535931
0.005596,3.537074
0.005540,3.538408
0.005485,3.539742
0.005429,3.540886
0.005374,3.542410
0.005319,3.543554
0.005263,3.545078
0.005208,3.546412
0.005152,3.547937
0.005097,3.549271
0.005042,3.550605
0.004986,3.552130
0.004931,3.553654
0.004875,3.555179
0.004820,3.556703
0.004765,3.558228
0.004709,3.559943
0.004654,3.561468
0.004598,3.563183
0.004543,3.564708
0.004488,3.566423
0.004432,3.568138
0.004377,3.569853
0.004321,3.571568
0.004266,3.573283
0.004211,3.574999
0.004155,3.576904
0.004100,3.578810
0.004044,3.580716
0.003989,3.582431
0.003934,3.584527
0.003878,3.586243
0.003823,3.588339
0.003768,3.590245
0.003712,3.592341
0.003657,3.594437
0.003601,3.596534
0.003546,3.598439
0.003491,3.600726
0.003435,3.602823
0.003380,3.604919
0.003324,3.607015
0.003269,3.609302
0.003214,3.611398
0.003158,3.613876
0.003103,3.616163
0.003047,3.618640
0.002992,3.620927
0.002937,3.623214
0.002881,3.625692
0.002826,3.628169
0.002770,3.630647
0.002715,3.633315
0.002660,3.635602
0.002604,3.638270
0.002549,3.640938
0.002493,3.643415
0.002438,3.646464
0.002383,3.649132
0.002327,3.651800
0.002272,3.654659
0.002216,3.657518
0.002161,3.660186
0.002106,3.663044
0.002050,3.666094
0.001995,3.669143
0.001939,3.672001
0.001884,3.675051
0.001829,3.678100
0.001773,3.681530
0.001718,3.684579
0.001662,3.687629
0.001607,3.691059
0.001552,3.694489
0.001496,3.697729
0.001441,3.701159
0.001385,3.704399
0.001330,3.707639
0.001275,3.711260
0.001219,3.714690
0.001164,3.718502
0.001109,3.722123
0.001053,3.725744
0.000998,3.729364
0.000942,3.733176
0.000887,3.736987
0.000832,3.740799
0.000776,3.744610
0.000721,3.748422
0.000665,3.752424
0.000610,3.756236
0.000555,3.760047
0.000499,3.764049
0.000444,3.768242
0.000388,3.772053
0.000333,3.776055
0.000278,3.780248
0.000222,3.784060
0.000167,3.788062
0.000111,3.792445
0.000056,3.796256
0.000001,3.800258
0.000000,3.800258
