# OCP data for Sony Graphite negative electrode, lithiation
# sto,ocp
0.000000,1.494077
0.000001,1.488354
0.000002,1.483394
0.000003,1.478434
0.000004,1.473283
0.000005,1.467942
0.000006,1.462600
0.000007,1.457450
0.000008,1.452490
0.000009,1.447148
0.000010,1.442189
0.000011,1.437229
0.000013,1.432078
0.000014,1.426927
0.000015,1.421967
0.000016,1.416817
0.000018,1.411666
0.000019,1.406706
0.000020,1.401555
0.000022,1.396596
0.000023,1.391636
0.000025,1.386485
0.000026,1.381334
0.000028,1.376374
0.000029,1.371414
0.000031,1.366264
0.000033,1.361304
0.000034,1.356344
0.000036,1.351193
0.000038,1.346233
0.000040,1.341273
0.000042,1.336123
0.000043,1.331163
0.000045,1.326203
0.000047,1.321243
0.000049,1.316283
0.000051,1.311323
0.000053,1.306363
0.000055,1.303883
0.000057,1.298733
0.000059,1.293773
0.000061,1.288813
0.000063,1.283853
0.000066,1.278702
0.000068,1.273742
0.000070,1.268783
0.000073,1.263823
0.000075,1.258863
0.000078,1.253903
0.000080,1.248943
0.000083,1.243983
0.000086,1.239023
0.000088,1.234063
0.000091,1.229103
0.000094,1.224143
0.000097,1.219183
0.000100,1.214224
0.000103,1.209264
0.000106,1.204304
0.000109,1.199344
0.000109,1.198772
0.000112,1.193812
0.000116,1.188852
0.000119,1.183892
0.000122,1.178932
0.000126,1.173972
0.000129,1.169012
0.000133,1.164052
0.000136,1.159092
0.000140,1.154132
0.000144,1.149172
0.000148,1.144213
0.000152,1.139253
0.000156,1.134293
0.000161,1.129333
0.000164,1.126281
0.000168,1.121321
0.000173,1.116361
0.000178,1.111401
0.000183,1.106441
0.000188,1.101481
0.000194,1.096521
0.000200,1.091561
0.000206,1.086601
0.000213,1.081641
0.000218,1.077826
0.000225,1.072866
0.000233,1.067906
0.000241,1.062946
0.000250,1.057986
0.000259,1.053027
0.000269,1.048067
0.000273,1.046159
0.000284,1.041199
0.000295,1.036239
0.000307,1.031279
0.000321,1.026319
0.000327,1.024030
0.000341,1.019070
0.000357,1.014110
0.000373,1.009150
0.000382,1.006670
0.000399,1.001711
0.000418,0.996751
0.000436,0.992172
0.000456,0.987212
0.000477,0.982252
0.000491,0.979391
0.000513,0.974431
0.000537,0.969471
0.000545,0.967754
0.000570,0.962794
0.000595,0.957834
0.000600,0.957071
0.000627,0.952111
0.000654,0.947342
0.000682,0.942382
0.000709,0.938186
0.000739,0.933226
0.000764,0.929601
0.000798,0.924641
0.000818,0.921971
0.000853,0.917011
0.000873,0.914721
0.000912,0.909762
0.000927,0.908045
0.000969,0.903085
0.000982,0.901749
0.001027,0.896789
0.001036,0.896026
0.001083,0.891066
0.001091,0.890303
0.001141,0.885344
0.001145,0.885153
0.001196,0.880193
0.001200,0.879811
0.001253,0.874851
0.001254,0.874851
0.001309,0.870082
0.001363,0.865313
0.001418,0.860735
0.001472,0.856156
0.001527,0.851960
0.001582,0.847763
0.001636,0.843757
0.001691,0.839751
0.001745,0.835935
0.001800,0.832120
0.001854,0.828495
0.001909,0.825062
0.001963,0.821437
0.002018,0.818194
0.002072,0.814760
0.002127,0.811326
0.002181,0.808274
0.002236,0.805222
0.002291,0.802170
0.002345,0.799117
0.002400,0.796065
0.002454,0.793204
0.002509,0.790342
0.002563,0.787671
0.002618,0.784810
0.002672,0.781949
0.002727,0.779278
0.002781,0.776607
0.002836,0.773936
0.002890,0.771456
0.002945,0.768976
0.002999,0.766496
0.003054,0.763826
0.003109,0.761346
0.003163,0.759057
0.003218,0.756577
0.003272,0.754287
0.003327,0.751998
0.003381,0.749709
0.003436,0.747420
0.003490,0.745131
0.003545,0.743032
0.003599,0.740743
0.003654,0.738835
0.003708,0.736737
0.003763,0.734639
0.003818,0.732540
0.003872,0.730442
0.003927,0.728343
0.003981,0.726436
0.004036,0.724528
0.004090,0.722620
0.004145,0.720713
0.004199,0.718805
0.004254,0.716897
0.004308,0.715181
0.004363,0.713273
0.004417,0.711556
0.004472,0.709648
0.004527,0.707931
0.004581,0.706215
0.004636,0.704498
0.004690,0.702972
0.004745,0.701064
0.004799,0.699538
0.004854,0.697821
0.004908,0.696295
0.004963,0.694578
0.005017,0.693052
0.005072,0.691526
0.005126,0.689999
0.005181,0.688283
0.005235,0.686947
0.005290,0.685230
0.005345,0.683895
0.005399,0.682369
0.005454,0.680843
0.005508,0.679317
0.005563,0.677981
0.005617,0.676455
0.005672,0.675120
0.005726,0.673594
0.005781,0.672258
0.005835,0.670923
0.005890,0.669588
0.005944,0.668061
0.005999,0.666726
0.006054,0.665391
0.006108,0.664055
0.006163,0.662911
0.006217,0.661385
0.006272,0.660240
0.006326,0.658714
0.006381,0.657569
0.006435,0.656234
0.006490,0.654899
0.006544,0.653754
0.006599,0.652419
0.006653,0.651274
0.006708,0.649939
0.006763,0.648603
0.006817,0.647459
0.006872,0.646314
0.006926,0.644979
0.006981,0.643834
0.007035,0.642690
0.007090,0.641545
0.007144,0.640400
0.007199,0.639256
0.007253,0.638111
0.007308,0.636776
0.007362,0.635631
0.007417,0.634487
0.007471,0.633342
0.007526,0.632197
0.007581,0.631244
0.007635,0.630099
0.007690,0.628954
0.007744,0.627810
0.007799,0.626665
0.007853,0.625521
0.007908,0.624376
0.007962,0.623422
0.008017,0.622278
0.008071,0.621133
0.008126,0.620179
0.008180,0.619035
0.008235,0.618081
0.008290,0.617127
0.008344,0.615982
0.008399,0.614838
0.008453,0.613884
0.008508,0.612739
0.008562,0.611786
0.008617,0.610832
0.008671,0.609687
0.008726,0.608733
0.008780,0.607779
0.008835,0.606826
0.008889,0.605681
0.008944,0.604727
0.008998,0.603773
0.009053,0.602820
0.009108,0.601866
0.009162,0.600721
0.009217,0.599767
0.009271,0.599004
0.009326,0.597860
0.009380,0.596906
0.009435,0.596143
0.009489,0.594998
0.009544,0.594235
0.009598,0.593090
0.009653,0.592327
0.009707,0.591374
0.009762,0.590420
0.009817,0.589466
0.009871,0.588512
0.009926,0.587749
0.009980,0.586795
0.010035,0.585841
0.010089,0.584888
0.010144,0.584125
0.010198,0.583171
0.010253,0.582217
0.010307,0.581454
0.010362,0.580500
0.010416,0.579546
0.010471,0.578783
0.010526,0.578020
0.010580,0.577066
0.010635,0.576112
0.010689,0.575159
0.010744,0.574395
0.010798,0.573632
0.010853,0.572679
0.010907,0.571916
0.010962,0.571152
0.011016,0.570199
0.011071,0.569436
0.011125,0.568672
0.011180,0.567719
0.011235,0.566956
0.011289,0.566002
0.011344,0.565239
0.011398,0.564476
0.011453,0.563713
0.011507,0.562950
0.011562,0.561996
0.011616,0.561233
0.011671,0.560279
0.011725,0.559516
0.011780,0.558943
0.011834,0.557990
0.011889,0.557227
0.011943,0.556463
0.011998,0.555700
0.012053,0.554937
0.012107,0.554174
0.012162,0.553411
0.012216,0.552648
0.012271,0.551694
0.012325,0.550931
0.012380,0.550359
0.012434,0.549405
0.012489,0.548833
0.012543,0.547879
0.012598,0.547307
0.012652,0.546544
0.012707,0.545781
0.012762,0.545018
0.012816,0.544254
0.012871,0.543491
0.012925,0.542728
0.012980,0.541965
0.013034,0.541202
0.013089,0.540630
0.013143,0.539867
0.013198,0.539104
0.013252,0.538532
0.013307,0.537768
0.013361,0.537005
0.013416,0.536242
0.013470,0.535479
0.013525,0.534907
0.013580,0.534144
0.013634,0.533572
0.013689,0.532809
0.013743,0.532045
0.013798,0.531473
0.013852,0.530710
0.013907,0.529947
0.013961,0.529375
0.014016,0.528612
0.014070,0.527849
0.014125,0.527276
0.014179,0.526513
0.014234,0.525941
0.014289,0.525178
0.014343,0.524606
0.014398,0.523843
0.014452,0.523270
0.014507,0.522507
0.014561,0.521935
0.014616,0.521172
0.014670,0.520600
0.014725,0.519836
0.014779,0.519264
0.014834,0.518501
0.014888,0.517929
0.014943,0.517166
0.014997,0.516593
0.015052,0.516021
0.015107,0.515258
0.015161,0.514686
0.015216,0.514114
0.015270,0.513350
0.015325,0.512778
0.015379,0.512206
0.015434,0.511443
0.015488,0.511061
0.015543,0.510298
0.015597,0.509535
0.015652,0.508963
0.015706,0.508391
0.015761,0.507818
0.015816,0.507246
0.015870,0.506483
0.015925,0.505911
0.015979,0.505338
0.016034,0.504766
0.016088,0.504194
0.016143,0.503431
0.016197,0.502668
0.016252,0.502286
0.016306,0.501714
0.016361,0.501141
0.016415,0.500378
0.016470,0.499806
0.016524,0.499234
0.016579,0.498661
0.016634,0.498089
0.016688,0.497326
0.016743,0.496754
0.016797,0.496182
0.016852,0.495800
0.016906,0.495228
0.016961,0.494655
0.017015,0.493892
0.017070,0.493320
0.017124,0.492748
0.017179,0.492175
0.017233,0.491603
0.017288,0.491031
0.017343,0.490459
0.017397,0.489886
0.017452,0.489314
0.017506,0.488742
0.017561,0.488169
0.017615,0.487788
0.017670,0.487025
0.017724,0.486643
0.017779,0.486071
0.017833,0.485499
0.017888,0.484736
0.017942,0.484354
0.017997,0.483782
0.018051,0.483209
0.018106,0.482637
0.018161,0.482065
0.018215,0.481493
0.018270,0.480920
0.018324,0.480539
0.018379,0.479966
0.018433,0.479394
0.018488,0.478822
0.018542,0.478250
0.018597,0.477677
0.018651,0.477105
0.018706,0.476723
0.018760,0.476151
0.018815,0.475579
0.018870,0.475007
0.018924,0.474625
0.018979,0.474053
0.019033,0.473480
0.019088,0.472908
0.019142,0.472336
0.019197,0.471954
0.019251,0.471382
0.019306,0.470810
0.019360,0.470428
0.019415,0.469856
0.019469,0.469284
0.019524,0.468711
0.019578,0.468330
0.019633,0.467757
0.019688,0.467185
0.019742,0.466613
0.019797,0.466231
0.019851,0.465659
0.019906,0.465277
0.019960,0.464705
0.020015,0.464133
0.020069,0.463751
0.020124,0.463179
0.020178,0.462607
0.020233,0.462225
0.020287,0.461653
0.020342,0.461081
0.020397,0.460699
0.020451,0.460127
0.020506,0.459555
0.020560,0.459173
0.020615,0.458791
0.020669,0.458219
0.020724,0.457647
0.020778,0.457265
0.020833,0.456693
0.020887,0.456312
0.020942,0.455739
0.020996,0.455358
0.021051,0.454785
0.021105,0.454213
0.021160,0.453832
0.021215,0.453259
0.021269,0.452878
0.021324,0.452305
0.021378,0.451924
0.021433,0.451352
0.021487,0.450970
0.021542,0.450398
0.021596,0.450016
0.021651,0.449635
0.021705,0.449062
0.021760,0.448490
0.021814,0.448109
0.021869,0.447536
0.021924,0.447155
0.021978,0.446773
0.022033,0.446201
0.022087,0.445819
0.022142,0.445247
0.022196,0.444866
0.022251,0.444293
0.022305,0.443912
0.022360,0.443530
0.022414,0.442958
0.022469,0.442576
0.022523,0.442004
0.022578,0.441623
0.022632,0.441050
0.022687,0.440669
0.022742,0.440287
0.022796,0.439715
0.022851,0.439333
0.022905,0.438952
0.022960,0.438380
0.023014,0.437998
0.023069,0.437616
0.023123,0.437044
0.023178,0.436663
0.023232,0.436281
0.023287,0.435709
0.023341,0.435327
0.023396,0.434755
0.023451,0.434373
0.023505,0.433992
0.023560,0.433610
0.023614,0.433038
0.023669,0.432657
0.023723,0.432275
0.023778,0.431703
0.023832,0.431321
0.023887,0.430940
0.023941,0.430558
0.023996,0.429986
0.024050,0.429604
0.024105,0.429223
0.024159,0.428650
0.024214,0.428269
0.024269,0.427887
0.024323,0.427506
0.024378,0.426934
0.024432,0.426552
0.024487,0.426171
0.024541,0.425789
0.024596,0.425407
0.024650,0.425026
0.024705,0.424454
0.024759,0.424072
0.024814,0.423691
0.024868,0.423309
0.024923,0.422737
0.024977,0.422355
0.025032,0.421974
0.025087,0.421592
0.025141,0.421211
0.025196,0.420638
0.025250,0.420257
0.025305,0.419875
0.025359,0.419494
0.025414,0.419112
0.025468,0.418731
0.025523,0.418349
0.025577,0.417777
0.025632,0.417395
0.025686,0.417014
0.025741,0.416632
0.025796,0.416251
0.025850,0.415678
0.025905,0.415297
0.025959,0.414915
0.026014,0.414534
0.026068,0.414152
0.026123,0.413771
0.026177,0.413389
0.026232,0.413008
0.026286,0.412626
0.026341,0.412245
0.026395,0.411672
0.026450,0.411291
0.026504,0.410909
0.026559,0.410528
0.026614,0.410146
0.026668,0.409765
0.026723,0.409383
0.026777,0.409002
0.026832,0.408620
0.026886,0.408239
0.026941,0.407666
0.026995,0.407475
0.027050,0.407094
0.027104,0.406712
0.027159,0.406331
0.027213,0.405759
0.027268,0.405377
0.027323,0.404996
0.027377,0.404614
0.027432,0.404232
0.027486,0.403851
0.027541,0.403469
0.027595,0.403088
0.027650,0.402706
0.027704,0.402325
0.027759,0.401943
0.027813,0.401562
0.027868,0.401180
0.027922,0.400799
0.027977,0.400417
0.028031,0.400036
0.028086,0.399654
0.028141,0.399273
0.028195,0.398891
0.028250,0.398510
0.028304,0.398128
0.028359,0.397746
0.028413,0.397365
0.028468,0.396983
0.028522,0.396602
0.028577,0.396220
0.028631,0.395839
0.028686,0.395457
0.028740,0.395266
0.028795,0.394885
0.028850,0.394503
0.028904,0.394122
0.028959,0.393550
0.029013,0.393359
0.029068,0.392977
0.029122,0.392596
0.029177,0.392214
0.029231,0.391833
0.029286,0.391642
0.029340,0.391260
0.029395,0.390879
0.029449,0.390497
0.029504,0.390116
0.029559,0.389734
0.029613,0.389353
0.029668,0.388971
0.029722,0.388590
0.029777,0.388399
0.029831,0.387827
0.029886,0.387445
0.029940,0.387064
0.029995,0.386873
0.030049,0.386491
0.030104,0.386110
0.030158,0.385728
0.030213,0.385537
0.030267,0.385156
0.030322,0.384774
0.030377,0.384393
0.030431,0.384011
0.030486,0.383630
0.030540,0.383248
0.030595,0.382867
0.030649,0.382485
0.030704,0.382294
0.030758,0.381913
0.030813,0.381531
0.030867,0.381150
0.030922,0.380768
0.030976,0.380578
0.031031,0.380196
0.031085,0.379814
0.031140,0.379433
0.031195,0.379051
0.031249,0.378670
0.031304,0.378288
0.031358,0.378098
0.031413,0.377716
0.031467,0.377335
0.031522,0.376953
0.031576,0.376762
0.031631,0.376381
0.031685,0.375999
0.031740,0.375618
0.031794,0.375236
0.031849,0.374855
0.031904,0.374664
0.031958,0.374282
0.032013,0.373901
0.032067,0.373710
0.032122,0.373328
0.032176,0.372947
0.032231,0.372565
0.032285,0.372184
0.032340,0.371993
0.032394,0.371612
0.032449,0.371230
0.032503,0.371039
0.032558,0.370658
0.032613,0.370276
0.032667,0.369895
0.032722,0.369704
0.032776,0.369322
0.032831,0.368941
0.032885,0.368559
0.032940,0.368369
0.032994,0.367987
0.033049,0.367605
0.033103,0.367415
0.033158,0.367033
0.033212,0.366652
0.033267,0.366461
0.033321,0.366079
0.033376,0.365698
0.033431,0.365316
0.033485,0.364935
0.033540,0.364744
0.033594,0.364553
0.033649,0.364172
0.033703,0.363790
0.033758,0.363599
0.033812,0.363027
0.033867,0.362836
0.033921,0.362455
0.033976,0.362073
0.034030,0.361882
0.034085,0.361501
0.034140,0.361119
0.034194,0.360929
0.034249,0.360547
0.034303,0.360356
0.034358,0.359975
0.034412,0.359593
0.034467,0.359212
0.034521,0.359021
0.034576,0.358830
0.034630,0.358449
0.034685,0.358067
0.034739,0.357876
0.034794,0.357495
0.034848,0.357113
0.034903,0.356732
0.034958,0.356541
0.035012,0.356160
0.035067,0.355778
0.035121,0.355587
0.035176,0.355206
0.035230,0.355015
0.035285,0.354633
0.035339,0.354252
0.035394,0.354061
0.035448,0.353680
0.035503,0.353489
0.035557,0.353107
0.035612,0.352726
0.035667,0.352535
0.035721,0.352153
0.035776,0.351963
0.035830,0.351581
0.035885,0.351200
0.035939,0.351009
0.035994,0.350627
0.036048,0.350437
0.036103,0.350055
0.036157,0.349673
0.036212,0.349292
0.036266,0.349101
0.036321,0.348910
0.036375,0.348529
0.036430,0.348147
0.036485,0.347957
0.036539,0.347575
0.036594,0.347384
0.036648,0.347003
0.036703,0.346812
0.036757,0.346430
0.036812,0.346240
0.036866,0.345858
0.036921,0.345477
0.036975,0.345286
0.037030,0.344904
0.037084,0.344714
0.037139,0.344332
0.037194,0.344141
0.037248,0.343760
0.037303,0.343569
0.037357,0.343187
0.037412,0.342997
0.037466,0.342615
0.037521,0.342424
0.037575,0.342043
0.037630,0.341661
0.037684,0.341471
0.037739,0.341280
0.037793,0.340898
0.037848,0.340517
0.037903,0.340326
0.037957,0.340135
0.038012,0.339754
0.038066,0.339563
0.038121,0.339181
0.038175,0.338800
0.038230,0.338609
0.038284,0.338228
0.038339,0.338037
0.038393,0.337655
0.038448,0.337464
0.038502,0.337083
0.038557,0.336892
0.038612,0.336701
0.038666,0.336320
0.038721,0.335938
0.038775,0.335748
0.038830,0.335366
0.038884,0.335175
0.038939,0.334985
0.038993,0.334603
0.039048,0.334412
0.039102,0.334031
0.039157,0.333840
0.039211,0.333649
0.039266,0.333268
0.039320,0.332886
0.039375,0.332505
0.039430,0.332314
0.039484,0.332123
0.039539,0.331742
0.039593,0.331551
0.039648,0.331169
0.039702,0.330978
0.039757,0.330788
0.039811,0.330406
0.039866,0.330215
0.039920,0.329834
0.039975,0.329643
0.040029,0.329262
0.040084,0.329071
0.040139,0.328689
0.040193,0.328498
0.040248,0.328308
0.040302,0.327926
0.040357,0.327735
0.040411,0.327545
0.040466,0.327163
0.040520,0.326972
0.040575,0.326591
0.040629,0.326400
0.040684,0.326019
0.040738,0.325637
0.040793,0.325446
0.040848,0.325255
0.040902,0.324874
0.040957,0.324683
0.041011,0.324492
0.041066,0.324111
0.041120,0.323920
0.041175,0.323539
0.041229,0.323348
0.041284,0.322966
0.041338,0.322776
0.041393,0.322585
0.041447,0.322203
0.041502,0.322012
0.041556,0.321822
0.041611,0.321440
0.041666,0.321249
0.041720,0.321059
0.041775,0.320677
0.041829,0.320486
0.041884,0.320105
0.041938,0.319914
0.041993,0.319533
0.042047,0.319342
0.042102,0.319151
0.042156,0.318769
0.042211,0.318579
0.042265,0.318388
0.042320,0.318006
0.042375,0.317816
0.042429,0.317625
0.042484,0.317243
0.042538,0.317053
0.042593,0.316671
0.042647,0.316480
0.042702,0.316099
0.042756,0.315908
0.042811,0.315717
0.042865,0.315526
0.042920,0.315336
0.042974,0.314954
0.043029,0.314763
0.043083,0.314573
0.043138,0.314191
0.043193,0.313810
0.043247,0.313810
0.043302,0.313428
0.043356,0.313046
0.043411,0.312856
0.043465,0.312665
0.043520,0.312474
0.043574,0.312283
0.043629,0.311902
0.043683,0.311711
0.043738,0.311520
0.043792,0.311139
0.043847,0.310948
0.043902,0.310567
0.043956,0.310376
0.044011,0.310185
0.044065,0.309803
0.044120,0.309613
0.044174,0.309422
0.044229,0.309231
0.044283,0.309040
0.044338,0.308659
0.044392,0.308468
0.044447,0.308087
0.044501,0.307896
0.044556,0.307705
0.044610,0.307324
0.044665,0.307133
0.044720,0.306942
0.044774,0.306560
0.044829,0.306370
0.044883,0.306179
0.044938,0.305988
0.044992,0.305607
0.045047,0.305416
0.045101,0.305034
0.045156,0.305034
0.045210,0.304653
0.045265,0.304462
0.045319,0.304271
0.045374,0.303890
0.045429,0.303699
0.045483,0.303508
0.045538,0.303317
0.045592,0.302936
0.045647,0.302745
0.045701,0.302554
0.045756,0.302173
0.045810,0.301982
0.045865,0.301791
0.045919,0.301601
0.045974,0.301219
0.046028,0.301028
0.046083,0.300837
0.046137,0.300647
0.046192,0.300265
0.046247,0.300074
0.046301,0.299884
0.046356,0.299693
0.046410,0.299311
0.046465,0.299121
0.046519,0.298930
0.046574,0.298739
0.046628,0.298358
0.046683,0.298167
0.046737,0.297976
0.046792,0.297785
0.046846,0.297404
0.046901,0.297404
0.046956,0.297022
0.047010,0.296831
0.047065,0.296641
0.047119,0.296259
0.047174,0.296068
0.047228,0.295878
0.047283,0.295496
0.047337,0.295305
0.047392,0.295115
0.047446,0.294924
0.047501,0.294733
0.047555,0.294351
0.047610,0.294161
0.047665,0.293970
0.047719,0.293779
0.047774,0.293588
0.047828,0.293207
0.047883,0.293016
0.047937,0.292825
0.047992,0.292635
0.048046,0.292444
0.048101,0.292062
0.048155,0.291871
0.048210,0.291681
0.048264,0.291490
0.048319,0.291299
0.048373,0.291108
0.048428,0.290918
0.048483,0.290536
0.048537,0.290345
0.048592,0.290155
0.048646,0.289773
0.048701,0.289582
0.048755,0.289392
0.048810,0.289201
0.048864,0.289010
0.048919,0.288628
0.048973,0.288438
0.049028,0.288247
0.049082,0.288056
0.049137,0.287865
0.049192,0.287675
0.049246,0.287484
0.049301,0.287102
0.049355,0.286912
0.049410,0.286721
0.049464,0.286530
0.049519,0.286339
0.049573,0.285958
0.049628,0.285767
0.049682,0.285576
0.049737,0.285385
0.049791,0.285195
0.049846,0.284813
0.049900,0.284813
0.049955,0.284432
0.050010,0.284241
0.050064,0.284050
0.050119,0.283859
0.050173,0.283478
0.050228,0.283287
0.050282,0.283096
0.050337,0.282906
0.050391,0.282524
0.050446,0.282524
0.050500,0.282333
0.050555,0.282142
0.050609,0.281761
0.050664,0.281570
0.050719,0.281379
0.050773,0.281189
0.050828,0.280998
0.050882,0.280616
0.050937,0.280426
0.050991,0.280235
0.051046,0.280044
0.051100,0.279853
0.051155,0.279662
0.051209,0.279472
0.051264,0.279090
0.051318,0.279090
0.051373,0.278709
0.051428,0.278709
0.051482,0.278327
0.051537,0.278136
0.051591,0.277946
0.051646,0.277564
0.051700,0.277564
0.051755,0.277183
0.051809,0.277183
0.051864,0.276801
0.051918,0.276610
0.051973,0.276419
0.052027,0.276229
0.052082,0.276038
0.052136,0.275847
0.052191,0.275656
0.052246,0.275466
0.052300,0.275275
0.052355,0.275084
0.052409,0.274703
0.052464,0.274512
0.052518,0.274321
0.052573,0.274130
0.052627,0.273940
0.052682,0.273749
0.052736,0.273558
0.052791,0.273367
0.052845,0.273176
0.052900,0.272986
0.052955,0.272604
0.053009,0.272604
0.053064,0.272223
0.053118,0.272032
0.053173,0.271841
0.053227,0.271650
0.053282,0.271460
0.053336,0.271078
0.053391,0.271078
0.053445,0.270696
0.053500,0.270506
0.053554,0.270315
0.053609,0.270124
0.053663,0.269933
0.053718,0.269743
0.053773,0.269552
0.053827,0.269361
0.053882,0.269170
0.053936,0.268980
0.053991,0.268789
0.054045,0.268598
0.054100,0.268407
0.054154,0.268026
0.054209,0.268026
0.054263,0.267835
0.054318,0.267453
0.054372,0.267263
0.054427,0.267072
0.054482,0.266881
0.054536,0.266690
0.054591,0.266500
0.054645,0.266309
0.054700,0.266118
0.054754,0.265927
0.054809,0.265737
0.054863,0.265546
0.054918,0.265355
0.054972,0.265164
0.055027,0.264974
0.055081,0.264783
0.055136,0.264592
0.055191,0.264210
0.055245,0.264020
0.055300,0.263829
0.055354,0.263829
0.055409,0.263638
0.055463,0.263447
0.055518,0.263066
0.055572,0.262875
0.055627,0.262684
0.055681,0.262684
0.055736,0.262303
0.055790,0.262112
0.055845,0.261921
0.055899,0.261731
0.055954,0.261540
0.056009,0.261349
0.056063,0.261158
0.056118,0.260967
0.056172,0.260777
0.056227,0.260586
0.056281,0.260395
0.056336,0.260204
0.056390,0.260014
0.056445,0.259823
0.056499,0.259632
0.056554,0.259441
0.056608,0.259251
0.056663,0.259060
0.056718,0.258869
0.056772,0.258678
0.056827,0.258487
0.056881,0.258297
0.056936,0.258106
0.056990,0.257724
0.057045,0.257724
0.057099,0.257534
0.057154,0.257343
0.057208,0.257152
0.057263,0.256961
0.057317,0.256771
0.057372,0.256580
0.057426,0.256389
0.057481,0.256198
0.057536,0.256008
0.057590,0.255817
0.057645,0.255626
0.057699,0.255435
0.057754,0.255054
0.057808,0.255054
0.057863,0.254863
0.057917,0.254672
0.057972,0.254481
0.058026,0.254291
0.058081,0.254100
0.058135,0.253909
0.058190,0.253718
0.058245,0.253528
0.058299,0.253337
0.058354,0.253146
0.058408,0.252955
0.058463,0.252765
0.058517,0.252574
0.058572,0.252383
0.058626,0.252192
0.058681,0.252001
0.058735,0.251811
0.058790,0.251620
0.058844,0.251429
0.058899,0.251238
0.058953,0.251238
0.059008,0.250857
0.059063,0.250857
0.059117,0.250475
0.059172,0.250475
0.059226,0.250094
0.059281,0.250094
0.059335,0.249712
0.059390,0.249712
0.059444,0.249331
0.059499,0.249331
0.059553,0.249140
0.059608,0.248949
0.059662,0.248758
0.059717,0.248568
0.059772,0.248377
0.059826,0.248186
0.059881,0.247995
0.059935,0.247805
0.059990,0.247614
0.060044,0.247423
0.060099,0.247423
0.060153,0.247232
0.060208,0.246851
0.060262,0.246660
0.060317,0.246660
0.060371,0.246278
0.060426,0.246278
0.060481,0.245897
0.060535,0.245897
0.060590,0.245706
0.060644,0.245515
0.060699,0.245325
0.060753,0.245134
0.060808,0.245134
0.060862,0.244752
0.060917,0.244752
0.060971,0.244371
0.061026,0.244371
0.061080,0.244180
0.061135,0.243989
0.061190,0.243608
0.061244,0.243608
0.061299,0.243417
0.061353,0.243226
0.061408,0.243035
0.061462,0.242845
0.061517,0.242654
0.061571,0.242463
0.061626,0.242463
0.061680,0.242272
0.061735,0.242082
0.061789,0.241891
0.061844,0.241700
0.061898,0.241509
0.061953,0.241319
0.062008,0.241128
0.062062,0.240937
0.062117,0.240746
0.062171,0.240556
0.062226,0.240556
0.062280,0.240174
0.062335,0.240174
0.062389,0.239983
0.062444,0.239792
0.062498,0.239602
0.062553,0.239411
0.062607,0.239411
0.062662,0.239029
0.062717,0.239029
0.062771,0.238839
0.062826,0.238648
0.062880,0.238457
0.062935,0.238266
0.062989,0.238076
0.063044,0.237885
0.063098,0.237694
0.063153,0.237503
0.063207,0.237503
0.063262,0.237122
0.063316,0.237122
0.063371,0.236931
0.063426,0.236740
0.063480,0.236549
0.063535,0.236359
0.063589,0.236359
0.063644,0.235977
0.063698,0.235977
0.063753,0.235786
0.063807,0.235596
0.063862,0.235405
0.063916,0.235214
0.063971,0.235214
0.064025,0.234833
0.064080,0.234642
0.064134,0.234451
0.064189,0.234451
0.064244,0.234260
0.064298,0.234069
0.064353,0.233879
0.064407,0.233688
0.064462,0.233497
0.064516,0.233306
0.064571,0.233306
0.064625,0.233116
0.064680,0.232925
0.064734,0.232925
0.064789,0.232734
0.064843,0.232543
0.064898,0.232353
0.064953,0.232162
0.065007,0.231971
0.065062,0.231780
0.065116,0.231590
0.065171,0.231399
0.065225,0.231399
0.065280,0.231208
0.065334,0.231017
0.065389,0.230826
0.065443,0.230636
0.065498,0.230636
0.065552,0.230445
0.065607,0.230254
0.065661,0.230254
0.065716,0.229873
0.065771,0.229873
0.065825,0.229682
0.065880,0.229491
0.065934,0.229300
0.065989,0.229110
0.066043,0.229110
0.066098,0.228728
0.066152,0.228728
0.066207,0.228537
0.066261,0.228347
0.066316,0.228156
0.066370,0.228156
0.066425,0.227965
0.066480,0.227774
0.066534,0.227583
0.066589,0.227393
0.066643,0.227393
0.066698,0.227202
0.066752,0.227011
0.066807,0.226820
0.066861,0.226820
0.066916,0.226630
0.066970,0.226439
0.067025,0.226439
0.067079,0.226248
0.067134,0.226057
0.067189,0.225867
0.067243,0.225676
0.067298,0.225485
0.067352,0.225294
0.067407,0.225294
0.067461,0.225103
0.067516,0.224913
0.067570,0.224913
0.067625,0.224531
0.067679,0.224531
0.067734,0.224340
0.067788,0.224150
0.067843,0.224150
0.067897,0.223959
0.067952,0.223768
0.068007,0.223768
0.068061,0.223577
0.068116,0.223387
0.068170,0.223196
0.068225,0.223005
0.068279,0.223005
0.068334,0.222814
0.068388,0.222624
0.068443,0.222433
0.068497,0.222242
0.068552,0.222242
0.068606,0.222051
0.068661,0.221860
0.068716,0.221860
0.068770,0.221670
0.068825,0.221479
0.068879,0.221479
0.068934,0.221288
0.068988,0.221097
0.069043,0.221097
0.069097,0.220907
0.069152,0.220716
0.069206,0.220525
0.069261,0.220334
0.069315,0.220334
0.069370,0.220144
0.069425,0.220144
0.069479,0.219953
0.069534,0.219762
0.069588,0.219762
0.069643,0.219571
0.069697,0.219381
0.069752,0.219190
0.069806,0.218999
0.069861,0.218999
0.069915,0.218808
0.069970,0.218808
0.070024,0.218617
0.070079,0.218427
0.070133,0.218427
0.070188,0.218236
0.070243,0.218045
0.070297,0.218045
0.070352,0.217854
0.070406,0.217664
0.070461,0.217664
0.070515,0.217473
0.070570,0.217282
0.070624,0.217282
0.070679,0.217091
0.070733,0.217091
0.070788,0.216901
0.070842,0.216901
0.070897,0.216519
0.070952,0.216519
0.071006,0.216328
0.071061,0.216138
0.071115,0.216138
0.071170,0.215947
0.071224,0.215756
0.071279,0.215756
0.071333,0.215565
0.071388,0.215565
0.071442,0.215374
0.071497,0.215374
0.071551,0.215184
0.071606,0.215184
0.071661,0.214993
0.071715,0.214993
0.071770,0.214802
0.071824,0.214611
0.071879,0.214611
0.071933,0.214421
0.071988,0.214421
0.072042,0.214230
0.072097,0.214230
0.072151,0.214039
0.072206,0.214039
0.072260,0.213848
0.072315,0.213848
0.072370,0.213658
0.072424,0.213467
0.072479,0.213467
0.072533,0.213276
0.072588,0.213276
0.072642,0.213085
0.072697,0.213085
0.072751,0.212894
0.072806,0.212894
0.072860,0.212704
0.072915,0.212704
0.072969,0.212513
0.073024,0.212513
0.073079,0.212322
0.073133,0.212322
0.073188,0.212131
0.073242,0.212131
0.073297,0.212131
0.073351,0.211941
0.073406,0.211941
0.073460,0.211941
0.073515,0.211750
0.073569,0.211559
0.073624,0.211559
0.073678,0.211559
0.073733,0.211368
0.073787,0.211368
0.073842,0.211178
0.073897,0.211178
0.073951,0.211178
0.074006,0.210987
0.074060,0.210987
0.074115,0.210796
0.074169,0.210796
0.074224,0.210605
0.074278,0.210605
0.074333,0.210605
0.074387,0.210415
0.074442,0.210415
0.074496,0.210224
0.074551,0.210224
0.074606,0.210033
0.074660,0.210033
0.074715,0.210033
0.074769,0.210033
0.074824,0.209842
0.074878,0.209842
0.074933,0.209842
0.074987,0.209651
0.075042,0.209651
0.075096,0.209461
0.075151,0.209461
0.075206,0.209461
0.075260,0.209270
0.075315,0.209270
0.075369,0.209270
0.075424,0.209270
0.075478,0.209270
0.075533,0.209079
0.075587,0.209079
0.075642,0.209079
0.075696,0.208888
0.075751,0.208888
0.075805,0.208888
0.075860,0.208888
0.075914,0.208698
0.075969,0.208698
0.076023,0.208507
0.076078,0.208507
0.076132,0.208507
0.076187,0.208507
0.076241,0.208507
0.076296,0.208507
0.076350,0.208507
0.076405,0.208316
0.076459,0.208316
0.076514,0.208316
0.076568,0.208125
0.076623,0.208125
0.076677,0.208125
0.076732,0.208125
0.076786,0.207935
0.076841,0.207935
0.076895,0.207935
0.076950,0.207935
0.077004,0.207935
0.077059,0.207744
0.077113,0.207744
0.077168,0.207744
0.077222,0.207744
0.077277,0.207744
0.077331,0.207553
0.077386,0.207553
0.077441,0.207553
0.077495,0.207362
0.077550,0.207362
0.077604,0.207362
0.077659,0.207362
0.077713,0.207362
0.077768,0.207172
0.077822,0.207172
0.077877,0.207172
0.077931,0.207172
0.077986,0.207172
0.078040,0.206981
0.078095,0.206981
0.078149,0.206981
0.078204,0.206981
0.078258,0.206981
0.078313,0.206981
0.078367,0.206981
0.078422,0.206981
0.078476,0.206790
0.078531,0.206790
0.078585,0.206790
0.078640,0.206790
0.078694,0.206790
0.078749,0.206599
0.078803,0.206599
0.078858,0.206599
0.078912,0.206599
0.078967,0.206599
0.079021,0.206599
0.079076,0.206599
0.079130,0.206599
0.079185,0.206599
0.079239,0.206408
0.079294,0.206408
0.079348,0.206408
0.079403,0.206408
0.079457,0.206408
0.079512,0.206218
0.079566,0.206218
0.079621,0.206218
0.079675,0.206218
0.079730,0.206218
0.079784,0.206218
0.079839,0.206218
0.079893,0.206218
0.079948,0.206218
0.080002,0.206218
0.080057,0.206218
0.080111,0.206027
0.080166,0.206027
0.080220,0.206027
0.080275,0.206027
0.080329,0.205836
0.080384,0.205836
0.080438,0.205836
0.080493,0.205836
0.080548,0.205836
0.080602,0.205836
0.080657,0.205836
0.080711,0.205836
0.080766,0.205836
0.080820,0.205836
0.080875,0.205836
0.080929,0.205836
0.080984,0.205836
0.081038,0.205645
0.081093,0.205645
0.081147,0.205645
0.081202,0.205645
0.081256,0.205645
0.081311,0.205645
0.081365,0.205645
0.081420,0.205455
0.081474,0.205455
0.081529,0.205455
0.081583,0.205455
0.081638,0.205455
0.081692,0.205455
0.081747,0.205455
0.081801,0.205455
0.081856,0.205455
0.081910,0.205455
0.081965,0.205455
0.082019,0.205455
0.082074,0.205455
0.082128,0.205455
0.082183,0.205264
0.082237,0.205264
0.082292,0.205264
0.082346,0.205264
0.082401,0.205264
0.082455,0.205264
0.082510,0.205264
0.082564,0.205073
0.082619,0.205264
0.082673,0.205073
0.082728,0.205073
0.082782,0.205073
0.082837,0.205073
0.082891,0.205073
0.082946,0.205073
0.083000,0.205073
0.083055,0.205073
0.083109,0.205073
0.083164,0.205073
0.083218,0.204882
0.083273,0.204882
0.083327,0.204882
0.083382,0.204882
0.083436,0.204882
0.083491,0.204882
0.083545,0.204882
0.083600,0.204692
0.083655,0.204882
0.083709,0.204882
0.083764,0.204692
0.083818,0.204692
0.083873,0.204692
0.083927,0.204692
0.083982,0.204692
0.084036,0.204692
0.084091,0.204692
0.084145,0.204692
0.084200,0.204692
0.084254,0.204692
0.084309,0.204692
0.084363,0.204692
0.084418,0.204501
0.084472,0.204501
0.084527,0.204501
0.084581,0.204501
0.084636,0.204501
0.084690,0.204501
0.084745,0.204501
0.084799,0.204501
0.084854,0.204501
0.084908,0.204501
0.084963,0.204310
0.085017,0.204310
0.085072,0.204310
0.085126,0.204310
0.085181,0.204310
0.085235,0.204310
0.085290,0.204310
0.085344,0.204310
0.085399,0.204310
0.085453,0.204310
0.085508,0.204310
0.085562,0.204310
0.085617,0.204310
0.085671,0.204119
0.085726,0.204119
0.085780,0.204119
0.085835,0.204119
0.085889,0.204119
0.085944,0.204119
0.085998,0.204119
0.086053,0.204119
0.086107,0.203929
0.086162,0.203929
0.086216,0.203929
0.086271,0.203929
0.086325,0.203929
0.086380,0.203929
0.086434,0.203929
0.086489,0.203929
0.086543,0.203929
0.086598,0.203929
0.086652,0.203929
0.086707,0.203929
0.086761,0.203929
0.086816,0.203929
0.086871,0.203929
0.086925,0.203929
0.086980,0.203738
0.087034,0.203738
0.087089,0.203738
0.087143,0.203738
0.087198,0.203738
0.087252,0.203738
0.087307,0.203738
0.087361,0.203738
0.087416,0.203738
0.087470,0.203738
0.087525,0.203738
0.087579,0.203547
0.087634,0.203547
0.087688,0.203547
0.087743,0.203547
0.087797,0.203547
0.087852,0.203547
0.087906,0.203547
0.087961,0.203547
0.088015,0.203547
0.088070,0.203547
0.088124,0.203547
0.088179,0.203547
0.088233,0.203356
0.088288,0.203547
0.088342,0.203356
0.088397,0.203356
0.088451,0.203356
0.088506,0.203356
0.088560,0.203356
0.088615,0.203356
0.088669,0.203356
0.088724,0.203356
0.088778,0.203356
0.088833,0.203165
0.088887,0.203356
0.088942,0.203165
0.088996,0.203356
0.089051,0.203165
0.089105,0.203165
0.089160,0.203165
0.089214,0.203165
0.089269,0.203165
0.089323,0.203165
0.089378,0.203165
0.089432,0.203165
0.089487,0.203165
0.089541,0.203165
0.089596,0.203165
0.089650,0.203165
0.089705,0.202975
0.089759,0.202975
0.089814,0.202975
0.089868,0.202975
0.089923,0.202975
0.089978,0.202975
0.090032,0.202975
0.090087,0.202975
0.090141,0.202975
0.090196,0.202975
0.090250,0.202975
0.090305,0.202784
0.090359,0.202975
0.090414,0.202784
0.090468,0.202784
0.090523,0.202784
0.090577,0.202784
0.090632,0.202784
0.090686,0.202784
0.090741,0.202784
0.090795,0.202784
0.090850,0.202784
0.090904,0.202784
0.090959,0.202784
0.091013,0.202784
0.091068,0.202784
0.091122,0.202784
0.091177,0.202784
0.091231,0.202784
0.091286,0.202593
0.091340,0.202593
0.091395,0.202593
0.091449,0.202593
0.091504,0.202593
0.091558,0.202593
0.091613,0.202593
0.091667,0.202593
0.091722,0.202593
0.091776,0.202593
0.091831,0.202593
0.091885,0.202402
0.091940,0.202402
0.091994,0.202402
0.092049,0.202402
0.092103,0.202402
0.092158,0.202402
0.092212,0.202402
0.092267,0.202402
0.092321,0.202402
0.092376,0.202402
0.092430,0.202402
0.092485,0.202402
0.092539,0.202402
0.092594,0.202402
0.092648,0.202212
0.092703,0.202402
0.092757,0.202212
0.092812,0.202402
0.092866,0.202212
0.092921,0.202212
0.092975,0.202212
0.093030,0.202212
0.093084,0.202212
0.093139,0.202021
0.093194,0.202021
0.093248,0.202021
0.093303,0.202021
0.093357,0.202021
0.093412,0.202021
0.093466,0.202021
0.093521,0.202021
0.093575,0.202021
0.093630,0.202021
0.093684,0.202021
0.093739,0.202021
0.093793,0.202021
0.093848,0.202021
0.093902,0.202021
0.093957,0.202021
0.094011,0.201830
0.094066,0.201830
0.094120,0.201830
0.094175,0.201830
0.094229,0.201830
0.094284,0.201830
0.094338,0.201830
0.094393,0.201830
0.094447,0.201830
0.094502,0.201830
0.094556,0.201639
0.094611,0.201639
0.094665,0.201639
0.094720,0.201639
0.094774,0.201639
0.094829,0.201639
0.094883,0.201639
0.094938,0.201639
0.094992,0.201639
0.095047,0.201639
0.095101,0.201639
0.095156,0.201639
0.095210,0.201639
0.095265,0.201639
0.095319,0.201449
0.095374,0.201449
0.095428,0.201449
0.095483,0.201449
0.095537,0.201449
0.095592,0.201449
0.095646,0.201449
0.095701,0.201449
0.095755,0.201449
0.095810,0.201449
0.095864,0.201449
0.095919,0.201258
0.095973,0.201258
0.096028,0.201258
0.096082,0.201258
0.096137,0.201258
0.096191,0.201258
0.096246,0.201258
0.096301,0.201258
0.096355,0.201258
0.096410,0.201067
0.096464,0.201258
0.096519,0.201258
0.096573,0.201067
0.096628,0.201067
0.096682,0.201067
0.096737,0.201067
0.096791,0.201067
0.096846,0.201067
0.096900,0.201067
0.096955,0.201067
0.097009,0.200876
0.097064,0.200876
0.097118,0.200876
0.097173,0.200876
0.097227,0.200876
0.097282,0.200876
0.097336,0.200876
0.097391,0.200876
0.097445,0.200876
0.097500,0.200876
0.097554,0.200876
0.097609,0.200876
0.097663,0.200876
0.097718,0.200876
0.097772,0.200876
0.097827,0.200685
0.097881,0.200685
0.097936,0.200685
0.097990,0.200685
0.098045,0.200685
0.098099,0.200685
0.098154,0.200685
0.098208,0.200685
0.098263,0.200685
0.098317,0.200495
0.098372,0.200495
0.098426,0.200495
0.098481,0.200495
0.098535,0.200495
0.098590,0.200495
0.098644,0.200495
0.098699,0.200495
0.098753,0.200495
0.098808,0.200495
0.098862,0.200495
0.098917,0.200495
0.098971,0.200495
0.099026,0.200304
0.099080,0.200304
0.099135,0.200304
0.099189,0.200304
0.099244,0.200304
0.099298,0.200304
0.099353,0.200304
0.099407,0.200304
0.099462,0.200304
0.099517,0.200113
0.099571,0.200113
0.099626,0.200113
0.099680,0.200113
0.099735,0.200113
0.099789,0.200113
0.099844,0.200113
0.099898,0.200113
0.099953,0.200113
0.100007,0.200113
0.100062,0.200113
0.100116,0.200113
0.100171,0.199922
0.100225,0.199922
0.100280,0.200113
0.100334,0.199922
0.100389,0.199922
0.100443,0.199922
0.100498,0.199922
0.100552,0.199922
0.100607,0.199922
0.100661,0.199732
0.100716,0.199922
0.100770,0.199922
0.100825,0.199732
0.100879,0.199732
0.100934,0.199732
0.100988,0.199732
0.101043,0.199732
0.101097,0.199732
0.101152,0.199732
0.101206,0.199732
0.101261,0.199732
0.101315,0.199732
0.101370,0.199732
0.101424,0.199732
0.101479,0.199732
0.101533,0.199732
0.101588,0.199541
0.101642,0.199541
0.101697,0.199541
0.101751,0.199541
0.101806,0.199541
0.101860,0.199541
0.101915,0.199541
0.101969,0.199541
0.102024,0.199541
0.102078,0.199350
0.102133,0.199350
0.102187,0.199350
0.102242,0.199350
0.102296,0.199350
0.102351,0.199350
0.102405,0.199350
0.102460,0.199350
0.102514,0.199350
0.102569,0.199350
0.102624,0.199350
0.102678,0.199350
0.102733,0.199350
0.102787,0.199159
0.102842,0.199159
0.102896,0.199159
0.102951,0.199159
0.103005,0.199159
0.103060,0.199159
0.103114,0.199159
0.103169,0.199159
0.103223,0.199159
0.103278,0.198969
0.103332,0.198969
0.103387,0.198969
0.103441,0.198969
0.103496,0.198969
0.103550,0.198969
0.103605,0.198969
0.103659,0.198969
0.103714,0.198969
0.103768,0.198969
0.103823,0.198778
0.103877,0.198778
0.103932,0.198778
0.103986,0.198778
0.104041,0.198778
0.104095,0.198778
0.104150,0.198778
0.104204,0.198778
0.104259,0.198587
0.104313,0.198587
0.104368,0.198778
0.104422,0.198587
0.104477,0.198396
0.104531,0.198396
0.104586,0.198396
0.104640,0.198396
0.104695,0.198396
0.104749,0.198206
0.104804,0.198206
0.104858,0.198206
0.104913,0.198206
0.104967,0.198206
0.105022,0.198206
0.105076,0.198206
0.105131,0.198206
0.105185,0.198206
0.105240,0.198206
0.105294,0.198206
0.105349,0.198206
0.105403,0.198206
0.105458,0.198206
0.105512,0.198206
0.105567,0.198206
0.105621,0.198206
0.105676,0.198206
0.105730,0.198206
0.105785,0.198206
0.105840,0.198015
0.105894,0.198206
0.105949,0.198015
0.106003,0.198015
0.106058,0.198015
0.106112,0.198015
0.106167,0.198015
0.106221,0.198015
0.106276,0.198015
0.106330,0.198015
0.106385,0.198015
0.106439,0.197824
0.106494,0.197824
0.106548,0.197824
0.106603,0.197824
0.106657,0.197824
0.106712,0.197824
0.106766,0.197824
0.106821,0.197824
0.106875,0.197824
0.106930,0.197824
0.106984,0.197633
0.107039,0.197633
0.107093,0.197633
0.107148,0.197633
0.107202,0.197633
0.107257,0.197633
0.107311,0.197633
0.107366,0.197442
0.107420,0.197442
0.107475,0.197442
0.107529,0.197442
0.107584,0.197442
0.107638,0.197442
0.107693,0.197442
0.107747,0.197442
0.107802,0.197442
0.107856,0.197442
0.107911,0.197442
0.107965,0.197442
0.108020,0.197252
0.108074,0.197252
0.108129,0.197252
0.108183,0.197252
0.108238,0.197252
0.108292,0.197252
0.108347,0.197252
0.108401,0.197061
0.108456,0.197061
0.108510,0.197061
0.108565,0.197061
0.108619,0.197061
0.108674,0.197061
0.108728,0.197061
0.108783,0.197061
0.108837,0.196870
0.108892,0.197061
0.108947,0.196870
0.109001,0.196870
0.109056,0.196870
0.109110,0.196870
0.109165,0.196870
0.109219,0.196679
0.109274,0.196679
0.109328,0.196679
0.109383,0.196679
0.109437,0.196679
0.109492,0.196679
0.109546,0.196679
0.109601,0.196679
0.109655,0.196679
0.109710,0.196679
0.109764,0.196679
0.109819,0.196679
0.109873,0.196679
0.109928,0.196679
0.109982,0.196679
0.110037,0.196489
0.110091,0.196489
0.110146,0.196489
0.110200,0.196489
0.110255,0.196489
0.110309,0.196298
0.110364,0.196298
0.110418,0.196298
0.110473,0.196298
0.110527,0.196298
0.110582,0.196298
0.110636,0.196298
0.110691,0.196298
0.110745,0.196298
0.110800,0.196298
0.110854,0.196107
0.110909,0.196298
0.110963,0.196107
0.111018,0.196107
0.111072,0.196107
0.111127,0.196107
0.111181,0.196107
0.111236,0.195916
0.111290,0.195916
0.111345,0.195916
0.111399,0.195916
0.111454,0.195916
0.111508,0.195916
0.111563,0.195916
0.111617,0.195916
0.111672,0.195916
0.111726,0.195916
0.111781,0.195726
0.111835,0.195726
0.111890,0.195726
0.111944,0.195726
0.111999,0.195726
0.112054,0.195726
0.112108,0.195535
0.112163,0.195535
0.112217,0.195535
0.112272,0.195535
0.112326,0.195535
0.112381,0.195535
0.112435,0.195535
0.112490,0.195535
0.112544,0.195535
0.112599,0.195344
0.112653,0.195344
0.112708,0.195344
0.112762,0.195344
0.112817,0.195344
0.112871,0.195344
0.112926,0.195344
0.112980,0.195153
0.113035,0.195153
0.113089,0.195153
0.113144,0.195153
0.113198,0.195153
0.113253,0.195153
0.113307,0.195153
0.113362,0.194963
0.113416,0.194963
0.113471,0.194963
0.113525,0.194963
0.113580,0.194963
0.113634,0.194772
0.113689,0.194772
0.113743,0.194772
0.113798,0.194772
0.113852,0.194772
0.113907,0.194772
0.113961,0.194772
0.114016,0.194772
0.114070,0.194772
0.114125,0.194581
0.114179,0.194772
0.114234,0.194581
0.114288,0.194581
0.114343,0.194581
0.114397,0.194581
0.114452,0.194390
0.114506,0.194390
0.114561,0.194390
0.114615,0.194390
0.114670,0.194390
0.114724,0.194390
0.114779,0.194390
0.114833,0.194390
0.114888,0.194199
0.114942,0.194199
0.114997,0.194199
0.115051,0.194199
0.115106,0.194199
0.115160,0.194009
0.115215,0.194009
0.115270,0.194009
0.115324,0.194009
0.115379,0.194009
0.115433,0.194009
0.115488,0.194009
0.115542,0.194009
0.115597,0.194009
0.115651,0.194009
0.115706,0.193818
0.115760,0.193818
0.115815,0.193818
0.115869,0.193818
0.115924,0.193627
0.115978,0.193627
0.116033,0.193627
0.116087,0.193627
0.116142,0.193627
0.116196,0.193627
0.116251,0.193627
0.116305,0.193627
0.116360,0.193627
0.116414,0.193627
0.116469,0.193436
0.116523,0.193436
0.116578,0.193436
0.116632,0.193436
0.116687,0.193436
0.116741,0.193246
0.116796,0.193436
0.116850,0.193246
0.116905,0.193246
0.116959,0.193246
0.117014,0.193246
0.117068,0.193246
0.117123,0.193246
0.117177,0.193246
0.117232,0.193246
0.117286,0.193055
0.117341,0.193055
0.117395,0.193055
0.117450,0.193055
0.117504,0.193055
0.117559,0.192864
0.117613,0.192864
0.117668,0.192864
0.117722,0.192864
0.117777,0.192864
0.117831,0.192673
0.117886,0.192864
0.117940,0.192673
0.117995,0.192673
0.118049,0.192673
0.118104,0.192673
0.118158,0.192673
0.118213,0.192483
0.118267,0.192483
0.118322,0.192483
0.118377,0.192483
0.118431,0.192483
0.118486,0.192483
0.118540,0.192483
0.118595,0.192292
0.118649,0.192292
0.118704,0.192292
0.118758,0.192292
0.118813,0.192101
0.118867,0.192101
0.118922,0.192101
0.118976,0.192101
0.119031,0.192101
0.119085,0.192101
0.119140,0.192101
0.119194,0.191910
0.119249,0.191910
0.119303,0.191910
0.119358,0.191910
0.119412,0.191720
0.119467,0.191720
0.119521,0.191720
0.119576,0.191720
0.119630,0.191720
0.119685,0.191720
0.119739,0.191720
0.119794,0.191720
0.119848,0.191529
0.119903,0.191529
0.119957,0.191529
0.120012,0.191529
0.120066,0.191338
0.120121,0.191338
0.120175,0.191338
0.120230,0.191338
0.120284,0.191338
0.120339,0.191338
0.120393,0.191338
0.120448,0.191147
0.120502,0.191338
0.120557,0.191147
0.120611,0.191147
0.120666,0.191147
0.120720,0.190956
0.120775,0.190956
0.120829,0.190956
0.120884,0.190956
0.120938,0.190956
0.120993,0.190956
0.121047,0.190956
0.121102,0.190766
0.121156,0.190766
0.121211,0.190766
0.121265,0.190766
0.121320,0.190575
0.121374,0.190575
0.121429,0.190575
0.121484,0.190575
0.121538,0.190575
0.121593,0.190575
0.121647,0.190575
0.121702,0.190575
0.121756,0.190575
0.121811,0.190575
0.121865,0.190384
0.121920,0.190384
0.121974,0.190193
0.122029,0.190384
0.122083,0.190193
0.122138,0.190193
0.122192,0.190193
0.122247,0.190193
0.122301,0.190193
0.122356,0.190193
0.122410,0.190003
0.122465,0.190003
0.122519,0.190003
0.122574,0.190003
0.122628,0.190003
0.122683,0.189812
0.122737,0.189812
0.122792,0.189812
0.122846,0.189812
0.122901,0.189812
0.122955,0.189812
0.123010,0.189621
0.123064,0.189621
0.123119,0.189621
0.123173,0.189621
0.123228,0.189430
0.123282,0.189430
0.123337,0.189430
0.123391,0.189430
0.123446,0.189430
0.123500,0.189430
0.123555,0.189430
0.123609,0.189240
0.123664,0.189240
0.123718,0.189240
0.123773,0.189240
0.123827,0.189240
0.123882,0.189049
0.123936,0.189049
0.123991,0.189049
0.124045,0.189049
0.124100,0.189049
0.124154,0.188858
0.124209,0.188858
0.124263,0.188858
0.124318,0.188667
0.124372,0.188667
0.124427,0.188667
0.124481,0.188667
0.124536,0.188667
0.124591,0.188667
0.124645,0.188667
0.124700,0.188476
0.124754,0.188476
0.124809,0.188476
0.124863,0.188476
0.124918,0.188476
0.124972,0.188286
0.125027,0.188286
0.125081,0.188286
0.125136,0.188286
0.125190,0.188286
0.125245,0.188286
0.125299,0.188095
0.125354,0.188095
0.125408,0.188095
0.125463,0.187904
0.125517,0.187904
0.125572,0.187904
0.125626,0.187904
0.125681,0.187904
0.125735,0.187904
0.125790,0.187904
0.125844,0.187904
0.125899,0.187713
0.125953,0.187713
0.126008,0.187713
0.126062,0.187713
0.126117,0.187523
0.126171,0.187523
0.126226,0.187523
0.126280,0.187523
0.126335,0.187523
0.126389,0.187523
0.126444,0.187523
0.126498,0.187332
0.126553,0.187332
0.126607,0.187332
0.126662,0.187332
0.126716,0.187141
0.126771,0.187332
0.126825,0.187141
0.126880,0.187141
0.126934,0.187141
0.126989,0.187141
0.127043,0.186950
0.127098,0.186950
0.127152,0.186950
0.127207,0.186950
0.127261,0.186950
0.127316,0.186760
0.127370,0.186760
0.127425,0.186760
0.127479,0.186760
0.127534,0.186760
0.127588,0.186569
0.127643,0.186569
0.127698,0.186569
0.127752,0.186569
0.127807,0.186569
0.127861,0.186378
0.127916,0.186378
0.127970,0.186378
0.128025,0.186378
0.128079,0.186378
0.128134,0.186187
0.128188,0.186187
0.128243,0.186187
0.128297,0.186187
0.128352,0.185997
0.128406,0.185997
0.128461,0.185997
0.128515,0.185997
0.128570,0.185806
0.128624,0.185806
0.128679,0.185806
0.128733,0.185806
0.128788,0.185615
0.128842,0.185615
0.128897,0.185615
0.128951,0.185615
0.129006,0.185615
0.129060,0.185615
0.129115,0.185424
0.129169,0.185424
0.129224,0.185424
0.129278,0.185424
0.129333,0.185424
0.129387,0.185233
0.129442,0.185233
0.129496,0.185233
0.129551,0.185233
0.129605,0.185233
0.129660,0.185043
0.129714,0.185043
0.129769,0.185043
0.129823,0.185043
0.129878,0.185043
0.129932,0.184852
0.129987,0.184852
0.130041,0.184852
0.130096,0.184852
0.130150,0.184852
0.130205,0.184661
0.130259,0.184661
0.130314,0.184661
0.130368,0.184661
0.130423,0.184661
0.130477,0.184470
0.130532,0.184470
0.130586,0.184470
0.130641,0.184470
0.130695,0.184470
0.130750,0.184470
0.130805,0.184280
0.130859,0.184280
0.130914,0.184280
0.130968,0.184280
0.131023,0.184280
0.131077,0.184089
0.131132,0.184089
0.131186,0.184089
0.131241,0.184089
0.131295,0.184089
0.131350,0.184089
0.131404,0.183898
0.131459,0.183898
0.131513,0.183898
0.131568,0.183898
0.131622,0.183707
0.131677,0.183707
0.131731,0.183707
0.131786,0.183707
0.131840,0.183707
0.131895,0.183517
0.131949,0.183517
0.132004,0.183517
0.132058,0.183517
0.132113,0.183326
0.132167,0.183326
0.132222,0.183326
0.132276,0.183326
0.132331,0.183326
0.132385,0.183135
0.132440,0.183135
0.132494,0.183135
0.132549,0.183135
0.132603,0.183135
0.132658,0.182944
0.132712,0.182944
0.132767,0.182944
0.132821,0.182944
0.132876,0.182754
0.132930,0.182754
0.132985,0.182754
0.133039,0.182754
0.133094,0.182563
0.133148,0.182563
0.133203,0.182563
0.133257,0.182563
0.133312,0.182563
0.133366,0.182563
0.133421,0.182372
0.133475,0.182372
0.133530,0.182372
0.133584,0.182181
0.133639,0.182181
0.133693,0.182181
0.133748,0.182181
0.133802,0.182181
0.133857,0.182181
0.133912,0.181990
0.133966,0.181990
0.134021,0.181990
0.134075,0.181990
0.134130,0.181800
0.134184,0.181800
0.134239,0.181800
0.134293,0.181800
0.134348,0.181800
0.134402,0.181609
0.134457,0.181609
0.134511,0.181609
0.134566,0.181609
0.134620,0.181609
0.134675,0.181418
0.134729,0.181418
0.134784,0.181418
0.134838,0.181418
0.134893,0.181418
0.134947,0.181418
0.135002,0.181418
0.135056,0.181227
0.135111,0.181227
0.135165,0.181227
0.135220,0.181037
0.135274,0.181037
0.135329,0.181037
0.135383,0.181037
0.135438,0.181037
0.135492,0.181037
0.135547,0.180846
0.135601,0.180846
0.135656,0.180846
0.135710,0.180846
0.135765,0.180655
0.135819,0.180655
0.135874,0.180655
0.135928,0.180655
0.135983,0.180655
0.136037,0.180655
0.136092,0.180464
0.136146,0.180464
0.136201,0.180464
0.136255,0.180274
0.136310,0.180274
0.136364,0.180274
0.136419,0.180274
0.136473,0.180274
0.136528,0.180274
0.136582,0.180274
0.136637,0.180083
0.136691,0.180083
0.136746,0.179892
0.136800,0.179892
0.136855,0.179892
0.136909,0.179892
0.136964,0.179892
0.137018,0.179892
0.137073,0.179701
0.137128,0.179701
0.137182,0.179701
0.137237,0.179511
0.137291,0.179511
0.137346,0.179511
0.137400,0.179511
0.137455,0.179511
0.137509,0.179511
0.137564,0.179320
0.137618,0.179320
0.137673,0.179320
0.137727,0.179320
0.137782,0.179129
0.137836,0.179129
0.137891,0.179129
0.137945,0.179129
0.138000,0.179129
0.138054,0.178938
0.138109,0.178938
0.138163,0.178938
0.138218,0.178938
0.138272,0.178747
0.138327,0.178747
0.138381,0.178747
0.138436,0.178747
0.138490,0.178747
0.138545,0.178747
0.138599,0.178557
0.138654,0.178557
0.138708,0.178557
0.138763,0.178366
0.138817,0.178366
0.138872,0.178366
0.138926,0.178366
0.138981,0.178366
0.139035,0.178366
0.139090,0.178366
0.139144,0.178366
0.139199,0.178175
0.139253,0.178175
0.139308,0.177984
0.139362,0.177984
0.139417,0.177984
0.139471,0.177984
0.139526,0.177984
0.139580,0.177984
0.139635,0.177794
0.139689,0.177984
0.139744,0.177794
0.139798,0.177794
0.139853,0.177603
0.139907,0.177603
0.139962,0.177603
0.140016,0.177603
0.140071,0.177603
0.140125,0.177603
0.140180,0.177412
0.140235,0.177412
0.140289,0.177412
0.140344,0.177412
0.140398,0.177221
0.140453,0.177221
0.140507,0.177221
0.140562,0.177221
0.140616,0.177221
0.140671,0.177031
0.140725,0.177031
0.140780,0.177031
0.140834,0.177031
0.140889,0.176840
0.140943,0.176840
0.140998,0.176840
0.141052,0.176840
0.141107,0.176840
0.141161,0.176649
0.141216,0.176649
0.141270,0.176649
0.141325,0.176458
0.141379,0.176458
0.141434,0.176458
0.141488,0.176458
0.141543,0.176458
0.141597,0.176458
0.141652,0.176267
0.141706,0.176267
0.141761,0.176267
0.141815,0.176267
0.141870,0.176077
0.141924,0.176077
0.141979,0.176077
0.142033,0.176077
0.142088,0.176077
0.142142,0.175886
0.142197,0.175886
0.142251,0.175886
0.142306,0.175886
0.142360,0.175695
0.142415,0.175695
0.142469,0.175695
0.142524,0.175695
0.142578,0.175695
0.142633,0.175695
0.142687,0.175504
0.142742,0.175504
0.142796,0.175504
0.142851,0.175314
0.142905,0.175314
0.142960,0.175314
0.143014,0.175314
0.143069,0.175314
0.143123,0.175314
0.143178,0.175314
0.143232,0.175314
0.143287,0.175123
0.143342,0.175123
0.143396,0.175123
0.143451,0.174932
0.143505,0.174932
0.143560,0.174932
0.143614,0.174932
0.143669,0.174932
0.143723,0.174932
0.143778,0.174932
0.143832,0.174741
0.143887,0.174741
0.143941,0.174741
0.143996,0.174551
0.144050,0.174551
0.144105,0.174551
0.144159,0.174551
0.144214,0.174551
0.144268,0.174551
0.144323,0.174360
0.144377,0.174360
0.144432,0.174360
0.144486,0.174169
0.144541,0.174169
0.144595,0.174169
0.144650,0.174169
0.144704,0.174169
0.144759,0.173978
0.144813,0.174169
0.144868,0.173978
0.144922,0.173788
0.144977,0.173788
0.145031,0.173788
0.145086,0.173788
0.145140,0.173788
0.145195,0.173788
0.145249,0.173788
0.145304,0.173597
0.145358,0.173597
0.145413,0.173406
0.145467,0.173406
0.145522,0.173406
0.145576,0.173406
0.145631,0.173406
0.145685,0.173406
0.145740,0.173215
0.145794,0.173215
0.145849,0.173215
0.145903,0.173215
0.145958,0.173024
0.146012,0.173024
0.146067,0.173024
0.146121,0.173024
0.146176,0.173024
0.146230,0.172834
0.146285,0.172834
0.146340,0.172834
0.146394,0.172834
0.146449,0.172834
0.146503,0.172643
0.146558,0.172643
0.146612,0.172643
0.146667,0.172643
0.146721,0.172643
0.146776,0.172452
0.146830,0.172452
0.146885,0.172452
0.146939,0.172452
0.146994,0.172261
0.147048,0.172261
0.147103,0.172261
0.147157,0.172261
0.147212,0.172261
0.147266,0.172261
0.147321,0.172071
0.147375,0.172261
0.147430,0.172071
0.147484,0.172071
0.147539,0.172071
0.147593,0.171880
0.147648,0.171880
0.147702,0.171880
0.147757,0.171880
0.147811,0.171880
0.147866,0.171689
0.147920,0.171880
0.147975,0.171689
0.148029,0.171689
0.148084,0.171689
0.148138,0.171498
0.148193,0.171498
0.148247,0.171498
0.148302,0.171498
0.148356,0.171498
0.148411,0.171308
0.148465,0.171308
0.148520,0.171308
0.148574,0.171308
0.148629,0.171117
0.148683,0.171117
0.148738,0.171117
0.148792,0.171117
0.148847,0.171117
0.148901,0.171117
0.148956,0.170926
0.149010,0.170926
0.149065,0.170735
0.149119,0.170926
0.149174,0.170735
0.149228,0.170735
0.149283,0.170735
0.149337,0.170735
0.149392,0.170545
0.149447,0.170545
0.149501,0.170545
0.149556,0.170545
0.149610,0.170354
0.149665,0.170354
0.149719,0.170354
0.149774,0.170354
0.149828,0.170354
0.149883,0.170354
0.149937,0.170163
0.149992,0.170163
0.150046,0.170163
0.150101,0.170163
0.150155,0.169972
0.150210,0.169972
0.150264,0.169972
0.150319,0.169972
0.150373,0.169781
0.150428,0.169972
0.150482,0.169781
0.150537,0.169781
0.150591,0.169781
0.150646,0.169591
0.150700,0.169591
0.150755,0.169591
0.150809,0.169591
0.150864,0.169591
0.150918,0.169591
0.150973,0.169400
0.151027,0.169400
0.151082,0.169400
0.151136,0.169400
0.151191,0.169209
0.151245,0.169209
0.151300,0.169209
0.151354,0.169209
0.151409,0.169209
0.151463,0.169209
0.151518,0.169209
0.151572,0.169018
0.151627,0.169018
0.151681,0.169018
0.151736,0.169018
0.151790,0.168828
0.151845,0.168828
0.151899,0.168828
0.151954,0.168828
0.152008,0.168828
0.152063,0.168828
0.152117,0.168637
0.152172,0.168637
0.152226,0.168637
0.152281,0.168637
0.152335,0.168446
0.152390,0.168446
0.152444,0.168446
0.152499,0.168446
0.152554,0.168446
0.152608,0.168255
0.152663,0.168255
0.152717,0.168255
0.152772,0.168255
0.152826,0.168065
0.152881,0.168065
0.152935,0.168065
0.152990,0.168065
0.153044,0.168065
0.153099,0.168065
0.153153,0.167874
0.153208,0.167874
0.153262,0.167874
0.153317,0.167683
0.153371,0.167683
0.153426,0.167683
0.153480,0.167683
0.153535,0.167683
0.153589,0.167492
0.153644,0.167492
0.153698,0.167492
0.153753,0.167492
0.153807,0.167492
0.153862,0.167301
0.153916,0.167301
0.153971,0.167301
0.154025,0.167301
0.154080,0.167301
0.154134,0.167111
0.154189,0.167111
0.154243,0.167111
0.154298,0.167111
0.154352,0.166920
0.154407,0.166920
0.154461,0.166920
0.154516,0.166920
0.154570,0.166920
0.154625,0.166729
0.154679,0.166729
0.154734,0.166729
0.154788,0.166729
0.154843,0.166729
0.154897,0.166538
0.154952,0.166538
0.155006,0.166538
0.155061,0.166538
0.155115,0.166538
0.155170,0.166348
0.155224,0.166348
0.155279,0.166348
0.155333,0.166348
0.155388,0.166157
0.155442,0.166157
0.155497,0.166157
0.155551,0.166157
0.155606,0.166157
0.155660,0.166157
0.155715,0.166157
0.155770,0.165966
0.155824,0.165966
0.155879,0.165966
0.155933,0.165966
0.155988,0.165966
0.156042,0.165775
0.156097,0.165775
0.156151,0.165775
0.156206,0.165775
0.156260,0.165585
0.156315,0.165775
0.156369,0.165585
0.156424,0.165585
0.156478,0.165585
0.156533,0.165585
0.156587,0.165394
0.156642,0.165394
0.156696,0.165394
0.156751,0.165394
0.156805,0.165203
0.156860,0.165203
0.156914,0.165203
0.156969,0.165203
0.157023,0.165203
0.157078,0.165203
0.157132,0.165012
0.157187,0.165012
0.157241,0.165012
0.157296,0.165012
0.157350,0.165012
0.157405,0.164822
0.157459,0.164822
0.157514,0.164822
0.157568,0.164631
0.157623,0.164631
0.157677,0.164631
0.157732,0.164631
0.157786,0.164631
0.157841,0.164631
0.157895,0.164631
0.157950,0.164440
0.158004,0.164440
0.158059,0.164440
0.158113,0.164249
0.158168,0.164249
0.158222,0.164249
0.158277,0.164249
0.158331,0.164249
0.158386,0.164249
0.158440,0.164058
0.158495,0.164058
0.158549,0.164058
0.158604,0.164058
0.158658,0.163868
0.158713,0.163868
0.158767,0.163868
0.158822,0.163868
0.158877,0.163868
0.158931,0.163868
0.158986,0.163677
0.159040,0.163677
0.159095,0.163677
0.159149,0.163486
0.159204,0.163486
0.159258,0.163486
0.159313,0.163486
0.159367,0.163486
0.159422,0.163486
0.159476,0.163486
0.159531,0.163295
0.159585,0.163295
0.159640,0.163295
0.159694,0.163105
0.159749,0.163105
0.159803,0.163105
0.159858,0.163105
0.159912,0.163105
0.159967,0.163105
0.160021,0.163105
0.160076,0.162914
0.160130,0.162914
0.160185,0.162914
0.160239,0.162914
0.160294,0.162914
0.160348,0.162914
0.160403,0.162723
0.160457,0.162723
0.160512,0.162723
0.160566,0.162723
0.160621,0.162723
0.160675,0.162532
0.160730,0.162532
0.160784,0.162532
0.160839,0.162532
0.160893,0.162342
0.160948,0.162342
0.161002,0.162342
0.161057,0.162342
0.161111,0.162342
0.161166,0.162342
0.161220,0.162151
0.161275,0.162151
0.161329,0.162151
0.161384,0.162151
0.161438,0.161960
0.161493,0.161960
0.161547,0.161960
0.161602,0.161960
0.161656,0.161960
0.161711,0.161960
0.161765,0.161769
0.161820,0.161769
0.161874,0.161769
0.161929,0.161769
0.161984,0.161579
0.162038,0.161579
0.162093,0.161579
0.162147,0.161388
0.162202,0.161388
0.162256,0.161388
0.162311,0.161388
0.162365,0.161388
0.162420,0.161197
0.162474,0.161197
0.162529,0.161197
0.162583,0.161197
0.162638,0.161197
0.162692,0.161197
0.162747,0.161006
0.162801,0.161006
0.162856,0.161006
0.162910,0.161006
0.162965,0.161006
0.163019,0.160815
0.163074,0.160815
0.163128,0.160815
0.163183,0.160815
0.163237,0.160815
0.163292,0.160815
0.163346,0.160625
0.163401,0.160625
0.163455,0.160625
0.163510,0.160625
0.163564,0.160434
0.163619,0.160434
0.163673,0.160434
0.163728,0.160434
0.163782,0.160434
0.163837,0.160434
0.163891,0.160243
0.163946,0.160243
0.164000,0.160243
0.164055,0.160243
0.164109,0.160243
0.164164,0.160052
0.164218,0.160052
0.164273,0.160052
0.164327,0.160052
0.164382,0.160052
0.164436,0.160052
0.164491,0.160052
0.164545,0.159862
0.164600,0.159862
0.164654,0.159862
0.164709,0.159862
0.164763,0.159671
0.164818,0.159671
0.164872,0.159671
0.164927,0.159671
0.164981,0.159671
0.165036,0.159671
0.165090,0.159671
0.165145,0.159480
0.165200,0.159480
0.165254,0.159480
0.165309,0.159480
0.165363,0.159480
0.165418,0.159289
0.165472,0.159289
0.165527,0.159289
0.165581,0.159289
0.165636,0.159289
0.165690,0.159099
0.165745,0.159099
0.165799,0.159099
0.165854,0.159099
0.165908,0.159099
0.165963,0.159099
0.166017,0.158908
0.166072,0.158908
0.166126,0.158908
0.166181,0.158908
0.166235,0.158908
0.166290,0.158717
0.166344,0.158717
0.166399,0.158717
0.166453,0.158717
0.166508,0.158526
0.166562,0.158526
0.166617,0.158526
0.166671,0.158526
0.166726,0.158526
0.166780,0.158336
0.166835,0.158336
0.166889,0.158336
0.166944,0.158336
0.166998,0.158336
0.167053,0.158145
0.167107,0.158145
0.167162,0.158145
0.167216,0.158145
0.167271,0.158145
0.167325,0.158145
0.167380,0.158145
0.167434,0.158145
0.167489,0.157954
0.167543,0.157954
0.167598,0.157954
0.167652,0.157763
0.167707,0.157763
0.167761,0.157763
0.167816,0.157763
0.167870,0.157763
0.167925,0.157763
0.167979,0.157763
0.168034,0.157572
0.168088,0.157572
0.168143,0.157572
0.168197,0.157572
0.168252,0.157572
0.168307,0.157572
0.168361,0.157382
0.168416,0.157382
0.168470,0.157382
0.168525,0.157382
0.168579,0.157382
0.168634,0.157382
0.168688,0.157191
0.168743,0.157191
0.168797,0.157191
0.168852,0.157191
0.168906,0.157000
0.168961,0.157191
0.169015,0.157000
0.169070,0.157000
0.169124,0.157000
0.169179,0.157000
0.169233,0.157000
0.169288,0.157000
0.169342,0.156809
0.169397,0.156809
0.169451,0.156809
0.169506,0.156809
0.169560,0.156809
0.169615,0.156619
0.169669,0.156619
0.169724,0.156619
0.169778,0.156619
0.169833,0.156619
0.169887,0.156619
0.169942,0.156619
0.169996,0.156428
0.170051,0.156428
0.170105,0.156428
0.170160,0.156428
0.170214,0.156428
0.170269,0.156428
0.170323,0.156237
0.170378,0.156237
0.170432,0.156237
0.170487,0.156237
0.170541,0.156237
0.170596,0.156237
0.170650,0.156237
0.170705,0.156046
0.170759,0.156046
0.170814,0.156046
0.170868,0.156046
0.170923,0.155856
0.170977,0.155856
0.171032,0.155856
0.171086,0.155856
0.171141,0.155856
0.171195,0.155856
0.171250,0.155665
0.171304,0.155665
0.171359,0.155665
0.171413,0.155665
0.171468,0.155474
0.171523,0.155474
0.171577,0.155474
0.171632,0.155474
0.171686,0.155474
0.171741,0.155474
0.171795,0.155474
0.171850,0.155283
0.171904,0.155283
0.171959,0.155283
0.172013,0.155283
0.172068,0.155283
0.172122,0.155092
0.172177,0.155092
0.172231,0.155092
0.172286,0.155092
0.172340,0.155092
0.172395,0.155092
0.172449,0.155092
0.172504,0.154902
0.172558,0.154902
0.172613,0.154902
0.172667,0.154902
0.172722,0.154902
0.172776,0.154711
0.172831,0.154711
0.172885,0.154711
0.172940,0.154711
0.172994,0.154711
0.173049,0.154711
0.173103,0.154711
0.173158,0.154520
0.173212,0.154520
0.173267,0.154520
0.173321,0.154520
0.173376,0.154520
0.173430,0.154329
0.173485,0.154329
0.173539,0.154329
0.173594,0.154329
0.173648,0.154329
0.173703,0.154329
0.173757,0.154329
0.173812,0.154139
0.173866,0.154139
0.173921,0.154139
0.173975,0.154139
0.174030,0.153948
0.174084,0.153948
0.174139,0.153948
0.174193,0.153948
0.174248,0.153948
0.174302,0.153948
0.174357,0.153948
0.174411,0.153948
0.174466,0.153948
0.174520,0.153948
0.174575,0.153757
0.174629,0.153757
0.174684,0.153757
0.174739,0.153757
0.174793,0.153566
0.174848,0.153566
0.174902,0.153566
0.174957,0.153566
0.175011,0.153566
0.175066,0.153566
0.175120,0.153566
0.175175,0.153566
0.175229,0.153376
0.175284,0.153376
0.175338,0.153376
0.175393,0.153376
0.175447,0.153376
0.175502,0.153376
0.175556,0.153376
0.175611,0.153185
0.175665,0.153185
0.175720,0.153185
0.175774,0.153185
0.175829,0.153185
0.175883,0.153185
0.175938,0.152994
0.175992,0.152994
0.176047,0.152994
0.176101,0.152994
0.176156,0.152994
0.176210,0.152803
0.176265,0.152803
0.176319,0.152803
0.176374,0.152803
0.176428,0.152803
0.176483,0.152803
0.176537,0.152803
0.176592,0.152613
0.176646,0.152613
0.176701,0.152613
0.176755,0.152613
0.176810,0.152613
0.176864,0.152422
0.176919,0.152422
0.176973,0.152422
0.177028,0.152422
0.177082,0.152422
0.177137,0.152422
0.177191,0.152422
0.177246,0.152422
0.177300,0.152231
0.177355,0.152231
0.177409,0.152231
0.177464,0.152040
0.177518,0.152040
0.177573,0.152040
0.177627,0.152040
0.177682,0.152040
0.177736,0.152040
0.177791,0.152040
0.177846,0.152040
0.177900,0.152040
0.177955,0.152040
0.178009,0.151849
0.178064,0.151849
0.178118,0.151849
0.178173,0.151659
0.178227,0.151659
0.178282,0.151659
0.178336,0.151659
0.178391,0.151659
0.178445,0.151659
0.178500,0.151659
0.178554,0.151659
0.178609,0.151468
0.178663,0.151468
0.178718,0.151468
0.178772,0.151468
0.178827,0.151468
0.178881,0.151468
0.178936,0.151277
0.178990,0.151277
0.179045,0.151277
0.179099,0.151277
0.179154,0.151277
0.179208,0.151277
0.179263,0.151277
0.179317,0.151277
0.179372,0.151086
0.179426,0.151086
0.179481,0.151086
0.179535,0.151086
0.179590,0.151086
0.179644,0.150896
0.179699,0.150896
0.179753,0.150896
0.179808,0.150896
0.179862,0.150896
0.179917,0.150896
0.179971,0.150896
0.180026,0.150896
0.180080,0.150896
0.180135,0.150705
0.180189,0.150705
0.180244,0.150705
0.180298,0.150705
0.180353,0.150705
0.180407,0.150514
0.180462,0.150514
0.180516,0.150514
0.180571,0.150514
0.180625,0.150514
0.180680,0.150514
0.180734,0.150514
0.180789,0.150514
0.180843,0.150514
0.180898,0.150323
0.180952,0.150323
0.181007,0.150323
0.181062,0.150323
0.181116,0.150323
0.181171,0.150323
0.181225,0.150133
0.181280,0.150133
0.181334,0.150133
0.181389,0.150133
0.181443,0.150133
0.181498,0.150133
0.181552,0.149942
0.181607,0.149942
0.181661,0.149942
0.181716,0.149942
0.181770,0.149942
0.181825,0.149942
0.181879,0.149751
0.181934,0.149751
0.181988,0.149751
0.182043,0.149751
0.182097,0.149751
0.182152,0.149751
0.182206,0.149751
0.182261,0.149751
0.182315,0.149751
0.182370,0.149751
0.182424,0.149560
0.182479,0.149560
0.182533,0.149560
0.182588,0.149560
0.182642,0.149560
0.182697,0.149560
0.182751,0.149370
0.182806,0.149370
0.182860,0.149370
0.182915,0.149370
0.182969,0.149370
0.183024,0.149370
0.183078,0.149179
0.183133,0.149179
0.183187,0.149179
0.183242,0.149179
0.183296,0.149179
0.183351,0.148988
0.183405,0.148988
0.183460,0.148988
0.183514,0.148988
0.183569,0.148988
0.183623,0.148988
0.183678,0.148988
0.183732,0.148988
0.183787,0.148988
0.183841,0.148797
0.183896,0.148797
0.183950,0.148797
0.184005,0.148797
0.184059,0.148797
0.184114,0.148797
0.184168,0.148797
0.184223,0.148606
0.184278,0.148606
0.184332,0.148606
0.184387,0.148606
0.184441,0.148606
0.184496,0.148606
0.184550,0.148606
0.184605,0.148416
0.184659,0.148416
0.184714,0.148416
0.184768,0.148416
0.184823,0.148416
0.184877,0.148416
0.184932,0.148225
0.184986,0.148225
0.185041,0.148225
0.185095,0.148225
0.185150,0.148225
0.185204,0.148225
0.185259,0.148225
0.185313,0.148225
0.185368,0.148225
0.185422,0.148034
0.185477,0.148034
0.185531,0.148034
0.185586,0.148034
0.185640,0.148034
0.185695,0.148034
0.185749,0.147843
0.185804,0.147843
0.185858,0.147843
0.185913,0.147843
0.185967,0.147843
0.186022,0.147843
0.186076,0.147843
0.186131,0.147843
0.186185,0.147843
0.186240,0.147843
0.186294,0.147843
0.186349,0.147653
0.186403,0.147653
0.186458,0.147653
0.186512,0.147653
0.186567,0.147653
0.186621,0.147653
0.186676,0.147653
0.186730,0.147462
0.186785,0.147462
0.186839,0.147462
0.186894,0.147462
0.186948,0.147462
0.187003,0.147462
0.187057,0.147462
0.187112,0.147462
0.187166,0.147462
0.187221,0.147462
0.187275,0.147271
0.187330,0.147271
0.187385,0.147271
0.187439,0.147271
0.187494,0.147271
0.187548,0.147271
0.187603,0.147080
0.187657,0.147080
0.187712,0.147080
0.187766,0.147080
0.187821,0.147080
0.187875,0.147080
0.187930,0.147080
0.187984,0.147080
0.188039,0.147080
0.188093,0.146890
0.188148,0.146890
0.188202,0.146890
0.188257,0.146890
0.188311,0.146890
0.188366,0.146890
0.188420,0.146699
0.188475,0.146699
0.188529,0.146699
0.188584,0.146699
0.188638,0.146699
0.188693,0.146699
0.188747,0.146699
0.188802,0.146699
0.188856,0.146699
0.188911,0.146508
0.188965,0.146508
0.189020,0.146508
0.189074,0.146508
0.189129,0.146508
0.189183,0.146508
0.189238,0.146508
0.189292,0.146317
0.189347,0.146317
0.189401,0.146317
0.189456,0.146317
0.189510,0.146317
0.189565,0.146317
0.189619,0.146317
0.189674,0.146317
0.189728,0.146127
0.189783,0.146127
0.189837,0.146127
0.189892,0.146127
0.189946,0.146127
0.190001,0.145936
0.190055,0.146127
0.190110,0.145936
0.190164,0.145936
0.190219,0.145936
0.190273,0.145936
0.190328,0.145936
0.190382,0.145936
0.190437,0.145936
0.190491,0.145936
0.190546,0.145936
0.190601,0.145936
0.190655,0.145745
0.190710,0.145745
0.190764,0.145745
0.190819,0.145745
0.190873,0.145554
0.190928,0.145745
0.190982,0.145554
0.191037,0.145554
0.191091,0.145554
0.191146,0.145554
0.191200,0.145554
0.191255,0.145554
0.191309,0.145554
0.191364,0.145554
0.191418,0.145363
0.191473,0.145363
0.191527,0.145363
0.191582,0.145363
0.191636,0.145363
0.191691,0.145363
0.191745,0.145363
0.191800,0.145363
0.191854,0.145173
0.191909,0.145173
0.191963,0.145173
0.192018,0.145173
0.192072,0.145173
0.192127,0.145173
0.192181,0.145173
0.192236,0.145173
0.192290,0.145173
0.192345,0.144982
0.192399,0.145173
0.192454,0.144982
0.192508,0.144982
0.192563,0.144982
0.192617,0.144982
0.192672,0.144982
0.192726,0.144982
0.192781,0.144791
0.192835,0.144791
0.192890,0.144791
0.192944,0.144791
0.192999,0.144791
0.193053,0.144791
0.193108,0.144791
0.193162,0.144791
0.193217,0.144791
0.193271,0.144791
0.193326,0.144791
0.193380,0.144791
0.193435,0.144600
0.193489,0.144600
0.193544,0.144600
0.193598,0.144600
0.193653,0.144600
0.193708,0.144410
0.193762,0.144410
0.193817,0.144410
0.193871,0.144410
0.193926,0.144410
0.193980,0.144410
0.194035,0.144410
0.194089,0.144410
0.194144,0.144410
0.194198,0.144410
0.194253,0.144219
0.194307,0.144219
0.194362,0.144219
0.194416,0.144219
0.194471,0.144219
0.194525,0.144219
0.194580,0.144219
0.194634,0.144219
0.194689,0.144028
0.194743,0.144028
0.194798,0.144028
0.194852,0.144028
0.194907,0.144028
0.194961,0.144028
0.195016,0.144028
0.195070,0.143837
0.195125,0.144028
0.195179,0.143837
0.195234,0.143837
0.195288,0.143837
0.195343,0.143837
0.195397,0.143837
0.195452,0.143837
0.195506,0.143647
0.195561,0.143647
0.195615,0.143647
0.195670,0.143647
0.195724,0.143647
0.195779,0.143647
0.195833,0.143647
0.195888,0.143647
0.195942,0.143456
0.195997,0.143456
0.196051,0.143456
0.196106,0.143456
0.196160,0.143456
0.196215,0.143456
0.196269,0.143265
0.196324,0.143265
0.196378,0.143265
0.196433,0.143265
0.196487,0.143265
0.196542,0.143265
0.196596,0.143265
0.196651,0.143265
0.196705,0.143265
0.196760,0.143074
0.196814,0.143074
0.196869,0.143074
0.196924,0.143074
0.196978,0.143074
0.197033,0.142883
0.197087,0.143074
0.197142,0.142883
0.197196,0.142883
0.197251,0.142883
0.197305,0.142883
0.197360,0.142883
0.197414,0.142883
0.197469,0.142883
0.197523,0.142883
0.197578,0.142693
0.197632,0.142693
0.197687,0.142693
0.197741,0.142693
0.197796,0.142693
0.197850,0.142693
0.197905,0.142693
0.197959,0.142502
0.198014,0.142502
0.198068,0.142502
0.198123,0.142502
0.198177,0.142502
0.198232,0.142502
0.198286,0.142502
0.198341,0.142502
0.198395,0.142502
0.198450,0.142502
0.198504,0.142311
0.198559,0.142311
0.198613,0.142311
0.198668,0.142311
0.198722,0.142120
0.198777,0.142120
0.198831,0.142120
0.198886,0.142120
0.198940,0.142120
0.198995,0.142120
0.199049,0.142120
0.199104,0.142120
0.199158,0.142120
0.199213,0.142120
0.199267,0.142120
0.199322,0.141930
0.199376,0.141930
0.199431,0.141930
0.199485,0.141930
0.199540,0.141930
0.199594,0.141930
0.199649,0.141739
0.199703,0.141739
0.199758,0.141739
0.199812,0.141739
0.199867,0.141739
0.199921,0.141739
0.199976,0.141739
0.200031,0.141739
0.200085,0.141739
0.200140,0.141739
0.200194,0.141548
0.200249,0.141548
0.200303,0.141548
0.200358,0.141548
0.200412,0.141548
0.200467,0.141548
0.200521,0.141548
0.200576,0.141357
0.200630,0.141357
0.200685,0.141357
0.200739,0.141357
0.200794,0.141357
0.200848,0.141357
0.200903,0.141357
0.200957,0.141357
0.201012,0.141357
0.201066,0.141167
0.201121,0.141357
0.201175,0.141167
0.201230,0.141167
0.201284,0.141167
0.201339,0.141167
0.201393,0.140976
0.201448,0.140976
0.201502,0.140976
0.201557,0.140976
0.201611,0.140976
0.201666,0.140976
0.201720,0.140976
0.201775,0.140976
0.201829,0.140976
0.201884,0.140785
0.201938,0.140785
0.201993,0.140785
0.202047,0.140785
0.202102,0.140785
0.202156,0.140785
0.202211,0.140785
0.202265,0.140594
0.202320,0.140594
0.202374,0.140594
0.202429,0.140594
0.202483,0.140594
0.202538,0.140594
0.202592,0.140594
0.202647,0.140594
0.202701,0.140404
0.202756,0.140404
0.202810,0.140404
0.202865,0.140404
0.202919,0.140404
0.202974,0.140404
0.203028,0.140213
0.203083,0.140213
0.203137,0.140213
0.203192,0.140213
0.203247,0.140213
0.203301,0.140213
0.203356,0.140213
0.203410,0.140022
0.203465,0.140022
0.203519,0.140022
0.203574,0.140022
0.203628,0.140022
0.203683,0.140022
0.203737,0.139831
0.203792,0.139831
0.203846,0.139831
0.203901,0.139831
0.203955,0.139831
0.204010,0.139831
0.204064,0.139831
0.204119,0.139831
0.204173,0.139831
0.204228,0.139831
0.204282,0.139640
0.204337,0.139640
0.204391,0.139640
0.204446,0.139640
0.204500,0.139640
0.204555,0.139450
0.204609,0.139450
0.204664,0.139450
0.204718,0.139450
0.204773,0.139450
0.204827,0.139450
0.204882,0.139450
0.204936,0.139450
0.204991,0.139450
0.205045,0.139450
0.205100,0.139450
0.205154,0.139259
0.205209,0.139259
0.205263,0.139259
0.205318,0.139259
0.205372,0.139068
0.205427,0.139068
0.205481,0.139068
0.205536,0.139068
0.205590,0.139068
0.205645,0.139068
0.205699,0.138877
0.205754,0.139068
0.205808,0.138877
0.205863,0.138877
0.205917,0.138877
0.205972,0.138877
0.206026,0.138877
0.206081,0.138877
0.206135,0.138877
0.206190,0.138687
0.206244,0.138687
0.206299,0.138687
0.206354,0.138687
0.206408,0.138687
0.206463,0.138687
0.206517,0.138687
0.206572,0.138687
0.206626,0.138687
0.206681,0.138687
0.206735,0.138687
0.206790,0.138496
0.206844,0.138496
0.206899,0.138496
0.206953,0.138496
0.207008,0.138496
0.207062,0.138305
0.207117,0.138305
0.207171,0.138305
0.207226,0.138305
0.207280,0.138305
0.207335,0.138305
0.207389,0.138305
0.207444,0.138305
0.207498,0.138305
0.207553,0.138114
0.207607,0.138114
0.207662,0.138114
0.207716,0.138114
0.207771,0.138114
0.207825,0.138114
0.207880,0.137924
0.207934,0.137924
0.207989,0.137924
0.208043,0.137924
0.208098,0.137924
0.208152,0.137924
0.208207,0.137924
0.208261,0.137924
0.208316,0.137924
0.208370,0.137733
0.208425,0.137733
0.208479,0.137733
0.208534,0.137733
0.208588,0.137733
0.208643,0.137542
0.208697,0.137542
0.208752,0.137542
0.208806,0.137542
0.208861,0.137542
0.208915,0.137542
0.208970,0.137542
0.209024,0.137542
0.209079,0.137351
0.209133,0.137351
0.209188,0.137351
0.209242,0.137351
0.209297,0.137351
0.209351,0.137351
0.209406,0.137161
0.209460,0.137161
0.209515,0.137161
0.209570,0.137161
0.209624,0.137161
0.209679,0.136970
0.209733,0.136970
0.209788,0.136970
0.209842,0.136970
0.209897,0.136970
0.209951,0.136970
0.210006,0.136970
0.210060,0.136970
0.210115,0.136779
0.210169,0.136779
0.210224,0.136779
0.210278,0.136779
0.210333,0.136779
0.210387,0.136779
0.210442,0.136779
0.210496,0.136779
0.210551,0.136588
0.210605,0.136588
0.210660,0.136588
0.210714,0.136588
0.210769,0.136588
0.210823,0.136588
0.210878,0.136397
0.210932,0.136588
0.210987,0.136397
0.211041,0.136397
0.211096,0.136397
0.211150,0.136397
0.211205,0.136397
0.211259,0.136397
0.211314,0.136207
0.211368,0.136207
0.211423,0.136207
0.211477,0.136207
0.211532,0.136207
0.211586,0.136207
0.211641,0.136016
0.211695,0.136016
0.211750,0.136016
0.211804,0.136016
0.211859,0.136016
0.211913,0.136016
0.211968,0.136016
0.212022,0.136016
0.212077,0.135825
0.212131,0.135825
0.212186,0.135825
0.212240,0.135825
0.212295,0.135825
0.212349,0.135825
0.212404,0.135634
0.212458,0.135634
0.212513,0.135634
0.212567,0.135634
0.212622,0.135634
0.212677,0.135634
0.212731,0.135634
0.212786,0.135634
0.212840,0.135634
0.212895,0.135634
0.212949,0.135634
0.213004,0.135634
0.213058,0.135444
0.213113,0.135444
0.213167,0.135444
0.213222,0.135444
0.213276,0.135444
0.213331,0.135444
0.213385,0.135253
0.213440,0.135253
0.213494,0.135253
0.213549,0.135253
0.213603,0.135253
0.213658,0.135253
0.213712,0.135253
0.213767,0.135253
0.213821,0.135253
0.213876,0.135062
0.213930,0.135062
0.213985,0.135062
0.214039,0.135062
0.214094,0.135062
0.214148,0.135062
0.214203,0.134871
0.214257,0.134871
0.214312,0.134871
0.214366,0.134871
0.214421,0.134871
0.214475,0.134871
0.214530,0.134871
0.214584,0.134681
0.214639,0.134681
0.214693,0.134681
0.214748,0.134681
0.214802,0.134681
0.214857,0.134681
0.214911,0.134681
0.214966,0.134681
0.215020,0.134490
0.215075,0.134490
0.215129,0.134490
0.215184,0.134490
0.215238,0.134490
0.215293,0.134490
0.215347,0.134490
0.215402,0.134490
0.215456,0.134490
0.215511,0.134299
0.215565,0.134299
0.215620,0.134299
0.215674,0.134299
0.215729,0.134108
0.215783,0.134108
0.215838,0.134108
0.215893,0.134108
0.215947,0.134108
0.216002,0.134108
0.216056,0.134108
0.216111,0.133918
0.216165,0.134108
0.216220,0.133918
0.216274,0.133918
0.216329,0.133918
0.216383,0.133918
0.216438,0.133918
0.216492,0.133727
0.216547,0.133727
0.216601,0.133727
0.216656,0.133727
0.216710,0.133727
0.216765,0.133727
0.216819,0.133727
0.216874,0.133727
0.216928,0.133727
0.216983,0.133536
0.217037,0.133536
0.217092,0.133536
0.217146,0.133536
0.217201,0.133536
0.217255,0.133536
0.217310,0.133536
0.217364,0.133345
0.217419,0.133345
0.217473,0.133345
0.217528,0.133345
0.217582,0.133345
0.217637,0.133345
0.217691,0.133345
0.217746,0.133154
0.217800,0.133154
0.217855,0.133154
0.217909,0.133154
0.217964,0.133154
0.218018,0.133154
0.218073,0.133154
0.218127,0.132964
0.218182,0.132964
0.218236,0.132964
0.218291,0.132964
0.218345,0.132964
0.218400,0.132964
0.218454,0.132964
0.218509,0.132964
0.218563,0.132773
0.218618,0.132964
0.218672,0.132773
0.218727,0.132773
0.218781,0.132773
0.218836,0.132773
0.218890,0.132773
0.218945,0.132582
0.219000,0.132582
0.219054,0.132582
0.219109,0.132582
0.219163,0.132582
0.219218,0.132582
0.219272,0.132582
0.219327,0.132582
0.219381,0.132582
0.219436,0.132582
0.219490,0.132582
0.219545,0.132391
0.219599,0.132391
0.219654,0.132391
0.219708,0.132391
0.219763,0.132391
0.219817,0.132201
0.219872,0.132391
0.219926,0.132201
0.219981,0.132201
0.220035,0.132201
0.220090,0.132201
0.220144,0.132201
0.220199,0.132201
0.220253,0.132201
0.220308,0.132201
0.220362,0.132201
0.220417,0.132201
0.220471,0.132010
0.220526,0.132010
0.220580,0.132010
0.220635,0.132010
0.220689,0.132010
0.220744,0.131819
0.220798,0.131819
0.220853,0.132010
0.220907,0.131819
0.220962,0.131819
0.221016,0.131819
0.221071,0.131819
0.221125,0.131819
0.221180,0.131819
0.221234,0.131628
0.221289,0.131628
0.221343,0.131628
0.221398,0.131628
0.221452,0.131628
0.221507,0.131628
0.221561,0.131438
0.221616,0.131438
0.221670,0.131438
0.221725,0.131438
0.221779,0.131438
0.221834,0.131438
0.221888,0.131438
0.221943,0.131438
0.221997,0.131438
0.222052,0.131438
0.222106,0.131247
0.222161,0.131247
0.222216,0.131247
0.222270,0.131247
0.222325,0.131247
0.222379,0.131056
0.222434,0.131056
0.222488,0.131056
0.222543,0.131056
0.222597,0.131056
0.222652,0.131056
0.222706,0.131056
0.222761,0.131056
0.222815,0.131056
0.222870,0.130865
0.222924,0.130865
0.222979,0.130865
0.223033,0.130865
0.223088,0.130865
0.223142,0.130865
0.223197,0.130674
0.223251,0.130674
0.223306,0.130674
0.223360,0.130674
0.223415,0.130674
0.223469,0.130674
0.223524,0.130674
0.223578,0.130674
0.223633,0.130674
0.223687,0.130674
0.223742,0.130484
0.223796,0.130484
0.223851,0.130484
0.223905,0.130484
0.223960,0.130293
0.224014,0.130484
0.224069,0.130484
0.224123,0.130293
0.224178,0.130293
0.224232,0.130293
0.224287,0.130293
0.224341,0.130293
0.224396,0.130293
0.224450,0.130293
0.224505,0.130293
0.224559,0.130293
0.224614,0.130102
0.224668,0.130102
0.224723,0.130102
0.224777,0.130102
0.224832,0.130102
0.224886,0.130102
0.224941,0.129911
0.224995,0.129911
0.225050,0.129911
0.225104,0.129911
0.225159,0.129911
0.225213,0.129911
0.225268,0.129911
0.225323,0.129911
0.225377,0.129721
0.225432,0.129911
0.225486,0.129721
0.225541,0.129721
0.225595,0.129721
0.225650,0.129721
0.225704,0.129721
0.225759,0.129530
0.225813,0.129530
0.225868,0.129721
0.225922,0.129530
0.225977,0.129530
0.226031,0.129530
0.226086,0.129530
0.226140,0.129530
0.226195,0.129530
0.226249,0.129530
0.226304,0.129530
0.226358,0.129530
0.226413,0.129530
0.226467,0.129530
0.226522,0.129339
0.226576,0.129339
0.226631,0.129339
0.226685,0.129339
0.226740,0.129339
0.226794,0.129339
0.226849,0.129339
0.226903,0.129148
0.226958,0.129148
0.227012,0.129148
0.227067,0.129148
0.227121,0.129148
0.227176,0.129148
0.227230,0.129148
0.227285,0.129148
0.227339,0.128958
0.227394,0.129148
0.227448,0.129148
0.227503,0.128958
0.227557,0.128958
0.227612,0.128958
0.227666,0.128958
0.227721,0.128958
0.227775,0.128958
0.227830,0.128767
0.227884,0.128767
0.227939,0.128767
0.227993,0.128767
0.228048,0.128767
0.228102,0.128767
0.228157,0.128767
0.228211,0.128767
0.228266,0.128576
0.228320,0.128576
0.228375,0.128576
0.228429,0.128576
0.228484,0.128576
0.228539,0.128576
0.228593,0.128576
0.228648,0.128576
0.228702,0.128576
0.228757,0.128385
0.228811,0.128385
0.228866,0.128385
0.228920,0.128385
0.228975,0.128385
0.229029,0.128385
0.229084,0.128385
0.229138,0.128385
0.229193,0.128385
0.229247,0.128385
0.229302,0.128195
0.229356,0.128195
0.229411,0.128195
0.229465,0.128195
0.229520,0.128195
0.229574,0.128195
0.229629,0.128004
0.229683,0.128004
0.229738,0.128004
0.229792,0.128004
0.229847,0.128004
0.229901,0.128004
0.229956,0.128004
0.230010,0.128004
0.230065,0.128004
0.230119,0.128004
0.230174,0.127813
0.230228,0.127813
0.230283,0.128004
0.230337,0.127813
0.230392,0.127813
0.230446,0.127813
0.230501,0.127813
0.230555,0.127813
0.230610,0.127813
0.230664,0.127813
0.230719,0.127622
0.230773,0.127622
0.230828,0.127622
0.230882,0.127622
0.230937,0.127622
0.230991,0.127622
0.231046,0.127622
0.231100,0.127622
0.231155,0.127622
0.231209,0.127622
0.231264,0.127622
0.231318,0.127431
0.231373,0.127431
0.231427,0.127431
0.231482,0.127431
0.231536,0.127431
0.231591,0.127431
0.231646,0.127431
0.231700,0.127241
0.231755,0.127241
0.231809,0.127241
0.231864,0.127241
0.231918,0.127241
0.231973,0.127241
0.232027,0.127241
0.232082,0.127241
0.232136,0.127241
0.232191,0.127241
0.232245,0.127241
0.232300,0.127241
0.232354,0.127050
0.232409,0.127050
0.232463,0.127050
0.232518,0.127050
0.232572,0.127050
0.232627,0.127050
0.232681,0.127050
0.232736,0.127050
0.232790,0.126859
0.232845,0.126859
0.232899,0.126859
0.232954,0.126859
0.233008,0.126859
0.233063,0.126859
0.233117,0.126859
0.233172,0.126859
0.233226,0.126859
0.233281,0.126859
0.233335,0.126859
0.233390,0.126859
0.233444,0.126859
0.233499,0.126668
0.233553,0.126668
0.233608,0.126668
0.233662,0.126668
0.233717,0.126668
0.233771,0.126668
0.233826,0.126668
0.233880,0.126668
0.233935,0.126668
0.233989,0.126668
0.234044,0.126668
0.234098,0.126478
0.234153,0.126478
0.234207,0.126478
0.234262,0.126478
0.234316,0.126478
0.234371,0.126478
0.234425,0.126478
0.234480,0.126478
0.234534,0.126478
0.234589,0.126478
0.234643,0.126478
0.234698,0.126478
0.234752,0.126478
0.234807,0.126287
0.234862,0.126287
0.234916,0.126287
0.234971,0.126287
0.235025,0.126287
0.235080,0.126287
0.235134,0.126287
0.235189,0.126287
0.235243,0.126287
0.235298,0.126287
0.235352,0.126287
0.235407,0.126096
0.235461,0.126096
0.235516,0.126096
0.235570,0.126096
0.235625,0.126096
0.235679,0.126096
0.235734,0.126096
0.235788,0.126096
0.235843,0.126096
0.235897,0.126096
0.235952,0.126096
0.236006,0.126096
0.236061,0.126096
0.236115,0.126096
0.236170,0.126096
0.236224,0.125905
0.236279,0.125905
0.236333,0.125905
0.236388,0.125905
0.236442,0.125905
0.236497,0.125905
0.236551,0.125905
0.236606,0.125905
0.236660,0.125905
0.236715,0.125905
0.236769,0.125905
0.236824,0.125715
0.236878,0.125715
0.236933,0.125715
0.236987,0.125715
0.237042,0.125715
0.237096,0.125715
0.237151,0.125715
0.237205,0.125715
0.237260,0.125715
0.237314,0.125715
0.237369,0.125524
0.237423,0.125715
0.237478,0.125524
0.237532,0.125524
0.237587,0.125715
0.237641,0.125524
0.237696,0.125524
0.237750,0.125524
0.237805,0.125524
0.237859,0.125524
0.237914,0.125524
0.237969,0.125333
0.238023,0.125333
0.238078,0.125524
0.238132,0.125524
0.238187,0.125333
0.238241,0.125333
0.238296,0.125333
0.238350,0.125333
0.238405,0.125333
0.238459,0.125333
0.238514,0.125333
0.238568,0.125333
0.238623,0.125333
0.238677,0.125333
0.238732,0.125333
0.238786,0.125333
0.238841,0.125333
0.238895,0.125333
0.238950,0.125142
0.239004,0.125142
0.239059,0.125142
0.239113,0.125142
0.239168,0.125142
0.239222,0.125142
0.239277,0.125142
0.239331,0.125142
0.239386,0.125142
0.239440,0.125142
0.239495,0.125142
0.239549,0.124952
0.239604,0.124952
0.239658,0.124952
0.239713,0.124952
0.239767,0.124952
0.239822,0.124952
0.239876,0.124952
0.239931,0.124952
0.239985,0.124952
0.240040,0.124952
0.240094,0.124761
0.240149,0.124761
0.240203,0.124761
0.240258,0.124761
0.240312,0.124761
0.240367,0.124761
0.240421,0.124761
0.240476,0.124761
0.240530,0.124761
0.240585,0.124761
0.240639,0.124761
0.240694,0.124570
0.240748,0.124570
0.240803,0.124570
0.240857,0.124570
0.240912,0.124570
0.240966,0.124570
0.241021,0.124570
0.241076,0.124570
0.241130,0.124570
0.241185,0.124570
0.241239,0.124570
0.241294,0.124570
0.241348,0.124570
0.241403,0.124379
0.241457,0.124570
0.241512,0.124570
0.241566,0.124379
0.241621,0.124379
0.241675,0.124379
0.241730,0.124379
0.241784,0.124379
0.241839,0.124379
0.241893,0.124379
0.241948,0.124379
0.242002,0.124379
0.242057,0.124379
0.242111,0.124379
0.242166,0.124379
0.242220,0.124379
0.242275,0.124188
0.242329,0.124188
0.242384,0.124188
0.242438,0.124188
0.242493,0.124188
0.242547,0.124188
0.242602,0.124188
0.242656,0.124188
0.242711,0.124188
0.242765,0.124188
0.242820,0.124188
0.242874,0.124188
0.242929,0.124188
0.242983,0.123998
0.243038,0.124188
0.243092,0.123998
0.243147,0.124188
0.243201,0.123998
0.243256,0.123998
0.243310,0.123998
0.243365,0.123998
0.243419,0.123998
0.243474,0.123998
0.243528,0.123998
0.243583,0.123998
0.243637,0.123998
0.243692,0.123998
0.243746,0.123998
0.243801,0.123998
0.243855,0.123807
0.243910,0.123998
0.243964,0.123807
0.244019,0.123807
0.244073,0.123807
0.244128,0.123807
0.244183,0.123807
0.244237,0.123807
0.244292,0.123807
0.244346,0.123807
0.244401,0.123807
0.244455,0.123807
0.244510,0.123807
0.244564,0.123807
0.244619,0.123807
0.244673,0.123807
0.244728,0.123807
0.244782,0.123616
0.244837,0.123616
0.244891,0.123616
0.244946,0.123616
0.245000,0.123616
0.245055,0.123616
0.245109,0.123616
0.245164,0.123616
0.245218,0.123616
0.245273,0.123616
0.245327,0.123616
0.245382,0.123425
0.245436,0.123616
0.245491,0.123425
0.245545,0.123425
0.245600,0.123425
0.245654,0.123425
0.245709,0.123425
0.245763,0.123425
0.245818,0.123425
0.245872,0.123425
0.245927,0.123425
0.245981,0.123425
0.246036,0.123425
0.246090,0.123425
0.246145,0.123425
0.246199,0.123425
0.246254,0.123425
0.246308,0.123425
0.246363,0.123425
0.246417,0.123425
0.246472,0.123425
0.246526,0.123425
0.246581,0.123425
0.246635,0.123235
0.246690,0.123235
0.246744,0.123235
0.246799,0.123235
0.246853,0.123235
0.246908,0.123235
0.246962,0.123235
0.247017,0.123235
0.247071,0.123235
0.247126,0.123235
0.247180,0.123044
0.247235,0.123044
0.247289,0.123044
0.247344,0.123044
0.247399,0.123044
0.247453,0.123044
0.247508,0.123044
0.247562,0.123044
0.247617,0.123044
0.247671,0.123044
0.247726,0.123044
0.247780,0.123044
0.247835,0.123044
0.247889,0.123044
0.247944,0.123044
0.247998,0.123044
0.248053,0.123044
0.248107,0.123044
0.248162,0.123044
0.248216,0.122853
0.248271,0.122853
0.248325,0.123044
0.248380,0.122853
0.248434,0.122853
0.248489,0.122853
0.248543,0.122853
0.248598,0.122853
0.248652,0.122853
0.248707,0.122853
0.248761,0.122853
0.248816,0.122853
0.248870,0.122853
0.248925,0.122662
0.248979,0.122662
0.249034,0.122662
0.249088,0.122662
0.249143,0.122662
0.249197,0.122662
0.249252,0.122662
0.249306,0.122662
0.249361,0.122662
0.249415,0.122662
0.249470,0.122662
0.249524,0.122662
0.249579,0.122662
0.249633,0.122662
0.249688,0.122662
0.249742,0.122472
0.249797,0.122472
0.249851,0.122472
0.249906,0.122472
0.249960,0.122472
0.250015,0.122472
0.250069,0.122472
0.250124,0.122472
0.250178,0.122472
0.250233,0.122472
0.250287,0.122472
0.250342,0.122472
0.250396,0.122472
0.250451,0.122281
0.250506,0.122472
0.250560,0.122281
0.250615,0.122281
0.250669,0.122281
0.250724,0.122281
0.250778,0.122281
0.250833,0.122281
0.250887,0.122281
0.250942,0.122281
0.250996,0.122281
0.251051,0.122281
0.251105,0.122281
0.251160,0.122281
0.251214,0.122281
0.251269,0.122090
0.251323,0.122281
0.251378,0.122281
0.251432,0.122090
0.251487,0.122090
0.251541,0.122090
0.251596,0.122090
0.251650,0.122090
0.251705,0.122090
0.251759,0.122090
0.251814,0.122090
0.251868,0.122090
0.251923,0.121899
0.251977,0.121899
0.252032,0.122090
0.252086,0.121899
0.252141,0.121899
0.252195,0.121899
0.252250,0.121899
0.252304,0.121899
0.252359,0.121899
0.252413,0.121899
0.252468,0.121899
0.252522,0.121899
0.252577,0.121899
0.252631,0.121899
0.252686,0.121709
0.252740,0.121709
0.252795,0.121709
0.252849,0.121709
0.252904,0.121709
0.252958,0.121709
0.253013,0.121709
0.253067,0.121709
0.253122,0.121709
0.253176,0.121709
0.253231,0.121709
0.253285,0.121709
0.253340,0.121709
0.253394,0.121709
0.253449,0.121518
0.253503,0.121518
0.253558,0.121518
0.253612,0.121518
0.253667,0.121518
0.253722,0.121518
0.253776,0.121518
0.253831,0.121518
0.253885,0.121518
0.253940,0.121518
0.253994,0.121518
0.254049,0.121518
0.254103,0.121518
0.254158,0.121518
0.254212,0.121518
0.254267,0.121518
0.254321,0.121518
0.254376,0.121518
0.254430,0.121327
0.254485,0.121327
0.254539,0.121327
0.254594,0.121327
0.254648,0.121327
0.254703,0.121327
0.254757,0.121327
0.254812,0.121327
0.254866,0.121327
0.254921,0.121327
0.254975,0.121327
0.255030,0.121136
0.255084,0.121136
0.255139,0.121136
0.255193,0.121136
0.255248,0.121136
0.255302,0.121136
0.255357,0.121136
0.255411,0.121136
0.255466,0.121136
0.255520,0.121136
0.255575,0.121136
0.255629,0.121136
0.255684,0.121136
0.255738,0.121136
0.255793,0.121136
0.255847,0.121136
0.255902,0.121136
0.255956,0.121136
0.256011,0.120945
0.256065,0.120945
0.256120,0.120945
0.256174,0.120945
0.256229,0.120945
0.256283,0.120945
0.256338,0.120945
0.256392,0.120945
0.256447,0.120945
0.256501,0.120945
0.256556,0.120945
0.256610,0.120755
0.256665,0.120755
0.256719,0.120755
0.256774,0.120945
0.256828,0.120755
0.256883,0.120755
0.256938,0.120755
0.256992,0.120755
0.257047,0.120755
0.257101,0.120755
0.257156,0.120755
0.257210,0.120755
0.257265,0.120755
0.257319,0.120755
0.257374,0.120755
0.257428,0.120755
0.257483,0.120755
0.257537,0.120755
0.257592,0.120755
0.257646,0.120755
0.257701,0.120564
0.257755,0.120564
0.257810,0.120564
0.257864,0.120564
0.257919,0.120564
0.257973,0.120564
0.258028,0.120564
0.258082,0.120564
0.258137,0.120564
0.258191,0.120564
0.258246,0.120564
0.258300,0.120373
0.258355,0.120564
0.258409,0.120373
0.258464,0.120373
0.258518,0.120373
0.258573,0.120373
0.258627,0.120373
0.258682,0.120373
0.258736,0.120373
0.258791,0.120373
0.258845,0.120373
0.258900,0.120373
0.258954,0.120373
0.259009,0.120373
0.259063,0.120373
0.259118,0.120373
0.259172,0.120373
0.259227,0.120373
0.259281,0.120373
0.259336,0.120373
0.259390,0.120373
0.259445,0.120373
0.259499,0.120373
0.259554,0.120373
0.259608,0.120182
0.259663,0.120182
0.259717,0.120182
0.259772,0.120182
0.259826,0.120182
0.259881,0.120182
0.259935,0.120182
0.259990,0.120182
0.260045,0.120182
0.260099,0.120182
0.260154,0.120182
0.260208,0.120182
0.260263,0.120182
0.260317,0.120182
0.260372,0.119992
0.260426,0.119992
0.260481,0.119992
0.260535,0.119992
0.260590,0.119992
0.260644,0.119992
0.260699,0.119992
0.260753,0.119992
0.260808,0.119992
0.260862,0.119992
0.260917,0.119992
0.260971,0.119992
0.261026,0.119992
0.261080,0.119992
0.261135,0.119992
0.261189,0.119992
0.261244,0.119992
0.261298,0.119992
0.261353,0.119992
0.261407,0.119992
0.261462,0.119992
0.261516,0.119992
0.261571,0.119992
0.261625,0.119801
0.261680,0.119992
0.261734,0.119801
0.261789,0.119992
0.261843,0.119801
0.261898,0.119801
0.261952,0.119801
0.262007,0.119801
0.262061,0.119801
0.262116,0.119801
0.262170,0.119801
0.262225,0.119801
0.262279,0.119801
0.262334,0.119801
0.262388,0.119610
0.262443,0.119801
0.262497,0.119801
0.262552,0.119801
0.262606,0.119610
0.262661,0.119610
0.262715,0.119610
0.262770,0.119610
0.262824,0.119610
0.262879,0.119610
0.262933,0.119610
0.262988,0.119610
0.263042,0.119610
0.263097,0.119610
0.263151,0.119610
0.263206,0.119610
0.263261,0.119610
0.263315,0.119610
0.263370,0.119610
0.263424,0.119610
0.263479,0.119610
0.263533,0.119610
0.263588,0.119610
0.263642,0.119610
0.263697,0.119610
0.263751,0.119419
0.263806,0.119610
0.263860,0.119419
0.263915,0.119419
0.263969,0.119419
0.264024,0.119419
0.264078,0.119419
0.264133,0.119419
0.264187,0.119419
0.264242,0.119419
0.264296,0.119419
0.264351,0.119419
0.264405,0.119419
0.264460,0.119419
0.264514,0.119419
0.264569,0.119419
0.264623,0.119419
0.264678,0.119419
0.264732,0.119229
0.264787,0.119419
0.264841,0.119229
0.264896,0.119229
0.264950,0.119229
0.265005,0.119229
0.265059,0.119229
0.265114,0.119229
0.265168,0.119229
0.265223,0.119229
0.265277,0.119229
0.265332,0.119229
0.265386,0.119229
0.265441,0.119229
0.265495,0.119229
0.265550,0.119229
0.265604,0.119229
0.265659,0.119229
0.265713,0.119229
0.265768,0.119229
0.265822,0.119229
0.265877,0.119229
0.265931,0.119229
0.265986,0.119229
0.266040,0.119229
0.266095,0.119229
0.266149,0.119229
0.266204,0.119229
0.266258,0.119229
0.266313,0.119038
0.266367,0.119229
0.266422,0.119038
0.266477,0.119038
0.266531,0.119229
0.266586,0.119038
0.266640,0.119038
0.266695,0.119038
0.266749,0.119038
0.266804,0.119038
0.266858,0.119038
0.266913,0.119038
0.266967,0.119038
0.267022,0.119038
0.267076,0.118847
0.267131,0.119038
0.267185,0.119038
0.267240,0.118847
0.267294,0.119038
0.267349,0.119038
0.267403,0.118847
0.267458,0.118847
0.267512,0.118847
0.267567,0.118847
0.267621,0.118847
0.267676,0.118847
0.267730,0.118847
0.267785,0.118847
0.267839,0.118847
0.267894,0.118847
0.267948,0.118847
0.268003,0.118847
0.268057,0.118847
0.268112,0.118847
0.268166,0.118847
0.268221,0.118847
0.268275,0.118847
0.268330,0.118847
0.268384,0.118847
0.268439,0.118847
0.268493,0.118847
0.268548,0.118847
0.268602,0.118847
0.268657,0.118847
0.268711,0.118847
0.268766,0.118847
0.268820,0.118847
0.268875,0.118847
0.268929,0.118847
0.268984,0.118847
0.269038,0.118847
0.269093,0.118656
0.269147,0.118847
0.269202,0.118656
0.269256,0.118656
0.269311,0.118847
0.269365,0.118656
0.269420,0.118656
0.269474,0.118656
0.269529,0.118656
0.269584,0.118656
0.269638,0.118656
0.269693,0.118656
0.269747,0.118656
0.269802,0.118656
0.269856,0.118656
0.269911,0.118656
0.269965,0.118656
0.270020,0.118656
0.270074,0.118656
0.270129,0.118656
0.270183,0.118656
0.270238,0.118656
0.270292,0.118656
0.270347,0.118656
0.270401,0.118656
0.270456,0.118656
0.270510,0.118656
0.270565,0.118656
0.270619,0.118656
0.270674,0.118656
0.270728,0.118656
0.270783,0.118656
0.270837,0.118465
0.270892,0.118465
0.270946,0.118656
0.271001,0.118656
0.271055,0.118465
0.271110,0.118465
0.271164,0.118656
0.271219,0.118465
0.271273,0.118465
0.271328,0.118465
0.271382,0.118465
0.271437,0.118465
0.271491,0.118465
0.271546,0.118465
0.271600,0.118465
0.271655,0.118465
0.271709,0.118465
0.271764,0.118465
0.271818,0.118465
0.271873,0.118465
0.271927,0.118465
0.271982,0.118465
0.272036,0.118465
0.272091,0.118465
0.272145,0.118465
0.272200,0.118465
0.272254,0.118465
0.272309,0.118465
0.272363,0.118465
0.272418,0.118465
0.272472,0.118465
0.272527,0.118465
0.272581,0.118465
0.272636,0.118465
0.272690,0.118465
0.272745,0.118465
0.272800,0.118465
0.272854,0.118465
0.272909,0.118465
0.272963,0.118465
0.273018,0.118465
0.273072,0.118465
0.273127,0.118465
0.273181,0.118465
0.273236,0.118465
0.273290,0.118465
0.273345,0.118465
0.273399,0.118465
0.273454,0.118465
0.273508,0.118275
0.273563,0.118465
0.273617,0.118465
0.273672,0.118275
0.273726,0.118465
0.273781,0.118465
0.273835,0.118465
0.273890,0.118275
0.273944,0.118275
0.273999,0.118275
0.274053,0.118275
0.274108,0.118275
0.274162,0.118275
0.274217,0.118275
0.274271,0.118275
0.274326,0.118275
0.274380,0.118275
0.274435,0.118275
0.274489,0.118275
0.274544,0.118275
0.274598,0.118275
0.274653,0.118275
0.274707,0.118275
0.274762,0.118275
0.274816,0.118275
0.274871,0.118275
0.274925,0.118275
0.274980,0.118275
0.275034,0.118275
0.275089,0.118275
0.275143,0.118275
0.275198,0.118275
0.275252,0.118275
0.275307,0.118275
0.275361,0.118275
0.275416,0.118275
0.275470,0.118084
0.275525,0.118084
0.275579,0.118275
0.275634,0.118275
0.275688,0.118275
0.275743,0.118275
0.275797,0.118084
0.275852,0.118275
0.275906,0.118275
0.275961,0.118084
0.276016,0.118084
0.276070,0.118084
0.276125,0.118084
0.276179,0.118084
0.276234,0.118084
0.276288,0.118084
0.276343,0.118084
0.276397,0.118084
0.276452,0.118084
0.276506,0.118084
0.276561,0.118084
0.276615,0.118084
0.276670,0.118084
0.276724,0.118084
0.276779,0.118084
0.276833,0.118084
0.276888,0.118084
0.276942,0.118084
0.276997,0.118084
0.277051,0.118084
0.277106,0.118084
0.277160,0.118084
0.277215,0.118084
0.277269,0.118084
0.277324,0.118084
0.277378,0.118084
0.277433,0.118084
0.277487,0.118084
0.277542,0.118084
0.277596,0.118084
0.277651,0.118084
0.277705,0.118084
0.277760,0.118084
0.277814,0.118084
0.277869,0.118084
0.277923,0.118084
0.277978,0.118084
0.278032,0.118084
0.278087,0.118084
0.278141,0.118084
0.278196,0.118084
0.278250,0.118084
0.278305,0.118084
0.278359,0.118084
0.278414,0.118084
0.278468,0.118084
0.278523,0.118084
0.278577,0.118084
0.278632,0.118084
0.278686,0.118084
0.278741,0.118084
0.278795,0.118084
0.278850,0.118084
0.278904,0.118084
0.278959,0.118084
0.279013,0.117893
0.279068,0.118084
0.279122,0.118084
0.279177,0.118084
0.279232,0.118084
0.279286,0.117893
0.279341,0.117893
0.279395,0.117893
0.279450,0.117893
0.279504,0.117893
0.279559,0.117893
0.279613,0.117893
0.279668,0.117893
0.279722,0.117893
0.279777,0.117893
0.279831,0.117893
0.279886,0.117893
0.279940,0.117893
0.279995,0.117893
0.280049,0.117893
0.280104,0.117893
0.280158,0.117893
0.280213,0.117893
0.280267,0.117893
0.280322,0.117893
0.280376,0.117893
0.280431,0.117893
0.280485,0.117893
0.280540,0.117893
0.280594,0.117893
0.280649,0.117893
0.280703,0.117893
0.280758,0.117893
0.280812,0.117893
0.280867,0.117893
0.280921,0.117893
0.280976,0.117893
0.281030,0.117893
0.281085,0.117893
0.281139,0.117893
0.281194,0.117893
0.281248,0.117893
0.281303,0.117893
0.281357,0.117893
0.281412,0.117893
0.281466,0.117893
0.281521,0.117893
0.281575,0.117702
0.281630,0.117893
0.281684,0.117702
0.281739,0.117893
0.281793,0.117893
0.281848,0.117702
0.281902,0.117702
0.281957,0.117893
0.282011,0.117893
0.282066,0.117893
0.282120,0.117893
0.282175,0.117702
0.282229,0.117893
0.282284,0.117702
0.282338,0.117702
0.282393,0.117702
0.282448,0.117702
0.282502,0.117702
0.282557,0.117702
0.282611,0.117702
0.282666,0.117702
0.282720,0.117893
0.282775,0.117702
0.282829,0.117702
0.282884,0.117702
0.282938,0.117702
0.282993,0.117702
0.283047,0.117702
0.283102,0.117702
0.283156,0.117702
0.283211,0.117702
0.283265,0.117702
0.283320,0.117702
0.283374,0.117702
0.283429,0.117702
0.283483,0.117702
0.283538,0.117702
0.283592,0.117702
0.283647,0.117702
0.283701,0.117702
0.283756,0.117702
0.283810,0.117702
0.283865,0.117702
0.283919,0.117702
0.283974,0.117702
0.284028,0.117702
0.284083,0.117702
0.284137,0.117702
0.284192,0.117702
0.284246,0.117702
0.284301,0.117702
0.284355,0.117702
0.284410,0.117702
0.284464,0.117702
0.284519,0.117702
0.284573,0.117702
0.284628,0.117702
0.284682,0.117702
0.284737,0.117702
0.284791,0.117702
0.284846,0.117702
0.284900,0.117702
0.284955,0.117702
0.285009,0.117702
0.285064,0.117702
0.285118,0.117702
0.285173,0.117702
0.285227,0.117702
0.285282,0.117702
0.285336,0.117702
0.285391,0.117702
0.285445,0.117702
0.285500,0.117702
0.285555,0.117702
0.285609,0.117702
0.285664,0.117702
0.285718,0.117702
0.285773,0.117702
0.285827,0.117702
0.285882,0.117512
0.285936,0.117702
0.285991,0.117702
0.286045,0.117702
0.286100,0.117702
0.286154,0.117702
0.286209,0.117702
0.286263,0.117702
0.286318,0.117702
0.286372,0.117702
0.286427,0.117512
0.286481,0.117512
0.286536,0.117702
0.286590,0.117702
0.286645,0.117702
0.286699,0.117512
0.286754,0.117702
0.286808,0.117702
0.286863,0.117702
0.286917,0.117512
0.286972,0.117512
0.287026,0.117512
0.287081,0.117512
0.287135,0.117702
0.287190,0.117702
0.287244,0.117512
0.287299,0.117512
0.287353,0.117512
0.287408,0.117512
0.287462,0.117512
0.287517,0.117512
0.287571,0.117512
0.287626,0.117512
0.287680,0.117512
0.287735,0.117512
0.287789,0.117512
0.287844,0.117512
0.287898,0.117512
0.287953,0.117512
0.288007,0.117512
0.288062,0.117512
0.288116,0.117512
0.288171,0.117512
0.288225,0.117512
0.288280,0.117512
0.288334,0.117512
0.288389,0.117512
0.288443,0.117512
0.288498,0.117512
0.288552,0.117512
0.288607,0.117512
0.288661,0.117512
0.288716,0.117512
0.288771,0.117512
0.288825,0.117512
0.288880,0.117512
0.288934,0.117512
0.288989,0.117512
0.289043,0.117512
0.289098,0.117512
0.289152,0.117512
0.289207,0.117512
0.289261,0.117512
0.289316,0.117512
0.289370,0.117512
0.289425,0.117321
0.289479,0.117512
0.289534,0.117512
0.289588,0.117512
0.289643,0.117512
0.289697,0.117512
0.289752,0.117512
0.289806,0.117512
0.289861,0.117512
0.289915,0.117512
0.289970,0.117321
0.290024,0.117321
0.290079,0.117512
0.290133,0.117512
0.290188,0.117512
0.290242,0.117321
0.290297,0.117512
0.290351,0.117321
0.290406,0.117321
0.290460,0.117321
0.290515,0.117321
0.290569,0.117512
0.290624,0.117321
0.290678,0.117321
0.290733,0.117321
0.290787,0.117321
0.290842,0.117321
0.290896,0.117321
0.290951,0.117321
0.291005,0.117512
0.291060,0.117321
0.291114,0.117321
0.291169,0.117321
0.291223,0.117321
0.291278,0.117321
0.291332,0.117321
0.291387,0.117321
0.291441,0.117321
0.291496,0.117321
0.291550,0.117321
0.291605,0.117321
0.291659,0.117321
0.291714,0.117321
0.291768,0.117321
0.291823,0.117321
0.291877,0.117321
0.291932,0.117321
0.291987,0.117321
0.292041,0.117321
0.292096,0.117321
0.292150,0.117321
0.292205,0.117321
0.292259,0.117321
0.292314,0.117321
0.292368,0.117321
0.292423,0.117321
0.292477,0.117321
0.292532,0.117321
0.292586,0.117321
0.292641,0.117321
0.292695,0.117321
0.292750,0.117321
0.292804,0.117321
0.292859,0.117321
0.292913,0.117321
0.292968,0.117321
0.293022,0.117321
0.293077,0.117321
0.293131,0.117321
0.293186,0.117321
0.293240,0.117321
0.293295,0.117321
0.293349,0.117321
0.293404,0.117321
0.293458,0.117321
0.293513,0.117321
0.293567,0.117321
0.293622,0.117321
0.293676,0.117321
0.293731,0.117321
0.293785,0.117321
0.293840,0.117321
0.293894,0.117321
0.293949,0.117321
0.294003,0.117321
0.294058,0.117321
0.294112,0.117321
0.294167,0.117321
0.294221,0.117321
0.294276,0.117321
0.294330,0.117321
0.294385,0.117321
0.294439,0.117321
0.294494,0.117321
0.294548,0.117321
0.294603,0.117321
0.294657,0.117321
0.294712,0.117321
0.294766,0.117321
0.294821,0.117321
0.294875,0.117321
0.294930,0.117321
0.294984,0.117321
0.295039,0.117321
0.295093,0.117321
0.295148,0.117321
0.295203,0.117321
0.295257,0.117321
0.295312,0.117321
0.295366,0.117321
0.295421,0.117321
0.295475,0.117321
0.295530,0.117321
0.295584,0.117321
0.295639,0.117321
0.295693,0.117321
0.295748,0.117321
0.295802,0.117321
0.295857,0.117321
0.295911,0.117321
0.295966,0.117321
0.296020,0.117321
0.296075,0.117321
0.296129,0.117321
0.296184,0.117321
0.296238,0.117321
0.296293,0.117321
0.296347,0.117321
0.296402,0.117321
0.296456,0.117321
0.296511,0.117321
0.296565,0.117321
0.296620,0.117321
0.296674,0.117321
0.296729,0.117321
0.296783,0.117321
0.296838,0.117130
0.296892,0.117130
0.296947,0.117321
0.297001,0.117130
0.297056,0.117321
0.297110,0.117321
0.297165,0.117321
0.297219,0.117130
0.297274,0.117130
0.297328,0.117130
0.297383,0.117321
0.297437,0.117321
0.297492,0.117130
0.297546,0.117130
0.297601,0.117130
0.297655,0.117130
0.297710,0.117321
0.297764,0.117130
0.297819,0.117130
0.297873,0.117130
0.297928,0.117130
0.297982,0.117130
0.298037,0.117130
0.298091,0.117130
0.298146,0.117130
0.298200,0.117130
0.298255,0.117130
0.298309,0.117130
0.298364,0.117130
0.298419,0.117130
0.298473,0.117130
0.298528,0.117130
0.298582,0.117130
0.298637,0.117130
0.298691,0.117130
0.298746,0.117130
0.298800,0.117130
0.298855,0.117130
0.298909,0.117130
0.298964,0.117130
0.299018,0.117130
0.299073,0.117130
0.299127,0.117130
0.299182,0.117130
0.299236,0.117130
0.299291,0.117130
0.299345,0.117130
0.299400,0.117130
0.299454,0.117130
0.299509,0.117130
0.299563,0.117130
0.299618,0.117130
0.299672,0.117130
0.299727,0.117130
0.299781,0.117130
0.299836,0.117130
0.299890,0.117130
0.299945,0.117130
0.299999,0.117130
0.300054,0.117130
0.300108,0.117130
0.300163,0.117130
0.300217,0.117130
0.300272,0.117130
0.300326,0.117130
0.300381,0.117130
0.300435,0.117130
0.300490,0.117130
0.300544,0.116939
0.300599,0.116939
0.300653,0.117130
0.300708,0.117130
0.300762,0.116939
0.300817,0.117130
0.300871,0.116939
0.300926,0.117130
0.300980,0.117130
0.301035,0.117130
0.301089,0.117130
0.301144,0.117130
0.301198,0.116939
0.301253,0.116939
0.301307,0.116939
0.301362,0.117130
0.301416,0.117130
0.301471,0.116939
0.301526,0.116939
0.301580,0.116939
0.301635,0.117130
0.301689,0.117130
0.301744,0.117130
0.301798,0.117130
0.301853,0.116939
0.301907,0.116939
0.301962,0.116939
0.302016,0.116939
0.302071,0.116939
0.302125,0.116939
0.302180,0.116939
0.302234,0.116939
0.302289,0.116939
0.302343,0.117130
0.302398,0.116939
0.302452,0.116939
0.302507,0.116939
0.302561,0.116939
0.302616,0.116939
0.302670,0.116939
0.302725,0.116939
0.302779,0.116939
0.302834,0.116939
0.302888,0.116939
0.302943,0.116939
0.302997,0.116939
0.303052,0.116939
0.303106,0.116939
0.303161,0.116939
0.303215,0.116939
0.303270,0.116939
0.303324,0.116939
0.303379,0.116939
0.303433,0.116939
0.303488,0.116939
0.303542,0.116939
0.303597,0.116939
0.303651,0.116939
0.303706,0.116939
0.303760,0.116939
0.303815,0.116939
0.303869,0.116939
0.303924,0.116939
0.303978,0.116939
0.304033,0.116939
0.304087,0.116939
0.304142,0.116939
0.304196,0.116939
0.304251,0.116939
0.304305,0.116939
0.304360,0.116939
0.304414,0.116939
0.304469,0.116939
0.304523,0.116939
0.304578,0.116939
0.304632,0.116939
0.304687,0.116939
0.304741,0.116939
0.304796,0.116939
0.304851,0.116939
0.304905,0.116939
0.304960,0.116939
0.305014,0.116939
0.305069,0.116939
0.305123,0.116939
0.305178,0.116939
0.305232,0.116939
0.305287,0.116939
0.305341,0.116939
0.305396,0.116939
0.305450,0.116939
0.305505,0.116939
0.305559,0.116939
0.305614,0.116939
0.305668,0.116939
0.305723,0.116939
0.305777,0.116939
0.305832,0.116939
0.305886,0.116939
0.305941,0.116939
0.305995,0.116939
0.306050,0.116939
0.306104,0.116939
0.306159,0.116939
0.306213,0.116939
0.306268,0.116939
0.306322,0.116939
0.306377,0.116939
0.306431,0.116939
0.306486,0.116939
0.306540,0.116939
0.306595,0.116939
0.306649,0.116939
0.306704,0.116939
0.306758,0.116939
0.306813,0.116939
0.306867,0.116939
0.306922,0.116939
0.306976,0.116939
0.307031,0.116939
0.307085,0.116939
0.307140,0.116939
0.307194,0.116939
0.307249,0.116939
0.307303,0.116939
0.307358,0.116939
0.307412,0.116939
0.307467,0.116939
0.307521,0.116939
0.307576,0.116939
0.307630,0.116749
0.307685,0.116939
0.307739,0.116749
0.307794,0.116939
0.307848,0.116939
0.307903,0.116749
0.307957,0.116939
0.308012,0.116939
0.308067,0.116749
0.308121,0.116749
0.308176,0.116749
0.308230,0.116749
0.308285,0.116939
0.308339,0.116749
0.308394,0.116749
0.308448,0.116749
0.308503,0.116749
0.308557,0.116749
0.308612,0.116749
0.308666,0.116749
0.308721,0.116749
0.308775,0.116749
0.308830,0.116749
0.308884,0.116749
0.308939,0.116749
0.308993,0.116749
0.309048,0.116749
0.309102,0.116749
0.309157,0.116939
0.309211,0.116749
0.309266,0.116749
0.309320,0.116749
0.309375,0.116749
0.309429,0.116749
0.309484,0.116749
0.309538,0.116749
0.309593,0.116749
0.309647,0.116749
0.309702,0.116749
0.309756,0.116749
0.309811,0.116749
0.309865,0.116749
0.309920,0.116749
0.309974,0.116749
0.310029,0.116749
0.310083,0.116749
0.310138,0.116749
0.310192,0.116749
0.310247,0.116749
0.310301,0.116749
0.310356,0.116749
0.310410,0.116749
0.310465,0.116749
0.310519,0.116749
0.310574,0.116749
0.310628,0.116749
0.310683,0.116749
0.310737,0.116749
0.310792,0.116749
0.310846,0.116749
0.310901,0.116749
0.310955,0.116749
0.311010,0.116749
0.311064,0.116749
0.311119,0.116749
0.311174,0.116749
0.311228,0.116749
0.311283,0.116749
0.311337,0.116749
0.311392,0.116749
0.311446,0.116749
0.311501,0.116749
0.311555,0.116749
0.311610,0.116749
0.311664,0.116749
0.311719,0.116749
0.311773,0.116749
0.311828,0.116749
0.311882,0.116749
0.311937,0.116749
0.311991,0.116749
0.312046,0.116749
0.312100,0.116749
0.312155,0.116749
0.312209,0.116749
0.312264,0.116749
0.312318,0.116749
0.312373,0.116749
0.312427,0.116749
0.312482,0.116749
0.312536,0.116749
0.312591,0.116749
0.312645,0.116749
0.312700,0.116558
0.312754,0.116558
0.312809,0.116749
0.312863,0.116749
0.312918,0.116749
0.312972,0.116558
0.313027,0.116558
0.313081,0.116558
0.313136,0.116558
0.313190,0.116558
0.313245,0.116558
0.313299,0.116558
0.313354,0.116558
0.313408,0.116558
0.313463,0.116558
0.313517,0.116558
0.313572,0.116558
0.313626,0.116558
0.313681,0.116749
0.313735,0.116749
0.313790,0.116558
0.313844,0.116558
0.313899,0.116558
0.313953,0.116558
0.314008,0.116558
0.314062,0.116558
0.314117,0.116558
0.314171,0.116558
0.314226,0.116558
0.314280,0.116558
0.314335,0.116558
0.314390,0.116558
0.314444,0.116558
0.314499,0.116558
0.314553,0.116558
0.314608,0.116558
0.314662,0.116558
0.314717,0.116558
0.314771,0.116558
0.314826,0.116558
0.314880,0.116558
0.314935,0.116558
0.314989,0.116558
0.315044,0.116558
0.315098,0.116558
0.315153,0.116558
0.315207,0.116558
0.315262,0.116558
0.315316,0.116558
0.315371,0.116558
0.315425,0.116558
0.315480,0.116558
0.315534,0.116558
0.315589,0.116558
0.315643,0.116558
0.315698,0.116558
0.315752,0.116558
0.315807,0.116558
0.315861,0.116558
0.315916,0.116558
0.315970,0.116558
0.316025,0.116558
0.316079,0.116558
0.316134,0.116558
0.316188,0.116558
0.316243,0.116558
0.316297,0.116558
0.316352,0.116558
0.316406,0.116558
0.316461,0.116558
0.316515,0.116558
0.316570,0.116558
0.316624,0.116558
0.316679,0.116558
0.316733,0.116558
0.316788,0.116558
0.316842,0.116558
0.316897,0.116558
0.316951,0.116558
0.317006,0.116558
0.317060,0.116558
0.317115,0.116558
0.317169,0.116558
0.317224,0.116558
0.317278,0.116558
0.317333,0.116558
0.317387,0.116558
0.317442,0.116558
0.317496,0.116558
0.317551,0.116558
0.317606,0.116558
0.317660,0.116558
0.317715,0.116558
0.317769,0.116558
0.317824,0.116558
0.317878,0.116367
0.317933,0.116558
0.317987,0.116558
0.318042,0.116558
0.318096,0.116367
0.318151,0.116558
0.318205,0.116558
0.318260,0.116558
0.318314,0.116367
0.318369,0.116558
0.318423,0.116558
0.318478,0.116367
0.318532,0.116367
0.318587,0.116367
0.318641,0.116367
0.318696,0.116558
0.318750,0.116367
0.318805,0.116367
0.318859,0.116367
0.318914,0.116367
0.318968,0.116367
0.319023,0.116367
0.319077,0.116367
0.319132,0.116367
0.319186,0.116367
0.319241,0.116367
0.319295,0.116367
0.319350,0.116367
0.319404,0.116367
0.319459,0.116367
0.319513,0.116367
0.319568,0.116367
0.319622,0.116367
0.319677,0.116367
0.319731,0.116367
0.319786,0.116367
0.319840,0.116367
0.319895,0.116367
0.319949,0.116367
0.320004,0.116367
0.320058,0.116367
0.320113,0.116367
0.320167,0.116367
0.320222,0.116367
0.320276,0.116367
0.320331,0.116367
0.320385,0.116367
0.320440,0.116367
0.320494,0.116367
0.320549,0.116367
0.320603,0.116367
0.320658,0.116367
0.320712,0.116367
0.320767,0.116367
0.320822,0.116367
0.320876,0.116367
0.320931,0.116367
0.320985,0.116367
0.321040,0.116367
0.321094,0.116367
0.321149,0.116367
0.321203,0.116367
0.321258,0.116367
0.321312,0.116367
0.321367,0.116367
0.321421,0.116367
0.321476,0.116367
0.321530,0.116367
0.321585,0.116367
0.321639,0.116367
0.321694,0.116367
0.321748,0.116367
0.321803,0.116367
0.321857,0.116367
0.321912,0.116367
0.321966,0.116367
0.322021,0.116367
0.322075,0.116367
0.322130,0.116367
0.322184,0.116367
0.322239,0.116367
0.322293,0.116367
0.322348,0.116367
0.322402,0.116367
0.322457,0.116367
0.322511,0.116367
0.322566,0.116176
0.322620,0.116176
0.322675,0.116367
0.322729,0.116367
0.322784,0.116176
0.322838,0.116176
0.322893,0.116176
0.322947,0.116367
0.323002,0.116367
0.323056,0.116176
0.323111,0.116176
0.323165,0.116176
0.323220,0.116176
0.323274,0.116367
0.323329,0.116367
0.323383,0.116367
0.323438,0.116367
0.323492,0.116176
0.323547,0.116176
0.323601,0.116176
0.323656,0.116176
0.323710,0.116367
0.323765,0.116367
0.323819,0.116176
0.323874,0.116367
0.323929,0.116176
0.323983,0.116176
0.324038,0.116176
0.324092,0.116176
0.324147,0.116176
0.324201,0.116176
0.324256,0.116176
0.324310,0.116176
0.324365,0.116176
0.324419,0.116176
0.324474,0.116176
0.324528,0.116176
0.324583,0.116176
0.324637,0.116176
0.324692,0.116176
0.324746,0.116176
0.324801,0.116176
0.324855,0.116176
0.324910,0.116176
0.324964,0.116176
0.325019,0.116176
0.325073,0.116176
0.325128,0.116176
0.325182,0.116176
0.325237,0.116176
0.325291,0.116176
0.325346,0.116176
0.325400,0.116176
0.325455,0.116176
0.325509,0.116176
0.325564,0.116176
0.325618,0.116176
0.325673,0.116176
0.325727,0.116176
0.325782,0.116176
0.325836,0.116176
0.325891,0.116176
0.325945,0.116176
0.326000,0.116176
0.326054,0.116176
0.326109,0.116176
0.326163,0.116176
0.326218,0.116176
0.326272,0.116176
0.326327,0.116176
0.326381,0.116176
0.326436,0.116176
0.326490,0.116176
0.326545,0.116176
0.326599,0.116176
0.326654,0.116176
0.326708,0.116176
0.326763,0.116176
0.326817,0.116176
0.326872,0.116176
0.326926,0.116176
0.326981,0.116176
0.327035,0.116176
0.327090,0.116176
0.327145,0.116176
0.327199,0.116176
0.327254,0.116176
0.327308,0.116176
0.327363,0.116176
0.327417,0.116176
0.327472,0.116176
0.327526,0.116176
0.327581,0.116176
0.327635,0.116176
0.327690,0.116176
0.327744,0.116176
0.327799,0.116176
0.327853,0.116176
0.327908,0.116176
0.327962,0.116176
0.328017,0.116176
0.328071,0.116176
0.328126,0.116176
0.328180,0.116176
0.328235,0.116176
0.328289,0.116176
0.328344,0.116176
0.328398,0.116176
0.328453,0.116176
0.328507,0.116176
0.328562,0.116176
0.328616,0.116176
0.328671,0.116176
0.328725,0.116176
0.328780,0.116176
0.328834,0.116176
0.328889,0.116176
0.328943,0.116176
0.328998,0.116176
0.329052,0.116176
0.329107,0.116176
0.329161,0.116176
0.329216,0.116176
0.329270,0.116176
0.329325,0.116176
0.329379,0.115986
0.329434,0.115986
0.329488,0.116176
0.329543,0.116176
0.329597,0.115986
0.329652,0.116176
0.329706,0.116176
0.329761,0.116176
0.329815,0.116176
0.329870,0.115986
0.329924,0.116176
0.329979,0.115986
0.330033,0.115986
0.330088,0.116176
0.330142,0.115986
0.330197,0.116176
0.330251,0.115986
0.330306,0.115986
0.330361,0.116176
0.330415,0.115986
0.330470,0.116176
0.330524,0.115986
0.330579,0.115986
0.330633,0.115986
0.330688,0.115986
0.330742,0.115986
0.330797,0.115986
0.330851,0.115986
0.330906,0.115986
0.330960,0.115986
0.331015,0.115986
0.331069,0.115986
0.331124,0.115986
0.331178,0.115986
0.331233,0.115986
0.331287,0.115986
0.331342,0.115986
0.331396,0.115986
0.331451,0.115986
0.331505,0.115986
0.331560,0.115986
0.331614,0.115986
0.331669,0.115986
0.331723,0.115986
0.331778,0.115986
0.331832,0.115986
0.331887,0.115986
0.331941,0.115986
0.331996,0.115986
0.332050,0.115986
0.332105,0.115986
0.332159,0.115986
0.332214,0.115986
0.332268,0.115986
0.332323,0.115986
0.332377,0.115986
0.332432,0.115986
0.332486,0.115986
0.332541,0.115986
0.332595,0.115986
0.332650,0.115986
0.332704,0.115986
0.332759,0.115986
0.332813,0.115986
0.332868,0.115986
0.332922,0.115986
0.332977,0.115986
0.333031,0.115986
0.333086,0.115986
0.333140,0.115986
0.333195,0.115986
0.333249,0.115986
0.333304,0.115795
0.333358,0.115986
0.333413,0.115986
0.333468,0.115986
0.333522,0.115795
0.333577,0.115795
0.333631,0.115986
0.333686,0.115986
0.333740,0.115795
0.333795,0.115986
0.333849,0.115986
0.333904,0.115986
0.333958,0.115795
0.334013,0.115986
0.334067,0.115986
0.334122,0.115795
0.334176,0.115795
0.334231,0.115986
0.334285,0.115795
0.334340,0.115795
0.334394,0.115795
0.334449,0.115986
0.334503,0.115795
0.334558,0.115795
0.334612,0.115795
0.334667,0.115795
0.334721,0.115795
0.334776,0.115795
0.334830,0.115795
0.334885,0.115795
0.334939,0.115795
0.334994,0.115795
0.335048,0.115795
0.335103,0.115795
0.335157,0.115795
0.335212,0.115795
0.335266,0.115795
0.335321,0.115795
0.335375,0.115795
0.335430,0.115795
0.335484,0.115795
0.335539,0.115795
0.335593,0.115795
0.335648,0.115795
0.335702,0.115795
0.335757,0.115795
0.335811,0.115795
0.335866,0.115795
0.335920,0.115795
0.335975,0.115795
0.336029,0.115795
0.336084,0.115795
0.336138,0.115795
0.336193,0.115795
0.336247,0.115795
0.336302,0.115795
0.336356,0.115795
0.336411,0.115795
0.336465,0.115795
0.336520,0.115795
0.336574,0.115795
0.336629,0.115795
0.336684,0.115795
0.336738,0.115795
0.336793,0.115795
0.336847,0.115795
0.336902,0.115795
0.336956,0.115795
0.337011,0.115795
0.337065,0.115795
0.337120,0.115795
0.337174,0.115795
0.337229,0.115795
0.337283,0.115795
0.337338,0.115795
0.337392,0.115795
0.337447,0.115795
0.337501,0.115795
0.337556,0.115795
0.337610,0.115795
0.337665,0.115795
0.337719,0.115795
0.337774,0.115795
0.337828,0.115795
0.337883,0.115795
0.337937,0.115795
0.337992,0.115795
0.338046,0.115795
0.338101,0.115795
0.338155,0.115795
0.338210,0.115795
0.338264,0.115795
0.338319,0.115795
0.338373,0.115795
0.338428,0.115795
0.338482,0.115795
0.338537,0.115795
0.338591,0.115795
0.338646,0.115795
0.338700,0.115795
0.338755,0.115795
0.338809,0.115795
0.338864,0.115795
0.338918,0.115795
0.338973,0.115795
0.339027,0.115604
0.339082,0.115795
0.339136,0.115795
0.339191,0.115604
0.339245,0.115795
0.339300,0.115604
0.339354,0.115795
0.339409,0.115604
0.339463,0.115795
0.339518,0.115604
0.339572,0.115795
0.339627,0.115795
0.339681,0.115604
0.339736,0.115604
0.339790,0.115604
0.339845,0.115795
0.339900,0.115795
0.339954,0.115795
0.340009,0.115604
0.340063,0.115604
0.340118,0.115604
0.340172,0.115604
0.340227,0.115604
0.340281,0.115604
0.340336,0.115604
0.340390,0.115604
0.340445,0.115604
0.340499,0.115604
0.340554,0.115604
0.340608,0.115604
0.340663,0.115604
0.340717,0.115604
0.340772,0.115604
0.340826,0.115604
0.340881,0.115604
0.340935,0.115604
0.340990,0.115604
0.341044,0.115604
0.341099,0.115604
0.341153,0.115604
0.341208,0.115604
0.341262,0.115604
0.341317,0.115604
0.341371,0.115604
0.341426,0.115604
0.341480,0.115604
0.341535,0.115604
0.341589,0.115604
0.341644,0.115604
0.341698,0.115604
0.341753,0.115604
0.341807,0.115604
0.341862,0.115604
0.341916,0.115604
0.341971,0.115604
0.342025,0.115604
0.342080,0.115604
0.342134,0.115604
0.342189,0.115604
0.342243,0.115604
0.342298,0.115604
0.342352,0.115604
0.342407,0.115604
0.342461,0.115604
0.342516,0.115604
0.342570,0.115604
0.342625,0.115604
0.342679,0.115604
0.342734,0.115604
0.342788,0.115604
0.342843,0.115604
0.342897,0.115604
0.342952,0.115604
0.343007,0.115604
0.343061,0.115604
0.343116,0.115604
0.343170,0.115604
0.343225,0.115604
0.343279,0.115413
0.343334,0.115413
0.343388,0.115604
0.343443,0.115604
0.343497,0.115604
0.343552,0.115604
0.343606,0.115604
0.343661,0.115604
0.343715,0.115604
0.343770,0.115413
0.343824,0.115604
0.343879,0.115604
0.343933,0.115413
0.343988,0.115413
0.344042,0.115604
0.344097,0.115604
0.344151,0.115413
0.344206,0.115413
0.344260,0.115604
0.344315,0.115604
0.344369,0.115604
0.344424,0.115604
0.344478,0.115413
0.344533,0.115413
0.344587,0.115413
0.344642,0.115413
0.344696,0.115413
0.344751,0.115413
0.344805,0.115413
0.344860,0.115413
0.344914,0.115413
0.344969,0.115413
0.345023,0.115413
0.345078,0.115413
0.345132,0.115413
0.345187,0.115413
0.345241,0.115413
0.345296,0.115413
0.345350,0.115413
0.345405,0.115413
0.345459,0.115413
0.345514,0.115413
0.345568,0.115413
0.345623,0.115413
0.345677,0.115413
0.345732,0.115413
0.345786,0.115413
0.345841,0.115413
0.345895,0.115413
0.345950,0.115413
0.346004,0.115413
0.346059,0.115413
0.346113,0.115413
0.346168,0.115413
0.346223,0.115413
0.346277,0.115413
0.346332,0.115413
0.346386,0.115413
0.346441,0.115413
0.346495,0.115413
0.346550,0.115413
0.346604,0.115413
0.346659,0.115413
0.346713,0.115413
0.346768,0.115413
0.346822,0.115413
0.346877,0.115413
0.346931,0.115413
0.346986,0.115413
0.347040,0.115413
0.347095,0.115413
0.347149,0.115413
0.347204,0.115413
0.347258,0.115413
0.347313,0.115413
0.347367,0.115413
0.347422,0.115413
0.347476,0.115413
0.347531,0.115413
0.347585,0.115413
0.347640,0.115413
0.347694,0.115413
0.347749,0.115413
0.347803,0.115413
0.347858,0.115413
0.347912,0.115413
0.347967,0.115413
0.348021,0.115413
0.348076,0.115413
0.348130,0.115413
0.348185,0.115413
0.348239,0.115413
0.348294,0.115413
0.348348,0.115413
0.348403,0.115413
0.348457,0.115413
0.348512,0.115413
0.348566,0.115413
0.348621,0.115413
0.348675,0.115413
0.348730,0.115413
0.348784,0.115413
0.348839,0.115413
0.348893,0.115413
0.348948,0.115413
0.349002,0.115413
0.349057,0.115413
0.349111,0.115413
0.349166,0.115413
0.349220,0.115413
0.349275,0.115413
0.349330,0.115413
0.349384,0.115413
0.349439,0.115413
0.349493,0.115413
0.349548,0.115413
0.349602,0.115413
0.349657,0.115413
0.349711,0.115413
0.349766,0.115413
0.349820,0.115413
0.349875,0.115413
0.349929,0.115413
0.349984,0.115413
0.350038,0.115413
0.350093,0.115413
0.350147,0.115222
0.350202,0.115413
0.350256,0.115413
0.350311,0.115222
0.350365,0.115413
0.350420,0.115222
0.350474,0.115222
0.350529,0.115413
0.350583,0.115413
0.350638,0.115222
0.350692,0.115413
0.350747,0.115222
0.350801,0.115222
0.350856,0.115222
0.350910,0.115222
0.350965,0.115413
0.351019,0.115222
0.351074,0.115222
0.351128,0.115222
0.351183,0.115222
0.351237,0.115222
0.351292,0.115222
0.351346,0.115222
0.351401,0.115222
0.351455,0.115222
0.351510,0.115413
0.351564,0.115222
0.351619,0.115222
0.351673,0.115222
0.351728,0.115222
0.351782,0.115222
0.351837,0.115222
0.351891,0.115222
0.351946,0.115222
0.352000,0.115222
0.352055,0.115222
0.352109,0.115222
0.352164,0.115222
0.352218,0.115222
0.352273,0.115222
0.352327,0.115222
0.352382,0.115222
0.352436,0.115222
0.352491,0.115222
0.352546,0.115222
0.352600,0.115222
0.352655,0.115222
0.352709,0.115222
0.352764,0.115222
0.352818,0.115222
0.352873,0.115222
0.352927,0.115222
0.352982,0.115222
0.353036,0.115222
0.353091,0.115222
0.353145,0.115222
0.353200,0.115222
0.353254,0.115222
0.353309,0.115222
0.353363,0.115222
0.353418,0.115222
0.353472,0.115222
0.353527,0.115222
0.353581,0.115222
0.353636,0.115222
0.353690,0.115222
0.353745,0.115222
0.353799,0.115222
0.353854,0.115222
0.353908,0.115222
0.353963,0.115222
0.354017,0.115032
0.354072,0.115032
0.354126,0.115222
0.354181,0.115222
0.354235,0.115222
0.354290,0.115222
0.354344,0.115032
0.354399,0.115222
0.354453,0.115222
0.354508,0.115222
0.354562,0.115032
0.354617,0.115222
0.354671,0.115222
0.354726,0.115032
0.354780,0.115222
0.354835,0.115222
0.354889,0.115032
0.354944,0.115222
0.354998,0.115032
0.355053,0.115032
0.355107,0.115032
0.355162,0.115222
0.355216,0.115032
0.355271,0.115222
0.355325,0.115032
0.355380,0.115032
0.355434,0.115032
0.355489,0.115222
0.355543,0.115032
0.355598,0.115032
0.355652,0.115032
0.355707,0.115032
0.355762,0.115032
0.355816,0.115032
0.355871,0.115032
0.355925,0.115032
0.355980,0.115032
0.356034,0.115032
0.356089,0.115032
0.356143,0.115032
0.356198,0.115032
0.356252,0.115032
0.356307,0.115032
0.356361,0.115032
0.356416,0.115032
0.356470,0.115032
0.356525,0.115032
0.356579,0.115032
0.356634,0.115032
0.356688,0.115032
0.356743,0.115032
0.356797,0.115032
0.356852,0.115032
0.356906,0.115032
0.356961,0.115032
0.357015,0.115032
0.357070,0.115032
0.357124,0.115032
0.357179,0.115032
0.357233,0.115032
0.357288,0.115032
0.357342,0.115032
0.357397,0.115032
0.357451,0.115032
0.357506,0.115032
0.357560,0.115032
0.357615,0.115032
0.357669,0.115032
0.357724,0.115032
0.357778,0.115032
0.357833,0.115032
0.357887,0.115032
0.357942,0.115032
0.357996,0.115032
0.358051,0.115032
0.358105,0.115032
0.358160,0.115032
0.358214,0.115032
0.358269,0.115032
0.358323,0.115032
0.358378,0.115032
0.358432,0.115032
0.358487,0.115032
0.358541,0.115032
0.358596,0.115032
0.358650,0.115032
0.358705,0.115032
0.358759,0.115032
0.358814,0.115032
0.358869,0.115032
0.358923,0.115032
0.358978,0.115032
0.359032,0.115032
0.359087,0.115032
0.359141,0.115032
0.359196,0.115032
0.359250,0.115032
0.359305,0.115032
0.359359,0.115032
0.359414,0.115032
0.359468,0.115032
0.359523,0.115032
0.359577,0.115032
0.359632,0.114841
0.359686,0.115032
0.359741,0.115032
0.359795,0.115032
0.359850,0.115032
0.359904,0.115032
0.359959,0.115032
0.360013,0.115032
0.360068,0.115032
0.360122,0.115032
0.360177,0.115032
0.360231,0.115032
0.360286,0.115032
0.360340,0.114841
0.360395,0.115032
0.360449,0.115032
0.360504,0.115032
0.360558,0.115032
0.360613,0.115032
0.360667,0.115032
0.360722,0.114841
0.360776,0.114841
0.360831,0.114841
0.360885,0.114841
0.360940,0.114841
0.360994,0.114841
0.361049,0.114841
0.361103,0.114841
0.361158,0.114841
0.361212,0.114841
0.361267,0.114841
0.361321,0.115032
0.361376,0.114841
0.361430,0.114841
0.361485,0.114841
0.361539,0.114841
0.361594,0.114841
0.361648,0.114841
0.361703,0.114841
0.361757,0.114841
0.361812,0.114841
0.361866,0.114841
0.361921,0.114841
0.361975,0.114841
0.362030,0.114841
0.362085,0.114841
0.362139,0.114841
0.362194,0.114841
0.362248,0.114841
0.362303,0.114841
0.362357,0.114841
0.362412,0.114841
0.362466,0.114841
0.362521,0.114841
0.362575,0.114841
0.362630,0.114841
0.362684,0.114841
0.362739,0.114841
0.362793,0.114841
0.362848,0.114841
0.362902,0.114841
0.362957,0.114841
0.363011,0.114841
0.363066,0.114841
0.363120,0.114841
0.363175,0.114841
0.363229,0.114841
0.363284,0.114841
0.363338,0.114841
0.363393,0.114841
0.363447,0.114841
0.363502,0.114841
0.363556,0.114841
0.363611,0.114841
0.363665,0.114650
0.363720,0.114841
0.363774,0.114841
0.363829,0.114841
0.363883,0.114841
0.363938,0.114650
0.363992,0.114841
0.364047,0.114841
0.364101,0.114841
0.364156,0.114841
0.364210,0.114841
0.364265,0.114650
0.364319,0.114650
0.364374,0.114841
0.364428,0.114841
0.364483,0.114841
0.364537,0.114650
0.364592,0.114841
0.364646,0.114650
0.364701,0.114841
0.364755,0.114841
0.364810,0.114650
0.364864,0.114650
0.364919,0.114650
0.364973,0.114650
0.365028,0.114841
0.365082,0.114650
0.365137,0.114650
0.365192,0.114841
0.365246,0.114650
0.365301,0.114650
0.365355,0.114650
0.365410,0.114650
0.365464,0.114650
0.365519,0.114650
0.365573,0.114650
0.365628,0.114650
0.365682,0.114650
0.365737,0.114650
0.365791,0.114650
0.365846,0.114650
0.365900,0.114650
0.365955,0.114650
0.366009,0.114650
0.366064,0.114650
0.366118,0.114650
0.366173,0.114650
0.366227,0.114650
0.366282,0.114650
0.366336,0.114650
0.366391,0.114650
0.366445,0.114650
0.366500,0.114650
0.366554,0.114650
0.366609,0.114650
0.366663,0.114650
0.366718,0.114650
0.366772,0.114650
0.366827,0.114650
0.366881,0.114650
0.366936,0.114650
0.366990,0.114650
0.367045,0.114650
0.367099,0.114650
0.367154,0.114650
0.367208,0.114650
0.367263,0.114650
0.367317,0.114650
0.367372,0.114650
0.367426,0.114650
0.367481,0.114650
0.367535,0.114650
0.367590,0.114650
0.367644,0.114650
0.367699,0.114650
0.367753,0.114650
0.367808,0.114650
0.367862,0.114650
0.367917,0.114650
0.367971,0.114650
0.368026,0.114650
0.368081,0.114650
0.368135,0.114650
0.368190,0.114650
0.368244,0.114650
0.368299,0.114650
0.368353,0.114650
0.368408,0.114650
0.368462,0.114650
0.368517,0.114650
0.368571,0.114650
0.368626,0.114650
0.368680,0.114650
0.368735,0.114650
0.368789,0.114650
0.368844,0.114650
0.368898,0.114650
0.368953,0.114650
0.369007,0.114650
0.369062,0.114650
0.369116,0.114650
0.369171,0.114650
0.369225,0.114650
0.369280,0.114650
0.369334,0.114650
0.369389,0.114650
0.369443,0.114650
0.369498,0.114459
0.369552,0.114650
0.369607,0.114650
0.369661,0.114650
0.369716,0.114650
0.369770,0.114650
0.369825,0.114650
0.369879,0.114650
0.369934,0.114650
0.369988,0.114650
0.370043,0.114650
0.370097,0.114459
0.370152,0.114650
0.370206,0.114650
0.370261,0.114650
0.370315,0.114650
0.370370,0.114650
0.370424,0.114459
0.370479,0.114459
0.370533,0.114650
0.370588,0.114459
0.370642,0.114650
0.370697,0.114650
0.370751,0.114650
0.370806,0.114459
0.370860,0.114459
0.370915,0.114650
0.370969,0.114650
0.371024,0.114459
0.371078,0.114459
0.371133,0.114459
0.371188,0.114459
0.371242,0.114459
0.371297,0.114459
0.371351,0.114459
0.371406,0.114459
0.371460,0.114459
0.371515,0.114459
0.371569,0.114459
0.371624,0.114459
0.371678,0.114459
0.371733,0.114459
0.371787,0.114459
0.371842,0.114459
0.371896,0.114459
0.371951,0.114459
0.372005,0.114459
0.372060,0.114459
0.372114,0.114459
0.372169,0.114459
0.372223,0.114459
0.372278,0.114459
0.372332,0.114459
0.372387,0.114459
0.372441,0.114459
0.372496,0.114459
0.372550,0.114459
0.372605,0.114459
0.372659,0.114459
0.372714,0.114459
0.372768,0.114459
0.372823,0.114459
0.372877,0.114459
0.372932,0.114459
0.372986,0.114459
0.373041,0.114459
0.373095,0.114459
0.373150,0.114459
0.373204,0.114459
0.373259,0.114459
0.373313,0.114459
0.373368,0.114459
0.373422,0.114459
0.373477,0.114459
0.373531,0.114459
0.373586,0.114459
0.373640,0.114459
0.373695,0.114459
0.373749,0.114459
0.373804,0.114459
0.373858,0.114459
0.373913,0.114459
0.373967,0.114459
0.374022,0.114459
0.374076,0.114459
0.374131,0.114459
0.374185,0.114459
0.374240,0.114459
0.374295,0.114459
0.374349,0.114459
0.374404,0.114459
0.374458,0.114459
0.374513,0.114269
0.374567,0.114459
0.374622,0.114269
0.374676,0.114269
0.374731,0.114269
0.374785,0.114269
0.374840,0.114269
0.374894,0.114459
0.374949,0.114269
0.375003,0.114269
0.375058,0.114459
0.375112,0.114459
0.375167,0.114459
0.375221,0.114269
0.375276,0.114269
0.375330,0.114269
0.375385,0.114459
0.375439,0.114269
0.375494,0.114269
0.375548,0.114269
0.375603,0.114269
0.375657,0.114269
0.375712,0.114269
0.375766,0.114269
0.375821,0.114269
0.375875,0.114269
0.375930,0.114269
0.375984,0.114269
0.376039,0.114269
0.376093,0.114269
0.376148,0.114269
0.376202,0.114269
0.376257,0.114269
0.376311,0.114269
0.376366,0.114269
0.376420,0.114269
0.376475,0.114269
0.376529,0.114269
0.376584,0.114269
0.376638,0.114269
0.376693,0.114269
0.376747,0.114269
0.376802,0.114269
0.376856,0.114269
0.376911,0.114269
0.376965,0.114269
0.377020,0.114269
0.377074,0.114269
0.377129,0.114269
0.377183,0.114269
0.377238,0.114269
0.377292,0.114269
0.377347,0.114269
0.377401,0.114269
0.377456,0.114269
0.377511,0.114269
0.377565,0.114269
0.377620,0.114269
0.377674,0.114269
0.377729,0.114269
0.377783,0.114269
0.377838,0.114269
0.377892,0.114269
0.377947,0.114269
0.378001,0.114269
0.378056,0.114269
0.378110,0.114269
0.378165,0.114269
0.378219,0.114269
0.378274,0.114269
0.378328,0.114269
0.378383,0.114269
0.378437,0.114269
0.378492,0.114269
0.378546,0.114269
0.378601,0.114269
0.378655,0.114269
0.378710,0.114269
0.378764,0.114269
0.378819,0.114269
0.378873,0.114269
0.378928,0.114269
0.378982,0.114269
0.379037,0.114269
0.379091,0.114269
0.379146,0.114269
0.379200,0.114269
0.379255,0.114269
0.379309,0.114269
0.379364,0.114269
0.379418,0.114269
0.379473,0.114269
0.379527,0.114269
0.379582,0.114269
0.379636,0.114269
0.379691,0.114269
0.379745,0.114269
0.379800,0.114269
0.379854,0.114269
0.379909,0.114269
0.379963,0.114269
0.380018,0.114269
0.380072,0.114269
0.380127,0.114269
0.380181,0.114269
0.380236,0.114269
0.380290,0.114269
0.380345,0.114269
0.380399,0.114269
0.380454,0.114269
0.380508,0.114269
0.380563,0.114269
0.380617,0.114269
0.380672,0.114269
0.380727,0.114269
0.380781,0.114269
0.380836,0.114269
0.380890,0.114078
0.380945,0.114269
0.380999,0.114269
0.381054,0.114269
0.381108,0.114078
0.381163,0.114269
0.381217,0.114269
0.381272,0.114078
0.381326,0.114269
0.381381,0.114078
0.381435,0.114078
0.381490,0.114078
0.381544,0.114269
0.381599,0.114078
0.381653,0.114269
0.381708,0.114078
0.381762,0.114078
0.381817,0.114078
0.381871,0.114078
0.381926,0.114078
0.381980,0.114269
0.382035,0.114078
0.382089,0.114078
0.382144,0.114078
0.382198,0.114078
0.382253,0.114078
0.382307,0.114078
0.382362,0.114078
0.382416,0.114078
0.382471,0.114078
0.382525,0.114078
0.382580,0.114078
0.382634,0.114078
0.382689,0.114078
0.382743,0.114078
0.382798,0.114078
0.382852,0.114078
0.382907,0.114078
0.382961,0.114078
0.383016,0.114078
0.383070,0.114078
0.383125,0.114078
0.383179,0.114078
0.383234,0.114078
0.383288,0.114078
0.383343,0.114078
0.383397,0.114078
0.383452,0.114078
0.383506,0.114078
0.383561,0.114078
0.383615,0.114078
0.383670,0.114078
0.383724,0.114078
0.383779,0.114078
0.383834,0.114078
0.383888,0.114078
0.383943,0.114078
0.383997,0.114078
0.384052,0.114078
0.384106,0.114078
0.384161,0.114078
0.384215,0.114078
0.384270,0.114078
0.384324,0.114078
0.384379,0.114078
0.384433,0.114078
0.384488,0.114078
0.384542,0.113887
0.384597,0.113887
0.384651,0.113887
0.384706,0.113887
0.384760,0.114078
0.384815,0.114078
0.384869,0.114078
0.384924,0.113887
0.384978,0.113887
0.385033,0.114078
0.385087,0.114078
0.385142,0.113887
0.385196,0.114078
0.385251,0.113887
0.385305,0.113887
0.385360,0.113887
0.385414,0.113887
0.385469,0.114078
0.385523,0.113887
0.385578,0.113887
0.385632,0.113887
0.385687,0.113887
0.385741,0.114078
0.385796,0.113887
0.385850,0.113887
0.385905,0.113887
0.385959,0.113887
0.386014,0.113887
0.386068,0.113887
0.386123,0.113887
0.386177,0.113887
0.386232,0.113887
0.386286,0.113887
0.386341,0.113887
0.386395,0.113887
0.386450,0.113887
0.386504,0.113887
0.386559,0.113887
0.386613,0.113887
0.386668,0.113887
0.386722,0.113887
0.386777,0.113887
0.386831,0.113887
0.386886,0.113887
0.386941,0.113887
0.386995,0.113887
0.387050,0.113887
0.387104,0.113887
0.387159,0.113887
0.387213,0.113887
0.387268,0.113887
0.387322,0.113887
0.387377,0.113887
0.387431,0.113887
0.387486,0.113887
0.387540,0.113887
0.387595,0.113887
0.387649,0.113887
0.387704,0.113887
0.387758,0.113887
0.387813,0.113887
0.387867,0.113887
0.387922,0.113887
0.387976,0.113887
0.388031,0.113887
0.388085,0.113887
0.388140,0.113887
0.388194,0.113887
0.388249,0.113887
0.388303,0.113887
0.388358,0.113887
0.388412,0.113887
0.388467,0.113887
0.388521,0.113887
0.388576,0.113887
0.388630,0.113887
0.388685,0.113887
0.388739,0.113887
0.388794,0.113887
0.388848,0.113887
0.388903,0.113887
0.388957,0.113887
0.389012,0.113887
0.389066,0.113887
0.389121,0.113887
0.389175,0.113887
0.389230,0.113887
0.389284,0.113887
0.389339,0.113887
0.389393,0.113887
0.389448,0.113887
0.389502,0.113887
0.389557,0.113887
0.389611,0.113887
0.389666,0.113887
0.389720,0.113887
0.389775,0.113887
0.389829,0.113887
0.389884,0.113887
0.389938,0.113887
0.389993,0.113887
0.390048,0.113887
0.390102,0.113887
0.390157,0.113696
0.390211,0.113696
0.390266,0.113696
0.390320,0.113887
0.390375,0.113696
0.390429,0.113887
0.390484,0.113887
0.390538,0.113887
0.390593,0.113696
0.390647,0.113887
0.390702,0.113887
0.390756,0.113696
0.390811,0.113887
0.390865,0.113887
0.390920,0.113696
0.390974,0.113696
0.391029,0.113696
0.391083,0.113696
0.391138,0.113696
0.391192,0.113887
0.391247,0.113696
0.391301,0.113696
0.391356,0.113696
0.391410,0.113696
0.391465,0.113696
0.391519,0.113696
0.391574,0.113887
0.391628,0.113696
0.391683,0.113696
0.391737,0.113696
0.391792,0.113696
0.391846,0.113696
0.391901,0.113696
0.391955,0.113696
0.392010,0.113696
0.392064,0.113696
0.392119,0.113696
0.392173,0.113696
0.392228,0.113696
0.392282,0.113696
0.392337,0.113696
0.392391,0.113696
0.392446,0.113696
0.392500,0.113696
0.392555,0.113696
0.392609,0.113696
0.392664,0.113696
0.392718,0.113696
0.392773,0.113696
0.392827,0.113696
0.392882,0.113696
0.392936,0.113696
0.392991,0.113696
0.393045,0.113696
0.393100,0.113696
0.393154,0.113696
0.393209,0.113696
0.393264,0.113696
0.393318,0.113696
0.393373,0.113696
0.393427,0.113696
0.393482,0.113696
0.393536,0.113696
0.393591,0.113696
0.393645,0.113696
0.393700,0.113696
0.393754,0.113506
0.393809,0.113696
0.393863,0.113506
0.393918,0.113696
0.393972,0.113506
0.394027,0.113696
0.394081,0.113696
0.394136,0.113696
0.394190,0.113696
0.394245,0.113696
0.394299,0.113506
0.394354,0.113506
0.394408,0.113506
0.394463,0.113696
0.394517,0.113506
0.394572,0.113506
0.394626,0.113696
0.394681,0.113506
0.394735,0.113506
0.394790,0.113506
0.394844,0.113506
0.394899,0.113506
0.394953,0.113506
0.395008,0.113506
0.395062,0.113506
0.395117,0.113506
0.395171,0.113506
0.395226,0.113506
0.395280,0.113506
0.395335,0.113506
0.395389,0.113506
0.395444,0.113506
0.395498,0.113506
0.395553,0.113506
0.395607,0.113506
0.395662,0.113506
0.395716,0.113506
0.395771,0.113506
0.395825,0.113506
0.395880,0.113506
0.395934,0.113506
0.395989,0.113506
0.396043,0.113506
0.396098,0.113506
0.396152,0.113506
0.396207,0.113506
0.396261,0.113506
0.396316,0.113506
0.396370,0.113506
0.396425,0.113506
0.396480,0.113506
0.396534,0.113506
0.396589,0.113506
0.396643,0.113506
0.396698,0.113506
0.396752,0.113506
0.396807,0.113506
0.396861,0.113506
0.396916,0.113506
0.396970,0.113506
0.397025,0.113506
0.397079,0.113506
0.397134,0.113506
0.397188,0.113506
0.397243,0.113506
0.397297,0.113506
0.397352,0.113506
0.397406,0.113506
0.397461,0.113506
0.397515,0.113506
0.397570,0.113506
0.397624,0.113506
0.397679,0.113506
0.397733,0.113506
0.397788,0.113506
0.397842,0.113506
0.397897,0.113506
0.397951,0.113506
0.398006,0.113506
0.398060,0.113506
0.398115,0.113506
0.398169,0.113506
0.398224,0.113506
0.398278,0.113315
0.398333,0.113315
0.398387,0.113506
0.398442,0.113506
0.398496,0.113506
0.398551,0.113315
0.398605,0.113506
0.398660,0.113315
0.398714,0.113506
0.398769,0.113506
0.398823,0.113506
0.398878,0.113315
0.398932,0.113315
0.398987,0.113315
0.399041,0.113506
0.399096,0.113315
0.399150,0.113315
0.399205,0.113315
0.399259,0.113315
0.399314,0.113315
0.399368,0.113315
0.399423,0.113315
0.399477,0.113315
0.399532,0.113315
0.399587,0.113315
0.399641,0.113315
0.399696,0.113315
0.399750,0.113315
0.399805,0.113315
0.399859,0.113315
0.399914,0.113315
0.399968,0.113315
0.400023,0.113315
0.400077,0.113315
0.400132,0.113315
0.400186,0.113315
0.400241,0.113315
0.400295,0.113315
0.400350,0.113315
0.400404,0.113315
0.400459,0.113315
0.400513,0.113315
0.400568,0.113315
0.400622,0.113315
0.400677,0.113315
0.400731,0.113315
0.400786,0.113315
0.400840,0.113315
0.400895,0.113315
0.400949,0.113315
0.401004,0.113124
0.401058,0.113315
0.401113,0.113315
0.401167,0.113315
0.401222,0.113315
0.401276,0.113315
0.401331,0.113315
0.401385,0.113315
0.401440,0.113315
0.401494,0.113315
0.401549,0.113315
0.401603,0.113315
0.401658,0.113124
0.401712,0.113124
0.401767,0.113315
0.401821,0.113315
0.401876,0.113124
0.401930,0.113124
0.401985,0.113315
0.402039,0.113315
0.402094,0.113124
0.402148,0.113315
0.402203,0.113315
0.402257,0.113315
0.402312,0.113315
0.402366,0.113124
0.402421,0.113124
0.402475,0.113124
0.402530,0.113315
0.402584,0.113124
0.402639,0.113124
0.402693,0.113315
0.402748,0.113315
0.402803,0.113124
0.402857,0.113124
0.402912,0.113124
0.402966,0.113315
0.403021,0.113124
0.403075,0.113124
0.403130,0.113124
0.403184,0.113124
0.403239,0.113124
0.403293,0.113124
0.403348,0.113124
0.403402,0.113124
0.403457,0.113124
0.403511,0.113124
0.403566,0.113124
0.403620,0.113124
0.403675,0.113124
0.403729,0.113124
0.403784,0.113124
0.403838,0.113124
0.403893,0.113124
0.403947,0.113124
0.404002,0.113124
0.404056,0.113124
0.404111,0.113124
0.404165,0.113124
0.404220,0.113124
0.404274,0.113124
0.404329,0.113124
0.404383,0.113124
0.404438,0.113124
0.404492,0.113124
0.404547,0.113124
0.404601,0.113124
0.404656,0.113124
0.404710,0.113124
0.404765,0.113124
0.404819,0.113124
0.404874,0.113124
0.404928,0.113124
0.404983,0.113124
0.405037,0.113124
0.405092,0.113124
0.405146,0.113124
0.405201,0.113124
0.405255,0.113124
0.405310,0.113124
0.405364,0.113124
0.405419,0.113124
0.405473,0.113124
0.405528,0.113124
0.405582,0.113124
0.405637,0.113124
0.405691,0.113124
0.405746,0.113124
0.405800,0.112933
0.405855,0.113124
0.405910,0.113124
0.405964,0.113124
0.406019,0.113124
0.406073,0.112933
0.406128,0.113124
0.406182,0.113124
0.406237,0.112933
0.406291,0.113124
0.406346,0.112933
0.406400,0.112933
0.406455,0.112933
0.406509,0.112933
0.406564,0.113124
0.406618,0.112933
0.406673,0.113124
0.406727,0.112933
0.406782,0.113124
0.406836,0.112933
0.406891,0.112933
0.406945,0.112933
0.407000,0.112933
0.407054,0.112933
0.407109,0.112933
0.407163,0.112933
0.407218,0.112933
0.407272,0.112933
0.407327,0.112933
0.407381,0.112933
0.407436,0.112933
0.407490,0.112933
0.407545,0.112933
0.407599,0.112933
0.407654,0.112933
0.407708,0.112933
0.407763,0.112933
0.407817,0.112933
0.407872,0.112933
0.407926,0.112933
0.407981,0.112933
0.408035,0.112933
0.408090,0.112933
0.408144,0.112933
0.408199,0.112933
0.408253,0.112933
0.408308,0.112933
0.408362,0.112933
0.408417,0.112743
0.408471,0.112933
0.408526,0.112743
0.408580,0.112933
0.408635,0.112933
0.408689,0.112933
0.408744,0.112743
0.408798,0.112743
0.408853,0.112933
0.408907,0.112933
0.408962,0.112743
0.409016,0.112933
0.409071,0.112743
0.409126,0.112743
0.409180,0.112743
0.409235,0.112743
0.409289,0.112743
0.409344,0.112933
0.409398,0.112743
0.409453,0.112743
0.409507,0.112743
0.409562,0.112743
0.409616,0.112743
0.409671,0.112743
0.409725,0.112743
0.409780,0.112743
0.409834,0.112743
0.409889,0.112743
0.409943,0.112743
0.409998,0.112743
0.410052,0.112743
0.410107,0.112743
0.410161,0.112743
0.410216,0.112743
0.410270,0.112743
0.410325,0.112743
0.410379,0.112743
0.410434,0.112743
0.410488,0.112743
0.410543,0.112743
0.410597,0.112743
0.410652,0.112743
0.410706,0.112743
0.410761,0.112743
0.410815,0.112743
0.410870,0.112743
0.410924,0.112743
0.410979,0.112743
0.411033,0.112743
0.411088,0.112743
0.411142,0.112743
0.411197,0.112743
0.411251,0.112743
0.411306,0.112743
0.411360,0.112743
0.411415,0.112743
0.411469,0.112743
0.411524,0.112743
0.411578,0.112743
0.411633,0.112743
0.411687,0.112743
0.411742,0.112743
0.411796,0.112743
0.411851,0.112743
0.411905,0.112743
0.411960,0.112743
0.412014,0.112743
0.412069,0.112743
0.412123,0.112743
0.412178,0.112743
0.412232,0.112743
0.412287,0.112552
0.412342,0.112743
0.412396,0.112743
0.412451,0.112552
0.412505,0.112743
0.412560,0.112552
0.412614,0.112743
0.412669,0.112552
0.412723,0.112552
0.412778,0.112552
0.412832,0.112552
0.412887,0.112743
0.412941,0.112552
0.412996,0.112552
0.413050,0.112552
0.413105,0.112552
0.413159,0.112552
0.413214,0.112552
0.413268,0.112552
0.413323,0.112552
0.413377,0.112552
0.413432,0.112552
0.413486,0.112552
0.413541,0.112552
0.413595,0.112552
0.413650,0.112552
0.413704,0.112552
0.413759,0.112552
0.413813,0.112552
0.413868,0.112552
0.413922,0.112552
0.413977,0.112552
0.414031,0.112552
0.414086,0.112552
0.414140,0.112552
0.414195,0.112552
0.414249,0.112552
0.414304,0.112552
0.414358,0.112552
0.414413,0.112552
0.414467,0.112552
0.414522,0.112552
0.414576,0.112552
0.414631,0.112552
0.414685,0.112552
0.414740,0.112552
0.414794,0.112552
0.414849,0.112552
0.414903,0.112552
0.414958,0.112552
0.415012,0.112552
0.415067,0.112361
0.415121,0.112552
0.415176,0.112361
0.415230,0.112552
0.415285,0.112552
0.415339,0.112552
0.415394,0.112361
0.415449,0.112552
0.415503,0.112552
0.415558,0.112361
0.415612,0.112552
0.415667,0.112361
0.415721,0.112552
0.415776,0.112361
0.415830,0.112361
0.415885,0.112361
0.415939,0.112361
0.415994,0.112552
0.416048,0.112361
0.416103,0.112361
0.416157,0.112361
0.416212,0.112361
0.416266,0.112361
0.416321,0.112361
0.416375,0.112361
0.416430,0.112361
0.416484,0.112361
0.416539,0.112361
0.416593,0.112361
0.416648,0.112361
0.416702,0.112361
0.416757,0.112361
0.416811,0.112361
0.416866,0.112361
0.416920,0.112361
0.416975,0.112361
0.417029,0.112361
0.417084,0.112361
0.417138,0.112361
0.417193,0.112361
0.417247,0.112361
0.417302,0.112361
0.417356,0.112361
0.417411,0.112361
0.417465,0.112361
0.417520,0.112361
0.417574,0.112361
0.417629,0.112361
0.417683,0.112361
0.417738,0.112361
0.417792,0.112361
0.417847,0.112361
0.417901,0.112361
0.417956,0.112361
0.418010,0.112361
0.418065,0.112361
0.418119,0.112361
0.418174,0.112361
0.418228,0.112361
0.418283,0.112361
0.418337,0.112361
0.418392,0.112361
0.418446,0.112361
0.418501,0.112361
0.418555,0.112361
0.418610,0.112361
0.418665,0.112361
0.418719,0.112361
0.418774,0.112361
0.418828,0.112361
0.418883,0.112361
0.418937,0.112361
0.418992,0.112361
0.419046,0.112361
0.419101,0.112361
0.419155,0.112361
0.419210,0.112361
0.419264,0.112361
0.419319,0.112361
0.419373,0.112361
0.419428,0.112170
0.419482,0.112361
0.419537,0.112170
0.419591,0.112361
0.419646,0.112170
0.419700,0.112361
0.419755,0.112361
0.419809,0.112170
0.419864,0.112361
0.419918,0.112361
0.419973,0.112170
0.420027,0.112170
0.420082,0.112170
0.420136,0.112170
0.420191,0.112170
0.420245,0.112170
0.420300,0.112361
0.420354,0.112170
0.420409,0.112170
0.420463,0.112170
0.420518,0.112170
0.420572,0.112170
0.420627,0.112170
0.420681,0.112170
0.420736,0.112170
0.420790,0.112170
0.420845,0.112170
0.420899,0.112170
0.420954,0.112170
0.421008,0.112170
0.421063,0.112170
0.421117,0.112170
0.421172,0.112170
0.421226,0.112170
0.421281,0.112170
0.421335,0.112170
0.421390,0.112170
0.421444,0.112170
0.421499,0.112170
0.421553,0.112170
0.421608,0.112170
0.421662,0.112170
0.421717,0.112170
0.421772,0.112170
0.421826,0.112170
0.421881,0.112170
0.421935,0.112170
0.421990,0.112170
0.422044,0.112170
0.422099,0.112170
0.422153,0.112170
0.422208,0.112170
0.422262,0.112170
0.422317,0.111979
0.422371,0.112170
0.422426,0.112170
0.422480,0.112170
0.422535,0.111979
0.422589,0.112170
0.422644,0.112170
0.422698,0.112170
0.422753,0.112170
0.422807,0.112170
0.422862,0.111979
0.422916,0.111979
0.422971,0.111979
0.423025,0.111979
0.423080,0.111979
0.423134,0.111979
0.423189,0.111979
0.423243,0.112170
0.423298,0.111979
0.423352,0.111979
0.423407,0.111979
0.423461,0.111979
0.423516,0.111979
0.423570,0.111979
0.423625,0.111979
0.423679,0.111979
0.423734,0.111979
0.423788,0.111979
0.423843,0.111979
0.423897,0.111979
0.423952,0.111979
0.424006,0.111979
0.424061,0.111979
0.424115,0.111979
0.424170,0.111979
0.424224,0.111979
0.424279,0.111979
0.424333,0.111979
0.424388,0.111979
0.424442,0.111979
0.424497,0.111979
0.424551,0.111979
0.424606,0.111979
0.424660,0.111979
0.424715,0.111979
0.424769,0.111979
0.424824,0.111979
0.424878,0.111979
0.424933,0.111979
0.424988,0.111979
0.425042,0.111979
0.425097,0.111979
0.425151,0.111979
0.425206,0.111979
0.425260,0.111979
0.425315,0.111979
0.425369,0.111979
0.425424,0.111979
0.425478,0.111979
0.425533,0.111979
0.425587,0.111979
0.425642,0.111979
0.425696,0.111979
0.425751,0.111979
0.425805,0.111979
0.425860,0.111979
0.425914,0.111979
0.425969,0.111979
0.426023,0.111979
0.426078,0.111979
0.426132,0.111789
0.426187,0.111979
0.426241,0.111979
0.426296,0.111979
0.426350,0.111979
0.426405,0.111789
0.426459,0.111789
0.426514,0.111979
0.426568,0.111789
0.426623,0.111789
0.426677,0.111789
0.426732,0.111789
0.426786,0.111789
0.426841,0.111789
0.426895,0.111789
0.426950,0.111789
0.427004,0.111789
0.427059,0.111789
0.427113,0.111789
0.427168,0.111789
0.427222,0.111789
0.427277,0.111789
0.427331,0.111789
0.427386,0.111789
0.427440,0.111789
0.427495,0.111789
0.427549,0.111789
0.427604,0.111789
0.427658,0.111789
0.427713,0.111789
0.427767,0.111789
0.427822,0.111789
0.427876,0.111789
0.427931,0.111789
0.427985,0.111789
0.428040,0.111789
0.428094,0.111789
0.428149,0.111789
0.428204,0.111789
0.428258,0.111789
0.428313,0.111789
0.428367,0.111789
0.428422,0.111789
0.428476,0.111789
0.428531,0.111789
0.428585,0.111789
0.428640,0.111789
0.428694,0.111789
0.428749,0.111789
0.428803,0.111789
0.428858,0.111789
0.428912,0.111789
0.428967,0.111598
0.429021,0.111789
0.429076,0.111789
0.429130,0.111789
0.429185,0.111789
0.429239,0.111598
0.429294,0.111598
0.429348,0.111598
0.429403,0.111598
0.429457,0.111598
0.429512,0.111598
0.429566,0.111598
0.429621,0.111598
0.429675,0.111598
0.429730,0.111598
0.429784,0.111598
0.429839,0.111598
0.429893,0.111598
0.429948,0.111598
0.430002,0.111598
0.430057,0.111598
0.430111,0.111598
0.430166,0.111598
0.430220,0.111598
0.430275,0.111598
0.430329,0.111598
0.430384,0.111598
0.430438,0.111598
0.430493,0.111598
0.430547,0.111598
0.430602,0.111598
0.430656,0.111598
0.430711,0.111598
0.430765,0.111598
0.430820,0.111598
0.430874,0.111598
0.430929,0.111598
0.430983,0.111598
0.431038,0.111598
0.431092,0.111598
0.431147,0.111598
0.431201,0.111598
0.431256,0.111598
0.431311,0.111598
0.431365,0.111598
0.431420,0.111598
0.431474,0.111598
0.431529,0.111598
0.431583,0.111598
0.431638,0.111598
0.431692,0.111598
0.431747,0.111598
0.431801,0.111598
0.431856,0.111598
0.431910,0.111598
0.431965,0.111598
0.432019,0.111598
0.432074,0.111598
0.432128,0.111598
0.432183,0.111598
0.432237,0.111598
0.432292,0.111598
0.432346,0.111598
0.432401,0.111598
0.432455,0.111407
0.432510,0.111598
0.432564,0.111598
0.432619,0.111598
0.432673,0.111598
0.432728,0.111598
0.432782,0.111407
0.432837,0.111598
0.432891,0.111598
0.432946,0.111407
0.433000,0.111598
0.433055,0.111407
0.433109,0.111407
0.433164,0.111407
0.433218,0.111407
0.433273,0.111407
0.433327,0.111407
0.433382,0.111407
0.433436,0.111407
0.433491,0.111407
0.433545,0.111407
0.433600,0.111407
0.433654,0.111407
0.433709,0.111407
0.433763,0.111407
0.433818,0.111407
0.433872,0.111407
0.433927,0.111407
0.433981,0.111407
0.434036,0.111407
0.434090,0.111407
0.434145,0.111407
0.434199,0.111407
0.434254,0.111407
0.434308,0.111407
0.434363,0.111407
0.434417,0.111407
0.434472,0.111407
0.434527,0.111407
0.434581,0.111407
0.434636,0.111407
0.434690,0.111407
0.434745,0.111407
0.434799,0.111407
0.434854,0.111407
0.434908,0.111407
0.434963,0.111407
0.435017,0.111407
0.435072,0.111407
0.435126,0.111407
0.435181,0.111216
0.435235,0.111407
0.435290,0.111407
0.435344,0.111216
0.435399,0.111407
0.435453,0.111216
0.435508,0.111216
0.435562,0.111216
0.435617,0.111216
0.435671,0.111216
0.435726,0.111216
0.435780,0.111216
0.435835,0.111216
0.435889,0.111216
0.435944,0.111216
0.435998,0.111216
0.436053,0.111216
0.436107,0.111216
0.436162,0.111216
0.436216,0.111216
0.436271,0.111216
0.436325,0.111216
0.436380,0.111216
0.436434,0.111216
0.436489,0.111216
0.436543,0.111216
0.436598,0.111216
0.436652,0.111216
0.436707,0.111216
0.436761,0.111216
0.436816,0.111216
0.436870,0.111216
0.436925,0.111216
0.436979,0.111216
0.437034,0.111216
0.437088,0.111216
0.437143,0.111216
0.437197,0.111216
0.437252,0.111216
0.437306,0.111216
0.437361,0.111216
0.437415,0.111216
0.437470,0.111216
0.437524,0.111216
0.437579,0.111216
0.437634,0.111216
0.437688,0.111216
0.437743,0.111216
0.437797,0.111216
0.437852,0.111216
0.437906,0.111216
0.437961,0.111216
0.438015,0.111216
0.438070,0.111216
0.438124,0.111216
0.438179,0.111216
0.438233,0.111216
0.438288,0.111216
0.438342,0.111216
0.438397,0.111216
0.438451,0.111216
0.438506,0.111216
0.438560,0.111216
0.438615,0.111216
0.438669,0.111216
0.438724,0.111216
0.438778,0.111216
0.438833,0.111216
0.438887,0.111216
0.438942,0.111216
0.438996,0.111026
0.439051,0.111216
0.439105,0.111216
0.439160,0.111216
0.439214,0.111216
0.439269,0.111216
0.439323,0.111216
0.439378,0.111216
0.439432,0.111026
0.439487,0.111216
0.439541,0.111026
0.439596,0.111026
0.439650,0.111216
0.439705,0.111026
0.439759,0.111026
0.439814,0.111026
0.439868,0.111026
0.439923,0.111026
0.439977,0.111216
0.440032,0.111026
0.440086,0.111026
0.440141,0.111026
0.440195,0.111026
0.440250,0.111026
0.440304,0.111216
0.440359,0.111026
0.440413,0.111026
0.440468,0.111026
0.440522,0.111026
0.440577,0.111026
0.440631,0.111026
0.440686,0.111026
0.440740,0.111026
0.440795,0.111026
0.440850,0.111026
0.440904,0.111026
0.440959,0.111026
0.441013,0.111026
0.441068,0.111026
0.441122,0.111026
0.441177,0.111026
0.441231,0.111026
0.441286,0.111026
0.441340,0.111026
0.441395,0.110835
0.441449,0.111026
0.441504,0.111026
0.441558,0.111026
0.441613,0.111026
0.441667,0.111026
0.441722,0.111026
0.441776,0.110835
0.441831,0.110835
0.441885,0.110835
0.441940,0.111026
0.441994,0.110835
0.442049,0.111026
0.442103,0.111026
0.442158,0.111026
0.442212,0.110835
0.442267,0.110835
0.442321,0.110835
0.442376,0.111026
0.442430,0.110835
0.442485,0.110835
0.442539,0.110835
0.442594,0.110835
0.442648,0.110835
0.442703,0.110835
0.442757,0.110835
0.442812,0.110835
0.442866,0.110835
0.442921,0.110835
0.442975,0.110835
0.443030,0.110835
0.443084,0.110835
0.443139,0.110835
0.443193,0.110835
0.443248,0.110835
0.443302,0.110835
0.443357,0.110835
0.443411,0.110835
0.443466,0.110835
0.443520,0.110835
0.443575,0.110835
0.443629,0.110835
0.443684,0.110835
0.443738,0.110835
0.443793,0.110835
0.443847,0.110835
0.443902,0.110835
0.443956,0.110835
0.444011,0.110835
0.444066,0.110835
0.444120,0.110835
0.444175,0.110835
0.444229,0.110835
0.444284,0.110835
0.444338,0.110835
0.444393,0.110835
0.444447,0.110835
0.444502,0.110835
0.444556,0.110835
0.444611,0.110835
0.444665,0.110835
0.444720,0.110835
0.444774,0.110835
0.444829,0.110835
0.444883,0.110835
0.444938,0.110835
0.444992,0.110835
0.445047,0.110835
0.445101,0.110835
0.445156,0.110835
0.445210,0.110835
0.445265,0.110835
0.445319,0.110835
0.445374,0.110835
0.445428,0.110835
0.445483,0.110644
0.445537,0.110835
0.445592,0.110644
0.445646,0.110835
0.445701,0.110644
0.445755,0.110644
0.445810,0.110644
0.445864,0.110644
0.445919,0.110835
0.445973,0.110644
0.446028,0.110644
0.446082,0.110644
0.446137,0.110644
0.446191,0.110644
0.446246,0.110644
0.446300,0.110644
0.446355,0.110644
0.446409,0.110644
0.446464,0.110644
0.446518,0.110644
0.446573,0.110644
0.446627,0.110644
0.446682,0.110644
0.446736,0.110644
0.446791,0.110644
0.446845,0.110644
0.446900,0.110644
0.446954,0.110644
0.447009,0.110644
0.447063,0.110644
0.447118,0.110644
0.447173,0.110644
0.447227,0.110644
0.447282,0.110644
0.447336,0.110644
0.447391,0.110644
0.447445,0.110644
0.447500,0.110453
0.447554,0.110644
0.447609,0.110644
0.447663,0.110453
0.447718,0.110644
0.447772,0.110644
0.447827,0.110644
0.447881,0.110644
0.447936,0.110453
0.447990,0.110453
0.448045,0.110453
0.448099,0.110453
0.448154,0.110453
0.448208,0.110453
0.448263,0.110453
0.448317,0.110453
0.448372,0.110453
0.448426,0.110453
0.448481,0.110453
0.448535,0.110453
0.448590,0.110453
0.448644,0.110453
0.448699,0.110453
0.448753,0.110453
0.448808,0.110453
0.448862,0.110453
0.448917,0.110453
0.448971,0.110453
0.449026,0.110453
0.449080,0.110453
0.449135,0.110453
0.449189,0.110453
0.449244,0.110453
0.449298,0.110453
0.449353,0.110453
0.449407,0.110453
0.449462,0.110453
0.449516,0.110453
0.449571,0.110453
0.449625,0.110453
0.449680,0.110453
0.449734,0.110453
0.449789,0.110453
0.449843,0.110453
0.449898,0.110453
0.449952,0.110453
0.450007,0.110453
0.450061,0.110453
0.450116,0.110453
0.450170,0.110453
0.450225,0.110453
0.450279,0.110453
0.450334,0.110263
0.450389,0.110453
0.450443,0.110453
0.450498,0.110263
0.450552,0.110263
0.450607,0.110263
0.450661,0.110263
0.450716,0.110263
0.450770,0.110263
0.450825,0.110263
0.450879,0.110263
0.450934,0.110263
0.450988,0.110263
0.451043,0.110263
0.451097,0.110263
0.451152,0.110263
0.451206,0.110263
0.451261,0.110263
0.451315,0.110263
0.451370,0.110263
0.451424,0.110263
0.451479,0.110263
0.451533,0.110263
0.451588,0.110263
0.451642,0.110263
0.451697,0.110263
0.451751,0.110263
0.451806,0.110263
0.451860,0.110263
0.451915,0.110263
0.451969,0.110263
0.452024,0.110263
0.452078,0.110263
0.452133,0.110263
0.452187,0.110263
0.452242,0.110263
0.452296,0.110263
0.452351,0.110072
0.452405,0.110072
0.452460,0.110072
0.452514,0.110263
0.452569,0.110263
0.452623,0.110263
0.452678,0.110263
0.452732,0.110072
0.452787,0.110263
0.452841,0.110072
0.452896,0.110072
0.452950,0.110263
0.453005,0.110072
0.453059,0.110072
0.453114,0.110072
0.453168,0.110072
0.453223,0.110072
0.453277,0.110072
0.453332,0.110072
0.453386,0.110072
0.453441,0.110072
0.453495,0.110072
0.453550,0.110072
0.453605,0.110072
0.453659,0.110072
0.453714,0.110072
0.453768,0.110072
0.453823,0.110072
0.453877,0.110072
0.453932,0.110072
0.453986,0.110072
0.454041,0.110072
0.454095,0.110072
0.454150,0.110072
0.454204,0.110072
0.454259,0.110072
0.454313,0.110072
0.454368,0.110072
0.454422,0.110072
0.454477,0.110072
0.454531,0.110072
0.454586,0.110072
0.454640,0.110072
0.454695,0.110072
0.454749,0.110072
0.454804,0.110072
0.454858,0.110072
0.454913,0.110072
0.454967,0.110072
0.455022,0.110072
0.455076,0.110072
0.455131,0.110072
0.455185,0.109881
0.455240,0.110072
0.455294,0.110072
0.455349,0.110072
0.455403,0.110072
0.455458,0.110072
0.455512,0.109881
0.455567,0.109881
0.455621,0.110072
0.455676,0.109881
0.455730,0.109881
0.455785,0.109881
0.455839,0.109881
0.455894,0.109881
0.455948,0.109881
0.456003,0.109881
0.456057,0.109881
0.456112,0.109881
0.456166,0.109881
0.456221,0.109881
0.456275,0.109881
0.456330,0.109881
0.456384,0.109881
0.456439,0.109881
0.456493,0.109881
0.456548,0.109881
0.456602,0.109881
0.456657,0.109881
0.456712,0.109881
0.456766,0.109881
0.456821,0.109881
0.456875,0.109881
0.456930,0.109881
0.456984,0.109881
0.457039,0.109881
0.457093,0.109690
0.457148,0.109881
0.457202,0.109881
0.457257,0.109881
0.457311,0.109881
0.457366,0.109690
0.457420,0.109690
0.457475,0.109690
0.457529,0.109690
0.457584,0.109690
0.457638,0.109690
0.457693,0.109690
0.457747,0.109690
0.457802,0.109690
0.457856,0.109690
0.457911,0.109690
0.457965,0.109690
0.458020,0.109690
0.458074,0.109690
0.458129,0.109690
0.458183,0.109690
0.458238,0.109690
0.458292,0.109690
0.458347,0.109690
0.458401,0.109690
0.458456,0.109690
0.458510,0.109690
0.458565,0.109690
0.458619,0.109690
0.458674,0.109690
0.458728,0.109690
0.458783,0.109690
0.458837,0.109690
0.458892,0.109690
0.458946,0.109690
0.459001,0.109690
0.459055,0.109690
0.459110,0.109690
0.459164,0.109690
0.459219,0.109690
0.459273,0.109690
0.459328,0.109690
0.459382,0.109690
0.459437,0.109690
0.459491,0.109690
0.459546,0.109690
0.459600,0.109499
0.459655,0.109690
0.459709,0.109499
0.459764,0.109499
0.459818,0.109499
0.459873,0.109690
0.459928,0.109499
0.459982,0.109499
0.460037,0.109499
0.460091,0.109690
0.460146,0.109499
0.460200,0.109499
0.460255,0.109499
0.460309,0.109499
0.460364,0.109499
0.460418,0.109499
0.460473,0.109499
0.460527,0.109499
0.460582,0.109499
0.460636,0.109499
0.460691,0.109499
0.460745,0.109499
0.460800,0.109499
0.460854,0.109499
0.460909,0.109499
0.460963,0.109499
0.461018,0.109499
0.461072,0.109499
0.461127,0.109499
0.461181,0.109499
0.461236,0.109499
0.461290,0.109499
0.461345,0.109309
0.461399,0.109309
0.461454,0.109499
0.461508,0.109499
0.461563,0.109309
0.461617,0.109309
0.461672,0.109499
0.461726,0.109499
0.461781,0.109309
0.461835,0.109309
0.461890,0.109309
0.461944,0.109309
0.461999,0.109309
0.462053,0.109309
0.462108,0.109309
0.462162,0.109309
0.462217,0.109309
0.462271,0.109309
0.462326,0.109309
0.462380,0.109309
0.462435,0.109309
0.462489,0.109309
0.462544,0.109309
0.462598,0.109309
0.462653,0.109309
0.462707,0.109309
0.462762,0.109309
0.462816,0.109309
0.462871,0.109309
0.462925,0.109309
0.462980,0.109309
0.463034,0.109309
0.463089,0.109309
0.463144,0.109309
0.463198,0.109309
0.463253,0.109309
0.463307,0.109309
0.463362,0.109309
0.463416,0.109309
0.463471,0.109309
0.463525,0.109309
0.463580,0.109309
0.463634,0.109309
0.463689,0.109309
0.463743,0.109309
0.463798,0.109309
0.463852,0.109309
0.463907,0.109309
0.463961,0.109309
0.464016,0.109118
0.464070,0.109309
0.464125,0.109309
0.464179,0.109309
0.464234,0.109309
0.464288,0.109118
0.464343,0.109309
0.464397,0.109309
0.464452,0.109118
0.464506,0.109118
0.464561,0.109118
0.464615,0.109118
0.464670,0.109118
0.464724,0.109118
0.464779,0.109118
0.464833,0.109118
0.464888,0.109118
0.464942,0.109118
0.464997,0.109118
0.465051,0.109118
0.465106,0.109118
0.465160,0.109118
0.465215,0.109118
0.465269,0.109118
0.465324,0.109118
0.465378,0.109118
0.465433,0.109118
0.465487,0.108927
0.465542,0.109118
0.465596,0.109118
0.465651,0.109118
0.465705,0.109118
0.465760,0.109118
0.465814,0.108927
0.465869,0.108927
0.465923,0.109118
0.465978,0.108927
0.466032,0.108927
0.466087,0.109118
0.466141,0.108927
0.466196,0.108927
0.466251,0.109118
0.466305,0.108927
0.466360,0.108927
0.466414,0.109118
0.466469,0.108927
0.466523,0.108927
0.466578,0.108927
0.466632,0.108927
0.466687,0.108927
0.466741,0.108927
0.466796,0.108927
0.466850,0.108927
0.466905,0.108927
0.466959,0.108927
0.467014,0.108927
0.467068,0.108927
0.467123,0.108927
0.467177,0.108927
0.467232,0.108927
0.467286,0.108927
0.467341,0.108927
0.467395,0.108927
0.467450,0.108927
0.467504,0.108927
0.467559,0.108927
0.467613,0.108927
0.467668,0.108927
0.467722,0.108927
0.467777,0.108927
0.467831,0.108927
0.467886,0.108927
0.467940,0.108927
0.467995,0.108927
0.468049,0.108927
0.468104,0.108927
0.468158,0.108927
0.468213,0.108927
0.468267,0.108736
0.468322,0.108927
0.468376,0.108736
0.468431,0.108736
0.468485,0.108736
0.468540,0.108736
0.468594,0.108736
0.468649,0.108736
0.468703,0.108736
0.468758,0.108736
0.468812,0.108736
0.468867,0.108736
0.468921,0.108736
0.468976,0.108736
0.469030,0.108736
0.469085,0.108736
0.469139,0.108736
0.469194,0.108736
0.469248,0.108736
0.469303,0.108736
0.469357,0.108736
0.469412,0.108736
0.469467,0.108736
0.469521,0.108736
0.469576,0.108736
0.469630,0.108736
0.469685,0.108736
0.469739,0.108736
0.469794,0.108546
0.469848,0.108736
0.469903,0.108736
0.469957,0.108736
0.470012,0.108736
0.470066,0.108546
0.470121,0.108736
0.470175,0.108546
0.470230,0.108546
0.470284,0.108546
0.470339,0.108546
0.470393,0.108546
0.470448,0.108546
0.470502,0.108546
0.470557,0.108546
0.470611,0.108546
0.470666,0.108546
0.470720,0.108546
0.470775,0.108546
0.470829,0.108546
0.470884,0.108546
0.470938,0.108546
0.470993,0.108546
0.471047,0.108546
0.471102,0.108546
0.471156,0.108546
0.471211,0.108546
0.471265,0.108546
0.471320,0.108546
0.471374,0.108546
0.471429,0.108546
0.471483,0.108546
0.471538,0.108546
0.471592,0.108546
0.471647,0.108546
0.471701,0.108546
0.471756,0.108546
0.471810,0.108546
0.471865,0.108546
0.471919,0.108546
0.471974,0.108546
0.472028,0.108546
0.472083,0.108546
0.472137,0.108546
0.472192,0.108546
0.472246,0.108355
0.472301,0.108546
0.472355,0.108546
0.472410,0.108546
0.472464,0.108546
0.472519,0.108546
0.472573,0.108355
0.472628,0.108355
0.472683,0.108355
0.472737,0.108355
0.472792,0.108355
0.472846,0.108355
0.472901,0.108355
0.472955,0.108355
0.473010,0.108355
0.473064,0.108355
0.473119,0.108355
0.473173,0.108355
0.473228,0.108355
0.473282,0.108355
0.473337,0.108355
0.473391,0.108355
0.473446,0.108355
0.473500,0.108355
0.473555,0.108355
0.473609,0.108355
0.473664,0.108355
0.473718,0.108355
0.473773,0.108355
0.473827,0.108355
0.473882,0.108355
0.473936,0.108355
0.473991,0.108355
0.474045,0.108355
0.474100,0.108355
0.474154,0.108355
0.474209,0.108164
0.474263,0.108355
0.474318,0.108164
0.474372,0.108164
0.474427,0.108164
0.474481,0.108164
0.474536,0.108164
0.474590,0.108164
0.474645,0.108164
0.474699,0.108164
0.474754,0.108164
0.474808,0.108164
0.474863,0.108164
0.474917,0.108164
0.474972,0.108164
0.475026,0.108164
0.475081,0.108164
0.475135,0.108164
0.475190,0.108164
0.475244,0.108164
0.475299,0.108164
0.475353,0.108164
0.475408,0.108164
0.475462,0.108164
0.475517,0.108164
0.475571,0.108164
0.475626,0.108164
0.475680,0.108164
0.475735,0.108164
0.475789,0.108164
0.475844,0.108164
0.475899,0.108164
0.475953,0.108164
0.476008,0.108164
0.476062,0.108164
0.476117,0.108164
0.476171,0.108164
0.476226,0.108164
0.476280,0.108164
0.476335,0.108164
0.476389,0.108164
0.476444,0.108164
0.476498,0.107973
0.476553,0.108164
0.476607,0.108164
0.476662,0.108164
0.476716,0.107973
0.476771,0.107973
0.476825,0.107973
0.476880,0.107973
0.476934,0.108164
0.476989,0.107973
0.477043,0.107973
0.477098,0.107973
0.477152,0.107973
0.477207,0.107973
0.477261,0.107973
0.477316,0.107973
0.477370,0.107973
0.477425,0.107973
0.477479,0.107973
0.477534,0.107973
0.477588,0.107973
0.477643,0.107973
0.477697,0.107973
0.477752,0.107973
0.477806,0.107973
0.477861,0.107973
0.477915,0.107973
0.477970,0.107973
0.478024,0.107973
0.478079,0.107783
0.478133,0.107973
0.478188,0.107973
0.478242,0.107973
0.478297,0.107973
0.478351,0.107783
0.478406,0.107973
0.478460,0.107783
0.478515,0.107783
0.478569,0.107973
0.478624,0.107783
0.478678,0.107783
0.478733,0.107783
0.478787,0.107783
0.478842,0.107783
0.478896,0.107783
0.478951,0.107783
0.479006,0.107783
0.479060,0.107783
0.479115,0.107783
0.479169,0.107783
0.479224,0.107783
0.479278,0.107783
0.479333,0.107783
0.479387,0.107783
0.479442,0.107783
0.479496,0.107783
0.479551,0.107783
0.479605,0.107783
0.479660,0.107783
0.479714,0.107783
0.479769,0.107783
0.479823,0.107783
0.479878,0.107783
0.479932,0.107783
0.479987,0.107783
0.480041,0.107783
0.480096,0.107783
0.480150,0.107783
0.480205,0.107783
0.480259,0.107783
0.480314,0.107783
0.480368,0.107783
0.480423,0.107592
0.480477,0.107783
0.480532,0.107592
0.480586,0.107592
0.480641,0.107592
0.480695,0.107592
0.480750,0.107592
0.480804,0.107592
0.480859,0.107592
0.480913,0.107592
0.480968,0.107592
0.481022,0.107592
0.481077,0.107592
0.481131,0.107592
0.481186,0.107592
0.481240,0.107592
0.481295,0.107592
0.481349,0.107592
0.481404,0.107592
0.481458,0.107592
0.481513,0.107592
0.481567,0.107592
0.481622,0.107592
0.481676,0.107592
0.481731,0.107592
0.481785,0.107592
0.481840,0.107401
0.481894,0.107592
0.481949,0.107592
0.482003,0.107401
0.482058,0.107592
0.482112,0.107401
0.482167,0.107401
0.482222,0.107401
0.482276,0.107401
0.482331,0.107401
0.482385,0.107401
0.482440,0.107401
0.482494,0.107401
0.482549,0.107401
0.482603,0.107401
0.482658,0.107401
0.482712,0.107401
0.482767,0.107401
0.482821,0.107401
0.482876,0.107401
0.482930,0.107401
0.482985,0.107401
0.483039,0.107401
0.483094,0.107401
0.483148,0.107401
0.483203,0.107401
0.483257,0.107401
0.483312,0.107401
0.483366,0.107401
0.483421,0.107401
0.483475,0.107401
0.483530,0.107210
0.483584,0.107401
0.483639,0.107401
0.483693,0.107210
0.483748,0.107210
0.483802,0.107401
0.483857,0.107210
0.483911,0.107210
0.483966,0.107210
0.484020,0.107210
0.484075,0.107210
0.484129,0.107210
0.484184,0.107210
0.484238,0.107210
0.484293,0.107210
0.484347,0.107210
0.484402,0.107210
0.484456,0.107210
0.484511,0.107210
0.484565,0.107210
0.484620,0.107210
0.484674,0.107210
0.484729,0.107210
0.484783,0.107210
0.484838,0.107210
0.484892,0.107020
0.484947,0.107210
0.485001,0.107210
0.485056,0.107020
0.485110,0.107210
0.485165,0.107020
0.485219,0.107020
0.485274,0.107020
0.485328,0.107020
0.485383,0.107020
0.485438,0.107020
0.485492,0.107020
0.485547,0.107020
0.485601,0.107020
0.485656,0.107020
0.485710,0.107020
0.485765,0.107020
0.485819,0.107020
0.485874,0.107020
0.485928,0.107020
0.485983,0.107020
0.486037,0.107020
0.486092,0.107020
0.486146,0.107020
0.486201,0.107020
0.486255,0.107020
0.486310,0.107020
0.486364,0.107020
0.486419,0.107020
0.486473,0.107020
0.486528,0.107020
0.486582,0.107020
0.486637,0.107020
0.486691,0.107020
0.486746,0.106829
0.486800,0.106829
0.486855,0.106829
0.486909,0.106829
0.486964,0.106829
0.487018,0.107020
0.487073,0.106829
0.487127,0.106829
0.487182,0.106829
0.487236,0.106829
0.487291,0.106829
0.487345,0.106829
0.487400,0.106829
0.487454,0.106829
0.487509,0.106829
0.487563,0.106829
0.487618,0.106829
0.487672,0.106638
0.487727,0.106829
0.487781,0.106638
0.487836,0.106829
0.487890,0.106829
0.487945,0.106638
0.487999,0.106829
0.488054,0.106638
0.488108,0.106638
0.488163,0.106638
0.488217,0.106638
0.488272,0.106638
0.488326,0.106638
0.488381,0.106638
0.488435,0.106638
0.488490,0.106638
0.488544,0.106638
0.488599,0.106638
0.488653,0.106638
0.488708,0.106638
0.488763,0.106638
0.488817,0.106638
0.488872,0.106638
0.488926,0.106638
0.488981,0.106638
0.489035,0.106638
0.489090,0.106638
0.489144,0.106638
0.489199,0.106638
0.489253,0.106638
0.489308,0.106638
0.489362,0.106638
0.489417,0.106638
0.489471,0.106638
0.489526,0.106638
0.489580,0.106447
0.489635,0.106638
0.489689,0.106447
0.489744,0.106447
0.489798,0.106447
0.489853,0.106447
0.489907,0.106447
0.489962,0.106447
0.490016,0.106447
0.490071,0.106447
0.490125,0.106447
0.490180,0.106447
0.490234,0.106447
0.490289,0.106447
0.490343,0.106447
0.490398,0.106447
0.490452,0.106447
0.490507,0.106447
0.490561,0.106447
0.490616,0.106447
0.490670,0.106447
0.490725,0.106447
0.490779,0.106447
0.490834,0.106256
0.490888,0.106256
0.490943,0.106256
0.490997,0.106256
0.491052,0.106256
0.491106,0.106256
0.491161,0.106256
0.491215,0.106256
0.491270,0.106256
0.491324,0.106256
0.491379,0.106256
0.491433,0.106256
0.491488,0.106256
0.491542,0.106256
0.491597,0.106256
0.491651,0.106256
0.491706,0.106256
0.491760,0.106256
0.491815,0.106256
0.491869,0.106256
0.491924,0.106256
0.491979,0.106256
0.492033,0.106256
0.492088,0.106256
0.492142,0.106256
0.492197,0.106256
0.492251,0.106256
0.492306,0.106256
0.492360,0.106256
0.492415,0.106066
0.492469,0.106256
0.492524,0.106256
0.492578,0.106256
0.492633,0.106256
0.492687,0.106066
0.492742,0.106256
0.492796,0.106066
0.492851,0.106066
0.492905,0.106256
0.492960,0.106066
0.493014,0.106066
0.493069,0.106066
0.493123,0.106066
0.493178,0.106066
0.493232,0.106066
0.493287,0.106066
0.493341,0.106066
0.493396,0.106066
0.493450,0.106066
0.493505,0.106066
0.493559,0.106066
0.493614,0.106066
0.493668,0.105875
0.493723,0.105875
0.493777,0.105875
0.493832,0.105875
0.493886,0.105875
0.493941,0.105875
0.493995,0.106066
0.494050,0.105875
0.494104,0.105875
0.494159,0.105875
0.494213,0.105875
0.494268,0.105875
0.494322,0.105875
0.494377,0.105875
0.494431,0.105875
0.494486,0.105875
0.494540,0.105875
0.494595,0.105875
0.494649,0.105875
0.494704,0.105875
0.494758,0.105875
0.494813,0.105875
0.494867,0.105875
0.494922,0.105875
0.494976,0.105875
0.495031,0.105875
0.495085,0.105875
0.495140,0.105875
0.495195,0.105875
0.495249,0.105875
0.495304,0.105875
0.495358,0.105875
0.495413,0.105684
0.495467,0.105684
0.495522,0.105684
0.495576,0.105875
0.495631,0.105684
0.495685,0.105684
0.495740,0.105684
0.495794,0.105684
0.495849,0.105684
0.495903,0.105684
0.495958,0.105684
0.496012,0.105684
0.496067,0.105684
0.496121,0.105684
0.496176,0.105684
0.496230,0.105684
0.496285,0.105684
0.496339,0.105684
0.496394,0.105493
0.496448,0.105684
0.496503,0.105493
0.496557,0.105684
0.496612,0.105684
0.496666,0.105493
0.496721,0.105493
0.496775,0.105493
0.496830,0.105493
0.496884,0.105493
0.496939,0.105493
0.496993,0.105493
0.497048,0.105493
0.497102,0.105493
0.497157,0.105493
0.497211,0.105493
0.497266,0.105493
0.497320,0.105493
0.497375,0.105493
0.497429,0.105493
0.497484,0.105493
0.497538,0.105493
0.497593,0.105493
0.497647,0.105303
0.497702,0.105493
0.497756,0.105493
0.497811,0.105303
0.497865,0.105493
0.497920,0.105493
0.497974,0.105493
0.498029,0.105303
0.498083,0.105493
0.498138,0.105303
0.498192,0.105303
0.498247,0.105303
0.498302,0.105303
0.498356,0.105303
0.498411,0.105303
0.498465,0.105303
0.498520,0.105303
0.498574,0.105303
0.498629,0.105303
0.498683,0.105303
0.498738,0.105303
0.498792,0.105303
0.498847,0.105303
0.498901,0.105303
0.498956,0.105303
0.499010,0.105303
0.499065,0.105303
0.499119,0.105303
0.499174,0.105303
0.499228,0.105303
0.499283,0.105112
0.499337,0.105303
0.499392,0.105112
0.499446,0.105112
0.499501,0.105112
0.499555,0.105112
0.499610,0.105112
0.499664,0.105112
0.499719,0.105112
0.499773,0.105112
0.499828,0.105112
0.499882,0.105112
0.499937,0.105112
0.499991,0.105112
0.500046,0.105112
0.500100,0.105112
0.500155,0.105112
0.500209,0.105112
0.500264,0.105112
0.500318,0.105112
0.500373,0.105112
0.500427,0.105112
0.500482,0.105112
0.500536,0.105112
0.500591,0.105112
0.500645,0.105112
0.500700,0.105112
0.500754,0.104921
0.500809,0.105112
0.500863,0.105112
0.500918,0.104921
0.500972,0.105112
0.501027,0.104921
0.501081,0.104921
0.501136,0.104921
0.501190,0.105112
0.501245,0.104921
0.501299,0.104921
0.501354,0.104921
0.501408,0.104921
0.501463,0.104921
0.501518,0.104921
0.501572,0.104921
0.501627,0.104921
0.501681,0.104921
0.501736,0.104921
0.501790,0.104921
0.501845,0.104921
0.501899,0.104921
0.501954,0.104921
0.502008,0.104730
0.502063,0.104730
0.502117,0.104730
0.502172,0.104730
0.502226,0.104730
0.502281,0.104730
0.502335,0.104730
0.502390,0.104730
0.502444,0.104730
0.502499,0.104730
0.502553,0.104730
0.502608,0.104730
0.502662,0.104730
0.502717,0.104730
0.502771,0.104730
0.502826,0.104730
0.502880,0.104730
0.502935,0.104730
0.502989,0.104730
0.503044,0.104730
0.503098,0.104730
0.503153,0.104730
0.503207,0.104730
0.503262,0.104730
0.503316,0.104730
0.503371,0.104730
0.503425,0.104730
0.503480,0.104540
0.503534,0.104540
0.503589,0.104730
0.503643,0.104540
0.503698,0.104540
0.503752,0.104540
0.503807,0.104540
0.503861,0.104540
0.503916,0.104540
0.503970,0.104540
0.504025,0.104540
0.504079,0.104540
0.504134,0.104540
0.504188,0.104540
0.504243,0.104540
0.504297,0.104540
0.504352,0.104349
0.504406,0.104540
0.504461,0.104540
0.504515,0.104349
0.504570,0.104349
0.504624,0.104349
0.504679,0.104349
0.504734,0.104349
0.504788,0.104349
0.504843,0.104349
0.504897,0.104349
0.504952,0.104349
0.505006,0.104349
0.505061,0.104349
0.505115,0.104349
0.505170,0.104349
0.505224,0.104349
0.505279,0.104349
0.505333,0.104349
0.505388,0.104349
0.505442,0.104349
0.505497,0.104349
0.505551,0.104349
0.505606,0.104349
0.505660,0.104349
0.505715,0.104158
0.505769,0.104158
0.505824,0.104158
0.505878,0.104158
0.505933,0.104158
0.505987,0.104158
0.506042,0.104158
0.506096,0.104158
0.506151,0.104158
0.506205,0.104158
0.506260,0.104158
0.506314,0.104158
0.506369,0.104158
0.506423,0.104158
0.506478,0.104158
0.506532,0.104158
0.506587,0.104158
0.506641,0.103967
0.506696,0.104158
0.506750,0.103967
0.506805,0.103967
0.506859,0.103967
0.506914,0.103967
0.506968,0.103967
0.507023,0.103967
0.507077,0.103967
0.507132,0.103967
0.507186,0.103967
0.507241,0.103967
0.507295,0.103967
0.507350,0.103967
0.507404,0.103967
0.507459,0.103967
0.507513,0.103967
0.507568,0.103967
0.507622,0.103967
0.507677,0.103967
0.507731,0.103967
0.507786,0.103967
0.507841,0.103777
0.507895,0.103777
0.507950,0.103777
0.508004,0.103777
0.508059,0.103777
0.508113,0.103777
0.508168,0.103777
0.508222,0.103777
0.508277,0.103777
0.508331,0.103777
0.508386,0.103777
0.508440,0.103777
0.508495,0.103777
0.508549,0.103777
0.508604,0.103777
0.508658,0.103777
0.508713,0.103586
0.508767,0.103777
0.508822,0.103586
0.508876,0.103586
0.508931,0.103586
0.508985,0.103586
0.509040,0.103586
0.509094,0.103586
0.509149,0.103586
0.509203,0.103586
0.509258,0.103586
0.509312,0.103586
0.509367,0.103586
0.509421,0.103586
0.509476,0.103586
0.509530,0.103586
0.509585,0.103586
0.509639,0.103586
0.509694,0.103586
0.509748,0.103395
0.509803,0.103586
0.509857,0.103395
0.509912,0.103586
0.509966,0.103395
0.510021,0.103395
0.510075,0.103395
0.510130,0.103395
0.510184,0.103395
0.510239,0.103395
0.510293,0.103395
0.510348,0.103395
0.510402,0.103395
0.510457,0.103395
0.510511,0.103395
0.510566,0.103395
0.510620,0.103395
0.510675,0.103395
0.510729,0.103204
0.510784,0.103204
0.510838,0.103204
0.510893,0.103204
0.510947,0.103204
0.511002,0.103204
0.511057,0.103204
0.511111,0.103204
0.511166,0.103204
0.511220,0.103204
0.511275,0.103204
0.511329,0.103204
0.511384,0.103204
0.511438,0.103204
0.511493,0.103204
0.511547,0.103204
0.511602,0.103204
0.511656,0.103204
0.511711,0.103204
0.511765,0.103204
0.511820,0.103204
0.511874,0.103204
0.511929,0.103013
0.511983,0.103013
0.512038,0.103204
0.512092,0.103204
0.512147,0.103013
0.512201,0.103013
0.512256,0.103013
0.512310,0.103013
0.512365,0.103013
0.512419,0.103013
0.512474,0.103013
0.512528,0.103013
0.512583,0.103013
0.512637,0.103013
0.512692,0.103013
0.512746,0.103013
0.512801,0.103013
0.512855,0.103013
0.512910,0.102823
0.512964,0.102823
0.513019,0.102823
0.513073,0.102823
0.513128,0.102823
0.513182,0.102823
0.513237,0.102823
0.513291,0.102823
0.513346,0.102823
0.513400,0.102823
0.513455,0.102823
0.513509,0.102823
0.513564,0.102823
0.513618,0.102823
0.513673,0.102823
0.513727,0.102823
0.513782,0.102823
0.513836,0.102823
0.513891,0.102823
0.513945,0.102823
0.514000,0.102823
0.514054,0.102632
0.514109,0.102632
0.514163,0.102632
0.514218,0.102632
0.514273,0.102632
0.514327,0.102632
0.514382,0.102632
0.514436,0.102632
0.514491,0.102632
0.514545,0.102632
0.514600,0.102632
0.514654,0.102632
0.514709,0.102632
0.514763,0.102632
0.514818,0.102441
0.514872,0.102441
0.514927,0.102441
0.514981,0.102441
0.515036,0.102441
0.515090,0.102441
0.515145,0.102441
0.515199,0.102441
0.515254,0.102441
0.515308,0.102441
0.515363,0.102441
0.515417,0.102441
0.515472,0.102441
0.515526,0.102441
0.515581,0.102441
0.515635,0.102441
0.515690,0.102441
0.515744,0.102441
0.515799,0.102441
0.515853,0.102441
0.515908,0.102250
0.515962,0.102441
0.516017,0.102250
0.516071,0.102441
0.516126,0.102250
0.516180,0.102250
0.516235,0.102250
0.516289,0.102250
0.516344,0.102250
0.516398,0.102250
0.516453,0.102250
0.516507,0.102250
0.516562,0.102250
0.516616,0.102250
0.516671,0.102250
0.516725,0.102250
0.516780,0.102250
0.516834,0.102060
0.516889,0.102060
0.516943,0.102060
0.516998,0.102060
0.517052,0.102060
0.517107,0.102060
0.517161,0.102060
0.517216,0.102060
0.517270,0.102060
0.517325,0.102060
0.517379,0.102060
0.517434,0.102060
0.517489,0.102060
0.517543,0.102060
0.517598,0.102060
0.517652,0.102060
0.517707,0.102060
0.517761,0.102060
0.517816,0.102060
0.517870,0.102060
0.517925,0.102060
0.517979,0.102060
0.518034,0.102060
0.518088,0.102060
0.518143,0.102060
0.518197,0.101869
0.518252,0.101869
0.518306,0.102060
0.518361,0.101869
0.518415,0.101869
0.518470,0.101869
0.518524,0.101869
0.518579,0.101869
0.518633,0.101869
0.518688,0.101869
0.518742,0.101869
0.518797,0.101869
0.518851,0.101678
0.518906,0.101869
0.518960,0.101678
0.519015,0.101678
0.519069,0.101678
0.519124,0.101678
0.519178,0.101678
0.519233,0.101678
0.519287,0.101678
0.519342,0.101678
0.519396,0.101678
0.519451,0.101678
0.519505,0.101678
0.519560,0.101678
0.519614,0.101678
0.519669,0.101678
0.519723,0.101678
0.519778,0.101678
0.519832,0.101678
0.519887,0.101678
0.519941,0.101678
0.519996,0.101487
0.520050,0.101678
0.520105,0.101487
0.520159,0.101487
0.520214,0.101487
0.520268,0.101487
0.520323,0.101487
0.520377,0.101487
0.520432,0.101487
0.520486,0.101487
0.520541,0.101487
0.520596,0.101487
0.520650,0.101487
0.520705,0.101487
0.520759,0.101487
0.520814,0.101297
0.520868,0.101297
0.520923,0.101297
0.520977,0.101297
0.521032,0.101297
0.521086,0.101297
0.521141,0.101297
0.521195,0.101297
0.521250,0.101297
0.521304,0.101297
0.521359,0.101297
0.521413,0.101297
0.521468,0.101297
0.521522,0.101297
0.521577,0.101297
0.521631,0.101297
0.521686,0.101297
0.521740,0.101297
0.521795,0.101106
0.521849,0.101106
0.521904,0.101106
0.521958,0.101106
0.522013,0.101106
0.522067,0.101106
0.522122,0.101106
0.522176,0.101106
0.522231,0.101106
0.522285,0.101106
0.522340,0.101106
0.522394,0.101106
0.522449,0.101106
0.522503,0.100915
0.522558,0.101106
0.522612,0.100915
0.522667,0.100915
0.522721,0.100915
0.522776,0.100915
0.522830,0.100915
0.522885,0.100915
0.522939,0.100915
0.522994,0.100915
0.523048,0.100915
0.523103,0.100915
0.523157,0.100915
0.523212,0.100915
0.523266,0.100915
0.523321,0.100915
0.523375,0.100915
0.523430,0.100724
0.523484,0.100724
0.523539,0.100915
0.523593,0.100915
0.523648,0.100724
0.523702,0.100724
0.523757,0.100724
0.523812,0.100724
0.523866,0.100534
0.523921,0.100724
0.523975,0.100724
0.524030,0.100534
0.524084,0.100534
0.524139,0.100534
0.524193,0.100534
0.524248,0.100534
0.524302,0.100534
0.524357,0.100534
0.524411,0.100534
0.524466,0.100534
0.524520,0.100534
0.524575,0.100534
0.524629,0.100534
0.524684,0.100534
0.524738,0.100534
0.524793,0.100343
0.524847,0.100534
0.524902,0.100534
0.524956,0.100534
0.525011,0.100343
0.525065,0.100343
0.525120,0.100343
0.525174,0.100343
0.525229,0.100343
0.525283,0.100343
0.525338,0.100343
0.525392,0.100343
0.525447,0.100343
0.525501,0.100343
0.525556,0.100152
0.525610,0.100343
0.525665,0.100343
0.525719,0.100152
0.525774,0.100152
0.525828,0.100152
0.525883,0.100152
0.525937,0.100152
0.525992,0.100152
0.526046,0.100152
0.526101,0.100152
0.526155,0.100152
0.526210,0.100152
0.526264,0.100152
0.526319,0.100152
0.526373,0.100152
0.526428,0.100152
0.526482,0.100152
0.526537,0.100152
0.526591,0.100152
0.526646,0.099961
0.526700,0.100152
0.526755,0.099961
0.526809,0.099961
0.526864,0.099961
0.526918,0.099961
0.526973,0.099961
0.527028,0.099961
0.527082,0.099961
0.527137,0.099961
0.527191,0.099961
0.527246,0.099770
0.527300,0.099770
0.527355,0.099961
0.527409,0.099770
0.527464,0.099770
0.527518,0.099770
0.527573,0.099770
0.527627,0.099770
0.527682,0.099770
0.527736,0.099770
0.527791,0.099770
0.527845,0.099770
0.527900,0.099770
0.527954,0.099770
0.528009,0.099770
0.528063,0.099770
0.528118,0.099770
0.528172,0.099770
0.528227,0.099770
0.528281,0.099580
0.528336,0.099770
0.528390,0.099580
0.528445,0.099580
0.528499,0.099580
0.528554,0.099580
0.528608,0.099580
0.528663,0.099580
0.528717,0.099580
0.528772,0.099389
0.528826,0.099580
0.528881,0.099580
0.528935,0.099580
0.528990,0.099389
0.529044,0.099389
0.529099,0.099389
0.529153,0.099389
0.529208,0.099389
0.529262,0.099389
0.529317,0.099389
0.529371,0.099389
0.529426,0.099389
0.529480,0.099389
0.529535,0.099389
0.529589,0.099389
0.529644,0.099389
0.529698,0.099198
0.529753,0.099389
0.529807,0.099198
0.529862,0.099198
0.529916,0.099198
0.529971,0.099198
0.530025,0.099198
0.530080,0.099198
0.530134,0.099198
0.530189,0.099198
0.530244,0.099198
0.530298,0.099198
0.530353,0.099198
0.530407,0.099198
0.530462,0.099007
0.530516,0.099007
0.530571,0.099007
0.530625,0.099007
0.530680,0.099007
0.530734,0.099007
0.530789,0.099007
0.530843,0.099007
0.530898,0.099007
0.530952,0.099007
0.531007,0.099007
0.531061,0.099007
0.531116,0.099007
0.531170,0.099007
0.531225,0.099007
0.531279,0.099007
0.531334,0.099007
0.531388,0.099007
0.531443,0.099007
0.531497,0.099007
0.531552,0.098817
0.531606,0.099007
0.531661,0.098817
0.531715,0.098817
0.531770,0.098817
0.531824,0.098817
0.531879,0.098817
0.531933,0.098817
0.531988,0.098817
0.532042,0.098817
0.532097,0.098817
0.532151,0.098626
0.532206,0.098626
0.532260,0.098817
0.532315,0.098626
0.532369,0.098626
0.532424,0.098626
0.532478,0.098626
0.532533,0.098626
0.532587,0.098626
0.532642,0.098626
0.532696,0.098626
0.532751,0.098626
0.532805,0.098626
0.532860,0.098626
0.532914,0.098626
0.532969,0.098626
0.533023,0.098626
0.533078,0.098626
0.533132,0.098435
0.533187,0.098435
0.533241,0.098435
0.533296,0.098435
0.533350,0.098435
0.533405,0.098435
0.533460,0.098435
0.533514,0.098435
0.533569,0.098435
0.533623,0.098435
0.533678,0.098244
0.533732,0.098244
0.533787,0.098435
0.533841,0.098244
0.533896,0.098244
0.533950,0.098244
0.534005,0.098244
0.534059,0.098244
0.534114,0.098244
0.534168,0.098244
0.534223,0.098244
0.534277,0.098244
0.534332,0.098244
0.534386,0.098244
0.534441,0.098054
0.534495,0.098054
0.534550,0.098054
0.534604,0.098054
0.534659,0.098054
0.534713,0.098054
0.534768,0.098054
0.534822,0.098054
0.534877,0.098054
0.534931,0.098054
0.534986,0.098054
0.535040,0.098054
0.535095,0.098054
0.535149,0.098054
0.535204,0.097863
0.535258,0.097863
0.535313,0.097863
0.535367,0.097863
0.535422,0.097863
0.535476,0.097863
0.535531,0.097863
0.535585,0.097863
0.535640,0.097863
0.535694,0.097863
0.535749,0.097863
0.535803,0.097863
0.535858,0.097863
0.535912,0.097863
0.535967,0.097672
0.536021,0.097672
0.536076,0.097672
0.536130,0.097672
0.536185,0.097672
0.536239,0.097672
0.536294,0.097672
0.536348,0.097672
0.536403,0.097672
0.536457,0.097481
0.536512,0.097672
0.536567,0.097672
0.536621,0.097672
0.536676,0.097481
0.536730,0.097481
0.536785,0.097481
0.536839,0.097481
0.536894,0.097481
0.536948,0.097481
0.537003,0.097481
0.537057,0.097481
0.537112,0.097481
0.537166,0.097481
0.537221,0.097481
0.537275,0.097481
0.537330,0.097290
0.537384,0.097290
0.537439,0.097290
0.537493,0.097290
0.537548,0.097290
0.537602,0.097290
0.537657,0.097290
0.537711,0.097290
0.537766,0.097290
0.537820,0.097100
0.537875,0.097100
0.537929,0.097100
0.537984,0.097100
0.538038,0.097100
0.538093,0.097100
0.538147,0.097100
0.538202,0.097100
0.538256,0.097100
0.538311,0.097100
0.538365,0.097100
0.538420,0.097100
0.538474,0.097100
0.538529,0.097100
0.538583,0.097100
0.538638,0.097100
0.538692,0.097100
0.538747,0.096909
0.538801,0.096909
0.538856,0.096909
0.538910,0.096909
0.538965,0.096909
0.539019,0.096909
0.539074,0.096718
0.539128,0.096909
0.539183,0.096718
0.539237,0.096909
0.539292,0.096718
0.539346,0.096718
0.539401,0.096718
0.539455,0.096718
0.539510,0.096718
0.539564,0.096718
0.539619,0.096718
0.539673,0.096718
0.539728,0.096718
0.539783,0.096718
0.539837,0.096718
0.539892,0.096718
0.539946,0.096718
0.540001,0.096527
0.540055,0.096527
0.540110,0.096527
0.540164,0.096527
0.540219,0.096527
0.540273,0.096527
0.540328,0.096527
0.540382,0.096527
0.540437,0.096527
0.540491,0.096527
0.540546,0.096337
0.540600,0.096337
0.540655,0.096337
0.540709,0.096337
0.540764,0.096337
0.540818,0.096337
0.540873,0.096337
0.540927,0.096337
0.540982,0.096337
0.541036,0.096337
0.541091,0.096337
0.541145,0.096337
0.541200,0.096337
0.541254,0.096337
0.541309,0.096337
0.541363,0.096337
0.541418,0.096146
0.541472,0.096146
0.541527,0.096146
0.541581,0.096146
0.541636,0.096146
0.541690,0.096146
0.541745,0.096146
0.541799,0.096146
0.541854,0.096146
0.541908,0.096146
0.541963,0.095955
0.542017,0.095955
0.542072,0.095955
0.542126,0.095955
0.542181,0.095955
0.542235,0.095955
0.542290,0.095955
0.542344,0.095955
0.542399,0.095955
0.542453,0.095955
0.542508,0.095955
0.542562,0.095955
0.542617,0.095955
0.542671,0.095955
0.542726,0.095955
0.542780,0.095764
0.542835,0.095764
0.542889,0.095764
0.542944,0.095764
0.542999,0.095764
0.543053,0.095764
0.543108,0.095764
0.543162,0.095764
0.543217,0.095764
0.543271,0.095764
0.543326,0.095764
0.543380,0.095574
0.543435,0.095574
0.543489,0.095574
0.543544,0.095574
0.543598,0.095574
0.543653,0.095574
0.543707,0.095574
0.543762,0.095574
0.543816,0.095574
0.543871,0.095574
0.543925,0.095574
0.543980,0.095574
0.544034,0.095574
0.544089,0.095574
0.544143,0.095574
0.544198,0.095574
0.544252,0.095574
0.544307,0.095383
0.544361,0.095383
0.544416,0.095383
0.544470,0.095383
0.544525,0.095383
0.544579,0.095383
0.544634,0.095383
0.544688,0.095383
0.544743,0.095192
0.544797,0.095192
0.544852,0.095383
0.544906,0.095192
0.544961,0.095192
0.545015,0.095192
0.545070,0.095192
0.545124,0.095192
0.545179,0.095192
0.545233,0.095192
0.545288,0.095192
0.545342,0.095192
0.545397,0.095192
0.545451,0.095001
0.545506,0.095001
0.545560,0.095001
0.545615,0.095001
0.545669,0.095001
0.545724,0.095001
0.545778,0.095001
0.545833,0.095001
0.545887,0.094811
0.545942,0.094811
0.545996,0.094811
0.546051,0.094811
0.546106,0.094811
0.546160,0.094811
0.546215,0.094811
0.546269,0.094811
0.546324,0.094811
0.546378,0.094811
0.546433,0.094811
0.546487,0.094811
0.546542,0.094811
0.546596,0.094620
0.546651,0.094620
0.546705,0.094620
0.546760,0.094620
0.546814,0.094620
0.546869,0.094620
0.546923,0.094620
0.546978,0.094620
0.547032,0.094620
0.547087,0.094429
0.547141,0.094429
0.547196,0.094429
0.547250,0.094429
0.547305,0.094429
0.547359,0.094429
0.547414,0.094429
0.547468,0.094429
0.547523,0.094429
0.547577,0.094429
0.547632,0.094429
0.547686,0.094429
0.547741,0.094429
0.547795,0.094238
0.547850,0.094238
0.547904,0.094238
0.547959,0.094238
0.548013,0.094238
0.548068,0.094238
0.548122,0.094238
0.548177,0.094238
0.548231,0.094047
0.548286,0.094047
0.548340,0.094047
0.548395,0.094047
0.548449,0.094047
0.548504,0.094047
0.548558,0.094047
0.548613,0.094047
0.548667,0.094047
0.548722,0.094047
0.548776,0.094047
0.548831,0.094047
0.548885,0.093857
0.548940,0.094047
0.548994,0.093857
0.549049,0.093857
0.549103,0.093857
0.549158,0.093857
0.549212,0.093857
0.549267,0.093857
0.549322,0.093857
0.549376,0.093666
0.549431,0.093857
0.549485,0.093666
0.549540,0.093666
0.549594,0.093666
0.549649,0.093666
0.549703,0.093666
0.549758,0.093666
0.549812,0.093666
0.549867,0.093666
0.549921,0.093666
0.549976,0.093666
0.550030,0.093666
0.550085,0.093666
0.550139,0.093475
0.550194,0.093475
0.550248,0.093475
0.550303,0.093475
0.550357,0.093475
0.550412,0.093475
0.550466,0.093475
0.550521,0.093475
0.550575,0.093475
0.550630,0.093284
0.550684,0.093284
0.550739,0.093284
0.550793,0.093284
0.550848,0.093284
0.550902,0.093284
0.550957,0.093284
0.551011,0.093284
0.551066,0.093284
0.551120,0.093284
0.551175,0.093284
0.551229,0.093284
0.551284,0.093284
0.551338,0.093094
0.551393,0.093284
0.551447,0.093094
0.551502,0.093094
0.551556,0.093094
0.551611,0.093094
0.551665,0.093094
0.551720,0.093094
0.551774,0.092903
0.551829,0.092903
0.551883,0.092903
0.551938,0.092903
0.551992,0.092903
0.552047,0.092903
0.552101,0.092903
0.552156,0.092903
0.552210,0.092903
0.552265,0.092903
0.552319,0.092903
0.552374,0.092903
0.552429,0.092903
0.552483,0.092903
0.552538,0.092903
0.552592,0.092903
0.552647,0.092903
0.552701,0.092712
0.552756,0.092712
0.552810,0.092712
0.552865,0.092712
0.552919,0.092712
0.552974,0.092712
0.553028,0.092712
0.553083,0.092712
0.553137,0.092712
0.553192,0.092712
0.553246,0.092521
0.553301,0.092521
0.553355,0.092521
0.553410,0.092521
0.553464,0.092521
0.553519,0.092521
0.553573,0.092521
0.553628,0.092521
0.553682,0.092521
0.553737,0.092521
0.553791,0.092331
0.553846,0.092521
0.553900,0.092331
0.553955,0.092331
0.554009,0.092331
0.554064,0.092331
0.554118,0.092331
0.554173,0.092331
0.554227,0.092331
0.554282,0.092331
0.554336,0.092331
0.554391,0.092331
0.554445,0.092140
0.554500,0.092140
0.554554,0.092140
0.554609,0.092140
0.554663,0.092140
0.554718,0.092140
0.554772,0.092140
0.554827,0.092140
0.554881,0.092140
0.554936,0.092140
0.554990,0.092140
0.555045,0.091949
0.555099,0.091949
0.555154,0.091949
0.555208,0.091949
0.555263,0.091949
0.555317,0.091949
0.555372,0.091949
0.555426,0.091758
0.555481,0.091758
0.555535,0.091758
0.555590,0.091758
0.555645,0.091758
0.555699,0.091758
0.555754,0.091758
0.555808,0.091758
0.555863,0.091758
0.555917,0.091758
0.555972,0.091758
0.556026,0.091758
0.556081,0.091758
0.556135,0.091568
0.556190,0.091568
0.556244,0.091568
0.556299,0.091568
0.556353,0.091568
0.556408,0.091568
0.556462,0.091568
0.556517,0.091377
0.556571,0.091377
0.556626,0.091377
0.556680,0.091377
0.556735,0.091377
0.556789,0.091377
0.556844,0.091377
0.556898,0.091377
0.556953,0.091377
0.557007,0.091377
0.557062,0.091377
0.557116,0.091186
0.557171,0.091186
0.557225,0.091186
0.557280,0.091186
0.557334,0.091186
0.557389,0.091186
0.557443,0.091186
0.557498,0.090995
0.557552,0.090995
0.557607,0.090995
0.557661,0.090995
0.557716,0.090995
0.557770,0.090995
0.557825,0.090995
0.557879,0.090995
0.557934,0.090995
0.557988,0.090995
0.558043,0.090995
0.558097,0.090995
0.558152,0.090995
0.558206,0.090804
0.558261,0.090995
0.558315,0.090804
0.558370,0.090804
0.558424,0.090804
0.558479,0.090804
0.558533,0.090804
0.558588,0.090804
0.558642,0.090804
0.558697,0.090614
0.558751,0.090614
0.558806,0.090614
0.558861,0.090614
0.558915,0.090614
0.558970,0.090614
0.559024,0.090614
0.559079,0.090614
0.559133,0.090614
0.559188,0.090614
0.559242,0.090614
0.559297,0.090614
0.559351,0.090423
0.559406,0.090423
0.559460,0.090423
0.559515,0.090423
0.559569,0.090423
0.559624,0.090423
0.559678,0.090423
0.559733,0.090232
0.559787,0.090423
0.559842,0.090232
0.559896,0.090232
0.559951,0.090232
0.560005,0.090232
0.560060,0.090232
0.560114,0.090232
0.560169,0.090232
0.560223,0.090232
0.560278,0.090232
0.560332,0.090232
0.560387,0.090232
0.560441,0.090232
0.560496,0.090041
0.560550,0.090041
0.560605,0.090041
0.560659,0.090041
0.560714,0.090041
0.560768,0.090041
0.560823,0.089851
0.560877,0.090041
0.560932,0.089851
0.560986,0.089851
0.561041,0.089851
0.561095,0.089851
0.561150,0.089851
0.561204,0.089851
0.561259,0.089851
0.561313,0.089851
0.561368,0.089851
0.561422,0.089851
0.561477,0.089851
0.561531,0.089851
0.561586,0.089851
0.561640,0.089660
0.561695,0.089851
0.561749,0.089660
0.561804,0.089660
0.561858,0.089660
0.561913,0.089660
0.561968,0.089660
0.562022,0.089660
0.562077,0.089469
0.562131,0.089469
0.562186,0.089660
0.562240,0.089469
0.562295,0.089469
0.562349,0.089469
0.562404,0.089469
0.562458,0.089469
0.562513,0.089469
0.562567,0.089469
0.562622,0.089278
0.562676,0.089469
0.562731,0.089469
0.562785,0.089469
0.562840,0.089278
0.562894,0.089278
0.562949,0.089278
0.563003,0.089278
0.563058,0.089278
0.563112,0.089278
0.563167,0.089278
0.563221,0.089278
0.563276,0.089278
0.563330,0.089088
0.563385,0.089088
0.563439,0.089088
0.563494,0.089088
0.563548,0.089088
0.563603,0.089088
0.563657,0.089088
0.563712,0.089088
0.563766,0.089088
0.563821,0.088897
0.563875,0.088897
0.563930,0.089088
0.563984,0.088897
0.564039,0.088897
0.564093,0.088897
0.564148,0.088897
0.564202,0.088897
0.564257,0.088897
0.564311,0.088706
0.564366,0.088706
0.564420,0.088897
0.564475,0.088706
0.564529,0.088706
0.564584,0.088706
0.564638,0.088706
0.564693,0.088706
0.564747,0.088706
0.564802,0.088706
0.564856,0.088706
0.564911,0.088706
0.564965,0.088515
0.565020,0.088515
0.565074,0.088515
0.565129,0.088515
0.565184,0.088515
0.565238,0.088515
0.565293,0.088515
0.565347,0.088325
0.565402,0.088325
0.565456,0.088325
0.565511,0.088325
0.565565,0.088325
0.565620,0.088325
0.565674,0.088325
0.565729,0.088325
0.565783,0.088325
0.565838,0.088325
0.565892,0.088325
0.565947,0.088134
0.566001,0.088134
0.566056,0.088134
0.566110,0.088134
0.566165,0.088134
0.566219,0.088134
0.566274,0.088134
0.566328,0.087943
0.566383,0.087943
0.566437,0.087943
0.566492,0.087943
0.566546,0.087943
0.566601,0.087943
0.566655,0.087943
0.566710,0.087943
0.566764,0.087943
0.566819,0.087943
0.566873,0.087943
0.566928,0.087943
0.566982,0.087752
0.567037,0.087943
0.567091,0.087752
0.567146,0.087752
0.567200,0.087752
0.567255,0.087752
0.567309,0.087752
0.567364,0.087752
0.567418,0.087561
0.567473,0.087752
0.567527,0.087561
0.567582,0.087561
0.567636,0.087561
0.567691,0.087561
0.567745,0.087561
0.567800,0.087561
0.567854,0.087561
0.567909,0.087561
0.567963,0.087561
0.568018,0.087561
0.568072,0.087561
0.568127,0.087371
0.568181,0.087371
0.568236,0.087371
0.568291,0.087371
0.568345,0.087371
0.568400,0.087371
0.568454,0.087371
0.568509,0.087371
0.568563,0.087180
0.568618,0.087180
0.568672,0.087180
0.568727,0.087180
0.568781,0.087180
0.568836,0.087180
0.568890,0.087180
0.568945,0.087180
0.568999,0.087180
0.569054,0.087180
0.569108,0.087180
0.569163,0.087180
0.569217,0.086989
0.569272,0.087180
0.569326,0.086989
0.569381,0.086989
0.569435,0.086989
0.569490,0.086989
0.569544,0.086989
0.569599,0.086989
0.569653,0.086989
0.569708,0.086989
0.569762,0.086798
0.569817,0.086798
0.569871,0.086798
0.569926,0.086798
0.569980,0.086798
0.570035,0.086798
0.570089,0.086798
0.570144,0.086798
0.570198,0.086798
0.570253,0.086798
0.570307,0.086798
0.570362,0.086798
0.570416,0.086798
0.570471,0.086798
0.570525,0.086798
0.570580,0.086608
0.570634,0.086608
0.570689,0.086608
0.570743,0.086608
0.570798,0.086608
0.570852,0.086608
0.570907,0.086608
0.570961,0.086608
0.571016,0.086608
0.571070,0.086417
0.571125,0.086417
0.571179,0.086417
0.571234,0.086417
0.571288,0.086417
0.571343,0.086417
0.571397,0.086417
0.571452,0.086417
0.571507,0.086417
0.571561,0.086417
0.571616,0.086417
0.571670,0.086226
0.571725,0.086417
0.571779,0.086417
0.571834,0.086417
0.571888,0.086226
0.571943,0.086226
0.571997,0.086226
0.572052,0.086226
0.572106,0.086226
0.572161,0.086226
0.572215,0.086226
0.572270,0.086035
0.572324,0.086035
0.572379,0.086035
0.572433,0.086035
0.572488,0.086035
0.572542,0.086035
0.572597,0.086035
0.572651,0.086035
0.572706,0.086035
0.572760,0.086035
0.572815,0.086035
0.572869,0.086035
0.572924,0.086035
0.572978,0.085845
0.573033,0.086035
0.573087,0.085845
0.573142,0.085845
0.573196,0.085845
0.573251,0.085845
0.573305,0.085845
0.573360,0.085845
0.573414,0.085845
0.573469,0.085654
0.573523,0.085845
0.573578,0.085654
0.573632,0.085654
0.573687,0.085654
0.573741,0.085654
0.573796,0.085654
0.573850,0.085654
0.573905,0.085654
0.573959,0.085654
0.574014,0.085654
0.574068,0.085654
0.574123,0.085654
0.574177,0.085463
0.574232,0.085463
0.574286,0.085654
0.574341,0.085463
0.574395,0.085463
0.574450,0.085463
0.574504,0.085463
0.574559,0.085463
0.574614,0.085463
0.574668,0.085463
0.574723,0.085272
0.574777,0.085272
0.574832,0.085272
0.574886,0.085272
0.574941,0.085272
0.574995,0.085272
0.575050,0.085272
0.575104,0.085272
0.575159,0.085272
0.575213,0.085272
0.575268,0.085272
0.575322,0.085081
0.575377,0.085081
0.575431,0.085081
0.575486,0.085081
0.575540,0.085081
0.575595,0.085081
0.575649,0.085081
0.575704,0.085081
0.575758,0.085081
0.575813,0.085081
0.575867,0.085081
0.575922,0.085081
0.575976,0.085081
0.576031,0.084891
0.576085,0.084891
0.576140,0.084891
0.576194,0.084891
0.576249,0.084891
0.576303,0.084891
0.576358,0.084891
0.576412,0.084891
0.576467,0.084891
0.576521,0.084891
0.576576,0.084891
0.576630,0.084891
0.576685,0.084700
0.576739,0.084700
0.576794,0.084700
0.576848,0.084700
0.576903,0.084700
0.576957,0.084700
0.577012,0.084700
0.577066,0.084700
0.577121,0.084700
0.577175,0.084700
0.577230,0.084700
0.577284,0.084700
0.577339,0.084509
0.577393,0.084509
0.577448,0.084509
0.577502,0.084509
0.577557,0.084509
0.577611,0.084509
0.577666,0.084509
0.577720,0.084509
0.577775,0.084509
0.577830,0.084509
0.577884,0.084509
0.577939,0.084509
0.577993,0.084509
0.578048,0.084318
0.578102,0.084509
0.578157,0.084509
0.578211,0.084318
0.578266,0.084318
0.578320,0.084318
0.578375,0.084318
0.578429,0.084318
0.578484,0.084318
0.578538,0.084318
0.578593,0.084318
0.578647,0.084318
0.578702,0.084318
0.578756,0.084128
0.578811,0.084128
0.578865,0.084128
0.578920,0.084128
0.578974,0.084128
0.579029,0.084128
0.579083,0.084128
0.579138,0.084128
0.579192,0.084128
0.579247,0.084128
0.579301,0.084128
0.579356,0.084128
0.579410,0.084128
0.579465,0.084128
0.579519,0.084128
0.579574,0.084128
0.579628,0.084128
0.579683,0.083937
0.579737,0.083937
0.579792,0.083937
0.579846,0.083937
0.579901,0.083937
0.579955,0.083937
0.580010,0.083937
0.580064,0.083937
0.580119,0.083937
0.580173,0.083937
0.580228,0.083937
0.580282,0.083746
0.580337,0.083746
0.580391,0.083746
0.580446,0.083746
0.580500,0.083746
0.580555,0.083746
0.580609,0.083746
0.580664,0.083746
0.580718,0.083746
0.580773,0.083746
0.580827,0.083746
0.580882,0.083746
0.580936,0.083746
0.580991,0.083746
0.581046,0.083746
0.581100,0.083746
0.581155,0.083746
0.581209,0.083746
0.581264,0.083746
0.581318,0.083746
0.581373,0.083746
0.581427,0.083746
0.581482,0.083746
0.581536,0.083746
0.581591,0.083555
0.581645,0.083555
0.581700,0.083555
0.581754,0.083555
0.581809,0.083555
0.581863,0.083555
0.581918,0.083555
0.581972,0.083555
0.582027,0.083555
0.582081,0.083365
0.582136,0.083555
0.582190,0.083555
0.582245,0.083555
0.582299,0.083365
0.582354,0.083365
0.582408,0.083365
0.582463,0.083365
0.582517,0.083365
0.582572,0.083365
0.582626,0.083365
0.582681,0.083365
0.582735,0.083365
0.582790,0.083365
0.582844,0.083365
0.582899,0.083365
0.582953,0.083365
0.583008,0.083365
0.583062,0.083365
0.583117,0.083365
0.583171,0.083365
0.583226,0.083365
0.583280,0.083365
0.583335,0.083365
0.583389,0.083174
0.583444,0.083174
0.583498,0.083174
0.583553,0.083174
0.583607,0.083174
0.583662,0.083174
0.583716,0.083174
0.583771,0.083174
0.583825,0.083174
0.583880,0.083174
0.583934,0.083174
0.583989,0.082983
0.584043,0.083174
0.584098,0.083174
0.584153,0.083174
0.584207,0.082983
0.584262,0.082983
0.584316,0.082983
0.584371,0.082983
0.584425,0.082983
0.584480,0.082983
0.584534,0.082983
0.584589,0.082983
0.584643,0.082983
0.584698,0.082983
0.584752,0.082983
0.584807,0.082983
0.584861,0.082983
0.584916,0.082983
0.584970,0.082983
0.585025,0.082983
0.585079,0.082983
0.585134,0.082983
0.585188,0.082983
0.585243,0.082983
0.585297,0.082792
0.585352,0.082792
0.585406,0.082983
0.585461,0.082792
0.585515,0.082792
0.585570,0.082792
0.585624,0.082792
0.585679,0.082792
0.585733,0.082792
0.585788,0.082792
0.585842,0.082792
0.585897,0.082792
0.585951,0.082792
0.586006,0.082792
0.586060,0.082792
0.586115,0.082792
0.586169,0.082792
0.586224,0.082792
0.586278,0.082602
0.586333,0.082792
0.586387,0.082602
0.586442,0.082602
0.586496,0.082602
0.586551,0.082602
0.586605,0.082602
0.586660,0.082602
0.586714,0.082792
0.586769,0.082602
0.586823,0.082602
0.586878,0.082602
0.586932,0.082602
0.586987,0.082602
0.587041,0.082602
0.587096,0.082602
0.587150,0.082602
0.587205,0.082602
0.587259,0.082602
0.587314,0.082602
0.587369,0.082602
0.587423,0.082602
0.587478,0.082602
0.587532,0.082602
0.587587,0.082411
0.587641,0.082602
0.587696,0.082411
0.587750,0.082411
0.587805,0.082602
0.587859,0.082411
0.587914,0.082411
0.587968,0.082411
0.588023,0.082411
0.588077,0.082411
0.588132,0.082411
0.588186,0.082411
0.588241,0.082411
0.588295,0.082411
0.588350,0.082411
0.588404,0.082411
0.588459,0.082220
0.588513,0.082411
0.588568,0.082411
0.588622,0.082411
0.588677,0.082220
0.588731,0.082411
0.588786,0.082220
0.588840,0.082220
0.588895,0.082220
0.588949,0.082220
0.589004,0.082220
0.589058,0.082220
0.589113,0.082220
0.589167,0.082220
0.589222,0.082220
0.589276,0.082220
0.589331,0.082220
0.589385,0.082220
0.589440,0.082220
0.589494,0.082220
0.589549,0.082220
0.589603,0.082220
0.589658,0.082220
0.589712,0.082220
0.589767,0.082220
0.589821,0.082220
0.589876,0.082220
0.589930,0.082220
0.589985,0.082220
0.590039,0.082220
0.590094,0.082220
0.590148,0.082220
0.590203,0.082029
0.590257,0.082220
0.590312,0.082029
0.590366,0.082029
0.590421,0.082220
0.590476,0.082029
0.590530,0.082029
0.590585,0.082029
0.590639,0.082029
0.590694,0.082029
0.590748,0.082029
0.590803,0.082029
0.590857,0.082029
0.590912,0.082029
0.590966,0.082029
0.591021,0.082029
0.591075,0.082029
0.591130,0.082029
0.591184,0.082029
0.591239,0.082029
0.591293,0.082029
0.591348,0.082029
0.591402,0.082029
0.591457,0.082029
0.591511,0.081838
0.591566,0.081838
0.591620,0.082029
0.591675,0.082029
0.591729,0.082029
0.591784,0.081838
0.591838,0.081838
0.591893,0.081838
0.591947,0.082029
0.592002,0.081838
0.592056,0.081838
0.592111,0.081838
0.592165,0.081838
0.592220,0.081838
0.592274,0.081838
0.592329,0.081838
0.592383,0.081838
0.592438,0.081838
0.592492,0.081838
0.592547,0.081838
0.592601,0.081838
0.592656,0.081838
0.592710,0.081838
0.592765,0.081838
0.592819,0.081838
0.592874,0.081838
0.592928,0.081838
0.592983,0.081838
0.593037,0.081838
0.593092,0.081838
0.593146,0.081838
0.593201,0.081838
0.593255,0.081838
0.593310,0.081838
0.593364,0.081838
0.593419,0.081838
0.593473,0.081838
0.593528,0.081838
0.593582,0.081838
0.593637,0.081838
0.593692,0.081838
0.593746,0.081838
0.593801,0.081838
0.593855,0.081838
0.593910,0.081838
0.593964,0.081838
0.594019,0.081838
0.594073,0.081838
0.594128,0.081648
0.594182,0.081648
0.594237,0.081648
0.594291,0.081838
0.594346,0.081648
0.594400,0.081648
0.594455,0.081838
0.594509,0.081838
0.594564,0.081648
0.594618,0.081648
0.594673,0.081648
0.594727,0.081838
0.594782,0.081648
0.594836,0.081648
0.594891,0.081648
0.594945,0.081648
0.595000,0.081648
0.595054,0.081648
0.595109,0.081648
0.595163,0.081648
0.595218,0.081648
0.595272,0.081648
0.595327,0.081648
0.595381,0.081648
0.595436,0.081648
0.595490,0.081648
0.595545,0.081648
0.595599,0.081648
0.595654,0.081648
0.595708,0.081648
0.595763,0.081648
0.595817,0.081648
0.595872,0.081648
0.595926,0.081648
0.595981,0.081648
0.596035,0.081648
0.596090,0.081648
0.596144,0.081648
0.596199,0.081648
0.596253,0.081457
0.596308,0.081648
0.596362,0.081648
0.596417,0.081648
0.596471,0.081648
0.596526,0.081648
0.596580,0.081457
0.596635,0.081457
0.596689,0.081457
0.596744,0.081457
0.596799,0.081457
0.596853,0.081648
0.596908,0.081457
0.596962,0.081457
0.597017,0.081648
0.597071,0.081648
0.597126,0.081648
0.597180,0.081457
0.597235,0.081457
0.597289,0.081457
0.597344,0.081457
0.597398,0.081457
0.597453,0.081457
0.597507,0.081457
0.597562,0.081648
0.597616,0.081457
0.597671,0.081457
0.597725,0.081457
0.597780,0.081457
0.597834,0.081457
0.597889,0.081457
0.597943,0.081457
0.597998,0.081457
0.598052,0.081457
0.598107,0.081457
0.598161,0.081457
0.598216,0.081457
0.598270,0.081457
0.598325,0.081457
0.598379,0.081457
0.598434,0.081457
0.598488,0.081457
0.598543,0.081457
0.598597,0.081457
0.598652,0.081457
0.598706,0.081457
0.598761,0.081457
0.598815,0.081457
0.598870,0.081457
0.598924,0.081457
0.598979,0.081457
0.599033,0.081457
0.599088,0.081457
0.599142,0.081457
0.599197,0.081457
0.599251,0.081457
0.599306,0.081457
0.599360,0.081457
0.599415,0.081457
0.599469,0.081457
0.599524,0.081457
0.599578,0.081457
0.599633,0.081457
0.599687,0.081457
0.599742,0.081457
0.599796,0.081457
0.599851,0.081457
0.599905,0.081457
0.599960,0.081457
0.600015,0.081457
0.600069,0.081457
0.600124,0.081457
0.600178,0.081457
0.600233,0.081457
0.600287,0.081457
0.600342,0.081457
0.600396,0.081457
0.600451,0.081457
0.600505,0.081457
0.600560,0.081457
0.600614,0.081457
0.600669,0.081457
0.600723,0.081457
0.600778,0.081457
0.600832,0.081457
0.600887,0.081457
0.600941,0.081457
0.600996,0.081457
0.601050,0.081457
0.601105,0.081457
0.601159,0.081457
0.601214,0.081457
0.601268,0.081457
0.601323,0.081457
0.601377,0.081457
0.601432,0.081457
0.601486,0.081457
0.601541,0.081457
0.601595,0.081457
0.601650,0.081457
0.601704,0.081457
0.601759,0.081457
0.601813,0.081457
0.601868,0.081457
0.601922,0.081457
0.601977,0.081457
0.602031,0.081457
0.602086,0.081457
0.602140,0.081457
0.602195,0.081457
0.602249,0.081457
0.602304,0.081266
0.602358,0.081457
0.602413,0.081457
0.602467,0.081457
0.602522,0.081457
0.602576,0.081457
0.602631,0.081457
0.602685,0.081457
0.602740,0.081457
0.602794,0.081457
0.602849,0.081457
0.602903,0.081457
0.602958,0.081266
0.603012,0.081457
0.603067,0.081266
0.603121,0.081457
0.603176,0.081457
0.603231,0.081457
0.603285,0.081266
0.603340,0.081457
0.603394,0.081266
0.603449,0.081457
0.603503,0.081266
0.603558,0.081266
0.603612,0.081457
0.603667,0.081266
0.603721,0.081457
0.603776,0.081266
0.603830,0.081266
0.603885,0.081457
0.603939,0.081457
0.603994,0.081266
0.604048,0.081266
0.604103,0.081266
0.604157,0.081266
0.604212,0.081457
0.604266,0.081266
0.604321,0.081457
0.604375,0.081457
0.604430,0.081457
0.604484,0.081457
0.604539,0.081266
0.604593,0.081266
0.604648,0.081266
0.604702,0.081266
0.604757,0.081266
0.604811,0.081266
0.604866,0.081266
0.604920,0.081457
0.604975,0.081266
0.605029,0.081266
0.605084,0.081457
0.605138,0.081266
0.605193,0.081266
0.605247,0.081266
0.605302,0.081266
0.605356,0.081266
0.605411,0.081266
0.605465,0.081266
0.605520,0.081266
0.605574,0.081266
0.605629,0.081266
0.605683,0.081266
0.605738,0.081266
0.605792,0.081266
0.605847,0.081266
0.605901,0.081266
0.605956,0.081266
0.606010,0.081266
0.606065,0.081266
0.606119,0.081266
0.606174,0.081266
0.606228,0.081266
0.606283,0.081266
0.606338,0.081266
0.606392,0.081266
0.606447,0.081266
0.606501,0.081266
0.606556,0.081266
0.606610,0.081266
0.606665,0.081266
0.606719,0.081266
0.606774,0.081266
0.606828,0.081266
0.606883,0.081266
0.606937,0.081266
0.606992,0.081266
0.607046,0.081266
0.607101,0.081266
0.607155,0.081266
0.607210,0.081266
0.607264,0.081266
0.607319,0.081266
0.607373,0.081266
0.607428,0.081266
0.607482,0.081266
0.607537,0.081266
0.607591,0.081266
0.607646,0.081266
0.607700,0.081266
0.607755,0.081266
0.607809,0.081266
0.607864,0.081266
0.607918,0.081266
0.607973,0.081266
0.608027,0.081266
0.608082,0.081266
0.608136,0.081266
0.608191,0.081266
0.608245,0.081266
0.608300,0.081266
0.608354,0.081266
0.608409,0.081266
0.608463,0.081266
0.608518,0.081266
0.608572,0.081266
0.608627,0.081266
0.608681,0.081266
0.608736,0.081266
0.608790,0.081266
0.608845,0.081266
0.608899,0.081266
0.608954,0.081266
0.609008,0.081266
0.609063,0.081266
0.609117,0.081266
0.609172,0.081266
0.609226,0.081266
0.609281,0.081266
0.609335,0.081266
0.609390,0.081266
0.609444,0.081266
0.609499,0.081266
0.609554,0.081266
0.609608,0.081266
0.609663,0.081266
0.609717,0.081266
0.609772,0.081266
0.609826,0.081266
0.609881,0.081266
0.609935,0.081266
0.609990,0.081266
0.610044,0.081266
0.610099,0.081266
0.610153,0.081266
0.610208,0.081266
0.610262,0.081266
0.610317,0.081266
0.610371,0.081266
0.610426,0.081266
0.610480,0.081266
0.610535,0.081266
0.610589,0.081266
0.610644,0.081266
0.610698,0.081266
0.610753,0.081266
0.610807,0.081266
0.610862,0.081266
0.610916,0.081266
0.610971,0.081266
0.611025,0.081266
0.611080,0.081266
0.611134,0.081266
0.611189,0.081266
0.611243,0.081266
0.611298,0.081266
0.611352,0.081266
0.611407,0.081266
0.611461,0.081266
0.611516,0.081266
0.611570,0.081266
0.611625,0.081266
0.611679,0.081266
0.611734,0.081266
0.611788,0.081266
0.611843,0.081266
0.611897,0.081266
0.611952,0.081266
0.612006,0.081266
0.612061,0.081266
0.612115,0.081266
0.612170,0.081266
0.612224,0.081266
0.612279,0.081266
0.612333,0.081266
0.612388,0.081266
0.612442,0.081266
0.612497,0.081266
0.612551,0.081266
0.612606,0.081266
0.612661,0.081266
0.612715,0.081266
0.612770,0.081266
0.612824,0.081266
0.612879,0.081266
0.612933,0.081266
0.612988,0.081266
0.613042,0.081266
0.613097,0.081266
0.613151,0.081266
0.613206,0.081266
0.613260,0.081266
0.613315,0.081266
0.613369,0.081266
0.613424,0.081266
0.613478,0.081266
0.613533,0.081266
0.613587,0.081266
0.613642,0.081266
0.613696,0.081266
0.613751,0.081266
0.613805,0.081266
0.613860,0.081266
0.613914,0.081266
0.613969,0.081266
0.614023,0.081266
0.614078,0.081266
0.614132,0.081266
0.614187,0.081266
0.614241,0.081266
0.614296,0.081266
0.614350,0.081266
0.614405,0.081266
0.614459,0.081266
0.614514,0.081266
0.614568,0.081266
0.614623,0.081266
0.614677,0.081266
0.614732,0.081266
0.614786,0.081266
0.614841,0.081266
0.614895,0.081266
0.614950,0.081266
0.615004,0.081266
0.615059,0.081266
0.615113,0.081266
0.615168,0.081266
0.615222,0.081266
0.615277,0.081266
0.615331,0.081266
0.615386,0.081266
0.615440,0.081266
0.615495,0.081266
0.615549,0.081266
0.615604,0.081266
0.615658,0.081266
0.615713,0.081266
0.615767,0.081266
0.615822,0.081266
0.615877,0.081266
0.615931,0.081266
0.615986,0.081266
0.616040,0.081266
0.616095,0.081266
0.616149,0.081266
0.616204,0.081266
0.616258,0.081266
0.616313,0.081266
0.616367,0.081266
0.616422,0.081266
0.616476,0.081266
0.616531,0.081266
0.616585,0.081266
0.616640,0.081266
0.616694,0.081266
0.616749,0.081266
0.616803,0.081266
0.616858,0.081266
0.616912,0.081266
0.616967,0.081266
0.617021,0.081266
0.617076,0.081266
0.617130,0.081266
0.617185,0.081266
0.617239,0.081266
0.617294,0.081266
0.617348,0.081266
0.617403,0.081266
0.617457,0.081266
0.617512,0.081266
0.617566,0.081266
0.617621,0.081266
0.617675,0.081266
0.617730,0.081266
0.617784,0.081266
0.617839,0.081266
0.617893,0.081266
0.617948,0.081266
0.618002,0.081266
0.618057,0.081266
0.618111,0.081266
0.618166,0.081266
0.618220,0.081266
0.618275,0.081266
0.618329,0.081266
0.618384,0.081266
0.618438,0.081266
0.618493,0.081266
0.618547,0.081266
0.618602,0.081266
0.618656,0.081266
0.618711,0.081266
0.618765,0.081266
0.618820,0.081266
0.618874,0.081266
0.618929,0.081266
0.618984,0.081266
0.619038,0.081266
0.619093,0.081266
0.619147,0.081266
0.619202,0.081266
0.619256,0.081266
0.619311,0.081266
0.619365,0.081266
0.619420,0.081266
0.619474,0.081266
0.619529,0.081266
0.619583,0.081266
0.619638,0.081266
0.619692,0.081266
0.619747,0.081266
0.619801,0.081266
0.619856,0.081266
0.619910,0.081266
0.619965,0.081266
0.620019,0.081266
0.620074,0.081266
0.620128,0.081266
0.620183,0.081266
0.620237,0.081266
0.620292,0.081266
0.620346,0.081266
0.620401,0.081266
0.620455,0.081266
0.620510,0.081266
0.620564,0.081266
0.620619,0.081266
0.620673,0.081266
0.620728,0.081266
0.620782,0.081266
0.620837,0.081266
0.620891,0.081266
0.620946,0.081266
0.621000,0.081266
0.621055,0.081266
0.621109,0.081266
0.621164,0.081266
0.621218,0.081266
0.621273,0.081266
0.621327,0.081266
0.621382,0.081266
0.621436,0.081266
0.621491,0.081266
0.621545,0.081266
0.621600,0.081266
0.621654,0.081266
0.621709,0.081266
0.621763,0.081266
0.621818,0.081266
0.621872,0.081266
0.621927,0.081266
0.621981,0.081266
0.622036,0.081266
0.622090,0.081266
0.622145,0.081266
0.622200,0.081266
0.622254,0.081266
0.622309,0.081266
0.622363,0.081266
0.622418,0.081266
0.622472,0.081266
0.622527,0.081266
0.622581,0.081266
0.622636,0.081266
0.622690,0.081266
0.622745,0.081266
0.622799,0.081266
0.622854,0.081266
0.622908,0.081266
0.622963,0.081266
0.623017,0.081266
0.623072,0.081266
0.623126,0.081266
0.623181,0.081266
0.623235,0.081266
0.623290,0.081266
0.623344,0.081266
0.623399,0.081266
0.623453,0.081266
0.623508,0.081266
0.623562,0.081266
0.623617,0.081266
0.623671,0.081266
0.623726,0.081266
0.623780,0.081266
0.623835,0.081266
0.623889,0.081266
0.623944,0.081266
0.623998,0.081266
0.624053,0.081266
0.624107,0.081266
0.624162,0.081266
0.624216,0.081266
0.624271,0.081266
0.624325,0.081266
0.624380,0.081266
0.624434,0.081266
0.624489,0.081266
0.624543,0.081266
0.624598,0.081266
0.624652,0.081266
0.624707,0.081266
0.624761,0.081266
0.624816,0.081266
0.624870,0.081266
0.624925,0.081266
0.624979,0.081266
0.625034,0.081266
0.625088,0.081266
0.625143,0.081266
0.625197,0.081266
0.625252,0.081266
0.625307,0.081266
0.625361,0.081266
0.625416,0.081266
0.625470,0.081266
0.625525,0.081266
0.625579,0.081266
0.625634,0.081266
0.625688,0.081266
0.625743,0.081266
0.625797,0.081266
0.625852,0.081266
0.625906,0.081266
0.625961,0.081266
0.626015,0.081266
0.626070,0.081266
0.626124,0.081266
0.626179,0.081266
0.626233,0.081266
0.626288,0.081266
0.626342,0.081266
0.626397,0.081266
0.626451,0.081266
0.626506,0.081266
0.626560,0.081266
0.626615,0.081266
0.626669,0.081266
0.626724,0.081266
0.626778,0.081266
0.626833,0.081266
0.626887,0.081266
0.626942,0.081266
0.626996,0.081266
0.627051,0.081266
0.627105,0.081266
0.627160,0.081266
0.627214,0.081266
0.627269,0.081266
0.627323,0.081266
0.627378,0.081266
0.627432,0.081266
0.627487,0.081266
0.627541,0.081266
0.627596,0.081266
0.627650,0.081266
0.627705,0.081266
0.627759,0.081266
0.627814,0.081266
0.627868,0.081266
0.627923,0.081266
0.627977,0.081266
0.628032,0.081266
0.628086,0.081266
0.628141,0.081266
0.628195,0.081266
0.628250,0.081266
0.628304,0.081266
0.628359,0.081266
0.628413,0.081266
0.628468,0.081266
0.628523,0.081266
0.628577,0.081266
0.628632,0.081266
0.628686,0.081266
0.628741,0.081266
0.628795,0.081266
0.628850,0.081266
0.628904,0.081266
0.628959,0.081266
0.629013,0.081266
0.629068,0.081266
0.629122,0.081266
0.629177,0.081266
0.629231,0.081266
0.629286,0.081266
0.629340,0.081266
0.629395,0.081266
0.629449,0.081266
0.629504,0.081266
0.629558,0.081266
0.629613,0.081266
0.629667,0.081266
0.629722,0.081266
0.629776,0.081266
0.629831,0.081266
0.629885,0.081266
0.629940,0.081266
0.629994,0.081266
0.630049,0.081266
0.630103,0.081266
0.630158,0.081266
0.630212,0.081266
0.630267,0.081266
0.630321,0.081266
0.630376,0.081266
0.630430,0.081266
0.630485,0.081266
0.630539,0.081266
0.630594,0.081266
0.630648,0.081266
0.630703,0.081266
0.630757,0.081266
0.630812,0.081266
0.630866,0.081266
0.630921,0.081266
0.630975,0.081266
0.631030,0.081266
0.631084,0.081266
0.631139,0.081266
0.631193,0.081266
0.631248,0.081266
0.631302,0.081266
0.631357,0.081266
0.631411,0.081266
0.631466,0.081266
0.631520,0.081266
0.631575,0.081266
0.631629,0.081266
0.631684,0.081266
0.631739,0.081266
0.631793,0.081266
0.631848,0.081266
0.631902,0.081266
0.631957,0.081266
0.632011,0.081266
0.632066,0.081266
0.632120,0.081266
0.632175,0.081266
0.632229,0.081266
0.632284,0.081266
0.632338,0.081266
0.632393,0.081266
0.632447,0.081266
0.632502,0.081266
0.632556,0.081266
0.632611,0.081266
0.632665,0.081266
0.632720,0.081266
0.632774,0.081266
0.632829,0.081266
0.632883,0.081266
0.632938,0.081266
0.632992,0.081266
0.633047,0.081266
0.633101,0.081266
0.633156,0.081266
0.633210,0.081266
0.633265,0.081266
0.633319,0.081266
0.633374,0.081266
0.633428,0.081266
0.633483,0.081266
0.633537,0.081266
0.633592,0.081266
0.633646,0.081266
0.633701,0.081266
0.633755,0.081266
0.633810,0.081266
0.633864,0.081266
0.633919,0.081266
0.633973,0.081266
0.634028,0.081266
0.634082,0.081266
0.634137,0.081266
0.634191,0.081266
0.634246,0.081266
0.634300,0.081266
0.634355,0.081266
0.634409,0.081266
0.634464,0.081266
0.634518,0.081266
0.634573,0.081266
0.634627,0.081266
0.634682,0.081266
0.634736,0.081266
0.634791,0.081266
0.634846,0.081266
0.634900,0.081266
0.634955,0.081266
0.635009,0.081266
0.635064,0.081266
0.635118,0.081266
0.635173,0.081266
0.635227,0.081266
0.635282,0.081266
0.635336,0.081266
0.635391,0.081266
0.635445,0.081266
0.635500,0.081266
0.635554,0.081266
0.635609,0.081266
0.635663,0.081266
0.635718,0.081266
0.635772,0.081266
0.635827,0.081266
0.635881,0.081266
0.635936,0.081266
0.635990,0.081266
0.636045,0.081266
0.636099,0.081266
0.636154,0.081266
0.636208,0.081266
0.636263,0.081266
0.636317,0.081266
0.636372,0.081266
0.636426,0.081266
0.636481,0.081266
0.636535,0.081266
0.636590,0.081266
0.636644,0.081266
0.636699,0.081266
0.636753,0.081266
0.636808,0.081266
0.636862,0.081266
0.636917,0.081266
0.636971,0.081266
0.637026,0.081266
0.637080,0.081266
0.637135,0.081266
0.637189,0.081266
0.637244,0.081266
0.637298,0.081266
0.637353,0.081266
0.637407,0.081266
0.637462,0.081266
0.637516,0.081266
0.637571,0.081266
0.637625,0.081266
0.637680,0.081266
0.637734,0.081266
0.637789,0.081266
0.637843,0.081266
0.637898,0.081266
0.637952,0.081266
0.638007,0.081266
0.638062,0.081266
0.638116,0.081266
0.638171,0.081266
0.638225,0.081266
0.638280,0.081266
0.638334,0.081266
0.638389,0.081266
0.638443,0.081266
0.638498,0.081266
0.638552,0.081075
0.638607,0.081266
0.638661,0.081266
0.638716,0.081266
0.638770,0.081266
0.638825,0.081266
0.638879,0.081266
0.638934,0.081266
0.638988,0.081266
0.639043,0.081075
0.639097,0.081266
0.639152,0.081266
0.639206,0.081266
0.639261,0.081266
0.639315,0.081266
0.639370,0.081266
0.639424,0.081266
0.639479,0.081266
0.639533,0.081266
0.639588,0.081266
0.639642,0.081266
0.639697,0.081266
0.639751,0.081266
0.639806,0.081266
0.639860,0.081266
0.639915,0.081266
0.639969,0.081075
0.640024,0.081266
0.640078,0.081266
0.640133,0.081266
0.640187,0.081266
0.640242,0.081266
0.640296,0.081075
0.640351,0.081075
0.640405,0.081266
0.640460,0.081075
0.640514,0.081266
0.640569,0.081075
0.640623,0.081266
0.640678,0.081266
0.640732,0.081266
0.640787,0.081266
0.640841,0.081266
0.640896,0.081266
0.640950,0.081075
0.641005,0.081075
0.641059,0.081266
0.641114,0.081075
0.641169,0.081266
0.641223,0.081266
0.641278,0.081266
0.641332,0.081266
0.641387,0.081075
0.641441,0.081266
0.641496,0.081266
0.641550,0.081266
0.641605,0.081266
0.641659,0.081266
0.641714,0.081075
0.641768,0.081075
0.641823,0.081266
0.641877,0.081075
0.641932,0.081266
0.641986,0.081075
0.642041,0.081266
0.642095,0.081266
0.642150,0.081266
0.642204,0.081266
0.642259,0.081266
0.642313,0.081266
0.642368,0.081075
0.642422,0.081075
0.642477,0.081266
0.642531,0.081266
0.642586,0.081266
0.642640,0.081266
0.642695,0.081266
0.642749,0.081266
0.642804,0.081266
0.642858,0.081075
0.642913,0.081075
0.642967,0.081266
0.643022,0.081266
0.643076,0.081266
0.643131,0.081266
0.643185,0.081266
0.643240,0.081266
0.643294,0.081266
0.643349,0.081266
0.643403,0.081075
0.643458,0.081075
0.643512,0.081075
0.643567,0.081075
0.643621,0.081075
0.643676,0.081075
0.643730,0.081075
0.643785,0.081075
0.643839,0.081075
0.643894,0.081266
0.643948,0.081266
0.644003,0.081266
0.644057,0.081075
0.644112,0.081266
0.644166,0.081266
0.644221,0.081075
0.644275,0.081075
0.644330,0.081266
0.644385,0.081266
0.644439,0.081075
0.644494,0.081075
0.644548,0.081075
0.644603,0.081075
0.644657,0.081266
0.644712,0.081075
0.644766,0.081075
0.644821,0.081075
0.644875,0.081266
0.644930,0.081266
0.644984,0.081075
0.645039,0.081075
0.645093,0.081266
0.645148,0.081075
0.645202,0.081075
0.645257,0.081266
0.645311,0.081075
0.645366,0.081266
0.645420,0.081075
0.645475,0.081266
0.645529,0.081266
0.645584,0.081266
0.645638,0.081266
0.645693,0.081266
0.645747,0.081075
0.645802,0.081075
0.645856,0.081266
0.645911,0.081075
0.645965,0.081075
0.646020,0.081075
0.646074,0.081266
0.646129,0.081075
0.646183,0.081266
0.646238,0.081075
0.646292,0.081075
0.646347,0.081266
0.646401,0.081075
0.646456,0.081266
0.646510,0.081075
0.646565,0.081075
0.646619,0.081075
0.646674,0.081075
0.646728,0.081075
0.646783,0.081075
0.646837,0.081075
0.646892,0.081075
0.646946,0.081075
0.647001,0.081075
0.647055,0.081266
0.647110,0.081266
0.647164,0.081075
0.647219,0.081075
0.647273,0.081266
0.647328,0.081075
0.647382,0.081075
0.647437,0.081075
0.647491,0.081075
0.647546,0.081075
0.647601,0.081075
0.647655,0.081266
0.647710,0.081075
0.647764,0.081075
0.647819,0.081075
0.647873,0.081075
0.647928,0.081075
0.647982,0.081075
0.648037,0.081075
0.648091,0.081075
0.648146,0.081075
0.648200,0.081075
0.648255,0.081075
0.648309,0.081075
0.648364,0.081075
0.648418,0.081266
0.648473,0.081266
0.648527,0.081075
0.648582,0.081075
0.648636,0.081075
0.648691,0.081075
0.648745,0.081075
0.648800,0.081075
0.648854,0.081075
0.648909,0.081075
0.648963,0.081075
0.649018,0.081075
0.649072,0.081075
0.649127,0.081075
0.649181,0.081075
0.649236,0.081075
0.649290,0.081075
0.649345,0.081075
0.649399,0.081075
0.649454,0.081075
0.649508,0.081075
0.649563,0.081075
0.649617,0.081075
0.649672,0.081266
0.649726,0.081075
0.649781,0.081075
0.649835,0.081075
0.649890,0.081075
0.649944,0.081075
0.649999,0.081075
0.650053,0.081075
0.650108,0.081075
0.650162,0.081075
0.650217,0.081075
0.650271,0.081075
0.650326,0.081075
0.650380,0.081075
0.650435,0.081075
0.650489,0.081075
0.650544,0.081075
0.650598,0.081075
0.650653,0.081075
0.650708,0.081075
0.650762,0.081075
0.650817,0.081075
0.650871,0.081075
0.650926,0.081075
0.650980,0.081075
0.651035,0.081075
0.651089,0.081075
0.651144,0.081075
0.651198,0.081075
0.651253,0.081075
0.651307,0.081075
0.651362,0.081075
0.651416,0.081075
0.651471,0.081075
0.651525,0.081075
0.651580,0.081075
0.651634,0.081075
0.651689,0.081075
0.651743,0.081075
0.651798,0.081075
0.651852,0.081075
0.651907,0.081075
0.651961,0.081075
0.652016,0.081075
0.652070,0.081075
0.652125,0.081075
0.652179,0.081075
0.652234,0.081075
0.652288,0.081075
0.652343,0.081075
0.652397,0.081075
0.652452,0.081075
0.652506,0.081075
0.652561,0.081075
0.652615,0.081075
0.652670,0.081075
0.652724,0.081075
0.652779,0.081075
0.652833,0.081075
0.652888,0.081075
0.652942,0.081075
0.652997,0.081075
0.653051,0.081075
0.653106,0.081075
0.653160,0.081075
0.653215,0.081075
0.653269,0.081075
0.653324,0.081075
0.653378,0.081075
0.653433,0.081075
0.653487,0.081075
0.653542,0.081075
0.653596,0.081075
0.653651,0.081075
0.653705,0.081075
0.653760,0.081075
0.653814,0.081075
0.653869,0.081075
0.653924,0.081075
0.653978,0.081075
0.654033,0.081075
0.654087,0.081075
0.654142,0.081075
0.654196,0.081075
0.654251,0.081075
0.654305,0.081075
0.654360,0.081075
0.654414,0.081075
0.654469,0.081075
0.654523,0.081075
0.654578,0.081075
0.654632,0.081075
0.654687,0.081075
0.654741,0.081075
0.654796,0.081075
0.654850,0.081075
0.654905,0.081075
0.654959,0.081075
0.655014,0.081075
0.655068,0.081075
0.655123,0.081075
0.655177,0.081075
0.655232,0.081075
0.655286,0.081075
0.655341,0.081075
0.655395,0.081075
0.655450,0.081075
0.655504,0.081075
0.655559,0.081075
0.655613,0.081075
0.655668,0.081075
0.655722,0.081075
0.655777,0.081075
0.655831,0.081075
0.655886,0.081075
0.655940,0.081075
0.655995,0.081075
0.656049,0.081075
0.656104,0.081075
0.656158,0.081075
0.656213,0.081075
0.656267,0.081075
0.656322,0.081075
0.656376,0.081075
0.656431,0.081075
0.656485,0.081075
0.656540,0.081075
0.656594,0.081075
0.656649,0.081075
0.656703,0.081075
0.656758,0.081075
0.656812,0.081075
0.656867,0.081075
0.656921,0.081075
0.656976,0.081075
0.657030,0.081075
0.657085,0.081075
0.657140,0.081075
0.657194,0.081075
0.657249,0.081075
0.657303,0.081075
0.657358,0.081075
0.657412,0.081075
0.657467,0.081075
0.657521,0.081075
0.657576,0.081075
0.657630,0.081075
0.657685,0.081075
0.657739,0.081075
0.657794,0.081075
0.657848,0.081075
0.657903,0.081075
0.657957,0.081075
0.658012,0.081075
0.658066,0.081075
0.658121,0.081075
0.658175,0.081075
0.658230,0.081075
0.658284,0.081075
0.658339,0.081075
0.658393,0.081075
0.658448,0.081075
0.658502,0.081075
0.658557,0.081075
0.658611,0.081075
0.658666,0.081075
0.658720,0.081075
0.658775,0.081075
0.658829,0.081075
0.658884,0.081075
0.658938,0.081075
0.658993,0.081075
0.659047,0.081075
0.659102,0.081075
0.659156,0.081075
0.659211,0.081075
0.659265,0.081075
0.659320,0.081075
0.659374,0.081075
0.659429,0.081075
0.659483,0.081075
0.659538,0.081075
0.659592,0.081075
0.659647,0.081075
0.659701,0.081075
0.659756,0.081075
0.659810,0.081075
0.659865,0.081075
0.659919,0.081075
0.659974,0.081075
0.660028,0.081075
0.660083,0.081075
0.660137,0.081075
0.660192,0.081075
0.660247,0.081075
0.660301,0.081075
0.660356,0.081075
0.660410,0.081075
0.660465,0.081075
0.660519,0.081075
0.660574,0.081075
0.660628,0.081075
0.660683,0.081075
0.660737,0.081075
0.660792,0.081075
0.660846,0.081075
0.660901,0.081075
0.660955,0.081075
0.661010,0.081075
0.661064,0.081075
0.661119,0.081075
0.661173,0.081075
0.661228,0.081075
0.661282,0.081075
0.661337,0.081075
0.661391,0.081075
0.661446,0.081075
0.661500,0.081075
0.661555,0.081075
0.661609,0.081075
0.661664,0.081075
0.661718,0.081075
0.661773,0.081075
0.661827,0.081075
0.661882,0.081075
0.661936,0.081075
0.661991,0.081075
0.662045,0.081075
0.662100,0.081075
0.662154,0.081075
0.662209,0.081075
0.662263,0.081075
0.662318,0.081075
0.662372,0.081075
0.662427,0.081075
0.662481,0.081075
0.662536,0.081075
0.662590,0.081075
0.662645,0.081075
0.662699,0.081075
0.662754,0.081075
0.662808,0.081075
0.662863,0.081075
0.662917,0.081075
0.662972,0.081075
0.663026,0.081075
0.663081,0.081075
0.663135,0.081075
0.663190,0.081075
0.663244,0.081075
0.663299,0.081075
0.663353,0.081075
0.663408,0.081075
0.663463,0.081075
0.663517,0.081075
0.663572,0.081075
0.663626,0.081075
0.663681,0.081075
0.663735,0.081075
0.663790,0.081075
0.663844,0.081075
0.663899,0.081075
0.663953,0.081075
0.664008,0.081075
0.664062,0.081075
0.664117,0.081075
0.664171,0.081075
0.664226,0.081075
0.664280,0.081075
0.664335,0.081075
0.664389,0.081075
0.664444,0.081075
0.664498,0.081075
0.664553,0.081075
0.664607,0.081075
0.664662,0.081075
0.664716,0.081075
0.664771,0.081075
0.664825,0.081075
0.664880,0.081075
0.664934,0.081075
0.664989,0.081075
0.665043,0.081075
0.665098,0.081075
0.665152,0.081075
0.665207,0.081075
0.665261,0.081075
0.665316,0.081075
0.665370,0.081075
0.665425,0.081075
0.665479,0.081075
0.665534,0.081075
0.665588,0.080885
0.665643,0.081075
0.665697,0.081075
0.665752,0.081075
0.665806,0.081075
0.665861,0.081075
0.665915,0.081075
0.665970,0.081075
0.666024,0.081075
0.666079,0.081075
0.666133,0.081075
0.666188,0.081075
0.666242,0.081075
0.666297,0.081075
0.666351,0.081075
0.666406,0.081075
0.666460,0.081075
0.666515,0.081075
0.666570,0.081075
0.666624,0.081075
0.666679,0.081075
0.666733,0.081075
0.666788,0.081075
0.666842,0.081075
0.666897,0.081075
0.666951,0.081075
0.667006,0.081075
0.667060,0.081075
0.667115,0.081075
0.667169,0.081075
0.667224,0.081075
0.667278,0.081075
0.667333,0.081075
0.667387,0.081075
0.667442,0.081075
0.667496,0.081075
0.667551,0.081075
0.667605,0.081075
0.667660,0.081075
0.667714,0.081075
0.667769,0.081075
0.667823,0.081075
0.667878,0.080885
0.667932,0.081075
0.667987,0.081075
0.668041,0.081075
0.668096,0.081075
0.668150,0.081075
0.668205,0.081075
0.668259,0.081075
0.668314,0.081075
0.668368,0.081075
0.668423,0.080885
0.668477,0.081075
0.668532,0.081075
0.668586,0.081075
0.668641,0.081075
0.668695,0.081075
0.668750,0.081075
0.668804,0.081075
0.668859,0.081075
0.668913,0.081075
0.668968,0.081075
0.669022,0.081075
0.669077,0.081075
0.669131,0.080885
0.669186,0.081075
0.669240,0.081075
0.669295,0.081075
0.669349,0.081075
0.669404,0.081075
0.669458,0.081075
0.669513,0.081075
0.669567,0.081075
0.669622,0.080885
0.669676,0.080885
0.669731,0.080885
0.669786,0.081075
0.669840,0.081075
0.669895,0.080885
0.669949,0.080885
0.670004,0.080885
0.670058,0.081075
0.670113,0.080885
0.670167,0.081075
0.670222,0.080885
0.670276,0.081075
0.670331,0.081075
0.670385,0.080885
0.670440,0.080885
0.670494,0.081075
0.670549,0.081075
0.670603,0.081075
0.670658,0.081075
0.670712,0.081075
0.670767,0.081075
0.670821,0.081075
0.670876,0.080885
0.670930,0.080885
0.670985,0.081075
0.671039,0.081075
0.671094,0.080885
0.671148,0.080885
0.671203,0.080885
0.671257,0.081075
0.671312,0.080885
0.671366,0.081075
0.671421,0.081075
0.671475,0.080885
0.671530,0.081075
0.671584,0.081075
0.671639,0.080885
0.671693,0.080885
0.671748,0.080885
0.671802,0.080885
0.671857,0.080885
0.671911,0.080885
0.671966,0.080885
0.672020,0.080885
0.672075,0.081075
0.672129,0.080885
0.672184,0.080885
0.672238,0.081075
0.672293,0.080885
0.672347,0.080885
0.672402,0.080885
0.672456,0.080885
0.672511,0.080885
0.672565,0.080885
0.672620,0.080885
0.672674,0.080885
0.672729,0.080885
0.672783,0.080885
0.672838,0.081075
0.672893,0.080885
0.672947,0.080885
0.673002,0.080885
0.673056,0.080885
0.673111,0.080885
0.673165,0.080885
0.673220,0.080885
0.673274,0.080885
0.673329,0.080885
0.673383,0.080885
0.673438,0.080885
0.673492,0.080885
0.673547,0.080885
0.673601,0.081075
0.673656,0.080885
0.673710,0.080885
0.673765,0.080885
0.673819,0.080885
0.673874,0.080885
0.673928,0.080885
0.673983,0.080885
0.674037,0.080885
0.674092,0.080885
0.674146,0.080885
0.674201,0.080885
0.674255,0.080885
0.674310,0.080885
0.674364,0.080885
0.674419,0.080885
0.674473,0.080885
0.674528,0.080885
0.674582,0.080885
0.674637,0.080885
0.674691,0.080885
0.674746,0.080885
0.674800,0.080885
0.674855,0.080885
0.674909,0.080885
0.674964,0.080885
0.675018,0.080885
0.675073,0.080885
0.675127,0.080885
0.675182,0.080885
0.675236,0.080885
0.675291,0.080885
0.675345,0.080885
0.675400,0.080885
0.675454,0.080885
0.675509,0.080885
0.675563,0.080885
0.675618,0.080885
0.675672,0.080885
0.675727,0.080885
0.675781,0.080885
0.675836,0.080885
0.675890,0.080885
0.675945,0.080885
0.675999,0.080885
0.676054,0.080885
0.676109,0.080885
0.676163,0.080885
0.676218,0.080885
0.676272,0.080885
0.676327,0.080885
0.676381,0.080885
0.676436,0.080885
0.676490,0.080885
0.676545,0.080885
0.676599,0.080885
0.676654,0.080885
0.676708,0.080885
0.676763,0.080885
0.676817,0.080885
0.676872,0.080885
0.676926,0.080885
0.676981,0.080885
0.677035,0.080885
0.677090,0.080885
0.677144,0.080885
0.677199,0.080885
0.677253,0.080885
0.677308,0.080885
0.677362,0.080885
0.677417,0.080885
0.677471,0.080885
0.677526,0.080885
0.677580,0.080885
0.677635,0.080885
0.677689,0.080885
0.677744,0.080885
0.677798,0.080885
0.677853,0.080885
0.677907,0.080885
0.677962,0.080885
0.678016,0.080885
0.678071,0.080885
0.678125,0.080885
0.678180,0.080885
0.678234,0.080885
0.678289,0.080885
0.678343,0.080885
0.678398,0.080885
0.678452,0.080885
0.678507,0.080885
0.678561,0.080885
0.678616,0.080885
0.678670,0.080885
0.678725,0.080885
0.678779,0.080885
0.678834,0.080885
0.678888,0.080885
0.678943,0.080885
0.678997,0.080885
0.679052,0.080885
0.679106,0.080885
0.679161,0.080885
0.679215,0.080885
0.679270,0.080885
0.679325,0.080885
0.679379,0.080885
0.679434,0.080885
0.679488,0.080885
0.679543,0.080885
0.679597,0.080885
0.679652,0.080885
0.679706,0.080885
0.679761,0.080885
0.679815,0.080885
0.679870,0.080885
0.679924,0.080885
0.679979,0.080885
0.680033,0.080885
0.680088,0.080885
0.680142,0.080885
0.680197,0.080885
0.680251,0.080885
0.680306,0.080885
0.680360,0.080885
0.680415,0.080885
0.680469,0.080885
0.680524,0.080885
0.680578,0.080885
0.680633,0.080885
0.680687,0.080885
0.680742,0.080885
0.680796,0.080885
0.680851,0.080885
0.680905,0.080885
0.680960,0.080885
0.681014,0.080885
0.681069,0.080885
0.681123,0.080885
0.681178,0.080885
0.681232,0.080885
0.681287,0.080885
0.681341,0.080885
0.681396,0.080885
0.681450,0.080885
0.681505,0.080885
0.681559,0.080885
0.681614,0.080885
0.681668,0.080885
0.681723,0.080885
0.681777,0.080885
0.681832,0.080694
0.681886,0.080885
0.681941,0.080694
0.681995,0.080885
0.682050,0.080885
0.682104,0.080694
0.682159,0.080885
0.682213,0.080885
0.682268,0.080885
0.682322,0.080885
0.682377,0.080885
0.682432,0.080694
0.682486,0.080885
0.682541,0.080885
0.682595,0.080694
0.682650,0.080694
0.682704,0.080694
0.682759,0.080694
0.682813,0.080694
0.682868,0.080885
0.682922,0.080885
0.682977,0.080694
0.683031,0.080694
0.683086,0.080694
0.683140,0.080885
0.683195,0.080694
0.683249,0.080694
0.683304,0.080885
0.683358,0.080694
0.683413,0.080885
0.683467,0.080694
0.683522,0.080885
0.683576,0.080885
0.683631,0.080885
0.683685,0.080694
0.683740,0.080885
0.683794,0.080694
0.683849,0.080694
0.683903,0.080694
0.683958,0.080694
0.684012,0.080694
0.684067,0.080694
0.684121,0.080694
0.684176,0.080694
0.684230,0.080885
0.684285,0.080694
0.684339,0.080694
0.684394,0.080885
0.684448,0.080694
0.684503,0.080885
0.684557,0.080885
0.684612,0.080694
0.684666,0.080694
0.684721,0.080885
0.684775,0.080694
0.684830,0.080694
0.684884,0.080694
0.684939,0.080885
0.684993,0.080694
0.685048,0.080694
0.685102,0.080694
0.685157,0.080694
0.685211,0.080694
0.685266,0.080694
0.685320,0.080694
0.685375,0.080885
0.685429,0.080694
0.685484,0.080694
0.685538,0.080694
0.685593,0.080694
0.685648,0.080694
0.685702,0.080694
0.685757,0.080885
0.685811,0.080694
0.685866,0.080694
0.685920,0.080694
0.685975,0.080885
0.686029,0.080885
0.686084,0.080694
0.686138,0.080694
0.686193,0.080694
0.686247,0.080694
0.686302,0.080694
0.686356,0.080694
0.686411,0.080694
0.686465,0.080694
0.686520,0.080694
0.686574,0.080694
0.686629,0.080694
0.686683,0.080694
0.686738,0.080694
0.686792,0.080694
0.686847,0.080694
0.686901,0.080694
0.686956,0.080694
0.687010,0.080694
0.687065,0.080694
0.687119,0.080694
0.687174,0.080694
0.687228,0.080694
0.687283,0.080694
0.687337,0.080694
0.687392,0.080694
0.687446,0.080694
0.687501,0.080694
0.687555,0.080694
0.687610,0.080694
0.687664,0.080694
0.687719,0.080694
0.687773,0.080694
0.687828,0.080694
0.687882,0.080694
0.687937,0.080694
0.687991,0.080694
0.688046,0.080694
0.688100,0.080694
0.688155,0.080694
0.688209,0.080694
0.688264,0.080694
0.688318,0.080694
0.688373,0.080694
0.688427,0.080694
0.688482,0.080694
0.688536,0.080694
0.688591,0.080694
0.688645,0.080694
0.688700,0.080694
0.688754,0.080694
0.688809,0.080694
0.688864,0.080694
0.688918,0.080694
0.688973,0.080694
0.689027,0.080694
0.689082,0.080694
0.689136,0.080694
0.689191,0.080694
0.689245,0.080694
0.689300,0.080694
0.689354,0.080694
0.689409,0.080694
0.689463,0.080694
0.689518,0.080694
0.689572,0.080694
0.689627,0.080694
0.689681,0.080694
0.689736,0.080694
0.689790,0.080694
0.689845,0.080694
0.689899,0.080694
0.689954,0.080694
0.690008,0.080694
0.690063,0.080694
0.690117,0.080694
0.690172,0.080694
0.690226,0.080694
0.690281,0.080694
0.690335,0.080694
0.690390,0.080694
0.690444,0.080694
0.690499,0.080694
0.690553,0.080694
0.690608,0.080694
0.690662,0.080694
0.690717,0.080694
0.690771,0.080694
0.690826,0.080694
0.690880,0.080694
0.690935,0.080694
0.690989,0.080694
0.691044,0.080694
0.691098,0.080694
0.691153,0.080694
0.691207,0.080694
0.691262,0.080694
0.691316,0.080694
0.691371,0.080694
0.691425,0.080694
0.691480,0.080694
0.691534,0.080694
0.691589,0.080694
0.691643,0.080694
0.691698,0.080694
0.691752,0.080694
0.691807,0.080694
0.691861,0.080694
0.691916,0.080694
0.691971,0.080694
0.692025,0.080694
0.692080,0.080694
0.692134,0.080694
0.692189,0.080694
0.692243,0.080694
0.692298,0.080694
0.692352,0.080694
0.692407,0.080694
0.692461,0.080694
0.692516,0.080694
0.692570,0.080694
0.692625,0.080694
0.692679,0.080694
0.692734,0.080694
0.692788,0.080694
0.692843,0.080694
0.692897,0.080694
0.692952,0.080694
0.693006,0.080694
0.693061,0.080694
0.693115,0.080694
0.693170,0.080694
0.693224,0.080694
0.693279,0.080694
0.693333,0.080694
0.693388,0.080694
0.693442,0.080694
0.693497,0.080694
0.693551,0.080694
0.693606,0.080694
0.693660,0.080694
0.693715,0.080694
0.693769,0.080694
0.693824,0.080694
0.693878,0.080694
0.693933,0.080694
0.693987,0.080694
0.694042,0.080694
0.694096,0.080694
0.694151,0.080694
0.694205,0.080694
0.694260,0.080694
0.694314,0.080694
0.694369,0.080694
0.694423,0.080694
0.694478,0.080694
0.694532,0.080694
0.694587,0.080694
0.694641,0.080694
0.694696,0.080694
0.694750,0.080694
0.694805,0.080694
0.694859,0.080694
0.694914,0.080694
0.694968,0.080694
0.695023,0.080694
0.695077,0.080694
0.695132,0.080694
0.695187,0.080694
0.695241,0.080694
0.695296,0.080694
0.695350,0.080694
0.695405,0.080694
0.695459,0.080694
0.695514,0.080694
0.695568,0.080694
0.695623,0.080694
0.695677,0.080694
0.695732,0.080694
0.695786,0.080694
0.695841,0.080694
0.695895,0.080694
0.695950,0.080694
0.696004,0.080694
0.696059,0.080694
0.696113,0.080694
0.696168,0.080694
0.696222,0.080694
0.696277,0.080694
0.696331,0.080694
0.696386,0.080694
0.696440,0.080694
0.696495,0.080694
0.696549,0.080694
0.696604,0.080694
0.696658,0.080694
0.696713,0.080694
0.696767,0.080694
0.696822,0.080694
0.696876,0.080694
0.696931,0.080694
0.696985,0.080694
0.697040,0.080694
0.697094,0.080694
0.697149,0.080694
0.697203,0.080694
0.697258,0.080694
0.697312,0.080694
0.697367,0.080694
0.697421,0.080694
0.697476,0.080694
0.697530,0.080694
0.697585,0.080694
0.697639,0.080694
0.697694,0.080694
0.697748,0.080694
0.697803,0.080694
0.697857,0.080694
0.697912,0.080694
0.697966,0.080694
0.698021,0.080694
0.698075,0.080694
0.698130,0.080694
0.698184,0.080694
0.698239,0.080694
0.698294,0.080694
0.698348,0.080694
0.698403,0.080694
0.698457,0.080694
0.698512,0.080694
0.698566,0.080694
0.698621,0.080694
0.698675,0.080694
0.698730,0.080694
0.698784,0.080694
0.698839,0.080694
0.698893,0.080694
0.698948,0.080694
0.699002,0.080694
0.699057,0.080694
0.699111,0.080694
0.699166,0.080694
0.699220,0.080694
0.699275,0.080694
0.699329,0.080694
0.699384,0.080694
0.699438,0.080694
0.699493,0.080694
0.699547,0.080694
0.699602,0.080694
0.699656,0.080694
0.699711,0.080694
0.699765,0.080694
0.699820,0.080694
0.699874,0.080694
0.699929,0.080503
0.699983,0.080694
0.700038,0.080694
0.700092,0.080694
0.700147,0.080694
0.700201,0.080694
0.700256,0.080694
0.700310,0.080694
0.700365,0.080694
0.700419,0.080694
0.700474,0.080694
0.700528,0.080694
0.700583,0.080694
0.700637,0.080694
0.700692,0.080694
0.700746,0.080694
0.700801,0.080694
0.700855,0.080694
0.700910,0.080694
0.700964,0.080694
0.701019,0.080694
0.701073,0.080694
0.701128,0.080694
0.701182,0.080694
0.701237,0.080694
0.701291,0.080694
0.701346,0.080694
0.701400,0.080694
0.701455,0.080694
0.701510,0.080694
0.701564,0.080694
0.701619,0.080694
0.701673,0.080694
0.701728,0.080694
0.701782,0.080694
0.701837,0.080694
0.701891,0.080694
0.701946,0.080694
0.702000,0.080694
0.702055,0.080694
0.702109,0.080694
0.702164,0.080694
0.702218,0.080694
0.702273,0.080503
0.702327,0.080694
0.702382,0.080694
0.702436,0.080503
0.702491,0.080694
0.702545,0.080694
0.702600,0.080503
0.702654,0.080694
0.702709,0.080694
0.702763,0.080694
0.702818,0.080694
0.702872,0.080503
0.702927,0.080694
0.702981,0.080694
0.703036,0.080694
0.703090,0.080694
0.703145,0.080694
0.703199,0.080694
0.703254,0.080694
0.703308,0.080503
0.703363,0.080694
0.703417,0.080694
0.703472,0.080694
0.703526,0.080694
0.703581,0.080694
0.703635,0.080694
0.703690,0.080503
0.703744,0.080694
0.703799,0.080694
0.703853,0.080694
0.703908,0.080694
0.703962,0.080694
0.704017,0.080694
0.704071,0.080694
0.704126,0.080503
0.704180,0.080694
0.704235,0.080694
0.704289,0.080503
0.704344,0.080503
0.704398,0.080694
0.704453,0.080694
0.704507,0.080694
0.704562,0.080694
0.704617,0.080694
0.704671,0.080694
0.704726,0.080503
0.704780,0.080503
0.704835,0.080503
0.704889,0.080694
0.704944,0.080694
0.704998,0.080694
0.705053,0.080503
0.705107,0.080503
0.705162,0.080503
0.705216,0.080694
0.705271,0.080503
0.705325,0.080503
0.705380,0.080503
0.705434,0.080503
0.705489,0.080503
0.705543,0.080694
0.705598,0.080694
0.705652,0.080694
0.705707,0.080503
0.705761,0.080694
0.705816,0.080694
0.705870,0.080694
0.705925,0.080694
0.705979,0.080503
0.706034,0.080503
0.706088,0.080694
0.706143,0.080503
0.706197,0.080503
0.706252,0.080503
0.706306,0.080694
0.706361,0.080503
0.706415,0.080503
0.706470,0.080694
0.706524,0.080503
0.706579,0.080503
0.706633,0.080503
0.706688,0.080694
0.706742,0.080503
0.706797,0.080503
0.706851,0.080503
0.706906,0.080503
0.706960,0.080503
0.707015,0.080503
0.707069,0.080503
0.707124,0.080503
0.707178,0.080503
0.707233,0.080503
0.707287,0.080503
0.707342,0.080503
0.707396,0.080503
0.707451,0.080503
0.707505,0.080694
0.707560,0.080503
0.707614,0.080503
0.707669,0.080503
0.707723,0.080503
0.707778,0.080503
0.707833,0.080503
0.707887,0.080503
0.707942,0.080503
0.707996,0.080503
0.708051,0.080503
0.708105,0.080503
0.708160,0.080503
0.708214,0.080503
0.708269,0.080503
0.708323,0.080503
0.708378,0.080503
0.708432,0.080503
0.708487,0.080503
0.708541,0.080503
0.708596,0.080503
0.708650,0.080503
0.708705,0.080503
0.708759,0.080503
0.708814,0.080503
0.708868,0.080503
0.708923,0.080503
0.708977,0.080503
0.709032,0.080503
0.709086,0.080503
0.709141,0.080503
0.709195,0.080503
0.709250,0.080503
0.709304,0.080503
0.709359,0.080503
0.709413,0.080503
0.709468,0.080503
0.709522,0.080503
0.709577,0.080503
0.709631,0.080503
0.709686,0.080503
0.709740,0.080503
0.709795,0.080503
0.709849,0.080503
0.709904,0.080503
0.709958,0.080503
0.710013,0.080503
0.710067,0.080503
0.710122,0.080503
0.710176,0.080503
0.710231,0.080503
0.710285,0.080503
0.710340,0.080503
0.710394,0.080503
0.710449,0.080503
0.710503,0.080503
0.710558,0.080503
0.710612,0.080503
0.710667,0.080503
0.710721,0.080503
0.710776,0.080503
0.710830,0.080503
0.710885,0.080503
0.710939,0.080503
0.710994,0.080503
0.711049,0.080503
0.711103,0.080503
0.711158,0.080503
0.711212,0.080503
0.711267,0.080503
0.711321,0.080503
0.711376,0.080503
0.711430,0.080503
0.711485,0.080503
0.711539,0.080503
0.711594,0.080503
0.711648,0.080503
0.711703,0.080503
0.711757,0.080503
0.711812,0.080503
0.711866,0.080503
0.711921,0.080503
0.711975,0.080503
0.712030,0.080503
0.712084,0.080503
0.712139,0.080503
0.712193,0.080503
0.712248,0.080503
0.712302,0.080503
0.712357,0.080503
0.712411,0.080503
0.712466,0.080503
0.712520,0.080503
0.712575,0.080503
0.712629,0.080503
0.712684,0.080503
0.712738,0.080503
0.712793,0.080503
0.712847,0.080503
0.712902,0.080503
0.712956,0.080503
0.713011,0.080503
0.713065,0.080503
0.713120,0.080503
0.713174,0.080503
0.713229,0.080503
0.713283,0.080503
0.713338,0.080503
0.713392,0.080503
0.713447,0.080503
0.713501,0.080503
0.713556,0.080312
0.713610,0.080503
0.713665,0.080503
0.713719,0.080503
0.713774,0.080503
0.713828,0.080503
0.713883,0.080503
0.713937,0.080503
0.713992,0.080312
0.714046,0.080503
0.714101,0.080503
0.714156,0.080503
0.714210,0.080503
0.714265,0.080312
0.714319,0.080503
0.714374,0.080503
0.714428,0.080503
0.714483,0.080503
0.714537,0.080312
0.714592,0.080312
0.714646,0.080503
0.714701,0.080503
0.714755,0.080503
0.714810,0.080503
0.714864,0.080503
0.714919,0.080312
0.714973,0.080503
0.715028,0.080503
0.715082,0.080503
0.715137,0.080312
0.715191,0.080503
0.715246,0.080503
0.715300,0.080312
0.715355,0.080503
0.715409,0.080503
0.715464,0.080503
0.715518,0.080503
0.715573,0.080312
0.715627,0.080503
0.715682,0.080312
0.715736,0.080503
0.715791,0.080312
0.715845,0.080312
0.715900,0.080503
0.715954,0.080312
0.716009,0.080312
0.716063,0.080312
0.716118,0.080312
0.716172,0.080312
0.716227,0.080312
0.716281,0.080312
0.716336,0.080312
0.716390,0.080312
0.716445,0.080312
0.716499,0.080312
0.716554,0.080312
0.716608,0.080312
0.716663,0.080312
0.716717,0.080503
0.716772,0.080503
0.716826,0.080312
0.716881,0.080312
0.716935,0.080312
0.716990,0.080312
0.717044,0.080312
0.717099,0.080312
0.717153,0.080312
0.717208,0.080312
0.717262,0.080312
0.717317,0.080312
0.717372,0.080312
0.717426,0.080312
0.717481,0.080312
0.717535,0.080312
0.717590,0.080312
0.717644,0.080312
0.717699,0.080312
0.717753,0.080312
0.717808,0.080312
0.717862,0.080312
0.717917,0.080312
0.717971,0.080312
0.718026,0.080312
0.718080,0.080312
0.718135,0.080312
0.718189,0.080312
0.718244,0.080312
0.718298,0.080312
0.718353,0.080312
0.718407,0.080312
0.718462,0.080312
0.718516,0.080312
0.718571,0.080312
0.718625,0.080312
0.718680,0.080312
0.718734,0.080312
0.718789,0.080312
0.718843,0.080312
0.718898,0.080312
0.718952,0.080312
0.719007,0.080312
0.719061,0.080312
0.719116,0.080312
0.719170,0.080312
0.719225,0.080312
0.719279,0.080312
0.719334,0.080312
0.719388,0.080312
0.719443,0.080312
0.719497,0.080312
0.719552,0.080312
0.719606,0.080312
0.719661,0.080312
0.719715,0.080312
0.719770,0.080312
0.719824,0.080312
0.719879,0.080312
0.719933,0.080312
0.719988,0.080312
0.720042,0.080312
0.720097,0.080312
0.720151,0.080312
0.720206,0.080312
0.720260,0.080312
0.720315,0.080312
0.720369,0.080312
0.720424,0.080312
0.720479,0.080312
0.720533,0.080312
0.720588,0.080312
0.720642,0.080312
0.720697,0.080312
0.720751,0.080312
0.720806,0.080312
0.720860,0.080312
0.720915,0.080312
0.720969,0.080312
0.721024,0.080312
0.721078,0.080312
0.721133,0.080312
0.721187,0.080312
0.721242,0.080312
0.721296,0.080312
0.721351,0.080312
0.721405,0.080312
0.721460,0.080312
0.721514,0.080312
0.721569,0.080312
0.721623,0.080312
0.721678,0.080312
0.721732,0.080312
0.721787,0.080312
0.721841,0.080312
0.721896,0.080312
0.721950,0.080312
0.722005,0.080312
0.722059,0.080312
0.722114,0.080312
0.722168,0.080312
0.722223,0.080312
0.722277,0.080312
0.722332,0.080312
0.722386,0.080312
0.722441,0.080312
0.722495,0.080312
0.722550,0.080312
0.722604,0.080312
0.722659,0.080312
0.722713,0.080312
0.722768,0.080312
0.722822,0.080312
0.722877,0.080312
0.722931,0.080312
0.722986,0.080312
0.723040,0.080312
0.723095,0.080312
0.723149,0.080312
0.723204,0.080312
0.723258,0.080312
0.723313,0.080312
0.723367,0.080312
0.723422,0.080312
0.723476,0.080312
0.723531,0.080312
0.723585,0.080312
0.723640,0.080312
0.723695,0.080312
0.723749,0.080312
0.723804,0.080312
0.723858,0.080312
0.723913,0.080312
0.723967,0.080312
0.724022,0.080312
0.724076,0.080312
0.724131,0.080312
0.724185,0.080312
0.724240,0.080312
0.724294,0.080312
0.724349,0.080312
0.724403,0.080312
0.724458,0.080312
0.724512,0.080312
0.724567,0.080312
0.724621,0.080312
0.724676,0.080312
0.724730,0.080312
0.724785,0.080312
0.724839,0.080312
0.724894,0.080312
0.724948,0.080312
0.725003,0.080312
0.725057,0.080312
0.725112,0.080312
0.725166,0.080312
0.725221,0.080312
0.725275,0.080312
0.725330,0.080312
0.725384,0.080312
0.725439,0.080312
0.725493,0.080312
0.725548,0.080312
0.725602,0.080312
0.725657,0.080312
0.725711,0.080312
0.725766,0.080312
0.725820,0.080312
0.725875,0.080312
0.725929,0.080312
0.725984,0.080312
0.726038,0.080312
0.726093,0.080312
0.726147,0.080312
0.726202,0.080312
0.726256,0.080312
0.726311,0.080312
0.726365,0.080312
0.726420,0.080312
0.726474,0.080312
0.726529,0.080312
0.726583,0.080312
0.726638,0.080312
0.726692,0.080312
0.726747,0.080312
0.726802,0.080312
0.726856,0.080312
0.726911,0.080312
0.726965,0.080312
0.727020,0.080312
0.727074,0.080312
0.727129,0.080312
0.727183,0.080312
0.727238,0.080312
0.727292,0.080312
0.727347,0.080312
0.727401,0.080312
0.727456,0.080312
0.727510,0.080312
0.727565,0.080312
0.727619,0.080312
0.727674,0.080312
0.727728,0.080312
0.727783,0.080312
0.727837,0.080312
0.727892,0.080312
0.727946,0.080312
0.728001,0.080312
0.728055,0.080312
0.728110,0.080312
0.728164,0.080312
0.728219,0.080312
0.728273,0.080312
0.728328,0.080312
0.728382,0.080312
0.728437,0.080312
0.728491,0.080312
0.728546,0.080312
0.728600,0.080312
0.728655,0.080312
0.728709,0.080312
0.728764,0.080312
0.728818,0.080312
0.728873,0.080312
0.728927,0.080312
0.728982,0.080312
0.729036,0.080312
0.729091,0.080312
0.729145,0.080312
0.729200,0.080122
0.729254,0.080312
0.729309,0.080312
0.729363,0.080312
0.729418,0.080312
0.729472,0.080312
0.729527,0.080312
0.729581,0.080312
0.729636,0.080312
0.729690,0.080312
0.729745,0.080312
0.729799,0.080312
0.729854,0.080312
0.729908,0.080312
0.729963,0.080122
0.730018,0.080312
0.730072,0.080122
0.730127,0.080312
0.730181,0.080312
0.730236,0.080312
0.730290,0.080312
0.730345,0.080122
0.730399,0.080312
0.730454,0.080312
0.730508,0.080312
0.730563,0.080312
0.730617,0.080122
0.730672,0.080122
0.730726,0.080122
0.730781,0.080312
0.730835,0.080122
0.730890,0.080122
0.730944,0.080312
0.730999,0.080122
0.731053,0.080122
0.731108,0.080122
0.731162,0.080312
0.731217,0.080312
0.731271,0.080122
0.731326,0.080312
0.731380,0.080312
0.731435,0.080312
0.731489,0.080312
0.731544,0.080122
0.731598,0.080122
0.731653,0.080122
0.731707,0.080122
0.731762,0.080312
0.731816,0.080312
0.731871,0.080122
0.731925,0.080122
0.731980,0.080122
0.732034,0.080122
0.732089,0.080122
0.732143,0.080122
0.732198,0.080122
0.732252,0.080122
0.732307,0.080122
0.732361,0.080122
0.732416,0.080312
0.732470,0.080122
0.732525,0.080122
0.732579,0.080122
0.732634,0.080122
0.732688,0.080122
0.732743,0.080122
0.732797,0.080122
0.732852,0.080122
0.732906,0.080122
0.732961,0.080122
0.733015,0.080122
0.733070,0.080122
0.733124,0.080122
0.733179,0.080122
0.733234,0.080122
0.733288,0.080122
0.733343,0.080122
0.733397,0.080122
0.733452,0.080122
0.733506,0.080122
0.733561,0.080122
0.733615,0.080122
0.733670,0.080122
0.733724,0.080122
0.733779,0.080122
0.733833,0.080122
0.733888,0.080122
0.733942,0.080122
0.733997,0.080122
0.734051,0.080122
0.734106,0.080122
0.734160,0.080122
0.734215,0.080122
0.734269,0.080122
0.734324,0.080122
0.734378,0.080122
0.734433,0.080122
0.734487,0.080122
0.734542,0.080122
0.734596,0.080122
0.734651,0.080122
0.734705,0.080122
0.734760,0.080122
0.734814,0.080122
0.734869,0.080122
0.734923,0.080122
0.734978,0.080122
0.735032,0.080122
0.735087,0.080122
0.735141,0.080122
0.735196,0.080122
0.735250,0.080122
0.735305,0.080122
0.735359,0.080122
0.735414,0.080122
0.735468,0.080122
0.735523,0.080122
0.735577,0.080122
0.735632,0.080122
0.735686,0.080122
0.735741,0.080122
0.735795,0.080122
0.735850,0.080122
0.735904,0.080122
0.735959,0.080122
0.736013,0.080122
0.736068,0.080122
0.736122,0.080122
0.736177,0.080122
0.736231,0.080122
0.736286,0.080122
0.736341,0.080122
0.736395,0.080122
0.736450,0.080122
0.736504,0.080122
0.736559,0.080122
0.736613,0.080122
0.736668,0.080122
0.736722,0.080122
0.736777,0.080122
0.736831,0.080122
0.736886,0.080122
0.736940,0.080122
0.736995,0.080122
0.737049,0.080122
0.737104,0.080122
0.737158,0.080122
0.737213,0.080122
0.737267,0.080122
0.737322,0.080122
0.737376,0.080122
0.737431,0.080122
0.737485,0.080122
0.737540,0.080122
0.737594,0.080122
0.737649,0.080122
0.737703,0.080122
0.737758,0.080122
0.737812,0.080122
0.737867,0.080122
0.737921,0.080122
0.737976,0.080122
0.738030,0.080122
0.738085,0.080122
0.738139,0.080122
0.738194,0.080122
0.738248,0.080122
0.738303,0.080122
0.738357,0.080122
0.738412,0.080122
0.738466,0.080122
0.738521,0.080122
0.738575,0.080122
0.738630,0.079931
0.738684,0.080122
0.738739,0.080122
0.738793,0.079931
0.738848,0.080122
0.738902,0.080122
0.738957,0.080122
0.739011,0.080122
0.739066,0.080122
0.739120,0.079931
0.739175,0.080122
0.739229,0.080122
0.739284,0.080122
0.739338,0.080122
0.739393,0.080122
0.739447,0.080122
0.739502,0.080122
0.739557,0.080122
0.739611,0.080122
0.739666,0.080122
0.739720,0.080122
0.739775,0.079931
0.739829,0.080122
0.739884,0.080122
0.739938,0.079931
0.739993,0.079931
0.740047,0.079931
0.740102,0.080122
0.740156,0.080122
0.740211,0.079931
0.740265,0.079931
0.740320,0.080122
0.740374,0.079931
0.740429,0.079931
0.740483,0.079931
0.740538,0.079931
0.740592,0.079931
0.740647,0.080122
0.740701,0.080122
0.740756,0.080122
0.740810,0.079931
0.740865,0.079931
0.740919,0.079931
0.740974,0.079931
0.741028,0.079931
0.741083,0.079931
0.741137,0.080122
0.741192,0.079931
0.741246,0.079931
0.741301,0.080122
0.741355,0.079931
0.741410,0.079931
0.741464,0.079931
0.741519,0.080122
0.741573,0.079931
0.741628,0.079931
0.741682,0.079931
0.741737,0.079931
0.741791,0.079931
0.741846,0.080122
0.741900,0.079931
0.741955,0.079931
0.742009,0.079931
0.742064,0.079931
0.742118,0.079931
0.742173,0.079931
0.742227,0.079931
0.742282,0.080122
0.742336,0.080122
0.742391,0.079931
0.742445,0.079931
0.742500,0.079931
0.742554,0.079931
0.742609,0.079931
0.742663,0.079931
0.742718,0.079931
0.742773,0.079931
0.742827,0.079931
0.742882,0.079931
0.742936,0.079931
0.742991,0.079931
0.743045,0.079931
0.743100,0.079931
0.743154,0.079931
0.743209,0.079931
0.743263,0.079931
0.743318,0.079931
0.743372,0.079931
0.743427,0.079931
0.743481,0.079931
0.743536,0.079931
0.743590,0.079931
0.743645,0.079931
0.743699,0.079931
0.743754,0.079931
0.743808,0.079931
0.743863,0.079931
0.743917,0.079931
0.743972,0.079931
0.744026,0.079931
0.744081,0.079931
0.744135,0.079931
0.744190,0.079931
0.744244,0.079931
0.744299,0.079931
0.744353,0.079931
0.744408,0.079931
0.744462,0.079931
0.744517,0.079931
0.744571,0.079931
0.744626,0.079931
0.744680,0.079931
0.744735,0.079931
0.744789,0.079931
0.744844,0.079931
0.744898,0.079931
0.744953,0.079931
0.745007,0.079931
0.745062,0.079931
0.745116,0.079931
0.745171,0.079931
0.745225,0.079931
0.745280,0.079931
0.745334,0.079931
0.745389,0.079931
0.745443,0.079931
0.745498,0.079931
0.745552,0.079931
0.745607,0.079931
0.745661,0.079931
0.745716,0.079931
0.745770,0.079931
0.745825,0.079931
0.745880,0.079931
0.745934,0.079931
0.745989,0.079931
0.746043,0.079931
0.746098,0.079931
0.746152,0.079931
0.746207,0.079931
0.746261,0.079931
0.746316,0.079931
0.746370,0.079931
0.746425,0.079931
0.746479,0.079931
0.746534,0.079931
0.746588,0.079931
0.746643,0.079931
0.746697,0.079931
0.746752,0.079931
0.746806,0.079931
0.746861,0.079931
0.746915,0.079931
0.746970,0.079931
0.747024,0.079931
0.747079,0.079931
0.747133,0.079931
0.747188,0.079931
0.747242,0.079931
0.747297,0.079931
0.747351,0.079931
0.747406,0.079931
0.747460,0.079931
0.747515,0.079931
0.747569,0.079931
0.747624,0.079931
0.747678,0.079931
0.747733,0.079931
0.747787,0.079931
0.747842,0.079931
0.747896,0.079931
0.747951,0.079931
0.748005,0.079931
0.748060,0.079931
0.748114,0.079931
0.748169,0.079931
0.748223,0.079931
0.748278,0.079931
0.748332,0.079931
0.748387,0.079931
0.748441,0.079931
0.748496,0.079931
0.748550,0.079931
0.748605,0.079931
0.748659,0.079931
0.748714,0.079931
0.748768,0.079931
0.748823,0.079931
0.748877,0.079931
0.748932,0.079931
0.748986,0.079931
0.749041,0.079931
0.749096,0.079931
0.749150,0.079931
0.749205,0.079931
0.749259,0.079931
0.749314,0.079931
0.749368,0.079931
0.749423,0.079931
0.749477,0.079931
0.749532,0.079931
0.749586,0.079931
0.749641,0.079931
0.749695,0.079931
0.749750,0.079931
0.749804,0.079931
0.749859,0.079931
0.749913,0.079931
0.749968,0.079931
0.750022,0.079931
0.750077,0.079931
0.750131,0.079931
0.750186,0.079931
0.750240,0.079931
0.750295,0.079740
0.750349,0.079931
0.750404,0.079931
0.750458,0.079740
0.750513,0.079931
0.750567,0.079931
0.750622,0.079931
0.750676,0.079931
0.750731,0.079931
0.750785,0.079740
0.750840,0.079931
0.750894,0.079931
0.750949,0.079931
0.751003,0.079931
0.751058,0.079931
0.751112,0.079931
0.751167,0.079931
0.751221,0.079740
0.751276,0.079931
0.751330,0.079931
0.751385,0.079931
0.751439,0.079931
0.751494,0.079931
0.751548,0.079931
0.751603,0.079931
0.751657,0.079740
0.751712,0.079931
0.751766,0.079740
0.751821,0.079931
0.751875,0.079740
0.751930,0.079931
0.751984,0.079931
0.752039,0.079740
0.752093,0.079740
0.752148,0.079740
0.752202,0.079740
0.752257,0.079740
0.752312,0.079740
0.752366,0.079740
0.752421,0.079740
0.752475,0.079931
0.752530,0.079740
0.752584,0.079931
0.752639,0.079931
0.752693,0.079931
0.752748,0.079931
0.752802,0.079931
0.752857,0.079740
0.752911,0.079931
0.752966,0.079740
0.753020,0.079740
0.753075,0.079931
0.753129,0.079740
0.753184,0.079740
0.753238,0.079740
0.753293,0.079740
0.753347,0.079931
0.753402,0.079740
0.753456,0.079740
0.753511,0.079740
0.753565,0.079740
0.753620,0.079740
0.753674,0.079740
0.753729,0.079740
0.753783,0.079931
0.753838,0.079740
0.753892,0.079931
0.753947,0.079740
0.754001,0.079740
0.754056,0.079740
0.754110,0.079740
0.754165,0.079740
0.754219,0.079740
0.754274,0.079740
0.754328,0.079740
0.754383,0.079740
0.754437,0.079931
0.754492,0.079740
0.754546,0.079740
0.754601,0.079740
0.754655,0.079740
0.754710,0.079740
0.754764,0.079740
0.754819,0.079740
0.754873,0.079740
0.754928,0.079740
0.754982,0.079740
0.755037,0.079740
0.755091,0.079740
0.755146,0.079740
0.755200,0.079740
0.755255,0.079740
0.755309,0.079740
0.755364,0.079740
0.755419,0.079740
0.755473,0.079740
0.755528,0.079740
0.755582,0.079740
0.755637,0.079740
0.755691,0.079740
0.755746,0.079740
0.755800,0.079740
0.755855,0.079740
0.755909,0.079740
0.755964,0.079740
0.756018,0.079740
0.756073,0.079740
0.756127,0.079740
0.756182,0.079740
0.756236,0.079740
0.756291,0.079740
0.756345,0.079740
0.756400,0.079740
0.756454,0.079740
0.756509,0.079740
0.756563,0.079740
0.756618,0.079740
0.756672,0.079740
0.756727,0.079740
0.756781,0.079740
0.756836,0.079740
0.756890,0.079740
0.756945,0.079740
0.756999,0.079740
0.757054,0.079740
0.757108,0.079740
0.757163,0.079549
0.757217,0.079740
0.757272,0.079740
0.757326,0.079740
0.757381,0.079740
0.757435,0.079740
0.757490,0.079740
0.757544,0.079740
0.757599,0.079740
0.757653,0.079740
0.757708,0.079740
0.757762,0.079740
0.757817,0.079740
0.757871,0.079740
0.757926,0.079740
0.757980,0.079740
0.758035,0.079740
0.758089,0.079740
0.758144,0.079740
0.758198,0.079740
0.758253,0.079740
0.758307,0.079740
0.758362,0.079740
0.758416,0.079740
0.758471,0.079740
0.758525,0.079740
0.758580,0.079740
0.758635,0.079740
0.758689,0.079740
0.758744,0.079740
0.758798,0.079740
0.758853,0.079740
0.758907,0.079549
0.758962,0.079740
0.759016,0.079740
0.759071,0.079740
0.759125,0.079740
0.759180,0.079740
0.759234,0.079740
0.759289,0.079740
0.759343,0.079740
0.759398,0.079740
0.759452,0.079740
0.759507,0.079549
0.759561,0.079740
0.759616,0.079740
0.759670,0.079549
0.759725,0.079740
0.759779,0.079740
0.759834,0.079549
0.759888,0.079740
0.759943,0.079740
0.759997,0.079549
0.760052,0.079740
0.760106,0.079740
0.760161,0.079740
0.760215,0.079740
0.760270,0.079549
0.760324,0.079740
0.760379,0.079549
0.760433,0.079740
0.760488,0.079740
0.760542,0.079740
0.760597,0.079549
0.760651,0.079549
0.760706,0.079549
0.760760,0.079740
0.760815,0.079549
0.760869,0.079549
0.760924,0.079740
0.760978,0.079740
0.761033,0.079549
0.761087,0.079549
0.761142,0.079549
0.761196,0.079549
0.761251,0.079549
0.761305,0.079549
0.761360,0.079549
0.761414,0.079549
0.761469,0.079549
0.761523,0.079549
0.761578,0.079549
0.761632,0.079549
0.761687,0.079549
0.761742,0.079549
0.761796,0.079549
0.761851,0.079549
0.761905,0.079549
0.761960,0.079549
0.762014,0.079549
0.762069,0.079549
0.762123,0.079549
0.762178,0.079549
0.762232,0.079549
0.762287,0.079549
0.762341,0.079549
0.762396,0.079549
0.762450,0.079549
0.762505,0.079549
0.762559,0.079549
0.762614,0.079740
0.762668,0.079549
0.762723,0.079740
0.762777,0.079549
0.762832,0.079549
0.762886,0.079549
0.762941,0.079549
0.762995,0.079549
0.763050,0.079549
0.763104,0.079549
0.763159,0.079549
0.763213,0.079549
0.763268,0.079549
0.763322,0.079549
0.763377,0.079549
0.763431,0.079549
0.763486,0.079549
0.763540,0.079549
0.763595,0.079549
0.763649,0.079549
0.763704,0.079549
0.763758,0.079549
0.763813,0.079549
0.763867,0.079549
0.763922,0.079549
0.763976,0.079549
0.764031,0.079549
0.764085,0.079549
0.764140,0.079549
0.764194,0.079549
0.764249,0.079549
0.764303,0.079549
0.764358,0.079549
0.764412,0.079549
0.764467,0.079549
0.764521,0.079549
0.764576,0.079549
0.764630,0.079549
0.764685,0.079549
0.764739,0.079549
0.764794,0.079549
0.764848,0.079549
0.764903,0.079549
0.764958,0.079549
0.765012,0.079549
0.765067,0.079549
0.765121,0.079549
0.765176,0.079549
0.765230,0.079549
0.765285,0.079549
0.765339,0.079549
0.765394,0.079549
0.765448,0.079549
0.765503,0.079549
0.765557,0.079549
0.765612,0.079549
0.765666,0.079549
0.765721,0.079549
0.765775,0.079549
0.765830,0.079549
0.765884,0.079549
0.765939,0.079549
0.765993,0.079549
0.766048,0.079549
0.766102,0.079549
0.766157,0.079549
0.766211,0.079549
0.766266,0.079549
0.766320,0.079549
0.766375,0.079549
0.766429,0.079549
0.766484,0.079549
0.766538,0.079549
0.766593,0.079549
0.766647,0.079549
0.766702,0.079549
0.766756,0.079549
0.766811,0.079549
0.766865,0.079549
0.766920,0.079549
0.766974,0.079549
0.767029,0.079549
0.767083,0.079549
0.767138,0.079549
0.767192,0.079549
0.767247,0.079549
0.767301,0.079549
0.767356,0.079549
0.767410,0.079549
0.767465,0.079549
0.767519,0.079549
0.767574,0.079549
0.767628,0.079549
0.767683,0.079549
0.767737,0.079549
0.767792,0.079549
0.767846,0.079549
0.767901,0.079549
0.767955,0.079549
0.768010,0.079549
0.768064,0.079549
0.768119,0.079549
0.768174,0.079549
0.768228,0.079549
0.768283,0.079549
0.768337,0.079549
0.768392,0.079549
0.768446,0.079549
0.768501,0.079549
0.768555,0.079549
0.768610,0.079549
0.768664,0.079549
0.768719,0.079549
0.768773,0.079549
0.768828,0.079549
0.768882,0.079549
0.768937,0.079549
0.768991,0.079549
0.769046,0.079549
0.769100,0.079549
0.769155,0.079549
0.769209,0.079549
0.769264,0.079549
0.769318,0.079549
0.769373,0.079549
0.769427,0.079549
0.769482,0.079549
0.769536,0.079549
0.769591,0.079359
0.769645,0.079549
0.769700,0.079549
0.769754,0.079549
0.769809,0.079549
0.769863,0.079549
0.769918,0.079549
0.769972,0.079549
0.770027,0.079549
0.770081,0.079549
0.770136,0.079549
0.770190,0.079549
0.770245,0.079549
0.770299,0.079549
0.770354,0.079359
0.770408,0.079549
0.770463,0.079549
0.770517,0.079549
0.770572,0.079549
0.770626,0.079549
0.770681,0.079359
0.770735,0.079549
0.770790,0.079549
0.770844,0.079549
0.770899,0.079549
0.770953,0.079549
0.771008,0.079549
0.771062,0.079549
0.771117,0.079549
0.771171,0.079359
0.771226,0.079549
0.771281,0.079549
0.771335,0.079549
0.771390,0.079549
0.771444,0.079549
0.771499,0.079359
0.771553,0.079359
0.771608,0.079549
0.771662,0.079549
0.771717,0.079359
0.771771,0.079359
0.771826,0.079549
0.771880,0.079549
0.771935,0.079549
0.771989,0.079359
0.772044,0.079359
0.772098,0.079359
0.772153,0.079359
0.772207,0.079359
0.772262,0.079359
0.772316,0.079359
0.772371,0.079359
0.772425,0.079359
0.772480,0.079359
0.772534,0.079549
0.772589,0.079359
0.772643,0.079359
0.772698,0.079359
0.772752,0.079359
0.772807,0.079359
0.772861,0.079359
0.772916,0.079359
0.772970,0.079359
0.773025,0.079359
0.773079,0.079359
0.773134,0.079359
0.773188,0.079359
0.773243,0.079359
0.773297,0.079359
0.773352,0.079359
0.773406,0.079359
0.773461,0.079359
0.773515,0.079359
0.773570,0.079359
0.773624,0.079359
0.773679,0.079359
0.773733,0.079359
0.773788,0.079359
0.773842,0.079359
0.773897,0.079359
0.773951,0.079359
0.774006,0.079359
0.774060,0.079359
0.774115,0.079359
0.774169,0.079359
0.774224,0.079359
0.774278,0.079359
0.774333,0.079359
0.774387,0.079359
0.774442,0.079359
0.774497,0.079359
0.774551,0.079359
0.774606,0.079359
0.774660,0.079359
0.774715,0.079359
0.774769,0.079359
0.774824,0.079359
0.774878,0.079359
0.774933,0.079359
0.774987,0.079359
0.775042,0.079359
0.775096,0.079359
0.775151,0.079359
0.775205,0.079359
0.775260,0.079359
0.775314,0.079359
0.775369,0.079359
0.775423,0.079359
0.775478,0.079359
0.775532,0.079359
0.775587,0.079359
0.775641,0.079359
0.775696,0.079359
0.775750,0.079359
0.775805,0.079359
0.775859,0.079359
0.775914,0.079359
0.775968,0.079359
0.776023,0.079359
0.776077,0.079359
0.776132,0.079359
0.776186,0.079359
0.776241,0.079359
0.776295,0.079359
0.776350,0.079359
0.776404,0.079359
0.776459,0.079359
0.776513,0.079359
0.776568,0.079359
0.776622,0.079359
0.776677,0.079359
0.776731,0.079359
0.776786,0.079359
0.776840,0.079359
0.776895,0.079359
0.776949,0.079359
0.777004,0.079359
0.777058,0.079359
0.777113,0.079359
0.777167,0.079359
0.777222,0.079359
0.777276,0.079359
0.777331,0.079359
0.777385,0.079359
0.777440,0.079359
0.777494,0.079359
0.777549,0.079359
0.777603,0.079359
0.777658,0.079168
0.777713,0.079359
0.777767,0.079359
0.777822,0.079168
0.777876,0.079168
0.777931,0.079359
0.777985,0.079359
0.778040,0.079359
0.778094,0.079168
0.778149,0.079359
0.778203,0.079168
0.778258,0.079359
0.778312,0.079359
0.778367,0.079359
0.778421,0.079168
0.778476,0.079168
0.778530,0.079359
0.778585,0.079359
0.778639,0.079168
0.778694,0.079359
0.778748,0.079359
0.778803,0.079168
0.778857,0.079168
0.778912,0.079168
0.778966,0.079168
0.779021,0.079359
0.779075,0.079168
0.779130,0.079168
0.779184,0.079168
0.779239,0.079168
0.779293,0.079168
0.779348,0.079168
0.779402,0.079168
0.779457,0.079168
0.779511,0.079168
0.779566,0.079168
0.779620,0.079168
0.779675,0.079168
0.779729,0.079168
0.779784,0.079168
0.779838,0.079168
0.779893,0.079168
0.779947,0.079168
0.780002,0.079168
0.780056,0.079168
0.780111,0.079168
0.780165,0.079168
0.780220,0.079168
0.780274,0.079168
0.780329,0.079168
0.780383,0.079168
0.780438,0.079168
0.780492,0.079168
0.780547,0.079168
0.780601,0.079168
0.780656,0.079168
0.780710,0.079168
0.780765,0.079168
0.780820,0.079168
0.780874,0.079168
0.780929,0.079168
0.780983,0.079168
0.781038,0.079168
0.781092,0.079168
0.781147,0.079168
0.781201,0.079168
0.781256,0.079168
0.781310,0.079168
0.781365,0.079168
0.781419,0.079168
0.781474,0.079168
0.781528,0.079168
0.781583,0.079168
0.781637,0.079168
0.781692,0.079168
0.781746,0.079168
0.781801,0.079168
0.781855,0.079168
0.781910,0.079168
0.781964,0.079168
0.782019,0.079168
0.782073,0.079168
0.782128,0.079168
0.782182,0.079168
0.782237,0.079168
0.782291,0.079168
0.782346,0.079168
0.782400,0.079168
0.782455,0.079168
0.782509,0.079168
0.782564,0.079168
0.782618,0.079168
0.782673,0.079168
0.782727,0.079168
0.782782,0.079168
0.782836,0.079168
0.782891,0.079168
0.782945,0.079168
0.783000,0.079168
0.783054,0.079168
0.783109,0.079168
0.783163,0.079168
0.783218,0.079168
0.783272,0.079168
0.783327,0.079168
0.783381,0.079168
0.783436,0.079168
0.783490,0.079168
0.783545,0.079168
0.783599,0.079168
0.783654,0.079168
0.783708,0.079168
0.783763,0.079168
0.783817,0.079168
0.783872,0.079168
0.783926,0.079168
0.783981,0.079168
0.784036,0.079168
0.784090,0.079168
0.784145,0.079168
0.784199,0.079168
0.784254,0.079168
0.784308,0.079168
0.784363,0.079168
0.784417,0.079168
0.784472,0.079168
0.784526,0.079168
0.784581,0.079168
0.784635,0.079168
0.784690,0.079168
0.784744,0.079168
0.784799,0.079168
0.784853,0.079168
0.784908,0.079168
0.784962,0.079168
0.785017,0.079168
0.785071,0.079168
0.785126,0.079168
0.785180,0.079168
0.785235,0.079168
0.785289,0.079168
0.785344,0.079168
0.785398,0.079168
0.785453,0.079168
0.785507,0.078977
0.785562,0.079168
0.785616,0.079168
0.785671,0.079168
0.785725,0.079168
0.785780,0.079168
0.785834,0.079168
0.785889,0.079168
0.785943,0.079168
0.785998,0.079168
0.786052,0.079168
0.786107,0.079168
0.786161,0.078977
0.786216,0.079168
0.786270,0.079168
0.786325,0.078977
0.786379,0.079168
0.786434,0.078977
0.786488,0.078977
0.786543,0.079168
0.786597,0.078977
0.786652,0.079168
0.786706,0.079168
0.786761,0.079168
0.786815,0.078977
0.786870,0.079168
0.786924,0.079168
0.786979,0.079168
0.787033,0.078977
0.787088,0.078977
0.787142,0.079168
0.787197,0.078977
0.787252,0.079168
0.787306,0.078977
0.787361,0.079168
0.787415,0.078977
0.787470,0.079168
0.787524,0.078977
0.787579,0.078977
0.787633,0.078977
0.787688,0.078977
0.787742,0.078977
0.787797,0.078977
0.787851,0.078977
0.787906,0.078977
0.787960,0.078977
0.788015,0.078977
0.788069,0.078977
0.788124,0.078977
0.788178,0.078977
0.788233,0.078977
0.788287,0.078977
0.788342,0.078977
0.788396,0.078977
0.788451,0.078977
0.788505,0.078977
0.788560,0.078977
0.788614,0.078977
0.788669,0.078977
0.788723,0.078977
0.788778,0.078977
0.788832,0.078977
0.788887,0.078977
0.788941,0.078977
0.788996,0.078977
0.789050,0.078977
0.789105,0.078977
0.789159,0.078977
0.789214,0.078977
0.789268,0.078977
0.789323,0.078977
0.789377,0.078977
0.789432,0.078977
0.789486,0.078977
0.789541,0.078977
0.789595,0.078977
0.789650,0.078977
0.789704,0.078977
0.789759,0.078977
0.789813,0.078977
0.789868,0.078977
0.789922,0.078977
0.789977,0.078977
0.790031,0.078977
0.790086,0.078977
0.790140,0.078977
0.790195,0.078977
0.790249,0.078977
0.790304,0.078977
0.790358,0.078977
0.790413,0.078977
0.790468,0.078977
0.790522,0.078977
0.790577,0.078977
0.790631,0.078977
0.790686,0.078977
0.790740,0.078977
0.790795,0.078786
0.790849,0.078977
0.790904,0.078977
0.790958,0.078977
0.791013,0.078977
0.791067,0.078977
0.791122,0.078977
0.791176,0.078977
0.791231,0.078977
0.791285,0.078977
0.791340,0.078977
0.791394,0.078977
0.791449,0.078977
0.791503,0.078977
0.791558,0.078977
0.791612,0.078977
0.791667,0.078977
0.791721,0.078977
0.791776,0.078977
0.791830,0.078977
0.791885,0.078977
0.791939,0.078977
0.791994,0.078977
0.792048,0.078977
0.792103,0.078977
0.792157,0.078977
0.792212,0.078977
0.792266,0.078977
0.792321,0.078977
0.792375,0.078977
0.792430,0.078977
0.792484,0.078786
0.792539,0.078786
0.792593,0.078786
0.792648,0.078786
0.792702,0.078786
0.792757,0.078786
0.792811,0.078977
0.792866,0.078977
0.792920,0.078977
0.792975,0.078786
0.793029,0.078786
0.793084,0.078977
0.793138,0.078977
0.793193,0.078786
0.793247,0.078786
0.793302,0.078977
0.793356,0.078786
0.793411,0.078786
0.793465,0.078786
0.793520,0.078786
0.793575,0.078786
0.793629,0.078977
0.793684,0.078786
0.793738,0.078977
0.793793,0.078786
0.793847,0.078786
0.793902,0.078786
0.793956,0.078786
0.794011,0.078786
0.794065,0.078786
0.794120,0.078786
0.794174,0.078786
0.794229,0.078786
0.794283,0.078786
0.794338,0.078786
0.794392,0.078786
0.794447,0.078786
0.794501,0.078786
0.794556,0.078786
0.794610,0.078786
0.794665,0.078977
0.794719,0.078786
0.794774,0.078786
0.794828,0.078786
0.794883,0.078786
0.794937,0.078786
0.794992,0.078786
0.795046,0.078786
0.795101,0.078786
0.795155,0.078786
0.795210,0.078786
0.795264,0.078786
0.795319,0.078786
0.795373,0.078786
0.795428,0.078786
0.795482,0.078786
0.795537,0.078786
0.795591,0.078786
0.795646,0.078786
0.795700,0.078786
0.795755,0.078786
0.795809,0.078786
0.795864,0.078786
0.795918,0.078786
0.795973,0.078786
0.796027,0.078786
0.796082,0.078786
0.796136,0.078786
0.796191,0.078786
0.796245,0.078786
0.796300,0.078786
0.796354,0.078786
0.796409,0.078786
0.796463,0.078786
0.796518,0.078786
0.796572,0.078786
0.796627,0.078786
0.796681,0.078786
0.796736,0.078786
0.796791,0.078786
0.796845,0.078786
0.796900,0.078786
0.796954,0.078786
0.797009,0.078786
0.797063,0.078786
0.797118,0.078786
0.797172,0.078786
0.797227,0.078786
0.797281,0.078786
0.797336,0.078786
0.797390,0.078786
0.797445,0.078786
0.797499,0.078786
0.797554,0.078786
0.797608,0.078786
0.797663,0.078786
0.797717,0.078786
0.797772,0.078786
0.797826,0.078786
0.797881,0.078786
0.797935,0.078786
0.797990,0.078786
0.798044,0.078786
0.798099,0.078786
0.798153,0.078786
0.798208,0.078786
0.798262,0.078786
0.798317,0.078786
0.798371,0.078786
0.798426,0.078786
0.798480,0.078786
0.798535,0.078786
0.798589,0.078786
0.798644,0.078786
0.798698,0.078786
0.798753,0.078786
0.798807,0.078786
0.798862,0.078786
0.798916,0.078786
0.798971,0.078786
0.799025,0.078786
0.799080,0.078786
0.799134,0.078786
0.799189,0.078786
0.799243,0.078786
0.799298,0.078786
0.799352,0.078786
0.799407,0.078786
0.799461,0.078786
0.799516,0.078786
0.799570,0.078786
0.799625,0.078786
0.799679,0.078786
0.799734,0.078786
0.799788,0.078786
0.799843,0.078786
0.799897,0.078786
0.799952,0.078786
0.800007,0.078786
0.800061,0.078786
0.800116,0.078786
0.800170,0.078786
0.800225,0.078786
0.800279,0.078786
0.800334,0.078786
0.800388,0.078786
0.800443,0.078786
0.800497,0.078786
0.800552,0.078786
0.800606,0.078786
0.800661,0.078786
0.800715,0.078786
0.800770,0.078595
0.800824,0.078786
0.800879,0.078786
0.800933,0.078786
0.800988,0.078786
0.801042,0.078786
0.801097,0.078786
0.801151,0.078786
0.801206,0.078595
0.801260,0.078786
0.801315,0.078786
0.801369,0.078786
0.801424,0.078786
0.801478,0.078786
0.801533,0.078786
0.801587,0.078595
0.801642,0.078786
0.801696,0.078786
0.801751,0.078786
0.801805,0.078786
0.801860,0.078595
0.801914,0.078786
0.801969,0.078595
0.802023,0.078595
0.802078,0.078595
0.802132,0.078595
0.802187,0.078595
0.802241,0.078595
0.802296,0.078786
0.802350,0.078786
0.802405,0.078595
0.802459,0.078595
0.802514,0.078595
0.802568,0.078595
0.802623,0.078595
0.802677,0.078786
0.802732,0.078595
0.802786,0.078595
0.802841,0.078595
0.802895,0.078595
0.802950,0.078595
0.803004,0.078595
0.803059,0.078595
0.803114,0.078595
0.803168,0.078595
0.803223,0.078595
0.803277,0.078595
0.803332,0.078595
0.803386,0.078595
0.803441,0.078595
0.803495,0.078595
0.803550,0.078595
0.803604,0.078595
0.803659,0.078595
0.803713,0.078595
0.803768,0.078595
0.803822,0.078595
0.803877,0.078595
0.803931,0.078595
0.803986,0.078595
0.804040,0.078595
0.804095,0.078595
0.804149,0.078595
0.804204,0.078595
0.804258,0.078595
0.804313,0.078595
0.804367,0.078595
0.804422,0.078595
0.804476,0.078595
0.804531,0.078595
0.804585,0.078595
0.804640,0.078595
0.804694,0.078595
0.804749,0.078595
0.804803,0.078595
0.804858,0.078595
0.804912,0.078595
0.804967,0.078595
0.805021,0.078595
0.805076,0.078595
0.805130,0.078595
0.805185,0.078595
0.805239,0.078595
0.805294,0.078595
0.805348,0.078595
0.805403,0.078595
0.805457,0.078595
0.805512,0.078595
0.805566,0.078595
0.805621,0.078595
0.805675,0.078595
0.805730,0.078595
0.805784,0.078595
0.805839,0.078595
0.805893,0.078595
0.805948,0.078595
0.806002,0.078595
0.806057,0.078595
0.806111,0.078595
0.806166,0.078595
0.806220,0.078595
0.806275,0.078405
0.806330,0.078595
0.806384,0.078405
0.806439,0.078405
0.806493,0.078405
0.806548,0.078595
0.806602,0.078595
0.806657,0.078595
0.806711,0.078595
0.806766,0.078405
0.806820,0.078595
0.806875,0.078595
0.806929,0.078595
0.806984,0.078595
0.807038,0.078595
0.807093,0.078405
0.807147,0.078405
0.807202,0.078405
0.807256,0.078405
0.807311,0.078595
0.807365,0.078405
0.807420,0.078405
0.807474,0.078595
0.807529,0.078595
0.807583,0.078405
0.807638,0.078405
0.807692,0.078405
0.807747,0.078405
0.807801,0.078405
0.807856,0.078405
0.807910,0.078405
0.807965,0.078405
0.808019,0.078405
0.808074,0.078405
0.808128,0.078405
0.808183,0.078595
0.808237,0.078405
0.808292,0.078405
0.808346,0.078405
0.808401,0.078405
0.808455,0.078405
0.808510,0.078405
0.808564,0.078405
0.808619,0.078405
0.808673,0.078405
0.808728,0.078405
0.808782,0.078405
0.808837,0.078405
0.808891,0.078405
0.808946,0.078405
0.809000,0.078405
0.809055,0.078405
0.809109,0.078405
0.809164,0.078405
0.809218,0.078405
0.809273,0.078405
0.809327,0.078405
0.809382,0.078405
0.809436,0.078405
0.809491,0.078405
0.809546,0.078405
0.809600,0.078405
0.809655,0.078405
0.809709,0.078405
0.809764,0.078405
0.809818,0.078405
0.809873,0.078405
0.809927,0.078405
0.809982,0.078405
0.810036,0.078405
0.810091,0.078405
0.810145,0.078405
0.810200,0.078405
0.810254,0.078405
0.810309,0.078405
0.810363,0.078405
0.810418,0.078405
0.810472,0.078405
0.810527,0.078405
0.810581,0.078405
0.810636,0.078405
0.810690,0.078405
0.810745,0.078405
0.810799,0.078405
0.810854,0.078405
0.810908,0.078405
0.810963,0.078405
0.811017,0.078405
0.811072,0.078405
0.811126,0.078405
0.811181,0.078405
0.811235,0.078405
0.811290,0.078405
0.811344,0.078405
0.811399,0.078405
0.811453,0.078405
0.811508,0.078405
0.811562,0.078405
0.811617,0.078405
0.811671,0.078405
0.811726,0.078405
0.811780,0.078405
0.811835,0.078405
0.811889,0.078405
0.811944,0.078405
0.811998,0.078405
0.812053,0.078405
0.812107,0.078405
0.812162,0.078405
0.812216,0.078405
0.812271,0.078405
0.812325,0.078405
0.812380,0.078405
0.812434,0.078405
0.812489,0.078405
0.812543,0.078405
0.812598,0.078405
0.812652,0.078405
0.812707,0.078405
0.812762,0.078405
0.812816,0.078405
0.812871,0.078405
0.812925,0.078405
0.812980,0.078405
0.813034,0.078405
0.813089,0.078405
0.813143,0.078405
0.813198,0.078405
0.813252,0.078405
0.813307,0.078405
0.813361,0.078405
0.813416,0.078405
0.813470,0.078405
0.813525,0.078405
0.813579,0.078405
0.813634,0.078405
0.813688,0.078405
0.813743,0.078405
0.813797,0.078405
0.813852,0.078405
0.813906,0.078405
0.813961,0.078405
0.814015,0.078405
0.814070,0.078405
0.814124,0.078405
0.814179,0.078405
0.814233,0.078405
0.814288,0.078405
0.814342,0.078405
0.814397,0.078405
0.814451,0.078214
0.814506,0.078405
0.814560,0.078214
0.814615,0.078214
0.814669,0.078214
0.814724,0.078214
0.814778,0.078214
0.814833,0.078214
0.814887,0.078214
0.814942,0.078405
0.814996,0.078214
0.815051,0.078214
0.815105,0.078405
0.815160,0.078214
0.815214,0.078214
0.815269,0.078405
0.815323,0.078405
0.815378,0.078214
0.815432,0.078214
0.815487,0.078405
0.815541,0.078214
0.815596,0.078214
0.815650,0.078214
0.815705,0.078214
0.815759,0.078214
0.815814,0.078214
0.815869,0.078214
0.815923,0.078214
0.815978,0.078214
0.816032,0.078214
0.816087,0.078214
0.816141,0.078214
0.816196,0.078214
0.816250,0.078214
0.816305,0.078214
0.816359,0.078405
0.816414,0.078214
0.816468,0.078214
0.816523,0.078214
0.816577,0.078214
0.816632,0.078214
0.816686,0.078214
0.816741,0.078214
0.816795,0.078214
0.816850,0.078214
0.816904,0.078214
0.816959,0.078214
0.817013,0.078214
0.817068,0.078214
0.817122,0.078214
0.817177,0.078214
0.817231,0.078214
0.817286,0.078214
0.817340,0.078214
0.817395,0.078214
0.817449,0.078214
0.817504,0.078214
0.817558,0.078214
0.817613,0.078214
0.817667,0.078214
0.817722,0.078214
0.817776,0.078214
0.817831,0.078214
0.817885,0.078214
0.817940,0.078214
0.817994,0.078214
0.818049,0.078214
0.818103,0.078214
0.818158,0.078214
0.818212,0.078214
0.818267,0.078214
0.818321,0.078214
0.818376,0.078214
0.818430,0.078214
0.818485,0.078214
0.818539,0.078214
0.818594,0.078214
0.818648,0.078214
0.818703,0.078214
0.818757,0.078214
0.818812,0.078023
0.818866,0.078214
0.818921,0.078214
0.818975,0.078214
0.819030,0.078214
0.819085,0.078214
0.819139,0.078023
0.819194,0.078214
0.819248,0.078023
0.819303,0.078023
0.819357,0.078023
0.819412,0.078023
0.819466,0.078023
0.819521,0.078023
0.819575,0.078214
0.819630,0.078214
0.819684,0.078023
0.819739,0.078023
0.819793,0.078023
0.819848,0.078214
0.819902,0.078023
0.819957,0.078214
0.820011,0.078023
0.820066,0.078023
0.820120,0.078023
0.820175,0.078023
0.820229,0.078023
0.820284,0.078023
0.820338,0.078023
0.820393,0.078023
0.820447,0.078023
0.820502,0.078023
0.820556,0.078023
0.820611,0.078023
0.820665,0.078023
0.820720,0.078023
0.820774,0.078023
0.820829,0.078023
0.820883,0.078023
0.820938,0.078023
0.820992,0.078023
0.821047,0.078023
0.821101,0.078023
0.821156,0.078023
0.821210,0.078023
0.821265,0.078023
0.821319,0.078023
0.821374,0.078023
0.821428,0.078023
0.821483,0.078023
0.821537,0.078023
0.821592,0.078023
0.821646,0.078023
0.821701,0.078023
0.821755,0.078023
0.821810,0.078023
0.821864,0.078023
0.821919,0.078023
0.821973,0.078023
0.822028,0.078023
0.822082,0.078023
0.822137,0.078023
0.822191,0.078023
0.822246,0.078023
0.822301,0.078023
0.822355,0.078023
0.822410,0.078023
0.822464,0.078023
0.822519,0.078023
0.822573,0.078023
0.822628,0.078023
0.822682,0.078023
0.822737,0.078023
0.822791,0.078023
0.822846,0.078023
0.822900,0.078023
0.822955,0.078023
0.823009,0.078023
0.823064,0.078023
0.823118,0.078023
0.823173,0.078023
0.823227,0.078023
0.823282,0.078023
0.823336,0.078023
0.823391,0.078023
0.823445,0.078023
0.823500,0.078023
0.823554,0.078023
0.823609,0.078023
0.823663,0.078023
0.823718,0.078023
0.823772,0.078023
0.823827,0.078023
0.823881,0.078023
0.823936,0.078023
0.823990,0.078023
0.824045,0.078023
0.824099,0.078023
0.824154,0.078023
0.824208,0.078023
0.824263,0.078023
0.824317,0.078023
0.824372,0.078023
0.824426,0.078023
0.824481,0.078023
0.824535,0.078023
0.824590,0.078023
0.824644,0.078023
0.824699,0.078023
0.824753,0.078023
0.824808,0.078023
0.824862,0.078023
0.824917,0.078023
0.824971,0.078023
0.825026,0.078023
0.825080,0.078023
0.825135,0.078023
0.825189,0.078023
0.825244,0.078023
0.825298,0.078023
0.825353,0.078023
0.825408,0.077832
0.825462,0.077832
0.825517,0.077832
0.825571,0.078023
0.825626,0.077832
0.825680,0.078023
0.825735,0.078023
0.825789,0.078023
0.825844,0.078023
0.825898,0.078023
0.825953,0.077832
0.826007,0.078023
0.826062,0.078023
0.826116,0.077832
0.826171,0.077832
0.826225,0.078023
0.826280,0.077832
0.826334,0.077832
0.826389,0.077832
0.826443,0.078023
0.826498,0.078023
0.826552,0.077832
0.826607,0.077832
0.826661,0.078023
0.826716,0.077832
0.826770,0.077832
0.826825,0.077832
0.826879,0.077832
0.826934,0.077832
0.826988,0.077832
0.827043,0.077832
0.827097,0.077832
0.827152,0.077832
0.827206,0.077832
0.827261,0.077832
0.827315,0.077832
0.827370,0.077832
0.827424,0.077832
0.827479,0.077832
0.827533,0.077832
0.827588,0.077832
0.827642,0.077832
0.827697,0.077832
0.827751,0.077832
0.827806,0.077832
0.827860,0.077832
0.827915,0.077832
0.827969,0.077832
0.828024,0.077832
0.828078,0.077832
0.828133,0.077832
0.828187,0.077832
0.828242,0.077832
0.828296,0.077832
0.828351,0.077832
0.828405,0.077832
0.828460,0.077832
0.828514,0.077832
0.828569,0.077832
0.828624,0.077832
0.828678,0.077832
0.828733,0.077832
0.828787,0.077832
0.828842,0.077832
0.828896,0.077832
0.828951,0.077832
0.829005,0.077832
0.829060,0.077832
0.829114,0.077832
0.829169,0.077832
0.829223,0.077832
0.829278,0.077832
0.829332,0.077832
0.829387,0.077832
0.829441,0.077642
0.829496,0.077832
0.829550,0.077832
0.829605,0.077832
0.829659,0.077832
0.829714,0.077832
0.829768,0.077642
0.829823,0.077832
0.829877,0.077832
0.829932,0.077832
0.829986,0.077832
0.830041,0.077642
0.830095,0.077832
0.830150,0.077832
0.830204,0.077642
0.830259,0.077832
0.830313,0.077642
0.830368,0.077642
0.830422,0.077642
0.830477,0.077642
0.830531,0.077642
0.830586,0.077642
0.830640,0.077832
0.830695,0.077832
0.830749,0.077642
0.830804,0.077642
0.830858,0.077642
0.830913,0.077642
0.830967,0.077642
0.831022,0.077642
0.831076,0.077642
0.831131,0.077642
0.831185,0.077642
0.831240,0.077642
0.831294,0.077642
0.831349,0.077642
0.831403,0.077642
0.831458,0.077642
0.831512,0.077642
0.831567,0.077642
0.831621,0.077642
0.831676,0.077642
0.831730,0.077642
0.831785,0.077642
0.831840,0.077642
0.831894,0.077642
0.831949,0.077642
0.832003,0.077642
0.832058,0.077642
0.832112,0.077642
0.832167,0.077642
0.832221,0.077642
0.832276,0.077642
0.832330,0.077642
0.832385,0.077642
0.832439,0.077642
0.832494,0.077642
0.832548,0.077642
0.832603,0.077642
0.832657,0.077642
0.832712,0.077642
0.832766,0.077642
0.832821,0.077642
0.832875,0.077642
0.832930,0.077642
0.832984,0.077642
0.833039,0.077642
0.833093,0.077642
0.833148,0.077642
0.833202,0.077642
0.833257,0.077642
0.833311,0.077642
0.833366,0.077642
0.833420,0.077642
0.833475,0.077642
0.833529,0.077642
0.833584,0.077642
0.833638,0.077642
0.833693,0.077642
0.833747,0.077642
0.833802,0.077642
0.833856,0.077642
0.833911,0.077642
0.833965,0.077642
0.834020,0.077642
0.834074,0.077642
0.834129,0.077642
0.834183,0.077642
0.834238,0.077642
0.834292,0.077642
0.834347,0.077642
0.834401,0.077642
0.834456,0.077642
0.834510,0.077642
0.834565,0.077642
0.834619,0.077642
0.834674,0.077642
0.834728,0.077642
0.834783,0.077642
0.834837,0.077642
0.834892,0.077642
0.834947,0.077642
0.835001,0.077642
0.835056,0.077642
0.835110,0.077642
0.835165,0.077642
0.835219,0.077642
0.835274,0.077642
0.835328,0.077642
0.835383,0.077642
0.835437,0.077642
0.835492,0.077642
0.835546,0.077642
0.835601,0.077642
0.835655,0.077642
0.835710,0.077642
0.835764,0.077642
0.835819,0.077642
0.835873,0.077642
0.835928,0.077642
0.835982,0.077642
0.836037,0.077642
0.836091,0.077642
0.836146,0.077642
0.836200,0.077642
0.836255,0.077642
0.836309,0.077642
0.836364,0.077451
0.836418,0.077642
0.836473,0.077451
0.836527,0.077642
0.836582,0.077642
0.836636,0.077642
0.836691,0.077642
0.836745,0.077451
0.836800,0.077642
0.836854,0.077642
0.836909,0.077451
0.836963,0.077642
0.837018,0.077451
0.837072,0.077642
0.837127,0.077642
0.837181,0.077642
0.837236,0.077642
0.837290,0.077642
0.837345,0.077451
0.837399,0.077642
0.837454,0.077451
0.837508,0.077642
0.837563,0.077642
0.837617,0.077451
0.837672,0.077451
0.837726,0.077451
0.837781,0.077451
0.837835,0.077451
0.837890,0.077451
0.837944,0.077642
0.837999,0.077451
0.838053,0.077451
0.838108,0.077451
0.838163,0.077451
0.838217,0.077451
0.838272,0.077451
0.838326,0.077451
0.838381,0.077451
0.838435,0.077451
0.838490,0.077451
0.838544,0.077451
0.838599,0.077451
0.838653,0.077451
0.838708,0.077451
0.838762,0.077451
0.838817,0.077451
0.838871,0.077451
0.838926,0.077451
0.838980,0.077451
0.839035,0.077451
0.839089,0.077451
0.839144,0.077451
0.839198,0.077451
0.839253,0.077451
0.839307,0.077451
0.839362,0.077451
0.839416,0.077451
0.839471,0.077451
0.839525,0.077451
0.839580,0.077451
0.839634,0.077451
0.839689,0.077451
0.839743,0.077451
0.839798,0.077451
0.839852,0.077451
0.839907,0.077451
0.839961,0.077451
0.840016,0.077451
0.840070,0.077451
0.840125,0.077451
0.840179,0.077451
0.840234,0.077451
0.840288,0.077451
0.840343,0.077451
0.840397,0.077260
0.840452,0.077260
0.840506,0.077451
0.840561,0.077451
0.840615,0.077451
0.840670,0.077260
0.840724,0.077451
0.840779,0.077451
0.840833,0.077451
0.840888,0.077260
0.840942,0.077451
0.840997,0.077260
0.841051,0.077260
0.841106,0.077451
0.841160,0.077260
0.841215,0.077260
0.841269,0.077260
0.841324,0.077260
0.841379,0.077260
0.841433,0.077260
0.841488,0.077451
0.841542,0.077260
0.841597,0.077451
0.841651,0.077260
0.841706,0.077260
0.841760,0.077260
0.841815,0.077260
0.841869,0.077260
0.841924,0.077260
0.841978,0.077260
0.842033,0.077260
0.842087,0.077260
0.842142,0.077260
0.842196,0.077260
0.842251,0.077260
0.842305,0.077260
0.842360,0.077260
0.842414,0.077260
0.842469,0.077260
0.842523,0.077260
0.842578,0.077260
0.842632,0.077260
0.842687,0.077260
0.842741,0.077260
0.842796,0.077260
0.842850,0.077260
0.842905,0.077260
0.842959,0.077260
0.843014,0.077260
0.843068,0.077260
0.843123,0.077260
0.843177,0.077260
0.843232,0.077260
0.843286,0.077260
0.843341,0.077260
0.843395,0.077260
0.843450,0.077260
0.843504,0.077260
0.843559,0.077260
0.843613,0.077260
0.843668,0.077260
0.843722,0.077260
0.843777,0.077260
0.843831,0.077260
0.843886,0.077260
0.843940,0.077260
0.843995,0.077260
0.844049,0.077260
0.844104,0.077260
0.844158,0.077260
0.844213,0.077260
0.844267,0.077260
0.844322,0.077260
0.844376,0.077260
0.844431,0.077260
0.844485,0.077260
0.844540,0.077260
0.844595,0.077260
0.844649,0.077260
0.844704,0.077260
0.844758,0.077260
0.844813,0.077260
0.844867,0.077260
0.844922,0.077260
0.844976,0.077260
0.845031,0.077260
0.845085,0.077260
0.845140,0.077260
0.845194,0.077260
0.845249,0.077069
0.845303,0.077260
0.845358,0.077260
0.845412,0.077260
0.845467,0.077260
0.845521,0.077260
0.845576,0.077260
0.845630,0.077260
0.845685,0.077260
0.845739,0.077260
0.845794,0.077260
0.845848,0.077069
0.845903,0.077260
0.845957,0.077260
0.846012,0.077260
0.846066,0.077260
0.846121,0.077069
0.846175,0.077069
0.846230,0.077260
0.846284,0.077069
0.846339,0.077069
0.846393,0.077069
0.846448,0.077069
0.846502,0.077069
0.846557,0.077069
0.846611,0.077069
0.846666,0.077069
0.846720,0.077069
0.846775,0.077069
0.846829,0.077069
0.846884,0.077260
0.846938,0.077069
0.846993,0.077069
0.847047,0.077069
0.847102,0.077069
0.847156,0.077069
0.847211,0.077069
0.847265,0.077069
0.847320,0.077069
0.847374,0.077069
0.847429,0.077069
0.847483,0.077069
0.847538,0.077069
0.847592,0.077069
0.847647,0.077069
0.847701,0.077069
0.847756,0.077069
0.847811,0.077069
0.847865,0.077069
0.847920,0.077069
0.847974,0.077069
0.848029,0.077069
0.848083,0.077069
0.848138,0.077069
0.848192,0.077069
0.848247,0.077069
0.848301,0.077069
0.848356,0.077069
0.848410,0.077069
0.848465,0.077069
0.848519,0.077069
0.848574,0.077069
0.848628,0.077069
0.848683,0.076879
0.848737,0.077069
0.848792,0.077069
0.848846,0.077069
0.848901,0.077069
0.848955,0.076879
0.849010,0.076879
0.849064,0.077069
0.849119,0.077069
0.849173,0.077069
0.849228,0.076879
0.849282,0.077069
0.849337,0.077069
0.849391,0.077069
0.849446,0.076879
0.849500,0.076879
0.849555,0.077069
0.849609,0.076879
0.849664,0.076879
0.849718,0.076879
0.849773,0.077069
0.849827,0.076879
0.849882,0.076879
0.849936,0.076879
0.849991,0.076879
0.850045,0.076879
0.850100,0.076879
0.850154,0.076879
0.850209,0.076879
0.850263,0.076879
0.850318,0.076879
0.850372,0.076879
0.850427,0.076879
0.850481,0.076879
0.850536,0.076879
0.850590,0.076879
0.850645,0.076879
0.850699,0.076879
0.850754,0.076879
0.850808,0.076879
0.850863,0.076879
0.850918,0.076879
0.850972,0.076879
0.851027,0.076879
0.851081,0.076879
0.851136,0.076879
0.851190,0.076879
0.851245,0.076879
0.851299,0.076879
0.851354,0.076879
0.851408,0.076879
0.851463,0.076879
0.851517,0.076879
0.851572,0.076879
0.851626,0.076879
0.851681,0.076879
0.851735,0.076879
0.851790,0.076879
0.851844,0.076879
0.851899,0.076879
0.851953,0.076879
0.852008,0.076879
0.852062,0.076879
0.852117,0.076879
0.852171,0.076879
0.852226,0.076879
0.852280,0.076879
0.852335,0.076879
0.852389,0.076879
0.852444,0.076879
0.852498,0.076879
0.852553,0.076879
0.852607,0.076879
0.852662,0.076879
0.852716,0.076879
0.852771,0.076688
0.852825,0.076879
0.852880,0.076688
0.852934,0.076879
0.852989,0.076879
0.853043,0.076879
0.853098,0.076879
0.853152,0.076879
0.853207,0.076688
0.853261,0.076688
0.853316,0.076688
0.853370,0.076688
0.853425,0.076688
0.853479,0.076879
0.853534,0.076879
0.853588,0.076879
0.853643,0.076688
0.853697,0.076688
0.853752,0.076688
0.853806,0.076688
0.853861,0.076688
0.853915,0.076688
0.853970,0.076879
0.854024,0.076688
0.854079,0.076688
0.854134,0.076688
0.854188,0.076688
0.854243,0.076688
0.854297,0.076688
0.854352,0.076688
0.854406,0.076688
0.854461,0.076688
0.854515,0.076688
0.854570,0.076688
0.854624,0.076688
0.854679,0.076688
0.854733,0.076688
0.854788,0.076688
0.854842,0.076688
0.854897,0.076688
0.854951,0.076688
0.855006,0.076688
0.855060,0.076688
0.855115,0.076688
0.855169,0.076688
0.855224,0.076688
0.855278,0.076688
0.855333,0.076688
0.855387,0.076688
0.855442,0.076688
0.855496,0.076688
0.855551,0.076688
0.855605,0.076688
0.855660,0.076688
0.855714,0.076688
0.855769,0.076688
0.855823,0.076497
0.855878,0.076688
0.855932,0.076688
0.855987,0.076688
0.856041,0.076497
0.856096,0.076497
0.856150,0.076688
0.856205,0.076497
0.856259,0.076688
0.856314,0.076688
0.856368,0.076497
0.856423,0.076497
0.856477,0.076497
0.856532,0.076497
0.856586,0.076497
0.856641,0.076497
0.856695,0.076497
0.856750,0.076497
0.856804,0.076497
0.856859,0.076688
0.856913,0.076497
0.856968,0.076497
0.857022,0.076497
0.857077,0.076497
0.857131,0.076497
0.857186,0.076497
0.857240,0.076497
0.857295,0.076497
0.857350,0.076497
0.857404,0.076497
0.857459,0.076497
0.857513,0.076497
0.857568,0.076497
0.857622,0.076497
0.857677,0.076497
0.857731,0.076497
0.857786,0.076497
0.857840,0.076497
0.857895,0.076497
0.857949,0.076497
0.858004,0.076497
0.858058,0.076497
0.858113,0.076497
0.858167,0.076497
0.858222,0.076497
0.858276,0.076497
0.858331,0.076497
0.858385,0.076497
0.858440,0.076497
0.858494,0.076497
0.858549,0.076497
0.858603,0.076497
0.858658,0.076497
0.858712,0.076497
0.858767,0.076497
0.858821,0.076497
0.858876,0.076497
0.858930,0.076497
0.858985,0.076497
0.859039,0.076497
0.859094,0.076497
0.859148,0.076497
0.859203,0.076497
0.859257,0.076497
0.859312,0.076497
0.859366,0.076497
0.859421,0.076497
0.859475,0.076497
0.859530,0.076497
0.859584,0.076497
0.859639,0.076497
0.859693,0.076497
0.859748,0.076497
0.859802,0.076497
0.859857,0.076497
0.859911,0.076497
0.859966,0.076497
0.860020,0.076306
0.860075,0.076497
0.860129,0.076497
0.860184,0.076306
0.860238,0.076306
0.860293,0.076497
0.860347,0.076306
0.860402,0.076306
0.860456,0.076497
0.860511,0.076497
0.860566,0.076306
0.860620,0.076306
0.860675,0.076306
0.860729,0.076306
0.860784,0.076306
0.860838,0.076306
0.860893,0.076306
0.860947,0.076497
0.861002,0.076306
0.861056,0.076306
0.861111,0.076306
0.861165,0.076306
0.861220,0.076306
0.861274,0.076306
0.861329,0.076306
0.861383,0.076306
0.861438,0.076306
0.861492,0.076306
0.861547,0.076306
0.861601,0.076306
0.861656,0.076306
0.861710,0.076306
0.861765,0.076306
0.861819,0.076306
0.861874,0.076116
0.861928,0.076116
0.861983,0.076306
0.862037,0.076116
0.862092,0.076306
0.862146,0.076306
0.862201,0.076306
0.862255,0.076306
0.862310,0.076116
0.862364,0.076116
0.862419,0.076116
0.862473,0.076116
0.862528,0.076116
0.862582,0.076116
0.862637,0.076116
0.862691,0.076306
0.862746,0.076116
0.862800,0.076306
0.862855,0.076116
0.862909,0.076116
0.862964,0.076116
0.863018,0.076116
0.863073,0.076116
0.863127,0.076116
0.863182,0.076116
0.863236,0.076116
0.863291,0.076116
0.863345,0.076116
0.863400,0.076116
0.863454,0.076116
0.863509,0.076116
0.863563,0.076116
0.863618,0.076116
0.863672,0.076116
0.863727,0.076116
0.863782,0.076116
0.863836,0.076116
0.863891,0.076116
0.863945,0.076116
0.864000,0.076116
0.864054,0.076116
0.864109,0.076116
0.864163,0.076116
0.864218,0.076116
0.864272,0.076116
0.864327,0.076116
0.864381,0.076116
0.864436,0.076116
0.864490,0.076116
0.864545,0.076116
0.864599,0.076116
0.864654,0.076116
0.864708,0.076116
0.864763,0.076116
0.864817,0.076116
0.864872,0.076116
0.864926,0.076116
0.864981,0.076116
0.865035,0.076116
0.865090,0.076116
0.865144,0.076116
0.865199,0.076116
0.865253,0.075925
0.865308,0.075925
0.865362,0.075925
0.865417,0.075925
0.865471,0.076116
0.865526,0.075925
0.865580,0.076116
0.865635,0.075925
0.865689,0.075925
0.865744,0.075925
0.865798,0.075925
0.865853,0.075925
0.865907,0.075925
0.865962,0.075925
0.866016,0.075925
0.866071,0.075925
0.866125,0.075925
0.866180,0.075925
0.866234,0.075925
0.866289,0.075925
0.866343,0.075925
0.866398,0.075925
0.866452,0.075925
0.866507,0.075925
0.866561,0.075925
0.866616,0.075925
0.866670,0.075925
0.866725,0.075925
0.866779,0.075925
0.866834,0.075925
0.866889,0.075925
0.866943,0.075925
0.866998,0.075925
0.867052,0.075925
0.867107,0.075925
0.867161,0.075925
0.867216,0.075925
0.867270,0.075925
0.867325,0.075925
0.867379,0.075925
0.867434,0.075734
0.867488,0.075734
0.867543,0.075925
0.867597,0.075734
0.867652,0.075734
0.867706,0.075734
0.867761,0.075734
0.867815,0.075734
0.867870,0.075925
0.867924,0.075734
0.867979,0.075734
0.868033,0.075734
0.868088,0.075734
0.868142,0.075734
0.868197,0.075734
0.868251,0.075734
0.868306,0.075734
0.868360,0.075734
0.868415,0.075734
0.868469,0.075734
0.868524,0.075734
0.868578,0.075734
0.868633,0.075734
0.868687,0.075734
0.868742,0.075734
0.868796,0.075734
0.868851,0.075734
0.868905,0.075734
0.868960,0.075734
0.869014,0.075734
0.869069,0.075734
0.869123,0.075734
0.869178,0.075734
0.869232,0.075734
0.869287,0.075734
0.869341,0.075734
0.869396,0.075734
0.869450,0.075734
0.869505,0.075734
0.869559,0.075734
0.869614,0.075734
0.869668,0.075734
0.869723,0.075734
0.869777,0.075734
0.869832,0.075734
0.869886,0.075734
0.869941,0.075734
0.869995,0.075734
0.870050,0.075734
0.870105,0.075734
0.870159,0.075734
0.870214,0.075734
0.870268,0.075734
0.870323,0.075734
0.870377,0.075734
0.870432,0.075734
0.870486,0.075734
0.870541,0.075734
0.870595,0.075734
0.870650,0.075543
0.870704,0.075734
0.870759,0.075734
0.870813,0.075734
0.870868,0.075734
0.870922,0.075543
0.870977,0.075734
0.871031,0.075734
0.871086,0.075543
0.871140,0.075734
0.871195,0.075734
0.871249,0.075543
0.871304,0.075734
0.871358,0.075734
0.871413,0.075543
0.871467,0.075543
0.871522,0.075543
0.871576,0.075543
0.871631,0.075543
0.871685,0.075543
0.871740,0.075543
0.871794,0.075543
0.871849,0.075543
0.871903,0.075543
0.871958,0.075543
0.872012,0.075543
0.872067,0.075543
0.872121,0.075543
0.872176,0.075543
0.872230,0.075543
0.872285,0.075543
0.872339,0.075543
0.872394,0.075543
0.872448,0.075543
0.872503,0.075543
0.872557,0.075543
0.872612,0.075543
0.872666,0.075543
0.872721,0.075543
0.872775,0.075543
0.872830,0.075543
0.872884,0.075543
0.872939,0.075352
0.872993,0.075543
0.873048,0.075543
0.873102,0.075543
0.873157,0.075543
0.873211,0.075543
0.873266,0.075543
0.873321,0.075352
0.873375,0.075352
0.873430,0.075352
0.873484,0.075352
0.873539,0.075352
0.873593,0.075352
0.873648,0.075352
0.873702,0.075352
0.873757,0.075352
0.873811,0.075352
0.873866,0.075352
0.873920,0.075352
0.873975,0.075352
0.874029,0.075352
0.874084,0.075352
0.874138,0.075352
0.874193,0.075352
0.874247,0.075352
0.874302,0.075352
0.874356,0.075352
0.874411,0.075352
0.874465,0.075352
0.874520,0.075352
0.874574,0.075352
0.874629,0.075352
0.874683,0.075352
0.874738,0.075352
0.874792,0.075352
0.874847,0.075352
0.874901,0.075352
0.874956,0.075352
0.875010,0.075352
0.875065,0.075352
0.875119,0.075352
0.875174,0.075352
0.875228,0.075352
0.875283,0.075352
0.875337,0.075352
0.875392,0.075352
0.875446,0.075352
0.875501,0.075352
0.875555,0.075352
0.875610,0.075352
0.875664,0.075352
0.875719,0.075352
0.875773,0.075162
0.875828,0.075352
0.875882,0.075352
0.875937,0.075352
0.875991,0.075162
0.876046,0.075352
0.876100,0.075352
0.876155,0.075352
0.876209,0.075162
0.876264,0.075162
0.876318,0.075162
0.876373,0.075352
0.876428,0.075162
0.876482,0.075162
0.876537,0.075162
0.876591,0.075162
0.876646,0.075162
0.876700,0.075162
0.876755,0.075162
0.876809,0.075162
0.876864,0.075162
0.876918,0.075162
0.876973,0.075162
0.877027,0.075162
0.877082,0.075162
0.877136,0.075162
0.877191,0.075162
0.877245,0.075162
0.877300,0.075162
0.877354,0.075162
0.877409,0.075162
0.877463,0.075162
0.877518,0.075162
0.877572,0.075162
0.877627,0.075162
0.877681,0.075162
0.877736,0.075162
0.877790,0.075162
0.877845,0.075162
0.877899,0.075162
0.877954,0.075162
0.878008,0.075162
0.878063,0.075162
0.878117,0.075162
0.878172,0.075162
0.878226,0.074971
0.878281,0.075162
0.878335,0.075162
0.878390,0.074971
0.878444,0.074971
0.878499,0.074971
0.878553,0.074971
0.878608,0.075162
0.878662,0.074971
0.878717,0.074971
0.878771,0.074971
0.878826,0.074971
0.878880,0.074971
0.878935,0.074971
0.878989,0.074971
0.879044,0.074971
0.879098,0.074971
0.879153,0.074971
0.879207,0.074971
0.879262,0.074971
0.879316,0.074971
0.879371,0.074971
0.879425,0.074971
0.879480,0.074971
0.879534,0.074971
0.879589,0.074971
0.879644,0.074971
0.879698,0.074971
0.879753,0.074971
0.879807,0.074971
0.879862,0.074971
0.879916,0.074971
0.879971,0.074971
0.880025,0.074971
0.880080,0.074971
0.880134,0.074971
0.880189,0.074971
0.880243,0.074971
0.880298,0.074971
0.880352,0.074971
0.880407,0.074971
0.880461,0.074971
0.880516,0.074971
0.880570,0.074971
0.880625,0.074971
0.880679,0.074971
0.880734,0.074971
0.880788,0.074971
0.880843,0.074971
0.880897,0.074971
0.880952,0.074971
0.881006,0.074780
0.881061,0.074971
0.881115,0.074780
0.881170,0.074780
0.881224,0.074971
0.881279,0.074780
0.881333,0.074780
0.881388,0.074780
0.881442,0.074780
0.881497,0.074780
0.881551,0.074780
0.881606,0.074780
0.881660,0.074780
0.881715,0.074780
0.881769,0.074780
0.881824,0.074780
0.881878,0.074780
0.881933,0.074780
0.881987,0.074780
0.882042,0.074780
0.882096,0.074780
0.882151,0.074780
0.882205,0.074780
0.882260,0.074780
0.882314,0.074780
0.882369,0.074780
0.882423,0.074780
0.882478,0.074780
0.882532,0.074780
0.882587,0.074780
0.882641,0.074780
0.882696,0.074780
0.882750,0.074780
0.882805,0.074780
0.882860,0.074589
0.882914,0.074780
0.882969,0.074589
0.883023,0.074589
0.883078,0.074589
0.883132,0.074589
0.883187,0.074589
0.883241,0.074589
0.883296,0.074589
0.883350,0.074589
0.883405,0.074589
0.883459,0.074589
0.883514,0.074589
0.883568,0.074589
0.883623,0.074589
0.883677,0.074589
0.883732,0.074589
0.883786,0.074589
0.883841,0.074589
0.883895,0.074589
0.883950,0.074589
0.884004,0.074589
0.884059,0.074589
0.884113,0.074589
0.884168,0.074589
0.884222,0.074589
0.884277,0.074589
0.884331,0.074589
0.884386,0.074589
0.884440,0.074589
0.884495,0.074589
0.884549,0.074589
0.884604,0.074589
0.884658,0.074589
0.884713,0.074589
0.884767,0.074589
0.884822,0.074589
0.884876,0.074589
0.884931,0.074589
0.884985,0.074589
0.885040,0.074589
0.885094,0.074589
0.885149,0.074589
0.885203,0.074589
0.885258,0.074589
0.885312,0.074589
0.885367,0.074589
0.885421,0.074589
0.885476,0.074589
0.885530,0.074589
0.885585,0.074589
0.885639,0.074589
0.885694,0.074399
0.885748,0.074589
0.885803,0.074589
0.885857,0.074589
0.885912,0.074589
0.885966,0.074589
0.886021,0.074399
0.886076,0.074399
0.886130,0.074399
0.886185,0.074399
0.886239,0.074399
0.886294,0.074399
0.886348,0.074399
0.886403,0.074399
0.886457,0.074399
0.886512,0.074399
0.886566,0.074399
0.886621,0.074399
0.886675,0.074399
0.886730,0.074399
0.886784,0.074399
0.886839,0.074399
0.886893,0.074399
0.886948,0.074399
0.887002,0.074399
0.887057,0.074399
0.887111,0.074399
0.887166,0.074399
0.887220,0.074399
0.887275,0.074399
0.887329,0.074399
0.887384,0.074399
0.887438,0.074208
0.887493,0.074208
0.887547,0.074208
0.887602,0.074208
0.887656,0.074208
0.887711,0.074208
0.887765,0.074208
0.887820,0.074208
0.887874,0.074208
0.887929,0.074208
0.887983,0.074208
0.888038,0.074208
0.888092,0.074208
0.888147,0.074208
0.888201,0.074208
0.888256,0.074208
0.888310,0.074208
0.888365,0.074208
0.888419,0.074208
0.888474,0.074208
0.888528,0.074208
0.888583,0.074208
0.888637,0.074208
0.888692,0.074208
0.888746,0.074208
0.888801,0.074208
0.888855,0.074208
0.888910,0.074208
0.888964,0.074208
0.889019,0.074208
0.889073,0.074208
0.889128,0.074208
0.889182,0.074208
0.889237,0.074208
0.889292,0.074208
0.889346,0.074208
0.889401,0.074208
0.889455,0.074208
0.889510,0.074208
0.889564,0.074208
0.889619,0.074208
0.889673,0.074017
0.889728,0.074208
0.889782,0.074208
0.889837,0.074017
0.889891,0.074017
0.889946,0.074208
0.890000,0.074017
0.890055,0.074017
0.890109,0.074017
0.890164,0.074017
0.890218,0.074017
0.890273,0.074017
0.890327,0.074017
0.890382,0.074017
0.890436,0.074017
0.890491,0.074017
0.890545,0.074017
0.890600,0.074017
0.890654,0.074017
0.890709,0.074017
0.890763,0.074017
0.890818,0.074017
0.890872,0.074017
0.890927,0.074017
0.890981,0.074017
0.891036,0.074017
0.891090,0.074017
0.891145,0.074017
0.891199,0.074017
0.891254,0.074017
0.891308,0.074017
0.891363,0.074017
0.891417,0.073826
0.891472,0.073826
0.891526,0.073826
0.891581,0.074017
0.891635,0.073826
0.891690,0.073826
0.891744,0.073826
0.891799,0.073826
0.891853,0.073826
0.891908,0.073826
0.891962,0.073826
0.892017,0.073826
0.892071,0.073826
0.892126,0.073826
0.892180,0.073826
0.892235,0.073826
0.892289,0.073826
0.892344,0.073826
0.892399,0.073826
0.892453,0.073826
0.892508,0.073826
0.892562,0.073826
0.892617,0.073826
0.892671,0.073826
0.892726,0.073826
0.892780,0.073826
0.892835,0.073826
0.892889,0.073826
0.892944,0.073826
0.892998,0.073826
0.893053,0.073826
0.893107,0.073826
0.893162,0.073826
0.893216,0.073826
0.893271,0.073826
0.893325,0.073826
0.893380,0.073826
0.893434,0.073826
0.893489,0.073826
0.893543,0.073826
0.893598,0.073826
0.893652,0.073826
0.893707,0.073636
0.893761,0.073636
0.893816,0.073636
0.893870,0.073636
0.893925,0.073636
0.893979,0.073636
0.894034,0.073636
0.894088,0.073636
0.894143,0.073636
0.894197,0.073636
0.894252,0.073636
0.894306,0.073636
0.894361,0.073636
0.894415,0.073636
0.894470,0.073636
0.894524,0.073636
0.894579,0.073636
0.894633,0.073636
0.894688,0.073636
0.894742,0.073636
0.894797,0.073636
0.894851,0.073636
0.894906,0.073636
0.894960,0.073636
0.895015,0.073636
0.895069,0.073445
0.895124,0.073636
0.895178,0.073445
0.895233,0.073445
0.895287,0.073445
0.895342,0.073445
0.895396,0.073445
0.895451,0.073445
0.895505,0.073445
0.895560,0.073445
0.895615,0.073445
0.895669,0.073445
0.895724,0.073445
0.895778,0.073445
0.895833,0.073445
0.895887,0.073445
0.895942,0.073445
0.895996,0.073445
0.896051,0.073445
0.896105,0.073445
0.896160,0.073445
0.896214,0.073445
0.896269,0.073445
0.896323,0.073445
0.896378,0.073445
0.896432,0.073445
0.896487,0.073445
0.896541,0.073445
0.896596,0.073445
0.896650,0.073445
0.896705,0.073445
0.896759,0.073445
0.896814,0.073254
0.896868,0.073445
0.896923,0.073445
0.896977,0.073254
0.897032,0.073445
0.897086,0.073254
0.897141,0.073445
0.897195,0.073254
0.897250,0.073254
0.897304,0.073254
0.897359,0.073254
0.897413,0.073254
0.897468,0.073254
0.897522,0.073254
0.897577,0.073254
0.897631,0.073254
0.897686,0.073254
0.897740,0.073254
0.897795,0.073254
0.897849,0.073254
0.897904,0.073254
0.897958,0.073254
0.898013,0.073063
0.898067,0.073254
0.898122,0.073063
0.898176,0.073254
0.898231,0.073063
0.898285,0.073254
0.898340,0.073063
0.898394,0.073063
0.898449,0.073063
0.898503,0.073063
0.898558,0.073063
0.898612,0.073063
0.898667,0.073063
0.898721,0.073063
0.898776,0.073063
0.898831,0.073063
0.898885,0.073063
0.898940,0.073063
0.898994,0.073063
0.899049,0.073063
0.899103,0.073063
0.899158,0.073063
0.899212,0.073063
0.899267,0.073063
0.899321,0.073063
0.899376,0.073063
0.899430,0.072872
0.899485,0.073063
0.899539,0.073063
0.899594,0.073063
0.899648,0.073063
0.899703,0.073063
0.899757,0.072872
0.899812,0.073063
0.899866,0.073063
0.899921,0.072872
0.899975,0.072872
0.900030,0.072872
0.900084,0.073063
0.900139,0.072872
0.900193,0.072872
0.900248,0.072872
0.900302,0.072872
0.900357,0.072872
0.900411,0.072872
0.900466,0.072872
0.900520,0.072872
0.900575,0.072872
0.900629,0.072872
0.900684,0.072872
0.900738,0.072872
0.900793,0.072872
0.900847,0.072872
0.900902,0.072682
0.900956,0.072872
0.901011,0.072682
0.901065,0.072682
0.901120,0.072682
0.901174,0.072682
0.901229,0.072872
0.901283,0.072682
0.901338,0.072682
0.901392,0.072872
0.901447,0.072682
0.901501,0.072682
0.901556,0.072682
0.901610,0.072682
0.901665,0.072682
0.901719,0.072682
0.901774,0.072682
0.901828,0.072682
0.901883,0.072682
0.901937,0.072682
0.901992,0.072682
0.902047,0.072682
0.902101,0.072682
0.902156,0.072682
0.902210,0.072682
0.902265,0.072682
0.902319,0.072682
0.902374,0.072682
0.902428,0.072682
0.902483,0.072682
0.902537,0.072682
0.902592,0.072682
0.902646,0.072682
0.902701,0.072682
0.902755,0.072682
0.902810,0.072491
0.902864,0.072491
0.902919,0.072682
0.902973,0.072491
0.903028,0.072491
0.903082,0.072491
0.903137,0.072491
0.903191,0.072491
0.903246,0.072491
0.903300,0.072491
0.903355,0.072491
0.903409,0.072491
0.903464,0.072491
0.903518,0.072491
0.903573,0.072491
0.903627,0.072491
0.903682,0.072491
0.903736,0.072491
0.903791,0.072491
0.903845,0.072300
0.903900,0.072491
0.903954,0.072491
0.904009,0.072300
0.904063,0.072491
0.904118,0.072300
0.904172,0.072491
0.904227,0.072491
0.904281,0.072300
0.904336,0.072300
0.904390,0.072300
0.904445,0.072300
0.904499,0.072300
0.904554,0.072300
0.904608,0.072300
0.904663,0.072300
0.904717,0.072300
0.904772,0.072300
0.904826,0.072300
0.904881,0.072300
0.904935,0.072300
0.904990,0.072300
0.905044,0.072300
0.905099,0.072300
0.905154,0.072300
0.905208,0.072300
0.905263,0.072300
0.905317,0.072300
0.905372,0.072300
0.905426,0.072300
0.905481,0.072300
0.905535,0.072300
0.905590,0.072300
0.905644,0.072300
0.905699,0.072300
0.905753,0.072109
0.905808,0.072109
0.905862,0.072109
0.905917,0.072109
0.905971,0.072109
0.906026,0.072109
0.906080,0.072109
0.906135,0.072109
0.906189,0.072109
0.906244,0.072109
0.906298,0.072109
0.906353,0.072109
0.906407,0.072109
0.906462,0.072109
0.906516,0.072109
0.906571,0.072109
0.906625,0.072109
0.906680,0.071919
0.906734,0.072109
0.906789,0.071919
0.906843,0.071919
0.906898,0.072109
0.906952,0.071919
0.907007,0.071919
0.907061,0.071919
0.907116,0.071919
0.907170,0.071919
0.907225,0.071919
0.907279,0.071919
0.907334,0.071919
0.907388,0.071919
0.907443,0.071919
0.907497,0.071919
0.907552,0.071919
0.907606,0.071919
0.907661,0.071919
0.907715,0.071919
0.907770,0.071919
0.907824,0.071919
0.907879,0.071919
0.907933,0.071919
0.907988,0.071919
0.908042,0.071919
0.908097,0.071919
0.908151,0.071919
0.908206,0.071919
0.908260,0.071919
0.908315,0.071728
0.908370,0.071728
0.908424,0.071728
0.908479,0.071728
0.908533,0.071728
0.908588,0.071728
0.908642,0.071728
0.908697,0.071728
0.908751,0.071728
0.908806,0.071728
0.908860,0.071728
0.908915,0.071728
0.908969,0.071728
0.909024,0.071728
0.909078,0.071728
0.909133,0.071728
0.909187,0.071728
0.909242,0.071537
0.909296,0.071537
0.909351,0.071728
0.909405,0.071537
0.909460,0.071537
0.909514,0.071728
0.909569,0.071537
0.909623,0.071537
0.909678,0.071537
0.909732,0.071537
0.909787,0.071537
0.909841,0.071537
0.909896,0.071537
0.909950,0.071537
0.910005,0.071537
0.910059,0.071537
0.910114,0.071537
0.910168,0.071537
0.910223,0.071537
0.910277,0.071537
0.910332,0.071537
0.910386,0.071537
0.910441,0.071537
0.910495,0.071537
0.910550,0.071537
0.910604,0.071537
0.910659,0.071537
0.910713,0.071537
0.910768,0.071537
0.910822,0.071537
0.910877,0.071537
0.910931,0.071537
0.910986,0.071537
0.911040,0.071537
0.911095,0.071346
0.911149,0.071346
0.911204,0.071537
0.911258,0.071346
0.911313,0.071346
0.911367,0.071346
0.911422,0.071346
0.911476,0.071346
0.911531,0.071346
0.911586,0.071346
0.911640,0.071346
0.911695,0.071346
0.911749,0.071346
0.911804,0.071346
0.911858,0.071346
0.911913,0.071346
0.911967,0.071346
0.912022,0.071156
0.912076,0.071346
0.912131,0.071156
0.912185,0.071156
0.912240,0.071156
0.912294,0.071156
0.912349,0.071156
0.912403,0.071156
0.912458,0.071156
0.912512,0.071156
0.912567,0.071156
0.912621,0.071156
0.912676,0.071156
0.912730,0.071156
0.912785,0.071156
0.912839,0.071156
0.912894,0.071156
0.912948,0.071156
0.913003,0.071156
0.913057,0.071156
0.913112,0.071156
0.913166,0.071156
0.913221,0.071156
0.913275,0.071156
0.913330,0.071156
0.913384,0.071156
0.913439,0.071156
0.913493,0.071156
0.913548,0.071156
0.913602,0.070965
0.913657,0.071156
0.913711,0.070965
0.913766,0.070965
0.913820,0.070965
0.913875,0.070965
0.913929,0.070965
0.913984,0.070965
0.914038,0.070965
0.914093,0.070965
0.914147,0.070965
0.914202,0.070965
0.914256,0.070965
0.914311,0.070965
0.914365,0.070965
0.914420,0.070774
0.914474,0.070965
0.914529,0.070965
0.914583,0.070774
0.914638,0.070774
0.914692,0.070774
0.914747,0.070774
0.914802,0.070774
0.914856,0.070774
0.914911,0.070774
0.914965,0.070774
0.915020,0.070774
0.915074,0.070774
0.915129,0.070774
0.915183,0.070774
0.915238,0.070774
0.915292,0.070774
0.915347,0.070774
0.915401,0.070774
0.915456,0.070774
0.915510,0.070774
0.915565,0.070583
0.915619,0.070774
0.915674,0.070583
0.915728,0.070774
0.915783,0.070583
0.915837,0.070583
0.915892,0.070583
0.915946,0.070583
0.916001,0.070583
0.916055,0.070583
0.916110,0.070583
0.916164,0.070583
0.916219,0.070583
0.916273,0.070583
0.916328,0.070583
0.916382,0.070583
0.916437,0.070583
0.916491,0.070393
0.916546,0.070393
0.916600,0.070393
0.916655,0.070393
0.916709,0.070393
0.916764,0.070393
0.916818,0.070393
0.916873,0.070393
0.916927,0.070393
0.916982,0.070393
0.917036,0.070393
0.917091,0.070393
0.917145,0.070393
0.917200,0.070393
0.917254,0.070393
0.917309,0.070393
0.917363,0.070393
0.917418,0.070393
0.917472,0.070393
0.917527,0.070202
0.917581,0.070393
0.917636,0.070202
0.917690,0.070393
0.917745,0.070393
0.917799,0.070202
0.917854,0.070202
0.917909,0.070202
0.917963,0.070202
0.918018,0.070202
0.918072,0.070202
0.918127,0.070202
0.918181,0.070202
0.918236,0.070202
0.918290,0.070202
0.918345,0.070011
0.918399,0.070011
0.918454,0.070011
0.918508,0.070011
0.918563,0.070011
0.918617,0.070011
0.918672,0.070011
0.918726,0.070011
0.918781,0.070011
0.918835,0.070011
0.918890,0.070011
0.918944,0.070011
0.918999,0.070011
0.919053,0.070011
0.919108,0.070011
0.919162,0.070011
0.919217,0.070011
0.919271,0.070011
0.919326,0.069820
0.919380,0.070011
0.919435,0.070011
0.919489,0.069820
0.919544,0.070011
0.919598,0.069820
0.919653,0.069820
0.919707,0.069820
0.919762,0.069820
0.919816,0.069820
0.919871,0.069820
0.919925,0.069820
0.919980,0.069820
0.920034,0.069820
0.920089,0.069820
0.920143,0.069629
0.920198,0.069629
0.920252,0.069629
0.920307,0.069629
0.920361,0.069629
0.920416,0.069820
0.920470,0.069629
0.920525,0.069629
0.920579,0.069629
0.920634,0.069629
0.920688,0.069629
0.920743,0.069629
0.920797,0.069629
0.920852,0.069629
0.920906,0.069629
0.920961,0.069629
0.921015,0.069629
0.921070,0.069629
0.921125,0.069629
0.921179,0.069629
0.921234,0.069629
0.921288,0.069439
0.921343,0.069439
0.921397,0.069629
0.921452,0.069439
0.921506,0.069439
0.921561,0.069439
0.921615,0.069439
0.921670,0.069439
0.921724,0.069439
0.921779,0.069439
0.921833,0.069439
0.921888,0.069248
0.921942,0.069439
0.921997,0.069248
0.922051,0.069439
0.922106,0.069248
0.922160,0.069248
0.922215,0.069248
0.922269,0.069248
0.922324,0.069248
0.922378,0.069248
0.922433,0.069248
0.922487,0.069248
0.922542,0.069248
0.922596,0.069248
0.922651,0.069248
0.922705,0.069248
0.922760,0.069248
0.922814,0.069248
0.922869,0.069248
0.922923,0.069248
0.922978,0.069248
0.923032,0.069248
0.923087,0.069057
0.923141,0.069057
0.923196,0.069057
0.923250,0.069057
0.923305,0.069057
0.923359,0.069057
0.923414,0.069057
0.923468,0.069057
0.923523,0.069057
0.923577,0.069057
0.923632,0.069057
0.923686,0.069057
0.923741,0.069057
0.923795,0.068866
0.923850,0.068866
0.923904,0.068866
0.923959,0.068866
0.924013,0.068866
0.924068,0.068866
0.924122,0.068866
0.924177,0.068866
0.924231,0.068866
0.924286,0.068866
0.924341,0.068866
0.924395,0.068866
0.924450,0.068866
0.924504,0.068866
0.924559,0.068866
0.924613,0.068866
0.924668,0.068866
0.924722,0.068866
0.924777,0.068866
0.924831,0.068676
0.924886,0.068676
0.924940,0.068676
0.924995,0.068676
0.925049,0.068676
0.925104,0.068676
0.925158,0.068676
0.925213,0.068676
0.925267,0.068676
0.925322,0.068676
0.925376,0.068485
0.925431,0.068676
0.925485,0.068485
0.925540,0.068485
0.925594,0.068485
0.925649,0.068485
0.925703,0.068485
0.925758,0.068485
0.925812,0.068485
0.925867,0.068485
0.925921,0.068485
0.925976,0.068485
0.926030,0.068485
0.926085,0.068485
0.926139,0.068485
0.926194,0.068485
0.926248,0.068485
0.926303,0.068485
0.926357,0.068485
0.926412,0.068485
0.926466,0.068485
0.926521,0.068485
0.926575,0.068485
0.926630,0.068485
0.926684,0.068294
0.926739,0.068294
0.926793,0.068294
0.926848,0.068294
0.926902,0.068294
0.926957,0.068294
0.927011,0.068294
0.927066,0.068294
0.927120,0.068294
0.927175,0.068294
0.927229,0.068294
0.927284,0.068103
0.927338,0.068103
0.927393,0.068103
0.927447,0.068103
0.927502,0.068103
0.927557,0.068103
0.927611,0.068103
0.927666,0.068103
0.927720,0.068103
0.927775,0.068103
0.927829,0.068103
0.927884,0.068103
0.927938,0.068103
0.927993,0.068103
0.928047,0.068103
0.928102,0.068103
0.928156,0.068103
0.928211,0.068103
0.928265,0.068103
0.928320,0.067913
0.928374,0.067913
0.928429,0.067913
0.928483,0.067913
0.928538,0.067913
0.928592,0.067913
0.928647,0.067913
0.928701,0.067913
0.928756,0.067913
0.928810,0.067722
0.928865,0.067722
0.928919,0.067913
0.928974,0.067722
0.929028,0.067722
0.929083,0.067722
0.929137,0.067722
0.929192,0.067722
0.929246,0.067722
0.929301,0.067722
0.929355,0.067722
0.929410,0.067722
0.929464,0.067722
0.929519,0.067722
0.929573,0.067722
0.929628,0.067722
0.929682,0.067531
0.929737,0.067722
0.929791,0.067531
0.929846,0.067531
0.929900,0.067531
0.929955,0.067531
0.930009,0.067531
0.930064,0.067531
0.930118,0.067531
0.930173,0.067340
0.930227,0.067531
0.930282,0.067531
0.930336,0.067340
0.930391,0.067340
0.930445,0.067340
0.930500,0.067340
0.930554,0.067340
0.930609,0.067340
0.930663,0.067340
0.930718,0.067340
0.930772,0.067340
0.930827,0.067340
0.930882,0.067340
0.930936,0.067340
0.930991,0.067340
0.931045,0.067340
0.931100,0.067150
0.931154,0.067150
0.931209,0.067150
0.931263,0.067150
0.931318,0.067150
0.931372,0.067150
0.931427,0.067150
0.931481,0.067150
0.931536,0.067150
0.931590,0.067150
0.931645,0.067150
0.931699,0.066959
0.931754,0.066959
0.931808,0.066959
0.931863,0.066959
0.931917,0.066959
0.931972,0.066959
0.932026,0.066959
0.932081,0.066959
0.932135,0.066959
0.932190,0.066959
0.932244,0.066959
0.932299,0.066768
0.932353,0.066768
0.932408,0.066768
0.932462,0.066768
0.932517,0.066768
0.932571,0.066768
0.932626,0.066768
0.932680,0.066768
0.932735,0.066768
0.932789,0.066577
0.932844,0.066768
0.932898,0.066577
0.932953,0.066577
0.933007,0.066577
0.933062,0.066577
0.933116,0.066577
0.933171,0.066577
0.933225,0.066577
0.933280,0.066577
0.933334,0.066577
0.933389,0.066577
0.933443,0.066577
0.933498,0.066577
0.933552,0.066577
0.933607,0.066577
0.933661,0.066386
0.933716,0.066386
0.933770,0.066386
0.933825,0.066386
0.933879,0.066386
0.933934,0.066386
0.933988,0.066386
0.934043,0.066386
0.934098,0.066386
0.934152,0.066386
0.934207,0.066386
0.934261,0.066386
0.934316,0.066196
0.934370,0.066196
0.934425,0.066196
0.934479,0.066196
0.934534,0.066196
0.934588,0.066196
0.934643,0.066196
0.934697,0.066196
0.934752,0.066005
0.934806,0.066196
0.934861,0.066196
0.934915,0.066005
0.934970,0.066005
0.935024,0.066005
0.935079,0.066005
0.935133,0.066005
0.935188,0.066005
0.935242,0.066005
0.935297,0.066005
0.935351,0.065814
0.935406,0.066005
0.935460,0.066005
0.935515,0.065814
0.935569,0.066005
0.935624,0.065814
0.935678,0.065814
0.935733,0.065814
0.935787,0.065814
0.935842,0.065814
0.935896,0.065814
0.935951,0.065814
0.936005,0.065814
0.936060,0.065814
0.936114,0.065814
0.936169,0.065814
0.936223,0.065623
0.936278,0.065623
0.936332,0.065623
0.936387,0.065623
0.936441,0.065623
0.936496,0.065623
0.936550,0.065623
0.936605,0.065623
0.936659,0.065433
0.936714,0.065433
0.936768,0.065433
0.936823,0.065433
0.936877,0.065433
0.936932,0.065433
0.936986,0.065433
0.937041,0.065433
0.937095,0.065433
0.937150,0.065433
0.937204,0.065433
0.937259,0.065433
0.937314,0.065433
0.937368,0.065433
0.937423,0.065242
0.937477,0.065242
0.937532,0.065242
0.937586,0.065242
0.937641,0.065242
0.937695,0.065242
0.937750,0.065242
0.937804,0.065242
0.937859,0.065242
0.937913,0.065242
0.937968,0.065051
0.938022,0.065051
0.938077,0.065051
0.938131,0.065051
0.938186,0.065051
0.938240,0.065051
0.938295,0.065051
0.938349,0.065051
0.938404,0.065051
0.938458,0.065051
0.938513,0.065051
0.938567,0.065051
0.938622,0.065051
0.938676,0.065051
0.938731,0.064860
0.938785,0.064860
0.938840,0.064860
0.938894,0.064860
0.938949,0.064860
0.939003,0.064860
0.939058,0.064860
0.939112,0.064860
0.939167,0.064670
0.939221,0.064670
0.939276,0.064670
0.939330,0.064670
0.939385,0.064670
0.939439,0.064670
0.939494,0.064670
0.939548,0.064670
0.939603,0.064670
0.939657,0.064670
0.939712,0.064479
0.939766,0.064479
0.939821,0.064479
0.939875,0.064479
0.939930,0.064479
0.939984,0.064479
0.940039,0.064479
0.940093,0.064288
0.940148,0.064479
0.940202,0.064288
0.940257,0.064288
0.940311,0.064288
0.940366,0.064288
0.940420,0.064288
0.940475,0.064288
0.940530,0.064288
0.940584,0.064288
0.940639,0.064288
0.940693,0.064288
0.940748,0.064097
0.940802,0.064097
0.940857,0.064097
0.940911,0.064097
0.940966,0.064097
0.941020,0.064097
0.941075,0.063907
0.941129,0.063907
0.941184,0.063907
0.941238,0.063907
0.941293,0.063907
0.941347,0.063907
0.941402,0.063907
0.941456,0.063907
0.941511,0.063907
0.941565,0.063907
0.941620,0.063716
0.941674,0.063716
0.941729,0.063716
0.941783,0.063716
0.941838,0.063716
0.941892,0.063716
0.941947,0.063525
0.942001,0.063716
0.942056,0.063525
0.942110,0.063525
0.942165,0.063525
0.942219,0.063525
0.942274,0.063525
0.942328,0.063525
0.942383,0.063525
0.942437,0.063525
0.942492,0.063525
0.942546,0.063334
0.942601,0.063334
0.942655,0.063334
0.942710,0.063334
0.942764,0.063334
0.942819,0.063334
0.942873,0.063334
0.942928,0.063334
0.942982,0.063143
0.943037,0.063143
0.943091,0.063143
0.943146,0.063143
0.943200,0.063143
0.943255,0.063143
0.943309,0.063143
0.943364,0.063143
0.943418,0.063143
0.943473,0.062953
0.943527,0.063143
0.943582,0.062953
0.943636,0.062953
0.943691,0.062953
0.943746,0.062953
0.943800,0.062953
0.943855,0.062762
0.943909,0.062953
0.943964,0.062762
0.944018,0.062762
0.944073,0.062762
0.944127,0.062762
0.944182,0.062762
0.944236,0.062762
0.944291,0.062762
0.944345,0.062762
0.944400,0.062762
0.944454,0.062762
0.944509,0.062571
0.944563,0.062571
0.944618,0.062571
0.944672,0.062571
0.944727,0.062571
0.944781,0.062571
0.944836,0.062571
0.944890,0.062380
0.944945,0.062380
0.944999,0.062380
0.945054,0.062380
0.945108,0.062380
0.945163,0.062380
0.945217,0.062380
0.945272,0.062380
0.945326,0.062380
0.945381,0.062380
0.945435,0.062380
0.945490,0.062190
0.945544,0.062380
0.945599,0.062190
0.945653,0.062190
0.945708,0.062190
0.945762,0.062190
0.945817,0.062190
0.945871,0.061999
0.945926,0.061999
0.945980,0.061999
0.946035,0.061999
0.946089,0.061999
0.946144,0.061999
0.946198,0.061999
0.946253,0.061999
0.946307,0.061999
0.946362,0.061808
0.946416,0.061999
0.946471,0.061999
0.946525,0.061808
0.946580,0.061808
0.946634,0.061808
0.946689,0.061808
0.946743,0.061808
0.946798,0.061617
0.946852,0.061617
0.946907,0.061617
0.946962,0.061617
0.947016,0.061617
0.947071,0.061617
0.947125,0.061617
0.947180,0.061617
0.947234,0.061427
0.947289,0.061427
0.947343,0.061427
0.947398,0.061427
0.947452,0.061427
0.947507,0.061427
0.947561,0.061236
0.947616,0.061427
0.947670,0.061236
0.947725,0.061236
0.947779,0.061236
0.947834,0.061236
0.947888,0.061236
0.947943,0.061236
0.947997,0.061236
0.948052,0.061236
0.948106,0.061236
0.948161,0.061045
0.948215,0.061045
0.948270,0.061045
0.948324,0.061045
0.948379,0.060854
0.948433,0.061045
0.948488,0.060854
0.948542,0.060854
0.948597,0.060854
0.948651,0.060854
0.948706,0.060854
0.948760,0.060854
0.948815,0.060854
0.948869,0.060663
0.948924,0.060663
0.948978,0.060663
0.949033,0.060663
0.949087,0.060663
0.949142,0.060663
0.949196,0.060473
0.949251,0.060473
0.949305,0.060473
0.949360,0.060473
0.949414,0.060473
0.949469,0.060473
0.949523,0.060473
0.949578,0.060282
0.949632,0.060473
0.949687,0.060282
0.949741,0.060282
0.949796,0.060282
0.949850,0.060282
0.949905,0.060091
0.949959,0.060091
0.950014,0.060091
0.950068,0.060091
0.950123,0.060091
0.950178,0.060091
0.950232,0.060091
0.950287,0.060091
0.950341,0.059900
0.950396,0.059900
0.950450,0.059900
0.950505,0.059900
0.950559,0.059900
0.950614,0.059900
0.950668,0.059710
0.950723,0.059710
0.950777,0.059710
0.950832,0.059710
0.950886,0.059710
0.950941,0.059710
0.950995,0.059710
0.951050,0.059710
0.951104,0.059710
0.951159,0.059519
0.951213,0.059519
0.951268,0.059519
0.951322,0.059519
0.951377,0.059519
0.951431,0.059328
0.951486,0.059328
0.951540,0.059328
0.951595,0.059328
0.951649,0.059328
0.951704,0.059328
0.951758,0.059328
0.951813,0.059328
0.951867,0.059328
0.951922,0.059328
0.951976,0.059328
0.952031,0.059137
0.952085,0.059137
0.952140,0.059137
0.952194,0.058947
0.952249,0.059137
0.952303,0.058947
0.952358,0.058947
0.952412,0.058947
0.952467,0.058947
0.952521,0.058947
0.952576,0.058947
0.952630,0.058947
0.952685,0.058756
0.952739,0.058756
0.952794,0.058756
0.952848,0.058756
0.952903,0.058756
0.952957,0.058756
0.953012,0.058565
0.953066,0.058565
0.953121,0.058565
0.953175,0.058565
0.953230,0.058565
0.953284,0.058565
0.953339,0.058565
0.953394,0.058374
0.953448,0.058374
0.953503,0.058374
0.953557,0.058374
0.953612,0.058184
0.953666,0.058374
0.953721,0.058184
0.953775,0.058184
0.953830,0.058184
0.953884,0.058184
0.953939,0.058184
0.953993,0.058184
0.954048,0.058184
0.954102,0.057993
0.954157,0.057993
0.954211,0.057993
0.954266,0.057802
0.954320,0.057802
0.954375,0.057802
0.954429,0.057802
0.954484,0.057802
0.954538,0.057802
0.954593,0.057802
0.954647,0.057802
0.954702,0.057611
0.954756,0.057611
0.954811,0.057611
0.954865,0.057420
0.954920,0.057611
0.954974,0.057420
0.955029,0.057420
0.955083,0.057420
0.955138,0.057420
0.955192,0.057420
0.955247,0.057420
0.955301,0.057420
0.955356,0.057230
0.955410,0.057230
0.955465,0.057230
0.955519,0.057230
0.955574,0.057230
0.955628,0.057039
0.955683,0.057039
0.955737,0.057039
0.955792,0.057039
0.955846,0.057039
0.955901,0.056848
0.955955,0.056848
0.956010,0.056848
0.956064,0.056848
0.956119,0.056848
0.956173,0.056848
0.956228,0.056657
0.956282,0.056657
0.956337,0.056657
0.956391,0.056657
0.956446,0.056657
0.956500,0.056657
0.956555,0.056467
0.956610,0.056467
0.956664,0.056467
0.956719,0.056467
0.956773,0.056467
0.956828,0.056276
0.956882,0.056276
0.956937,0.056276
0.956991,0.056276
0.957046,0.056276
0.957100,0.056276
0.957155,0.056276
0.957209,0.056276
0.957264,0.056276
0.957318,0.056085
0.957373,0.056085
0.957427,0.056085
0.957482,0.056085
0.957536,0.055894
0.957591,0.055894
0.957645,0.055894
0.957700,0.055894
0.957754,0.055894
0.957809,0.055894
0.957863,0.055894
0.957918,0.055704
0.957972,0.055704
0.958027,0.055704
0.958081,0.055704
0.958136,0.055704
0.958190,0.055513
0.958245,0.055513
0.958299,0.055513
0.958354,0.055513
0.958408,0.055513
0.958463,0.055513
0.958517,0.055322
0.958572,0.055322
0.958626,0.055322
0.958681,0.055322
0.958735,0.055131
0.958790,0.055131
0.958844,0.055131
0.958899,0.055131
0.958953,0.055131
0.959008,0.055131
0.959062,0.055131
0.959117,0.054941
0.959171,0.054941
0.959226,0.054941
0.959280,0.054750
0.959335,0.054750
0.959389,0.054750
0.959444,0.054750
0.959498,0.054750
0.959553,0.054559
0.959607,0.054559
0.959662,0.054559
0.959716,0.054559
0.959771,0.054368
0.959826,0.054368
0.959880,0.054368
0.959935,0.054368
0.959989,0.054368
0.960044,0.054368
0.960098,0.054368
0.960153,0.054177
0.960207,0.054177
0.960262,0.054177
0.960316,0.054177
0.960371,0.054177
0.960425,0.053987
0.960480,0.053987
0.960534,0.053987
0.960589,0.053987
0.960643,0.053987
0.960698,0.053796
0.960752,0.053796
0.960807,0.053796
0.960861,0.053605
0.960916,0.053605
0.960970,0.053605
0.961025,0.053605
0.961079,0.053605
0.961134,0.053605
0.961188,0.053605
0.961243,0.053414
0.961297,0.053414
0.961352,0.053414
0.961406,0.053414
0.961461,0.053224
0.961515,0.053224
0.961570,0.053224
0.961624,0.053224
0.961679,0.053224
0.961733,0.053224
0.961788,0.053224
0.961842,0.053033
0.961897,0.053033
0.961951,0.053033
0.962006,0.053033
0.962060,0.052842
0.962115,0.052842
0.962169,0.052842
0.962224,0.052842
0.962278,0.052842
0.962333,0.052842
0.962387,0.052651
0.962442,0.052651
0.962496,0.052651
0.962551,0.052461
0.962605,0.052461
0.962660,0.052461
0.962714,0.052461
0.962769,0.052461
0.962823,0.052461
0.962878,0.052270
0.962932,0.052270
0.962987,0.052270
0.963042,0.052270
0.963096,0.052079
0.963151,0.052079
0.963205,0.052079
0.963260,0.052079
0.963314,0.052079
0.963369,0.051888
0.963423,0.051888
0.963478,0.051888
0.963532,0.051888
0.963587,0.051888
0.963641,0.051697
0.963696,0.051697
0.963750,0.051697
0.963805,0.051507
0.963859,0.051507
0.963914,0.051507
0.963968,0.051316
0.964023,0.051316
0.964077,0.051316
0.964132,0.051316
0.964186,0.051316
0.964241,0.051316
0.964295,0.051125
0.964350,0.051125
0.964404,0.051125
0.964459,0.050934
0.964513,0.050934
0.964568,0.050934
0.964622,0.050934
0.964677,0.050934
0.964731,0.050744
0.964786,0.050744
0.964840,0.050744
0.964895,0.050744
0.964949,0.050553
0.965004,0.050553
0.965058,0.050553
0.965113,0.050553
0.965167,0.050553
0.965222,0.050553
0.965276,0.050362
0.965331,0.050362
0.965385,0.050362
0.965440,0.050171
0.965494,0.050171
0.965549,0.050171
0.965603,0.050171
0.965658,0.050171
0.965712,0.050171
0.965767,0.050171
0.965821,0.049981
0.965876,0.049981
0.965930,0.049981
0.965985,0.049790
0.966039,0.049790
0.966094,0.049790
0.966149,0.049790
0.966203,0.049790
0.966258,0.049790
0.966312,0.049599
0.966367,0.049599
0.966421,0.049599
0.966476,0.049408
0.966530,0.049408
0.966585,0.049408
0.966639,0.049408
0.966694,0.049218
0.966748,0.049218
0.966803,0.049218
0.966857,0.049218
0.966912,0.049218
0.966966,0.049027
0.967021,0.049027
0.967075,0.049027
0.967130,0.049027
0.967184,0.048836
0.967239,0.048836
0.967293,0.048836
0.967348,0.048645
0.967402,0.048645
0.967457,0.048645
0.967511,0.048645
0.967566,0.048454
0.967620,0.048454
0.967675,0.048454
0.967729,0.048454
0.967784,0.048264
0.967838,0.048264
0.967893,0.048264
0.967947,0.048264
0.968002,0.048073
0.968056,0.048073
0.968111,0.048073
0.968165,0.047882
0.968220,0.047882
0.968274,0.047882
0.968329,0.047882
0.968383,0.047691
0.968438,0.047691
0.968492,0.047691
0.968547,0.047501
0.968601,0.047501
0.968656,0.047501
0.968710,0.047501
0.968765,0.047501
0.968819,0.047310
0.968874,0.047310
0.968928,0.047310
0.968983,0.047310
0.969037,0.047310
0.969092,0.047119
0.969146,0.047119
0.969201,0.047119
0.969255,0.047119
0.969310,0.046928
0.969365,0.046928
0.969419,0.046928
0.969474,0.046738
0.969528,0.046738
0.969583,0.046738
0.969637,0.046738
0.969692,0.046738
0.969746,0.046738
0.969801,0.046547
0.969855,0.046547
0.969910,0.046547
0.969964,0.046356
0.970019,0.046356
0.970073,0.046356
0.970128,0.046356
0.970182,0.046165
0.970237,0.046165
0.970291,0.046165
0.970346,0.045975
0.970400,0.045975
0.970455,0.045975
0.970509,0.045975
0.970564,0.045784
0.970618,0.045784
0.970673,0.045593
0.970727,0.045593
0.970782,0.045593
0.970836,0.045593
0.970891,0.045402
0.970945,0.045402
0.971000,0.045402
0.971054,0.045211
0.971109,0.045211
0.971163,0.045211
0.971218,0.045211
0.971272,0.045211
0.971327,0.045021
0.971381,0.045021
0.971436,0.045021
0.971490,0.044830
0.971545,0.044830
0.971599,0.044830
0.971654,0.044830
0.971708,0.044639
0.971763,0.044639
0.971817,0.044639
0.971872,0.044448
0.971926,0.044448
0.971981,0.044448
0.972035,0.044448
0.972090,0.044448
0.972144,0.044258
0.972199,0.044258
0.972253,0.044067
0.972308,0.044067
0.972362,0.044067
0.972417,0.044067
0.972471,0.044067
0.972526,0.043876
0.972581,0.043876
0.972635,0.043876
0.972690,0.043685
0.972744,0.043685
0.972799,0.043685
0.972853,0.043685
0.972908,0.043685
0.972962,0.043495
0.973017,0.043495
0.973071,0.043304
0.973126,0.043304
0.973180,0.043304
0.973235,0.043304
0.973289,0.043304
0.973344,0.043113
0.973398,0.043113
0.973453,0.042922
0.973507,0.042922
0.973562,0.042922
0.973616,0.042732
0.973671,0.042732
0.973725,0.042732
0.973780,0.042732
0.973834,0.042541
0.973889,0.042541
0.973943,0.042541
0.973998,0.042350
0.974052,0.042350
0.974107,0.042350
0.974161,0.042159
0.974216,0.042159
0.974270,0.042159
0.974325,0.042159
0.974379,0.041968
0.974434,0.041968
0.974488,0.041968
0.974543,0.041778
0.974597,0.041778
0.974652,0.041778
0.974706,0.041587
0.974761,0.041587
0.974815,0.041587
0.974870,0.041396
0.974924,0.041396
0.974979,0.041396
0.975033,0.041396
0.975088,0.041205
0.975142,0.041205
0.975197,0.041205
0.975251,0.041015
0.975306,0.041015
0.975360,0.041015
0.975415,0.041015
0.975469,0.041015
0.975524,0.040824
0.975578,0.040824
0.975633,0.040824
0.975688,0.040633
0.975742,0.040633
0.975797,0.040633
0.975851,0.040633
0.975906,0.040442
0.975960,0.040442
0.976015,0.040252
0.976069,0.040252
0.976124,0.040252
0.976178,0.040061
0.976233,0.040061
0.976287,0.040061
0.976342,0.039870
0.976396,0.039870
0.976451,0.039870
0.976505,0.039870
0.976560,0.039679
0.976614,0.039679
0.976669,0.039488
0.976723,0.039488
0.976778,0.039488
0.976832,0.039298
0.976887,0.039298
0.976941,0.039107
0.976996,0.039107
0.977050,0.039107
0.977105,0.039107
0.977159,0.038916
0.977214,0.038916
0.977268,0.038916
0.977323,0.038725
0.977377,0.038725
0.977432,0.038725
0.977486,0.038535
0.977541,0.038535
0.977595,0.038535
0.977650,0.038344
0.977704,0.038344
0.977759,0.038344
0.977813,0.038344
0.977868,0.038153
0.977922,0.038153
0.977977,0.037962
0.978031,0.037962
0.978086,0.037962
0.978140,0.037962
0.978195,0.037772
0.978249,0.037772
0.978304,0.037772
0.978358,0.037581
0.978413,0.037581
0.978467,0.037581
0.978522,0.037581
0.978576,0.037390
0.978631,0.037390
0.978685,0.037199
0.978740,0.037199
0.978794,0.037199
0.978849,0.037009
0.978904,0.037009
0.978958,0.037009
0.979013,0.037009
0.979067,0.036818
0.979122,0.036818
0.979176,0.036627
0.979231,0.036627
0.979285,0.036627
0.979340,0.036436
0.979394,0.036436
0.979449,0.036436
0.979503,0.036245
0.979558,0.036245
0.979612,0.036055
0.979667,0.036055
0.979721,0.036055
0.979776,0.036055
0.979830,0.035864
0.979885,0.035864
0.979939,0.035864
0.979994,0.035673
0.980048,0.035673
0.980103,0.035673
0.980157,0.035482
0.980212,0.035482
0.980266,0.035292
0.980321,0.035292
0.980375,0.035292
0.980430,0.035101
0.980484,0.035101
0.980539,0.035101
0.980593,0.034910
0.980648,0.034910
0.980702,0.034910
0.980757,0.034910
0.980811,0.034910
0.980866,0.034719
0.980920,0.034529
0.980975,0.034529
0.981029,0.034529
0.981084,0.034529
0.981138,0.034529
0.981193,0.034338
0.981247,0.034338
0.981302,0.034147
0.981356,0.034147
0.981411,0.034147
0.981465,0.033956
0.981520,0.033956
0.981574,0.033766
0.981629,0.033766
0.981683,0.033766
0.981738,0.033575
0.981792,0.033575
0.981847,0.033575
0.981901,0.033384
0.981956,0.033384
0.982010,0.033193
0.982065,0.033193
0.982119,0.033193
0.982174,0.033002
0.982229,0.033002
0.982283,0.033002
0.982338,0.032812
0.982392,0.032812
0.982447,0.032621
0.982501,0.032621
0.982556,0.032621
0.982610,0.032621
0.982665,0.032430
0.982719,0.032239
0.982774,0.032239
0.982828,0.032239
0.982883,0.032239
0.982937,0.032049
0.982992,0.032049
0.983046,0.032049
0.983101,0.031858
0.983155,0.031858
0.983210,0.031858
0.983264,0.031858
0.983319,0.031858
0.983373,0.031667
0.983428,0.031476
0.983482,0.031476
0.983537,0.031476
0.983591,0.031476
0.983646,0.031286
0.983700,0.031286
0.983755,0.031095
0.983809,0.031095
0.983864,0.030904
0.983918,0.030904
0.983973,0.030904
0.984027,0.030713
0.984082,0.030713
0.984136,0.030713
0.984191,0.030523
0.984245,0.030523
0.984300,0.030523
0.984354,0.030332
0.984409,0.030332
0.984463,0.030141
0.984518,0.030141
0.984572,0.029950
0.984627,0.029950
0.984681,0.029950
0.984736,0.029950
0.984790,0.029759
0.984845,0.029759
0.984899,0.029569
0.984954,0.029569
0.985008,0.029569
0.985063,0.029378
0.985117,0.029378
0.985172,0.029187
0.985226,0.029187
0.985281,0.029187
0.985335,0.028996
0.985390,0.028996
0.985445,0.028996
0.985499,0.028806
0.985554,0.028806
0.985608,0.028806
0.985663,0.028806
0.985717,0.028615
0.985772,0.028424
0.985826,0.028424
0.985881,0.028424
0.985935,0.028233
0.985990,0.028233
0.986044,0.028233
0.986099,0.028043
0.986153,0.028043
0.986208,0.028043
0.986262,0.027852
0.986317,0.027852
0.986371,0.027852
0.986426,0.027661
0.986480,0.027661
0.986535,0.027470
0.986589,0.027470
0.986644,0.027279
0.986698,0.027279
0.986753,0.027089
0.986807,0.027089
0.986862,0.027089
0.986916,0.026898
0.986971,0.026898
0.987025,0.026898
0.987080,0.026707
0.987134,0.026707
0.987189,0.026707
0.987243,0.026516
0.987298,0.026516
0.987352,0.026516
0.987407,0.026326
0.987461,0.026135
0.987516,0.026135
0.987570,0.026135
0.987625,0.025944
0.987679,0.025944
0.987734,0.025944
0.987788,0.025753
0.987843,0.025753
0.987897,0.025753
0.987952,0.025753
0.988006,0.025563
0.988061,0.025563
0.988115,0.025372
0.988170,0.025372
0.988224,0.025372
0.988279,0.025181
0.988333,0.025181
0.988388,0.024990
0.988442,0.024990
0.988497,0.024990
0.988551,0.024800
0.988606,0.024800
0.988661,0.024609
0.988715,0.024609
0.988770,0.024609
0.988824,0.024418
0.988879,0.024227
0.988933,0.024227
0.988988,0.024227
0.989042,0.024227
0.989097,0.024036
0.989151,0.024036
0.989206,0.023846
0.989260,0.023846
0.989315,0.023846
0.989369,0.023655
0.989424,0.023655
0.989478,0.023464
0.989533,0.023464
0.989587,0.023464
0.989642,0.023273
0.989696,0.023273
0.989751,0.023083
0.989805,0.023083
0.989860,0.023083
0.989914,0.023083
0.989969,0.022892
0.990023,0.022892
0.990078,0.022701
0.990132,0.022701
0.990187,0.022701
0.990241,0.022510
0.990296,0.022510
0.990350,0.022320
0.990405,0.022320
0.990459,0.022320
0.990514,0.022320
0.990568,0.022129
0.990623,0.022129
0.990677,0.021938
0.990732,0.021938
0.990786,0.021938
0.990841,0.021747
0.990895,0.021747
0.990950,0.021557
0.991004,0.021557
0.991059,0.021557
0.991113,0.021366
0.991168,0.021366
0.991222,0.021175
0.991277,0.021175
0.991331,0.020984
0.991386,0.020984
0.991440,0.020793
0.991495,0.020793
0.991549,0.020793
0.991604,0.020603
0.991658,0.020603
0.991713,0.020412
0.991767,0.020412
0.991822,0.020412
0.991876,0.020221
0.991931,0.020221
0.991986,0.020030
0.992040,0.020030
0.992095,0.020030
0.992149,0.019840
0.992204,0.019840
0.992258,0.019840
0.992313,0.019649
0.992367,0.019649
0.992422,0.019649
0.992476,0.019458
0.992531,0.019458
0.992585,0.019458
0.992640,0.019267
0.992694,0.019267
0.992749,0.019267
0.992803,0.019077
0.992858,0.019077
0.992912,0.018886
0.992967,0.018886
0.993021,0.018886
0.993076,0.018695
0.993130,0.018695
0.993185,0.018504
0.993239,0.018504
0.993294,0.018504
0.993348,0.018314
0.993403,0.018314
0.993457,0.018123
0.993512,0.018123
0.993566,0.017932
0.993621,0.017932
0.993675,0.017741
0.993730,0.017741
0.993784,0.017741
0.993839,0.017741
0.993893,0.017550
0.993948,0.017550
0.994002,0.017360
0.994057,0.017360
0.994111,0.017360
0.994166,0.017169
0.994220,0.017169
0.994275,0.016978
0.994329,0.016978
0.994384,0.016978
0.994438,0.016787
0.994493,0.016787
0.994547,0.016597
0.994602,0.016597
0.994656,0.016597
0.994711,0.016597
0.994765,0.016406
0.994820,0.016406
0.994874,0.016406
0.994929,0.016215
0.994983,0.016215
0.995038,0.016215
0.995092,0.016024
0.995147,0.015834
0.995201,0.015834
0.995256,0.015834
0.995311,0.015643
0.995365,0.015643
0.995420,0.015643
0.995474,0.015452
0.995529,0.015452
0.995583,0.015452
0.995638,0.015261
0.995692,0.015070
0.995747,0.015070
0.995801,0.015070
0.995856,0.014880
0.995910,0.014880
0.995965,0.014689
0.996019,0.014689
0.996074,0.014689
0.996128,0.014689
0.996183,0.014498
0.996237,0.014307
0.996292,0.014307
0.996346,0.014307
0.996401,0.014117
0.996455,0.014117
0.996510,0.014117
0.996564,0.013926
0.996619,0.013926
0.996673,0.013926
0.996728,0.013735
0.996782,0.013735
0.996837,0.013544
0.996891,0.013544
0.996946,0.013544
0.997000,0.013544
0.997055,0.013354
0.997109,0.013354
0.997164,0.013354
0.997218,0.013163
0.997273,0.013163
0.997327,0.013163
0.997382,0.012972
0.997436,0.012972
0.997491,0.012781
0.997545,0.012781
0.997600,0.012781
0.997654,0.012591
0.997709,0.012591
0.997763,0.012400
0.997818,0.012400
0.997872,0.012400
0.997927,0.012400
0.997981,0.012209
0.998036,0.012209
0.998090,0.012018
0.998145,0.012018
0.998199,0.011827
0.998254,0.011827
0.998308,0.011827
0.998363,0.011637
0.998417,0.011637
0.998472,0.011637
0.998527,0.011637
0.998581,0.011446
0.998636,0.011446
0.998690,0.011255
0.998745,0.011255
0.998799,0.011255
0.998854,0.011064
0.998908,0.011064
0.998963,0.010874
0.999017,0.010874
0.999072,0.010874
0.999126,0.010683
0.999181,0.010683
0.999235,0.010683
0.999290,0.010492
0.999344,0.010492
0.999399,0.010492
0.999453,0.010492
0.999508,0.010301
0.999562,0.010301
0.999617,0.010111
0.999671,0.010111
0.999726,0.010111
0.999780,0.010111
0.999835,0.009920
0.999889,0.009920
0.999944,0.009920
0.999998,0.009729
1.000000,0.009729
