# OCP data for Sony Graphite negative electrode, delithiation
# sto,ocp
1.000000,0.012209
0.999946,0.014880
0.999891,0.015834
0.999837,0.016406
0.999782,0.016787
0.999728,0.017360
0.999674,0.017550
0.999619,0.017932
0.999565,0.018314
0.999510,0.018504
0.999456,0.018695
0.999401,0.018886
0.999347,0.019267
0.999293,0.019267
0.999238,0.019458
0.999184,0.019649
0.999129,0.019840
0.999075,0.020030
0.999020,0.020030
0.998966,0.020221
0.998912,0.020412
0.998857,0.020412
0.998803,0.020603
0.998748,0.020793
0.998694,0.020793
0.998639,0.020984
0.998585,0.021175
0.998531,0.021175
0.998476,0.021366
0.998422,0.021557
0.998367,0.021557
0.998313,0.021747
0.998258,0.021938
0.998204,0.021938
0.998150,0.022129
0.998095,0.022320
0.998041,0.022320
0.997986,0.022320
0.997932,0.022510
0.997877,0.022701
0.997823,0.022701
0.997769,0.022701
0.997714,0.022892
0.997660,0.023083
0.997605,0.023083
0.997551,0.023083
0.997497,0.023273
0.997442,0.023273
0.997388,0.023464
0.997333,0.023655
0.997279,0.023655
0.997224,0.023846
0.997170,0.023846
0.997116,0.023846
0.997061,0.024036
0.997007,0.024227
0.996952,0.024227
0.996898,0.024418
0.996843,0.024418
0.996789,0.024609
0.996735,0.024609
0.996680,0.024800
0.996626,0.024800
0.996571,0.024990
0.996517,0.024990
0.996462,0.025181
0.996408,0.025181
0.996354,0.025372
0.996299,0.025372
0.996245,0.025372
0.996190,0.025563
0.996136,0.025753
0.996081,0.025753
0.996027,0.025753
0.995973,0.025944
0.995918,0.026135
0.995864,0.026135
0.995809,0.026135
0.995755,0.026135
0.995700,0.026326
0.995646,0.026516
0.995592,0.026516
0.995537,0.026516
0.995483,0.026707
0.995428,0.026898
0.995374,0.026898
0.995320,0.026898
0.995265,0.027089
0.995211,0.027089
0.995156,0.027279
0.995102,0.027279
0.995047,0.027470
0.994993,0.027661
0.994939,0.027661
0.994884,0.027852
0.994830,0.027852
0.994775,0.028043
0.994721,0.028043
0.994666,0.028233
0.994612,0.028233
0.994558,0.028424
0.994503,0.028424
0.994449,0.028424
0.994394,0.028615
0.994340,0.028806
0.994285,0.028806
0.994231,0.028806
0.994177,0.028996
0.994122,0.028996
0.994068,0.029187
0.994013,0.029187
0.993959,0.029187
0.993904,0.029378
0.993850,0.029378
0.993796,0.029569
0.993741,0.029569
0.993687,0.029759
0.993632,0.029759
0.993578,0.029950
0.993524,0.029950
0.993469,0.029950
0.993415,0.030141
0.993360,0.030332
0.993306,0.030523
0.993251,0.030523
0.993197,0.030713
0.993143,0.030713
0.993088,0.030713
0.993034,0.030904
0.992979,0.030904
0.992925,0.031095
0.992870,0.031095
0.992816,0.031286
0.992762,0.031286
0.992707,0.031476
0.992653,0.031476
0.992598,0.031476
0.992544,0.031667
0.992489,0.031667
0.992435,0.031858
0.992381,0.031858
0.992326,0.032049
0.992272,0.032049
0.992217,0.032049
0.992163,0.032239
0.992108,0.032239
0.992054,0.032430
0.992000,0.032430
0.991945,0.032621
0.991891,0.032621
0.991836,0.032621
0.991782,0.032812
0.991728,0.033002
0.991673,0.033002
0.991619,0.033002
0.991564,0.033193
0.991510,0.033193
0.991455,0.033384
0.991401,0.033384
0.991347,0.033575
0.991292,0.033766
0.991238,0.033766
0.991183,0.033766
0.991129,0.033956
0.991074,0.033956
0.991020,0.034147
0.990966,0.034147
0.990911,0.034338
0.990857,0.034338
0.990802,0.034529
0.990748,0.034529
0.990693,0.034719
0.990639,0.034719
0.990585,0.034910
0.990530,0.034910
0.990476,0.034910
0.990421,0.035101
0.990367,0.035101
0.990312,0.035292
0.990258,0.035292
0.990204,0.035292
0.990149,0.035482
0.990095,0.035482
0.990040,0.035673
0.989986,0.035673
0.989931,0.035864
0.989877,0.035864
0.989823,0.036055
0.989768,0.036055
0.989714,0.036055
0.989659,0.036245
0.989605,0.036245
0.989551,0.036436
0.989496,0.036436
0.989442,0.036627
0.989387,0.036818
0.989333,0.036818
0.989278,0.036818
0.989224,0.037009
0.989170,0.037009
0.989115,0.037199
0.989061,0.037199
0.989006,0.037390
0.988952,0.037390
0.988897,0.037581
0.988843,0.037581
0.988789,0.037581
0.988734,0.037772
0.988680,0.037772
0.988625,0.037962
0.988571,0.037962
0.988516,0.037962
0.988462,0.038153
0.988408,0.038153
0.988353,0.038344
0.988299,0.038344
0.988244,0.038344
0.988190,0.038535
0.988135,0.038725
0.988081,0.038725
0.988027,0.038725
0.987972,0.038916
0.987918,0.038916
0.987863,0.039107
0.987809,0.039107
0.987755,0.039298
0.987700,0.039298
0.987646,0.039488
0.987591,0.039488
0.987537,0.039488
0.987482,0.039679
0.987428,0.039870
0.987374,0.039870
0.987319,0.039870
0.987265,0.040061
0.987210,0.040252
0.987156,0.040252
0.987101,0.040252
0.987047,0.040442
0.986993,0.040442
0.986938,0.040633
0.986884,0.040633
0.986829,0.040633
0.986775,0.040824
0.986720,0.041015
0.986666,0.041015
0.986612,0.041015
0.986557,0.041015
0.986503,0.041205
0.986448,0.041205
0.986394,0.041396
0.986339,0.041396
0.986285,0.041396
0.986231,0.041587
0.986176,0.041587
0.986122,0.041778
0.986067,0.041778
0.986013,0.041778
0.985959,0.041968
0.985904,0.042159
0.985850,0.042159
0.985795,0.042159
0.985741,0.042350
0.985686,0.042350
0.985632,0.042541
0.985578,0.042541
0.985523,0.042732
0.985469,0.042732
0.985414,0.042922
0.985360,0.042922
0.985305,0.042922
0.985251,0.043113
0.985197,0.043113
0.985142,0.043304
0.985088,0.043304
0.985033,0.043304
0.984979,0.043495
0.984924,0.043685
0.984870,0.043685
0.984816,0.043685
0.984761,0.043685
0.984707,0.043876
0.984652,0.043876
0.984598,0.044067
0.984543,0.044067
0.984489,0.044067
0.984435,0.044258
0.984380,0.044258
0.984326,0.044448
0.984271,0.044448
0.984217,0.044448
0.984162,0.044639
0.984108,0.044830
0.984054,0.044830
0.983999,0.044830
0.983945,0.044830
0.983890,0.045021
0.983836,0.045211
0.983782,0.045211
0.983727,0.045211
0.983673,0.045402
0.983618,0.045402
0.983564,0.045402
0.983509,0.045593
0.983455,0.045593
0.983401,0.045784
0.983346,0.045784
0.983292,0.045975
0.983237,0.045975
0.983183,0.045975
0.983128,0.046165
0.983074,0.046165
0.983020,0.046356
0.982965,0.046356
0.982911,0.046356
0.982856,0.046547
0.982802,0.046547
0.982747,0.046738
0.982693,0.046738
0.982639,0.046928
0.982584,0.046928
0.982530,0.046928
0.982475,0.047119
0.982421,0.047119
0.982366,0.047119
0.982312,0.047310
0.982258,0.047310
0.982203,0.047310
0.982149,0.047501
0.982094,0.047501
0.982040,0.047691
0.981986,0.047691
0.981931,0.047882
0.981877,0.047882
0.981822,0.047882
0.981768,0.048073
0.981713,0.048073
0.981659,0.048264
0.981605,0.048264
0.981550,0.048264
0.981496,0.048264
0.981441,0.048454
0.981387,0.048454
0.981332,0.048645
0.981278,0.048645
0.981224,0.048836
0.981169,0.048836
0.981115,0.049027
0.981060,0.049027
0.981006,0.049027
0.980951,0.049027
0.980897,0.049218
0.980843,0.049408
0.980788,0.049408
0.980734,0.049408
0.980679,0.049408
0.980625,0.049599
0.980570,0.049599
0.980516,0.049790
0.980462,0.049790
0.980407,0.049790
0.980353,0.049981
0.980298,0.049981
0.980244,0.050171
0.980190,0.050171
0.980135,0.050171
0.980081,0.050171
0.980026,0.050362
0.979972,0.050362
0.979917,0.050553
0.979863,0.050553
0.979809,0.050553
0.979754,0.050744
0.979700,0.050744
0.979645,0.050744
0.979591,0.050934
0.979536,0.050934
0.979482,0.050934
0.979428,0.051125
0.979373,0.051125
0.979319,0.051316
0.979264,0.051316
0.979210,0.051316
0.979155,0.051316
0.979101,0.051507
0.979047,0.051507
0.978992,0.051697
0.978938,0.051697
0.978883,0.051888
0.978829,0.051888
0.978774,0.052079
0.978720,0.052079
0.978666,0.052079
0.978611,0.052079
0.978557,0.052270
0.978502,0.052270
0.978448,0.052461
0.978393,0.052461
0.978339,0.052461
0.978285,0.052651
0.978230,0.052651
0.978176,0.052651
0.978121,0.052842
0.978067,0.052842
0.978012,0.052842
0.977958,0.053033
0.977904,0.053033
0.977849,0.053033
0.977795,0.053224
0.977740,0.053224
0.977686,0.053224
0.977631,0.053414
0.977577,0.053414
0.977523,0.053414
0.977468,0.053605
0.977414,0.053605
0.977359,0.053605
0.977305,0.053796
0.977251,0.053796
0.977196,0.053796
0.977142,0.053987
0.977087,0.053987
0.977033,0.053987
0.976978,0.054177
0.976924,0.054177
0.976870,0.054177
0.976815,0.054368
0.976761,0.054368
0.976706,0.054368
0.976652,0.054368
0.976597,0.054559
0.976543,0.054750
0.976489,0.054750
0.976434,0.054750
0.976380,0.054941
0.976325,0.054941
0.976271,0.055131
0.976216,0.055131
0.976162,0.055131
0.976108,0.055131
0.976053,0.055322
0.975999,0.055322
0.975944,0.055322
0.975890,0.055513
0.975835,0.055513
0.975781,0.055513
0.975727,0.055704
0.975672,0.055704
0.975618,0.055894
0.975563,0.055894
0.975509,0.055894
0.975454,0.055894
0.975400,0.056085
0.975346,0.056085
0.975291,0.056085
0.975237,0.056276
0.975182,0.056276
0.975128,0.056276
0.975073,0.056276
0.975019,0.056467
0.974965,0.056467
0.974910,0.056657
0.974856,0.056657
0.974801,0.056657
0.974747,0.056657
0.974693,0.056657
0.974638,0.056848
0.974584,0.056848
0.974529,0.057039
0.974475,0.057039
0.974420,0.057039
0.974366,0.057230
0.974312,0.057230
0.974257,0.057230
0.974203,0.057420
0.974148,0.057420
0.974094,0.057420
0.974039,0.057420
0.973985,0.057611
0.973931,0.057611
0.973876,0.057802
0.973822,0.057802
0.973767,0.057802
0.973713,0.057802
0.973658,0.057993
0.973604,0.057993
0.973550,0.058184
0.973495,0.058184
0.973441,0.058184
0.973386,0.058184
0.973332,0.058374
0.973277,0.058374
0.973223,0.058565
0.973169,0.058565
0.973114,0.058565
0.973060,0.058565
0.973005,0.058756
0.972951,0.058756
0.972897,0.058756
0.972842,0.058947
0.972788,0.058947
0.972733,0.058947
0.972679,0.058947
0.972624,0.059137
0.972570,0.059137
0.972516,0.059137
0.972461,0.059328
0.972407,0.059328
0.972352,0.059328
0.972298,0.059328
0.972243,0.059519
0.972189,0.059519
0.972135,0.059519
0.972080,0.059710
0.972026,0.059710
0.971971,0.059710
0.971917,0.059710
0.971862,0.059710
0.971808,0.059900
0.971754,0.059900
0.971699,0.060091
0.971645,0.060091
0.971590,0.060091
0.971536,0.060282
0.971481,0.060282
0.971427,0.060282
0.971373,0.060282
0.971318,0.060473
0.971264,0.060473
0.971209,0.060473
0.971155,0.060473
0.971100,0.060663
0.971046,0.060663
0.970992,0.060854
0.970937,0.060854
0.970883,0.060854
0.970828,0.060854
0.970774,0.061045
0.970720,0.061045
0.970665,0.061045
0.970611,0.061236
0.970556,0.061236
0.970502,0.061236
0.970447,0.061236
0.970393,0.061427
0.970339,0.061427
0.970284,0.061427
0.970230,0.061617
0.970175,0.061617
0.970121,0.061617
0.970066,0.061617
0.970012,0.061808
0.969958,0.061808
0.969903,0.061808
0.969849,0.061999
0.969794,0.061999
0.969740,0.061999
0.969685,0.061999
0.969631,0.062190
0.969577,0.062190
0.969522,0.062190
0.969468,0.062190
0.969413,0.062380
0.969359,0.062380
0.969304,0.062380
0.969250,0.062380
0.969196,0.062380
0.969141,0.062571
0.969087,0.062571
0.969032,0.062762
0.968978,0.062762
0.968924,0.062762
0.968869,0.062762
0.968815,0.062762
0.968760,0.062762
0.968706,0.062953
0.968651,0.062953
0.968597,0.063143
0.968543,0.063143
0.968488,0.063143
0.968434,0.063143
0.968379,0.063143
0.968325,0.063334
0.968270,0.063334
0.968216,0.063334
0.968162,0.063525
0.968107,0.063525
0.968053,0.063525
0.967998,0.063525
0.967944,0.063716
0.967889,0.063716
0.967835,0.063716
0.967781,0.063907
0.967726,0.063907
0.967672,0.063907
0.967617,0.063907
0.967563,0.064097
0.967508,0.064097
0.967454,0.064288
0.967400,0.064288
0.967345,0.064288
0.967291,0.064288
0.967236,0.064479
0.967182,0.064479
0.967127,0.064479
0.967073,0.064479
0.967019,0.064670
0.966964,0.064670
0.966910,0.064670
0.966855,0.064670
0.966801,0.064670
0.966747,0.064860
0.966692,0.064860
0.966638,0.064860
0.966583,0.065051
0.966529,0.065051
0.966474,0.065051
0.966420,0.065051
0.966366,0.065242
0.966311,0.065242
0.966257,0.065242
0.966202,0.065242
0.966148,0.065433
0.966093,0.065433
0.966039,0.065433
0.965985,0.065433
0.965930,0.065433
0.965876,0.065623
0.965821,0.065623
0.965767,0.065623
0.965712,0.065623
0.965658,0.065623
0.965604,0.065814
0.965549,0.065814
0.965495,0.065814
0.965440,0.065814
0.965386,0.066005
0.965331,0.066005
0.965277,0.066005
0.965223,0.066005
0.965168,0.066196
0.965114,0.066196
0.965059,0.066196
0.965005,0.066196
0.964951,0.066196
0.964896,0.066386
0.964842,0.066386
0.964787,0.066386
0.964733,0.066577
0.964678,0.066577
0.964624,0.066577
0.964570,0.066577
0.964515,0.066577
0.964461,0.066577
0.964406,0.066768
0.964352,0.066768
0.964297,0.066959
0.964243,0.066959
0.964189,0.066959
0.964134,0.066959
0.964080,0.066959
0.964025,0.067150
0.963971,0.067150
0.963916,0.067150
0.963862,0.067150
0.963808,0.067340
0.963753,0.067340
0.963699,0.067340
0.963644,0.067340
0.963590,0.067531
0.963535,0.067531
0.963481,0.067531
0.963427,0.067531
0.963372,0.067531
0.963318,0.067722
0.963263,0.067722
0.963209,0.067722
0.963154,0.067722
0.963100,0.067722
0.963046,0.067913
0.962991,0.067913
0.962937,0.068103
0.962882,0.067913
0.962828,0.068103
0.962774,0.068103
0.962719,0.068103
0.962665,0.068103
0.962610,0.068103
0.962556,0.068294
0.962501,0.068294
0.962447,0.068294
0.962393,0.068485
0.962338,0.068485
0.962284,0.068485
0.962229,0.068485
0.962175,0.068485
0.962120,0.068485
0.962066,0.068485
0.962012,0.068485
0.961957,0.068676
0.961903,0.068676
0.961848,0.068676
0.961794,0.068866
0.961739,0.068866
0.961685,0.068866
0.961631,0.068866
0.961576,0.068866
0.961522,0.068866
0.961467,0.069057
0.961413,0.069057
0.961358,0.069057
0.961304,0.069248
0.961250,0.069248
0.961195,0.069248
0.961141,0.069248
0.961086,0.069248
0.961032,0.069248
0.960978,0.069439
0.960923,0.069439
0.960869,0.069439
0.960814,0.069439
0.960760,0.069439
0.960705,0.069629
0.960651,0.069629
0.960597,0.069629
0.960542,0.069629
0.960488,0.069629
0.960433,0.069820
0.960379,0.069820
0.960324,0.069820
0.960270,0.069820
0.960216,0.070011
0.960161,0.070011
0.960107,0.070011
0.960052,0.070011
0.959998,0.070011
0.959943,0.070202
0.959889,0.070202
0.959835,0.070202
0.959780,0.070202
0.959726,0.070393
0.959671,0.070393
0.959617,0.070393
0.959562,0.070393
0.959508,0.070393
0.959454,0.070393
0.959399,0.070583
0.959345,0.070583
0.959290,0.070583
0.959236,0.070583
0.959181,0.070774
0.959127,0.070774
0.959073,0.070774
0.959018,0.070774
0.958964,0.070774
0.958909,0.070774
0.958855,0.070965
0.958801,0.070965
0.958746,0.070965
0.958692,0.071156
0.958637,0.071156
0.958583,0.071156
0.958528,0.071156
0.958474,0.071156
0.958420,0.071156
0.958365,0.071156
0.958311,0.071346
0.958256,0.071346
0.958202,0.071346
0.958147,0.071346
0.958093,0.071346
0.958039,0.071537
0.957984,0.071537
0.957930,0.071537
0.957875,0.071537
0.957821,0.071537
0.957766,0.071537
0.957712,0.071537
0.957658,0.071728
0.957603,0.071728
0.957549,0.071728
0.957494,0.071728
0.957440,0.071919
0.957385,0.071919
0.957331,0.071919
0.957277,0.071919
0.957222,0.071919
0.957168,0.071919
0.957113,0.071919
0.957059,0.072109
0.957005,0.072109
0.956950,0.072109
0.956896,0.072109
0.956841,0.072109
0.956787,0.072109
0.956732,0.072300
0.956678,0.072300
0.956624,0.072300
0.956569,0.072300
0.956515,0.072300
0.956460,0.072300
0.956406,0.072491
0.956351,0.072491
0.956297,0.072491
0.956243,0.072491
0.956188,0.072682
0.956134,0.072682
0.956079,0.072682
0.956025,0.072682
0.955970,0.072682
0.955916,0.072682
0.955862,0.072682
0.955807,0.072872
0.955753,0.072872
0.955698,0.072872
0.955644,0.072872
0.955589,0.072872
0.955535,0.073063
0.955481,0.073063
0.955426,0.073063
0.955372,0.073063
0.955317,0.073063
0.955263,0.073063
0.955208,0.073254
0.955154,0.073254
0.955100,0.073254
0.955045,0.073254
0.954991,0.073254
0.954936,0.073445
0.954882,0.073445
0.954828,0.073445
0.954773,0.073445
0.954719,0.073445
0.954664,0.073445
0.954610,0.073445
0.954555,0.073636
0.954501,0.073636
0.954447,0.073636
0.954392,0.073636
0.954338,0.073826
0.954283,0.073826
0.954229,0.073826
0.954174,0.073826
0.954120,0.073826
0.954066,0.073826
0.954011,0.073826
0.953957,0.074017
0.953902,0.074017
0.953848,0.074017
0.953793,0.074017
0.953739,0.074017
0.953685,0.074208
0.953630,0.074208
0.953576,0.074208
0.953521,0.074208
0.953467,0.074208
0.953412,0.074208
0.953358,0.074208
0.953304,0.074208
0.953249,0.074399
0.953195,0.074399
0.953140,0.074399
0.953086,0.074399
0.953032,0.074399
0.952977,0.074399
0.952923,0.074589
0.952868,0.074589
0.952814,0.074589
0.952759,0.074589
0.952705,0.074589
0.952651,0.074589
0.952596,0.074589
0.952542,0.074589
0.952487,0.074589
0.952433,0.074589
0.952378,0.074780
0.952324,0.074780
0.952270,0.074971
0.952215,0.074971
0.952161,0.074780
0.952106,0.074971
0.952052,0.074971
0.951997,0.074971
0.951943,0.074971
0.951889,0.074971
0.951834,0.074971
0.951780,0.074971
0.951725,0.075162
0.951671,0.075162
0.951616,0.075162
0.951562,0.075162
0.951508,0.075162
0.951453,0.075162
0.951399,0.075352
0.951344,0.075352
0.951290,0.075352
0.951235,0.075352
0.951181,0.075352
0.951127,0.075352
0.951072,0.075352
0.951018,0.075543
0.950963,0.075543
0.950909,0.075543
0.950855,0.075543
0.950800,0.075543
0.950746,0.075543
0.950691,0.075734
0.950637,0.075734
0.950582,0.075734
0.950528,0.075734
0.950474,0.075734
0.950419,0.075734
0.950365,0.075734
0.950310,0.075734
0.950256,0.075925
0.950201,0.075925
0.950147,0.075925
0.950093,0.075925
0.950038,0.075925
0.949984,0.075925
0.949929,0.076116
0.949875,0.076116
0.949820,0.076116
0.949766,0.076116
0.949712,0.076116
0.949657,0.076116
0.949603,0.076116
0.949548,0.076306
0.949494,0.076306
0.949439,0.076306
0.949385,0.076306
0.949331,0.076497
0.949276,0.076497
0.949222,0.076497
0.949167,0.076497
0.949113,0.076497
0.949059,0.076497
0.949004,0.076497
0.948950,0.076688
0.948895,0.076497
0.948841,0.076688
0.948786,0.076688
0.948732,0.076688
0.948678,0.076688
0.948623,0.076688
0.948569,0.076688
0.948514,0.076688
0.948460,0.076879
0.948405,0.076879
0.948351,0.076879
0.948297,0.076879
0.948242,0.076879
0.948188,0.076879
0.948133,0.076879
0.948079,0.076879
0.948024,0.077069
0.947970,0.077069
0.947916,0.077069
0.947861,0.077069
0.947807,0.077069
0.947752,0.077069
0.947698,0.077260
0.947643,0.077260
0.947589,0.077260
0.947535,0.077260
0.947480,0.077260
0.947426,0.077260
0.947371,0.077260
0.947317,0.077260
0.947263,0.077260
0.947208,0.077451
0.947154,0.077260
0.947099,0.077451
0.947045,0.077451
0.946990,0.077451
0.946936,0.077451
0.946882,0.077642
0.946827,0.077642
0.946773,0.077642
0.946718,0.077642
0.946664,0.077642
0.946609,0.077642
0.946555,0.077642
0.946501,0.077642
0.946446,0.077642
0.946392,0.077642
0.946337,0.077832
0.946283,0.077832
0.946228,0.077642
0.946174,0.077832
0.946120,0.077832
0.946065,0.077832
0.946011,0.077832
0.945956,0.077832
0.945902,0.078023
0.945847,0.078023
0.945793,0.078023
0.945739,0.078023
0.945684,0.078023
0.945630,0.078023
0.945575,0.078023
0.945521,0.078023
0.945466,0.078023
0.945412,0.078023
0.945358,0.078023
0.945303,0.078214
0.945249,0.078214
0.945194,0.078214
0.945140,0.078214
0.945086,0.078214
0.945031,0.078214
0.944977,0.078214
0.944922,0.078405
0.944868,0.078405
0.944813,0.078405
0.944759,0.078405
0.944705,0.078405
0.944650,0.078405
0.944596,0.078405
0.944541,0.078405
0.944487,0.078405
0.944432,0.078595
0.944378,0.078595
0.944324,0.078595
0.944269,0.078595
0.944215,0.078595
0.944160,0.078595
0.944106,0.078595
0.944051,0.078786
0.943997,0.078786
0.943943,0.078786
0.943888,0.078786
0.943834,0.078786
0.943779,0.078786
0.943725,0.078786
0.943670,0.078786
0.943616,0.078786
0.943562,0.078786
0.943507,0.078786
0.943453,0.078977
0.943398,0.078977
0.943344,0.078977
0.943290,0.078977
0.943235,0.078977
0.943181,0.078977
0.943126,0.078977
0.943072,0.079168
0.943017,0.079168
0.942963,0.079168
0.942909,0.079168
0.942854,0.079168
0.942800,0.079168
0.942745,0.079168
0.942691,0.079168
0.942636,0.079168
0.942582,0.079359
0.942528,0.079359
0.942473,0.079359
0.942419,0.079359
0.942364,0.079359
0.942310,0.079549
0.942255,0.079549
0.942201,0.079549
0.942147,0.079549
0.942092,0.079549
0.942038,0.079549
0.941983,0.079549
0.941929,0.079549
0.941874,0.079549
0.941820,0.079549
0.941766,0.079549
0.941711,0.079549
0.941657,0.079740
0.941602,0.079740
0.941548,0.079740
0.941493,0.079740
0.941439,0.079740
0.941385,0.079740
0.941330,0.079740
0.941276,0.079740
0.941221,0.079931
0.941167,0.079931
0.941112,0.079931
0.941058,0.079931
0.941004,0.079931
0.940949,0.079931
0.940895,0.079931
0.940840,0.079931
0.940786,0.079931
0.940731,0.079931
0.940677,0.080122
0.940623,0.080122
0.940568,0.080122
0.940514,0.080122
0.940459,0.080122
0.940405,0.080122
0.940351,0.080122
0.940296,0.080122
0.940242,0.080122
0.940187,0.080122
0.940133,0.080312
0.940078,0.080312
0.940024,0.080312
0.939970,0.080312
0.939915,0.080312
0.939861,0.080312
0.939806,0.080312
0.939752,0.080312
0.939697,0.080312
0.939643,0.080312
0.939589,0.080312
0.939534,0.080312
0.939480,0.080503
0.939425,0.080312
0.939371,0.080503
0.939316,0.080503
0.939262,0.080503
0.939208,0.080503
0.939153,0.080694
0.939099,0.080694
0.939044,0.080694
0.938990,0.080694
0.938935,0.080694
0.938881,0.080694
0.938827,0.080694
0.938772,0.080694
0.938718,0.080694
0.938663,0.080694
0.938609,0.080694
0.938555,0.080694
0.938500,0.080694
0.938446,0.080694
0.938391,0.080694
0.938337,0.080694
0.938282,0.080694
0.938228,0.080885
0.938174,0.080885
0.938119,0.080885
0.938065,0.080885
0.938010,0.080885
0.937956,0.080885
0.937901,0.080885
0.937847,0.080885
0.937793,0.080885
0.937738,0.081075
0.937684,0.081075
0.937629,0.081075
0.937575,0.081075
0.937520,0.081075
0.937466,0.081075
0.937412,0.081075
0.937357,0.081075
0.937303,0.081075
0.937248,0.081075
0.937194,0.081075
0.937139,0.081075
0.937085,0.081075
0.937031,0.081266
0.936976,0.081266
0.936922,0.081266
0.936867,0.081266
0.936813,0.081266
0.936758,0.081266
0.936704,0.081266
0.936650,0.081266
0.936595,0.081266
0.936541,0.081266
0.936486,0.081457
0.936432,0.081457
0.936378,0.081457
0.936323,0.081457
0.936269,0.081457
0.936214,0.081457
0.936160,0.081457
0.936105,0.081457
0.936051,0.081457
0.935997,0.081457
0.935942,0.081457
0.935888,0.081457
0.935833,0.081648
0.935779,0.081648
0.935724,0.081648
0.935670,0.081648
0.935616,0.081648
0.935561,0.081648
0.935507,0.081648
0.935452,0.081648
0.935398,0.081838
0.935343,0.081648
0.935289,0.081838
0.935235,0.081838
0.935180,0.081838
0.935126,0.081838
0.935071,0.081838
0.935017,0.081838
0.934962,0.081838
0.934908,0.081838
0.934854,0.081838
0.934799,0.081838
0.934745,0.081838
0.934690,0.081838
0.934636,0.081838
0.934581,0.082029
0.934527,0.081838
0.934473,0.082029
0.934418,0.082029
0.934364,0.082029
0.934309,0.082029
0.934255,0.082029
0.934201,0.082029
0.934146,0.082029
0.934092,0.082220
0.934037,0.082029
0.933983,0.082220
0.933928,0.082220
0.933874,0.082220
0.933820,0.082220
0.933765,0.082220
0.933711,0.082220
0.933656,0.082220
0.933602,0.082220
0.933547,0.082220
0.933493,0.082411
0.933439,0.082220
0.933384,0.082220
0.933330,0.082411
0.933275,0.082411
0.933221,0.082220
0.933166,0.082411
0.933112,0.082411
0.933058,0.082411
0.933003,0.082411
0.932949,0.082411
0.932894,0.082411
0.932840,0.082411
0.932785,0.082602
0.932731,0.082602
0.932677,0.082602
0.932622,0.082602
0.932568,0.082602
0.932513,0.082602
0.932459,0.082602
0.932404,0.082602
0.932350,0.082602
0.932296,0.082602
0.932241,0.082602
0.932187,0.082792
0.932132,0.082602
0.932078,0.082602
0.932024,0.082792
0.931969,0.082792
0.931915,0.082792
0.931860,0.082792
0.931806,0.082792
0.931751,0.082792
0.931697,0.082792
0.931643,0.082792
0.931588,0.082983
0.931534,0.082983
0.931479,0.082983
0.931425,0.082792
0.931370,0.082983
0.931316,0.082983
0.931262,0.082983
0.931207,0.082983
0.931153,0.082983
0.931098,0.082983
0.931044,0.082983
0.930989,0.082983
0.930935,0.082983
0.930881,0.082983
0.930826,0.083174
0.930772,0.082983
0.930717,0.082983
0.930663,0.083174
0.930608,0.083174
0.930554,0.083174
0.930500,0.083174
0.930445,0.083174
0.930391,0.083174
0.930336,0.083174
0.930282,0.083174
0.930228,0.083174
0.930173,0.083174
0.930119,0.083365
0.930064,0.083365
0.930010,0.083365
0.929955,0.083365
0.929901,0.083365
0.929847,0.083365
0.929792,0.083365
0.929738,0.083365
0.929683,0.083365
0.929629,0.083365
0.929574,0.083365
0.929520,0.083365
0.929466,0.083365
0.929411,0.083365
0.929357,0.083365
0.929302,0.083365
0.929248,0.083365
0.929193,0.083365
0.929139,0.083555
0.929085,0.083555
0.929030,0.083555
0.928976,0.083555
0.928921,0.083555
0.928867,0.083555
0.928812,0.083555
0.928758,0.083555
0.928704,0.083555
0.928649,0.083555
0.928595,0.083746
0.928540,0.083746
0.928486,0.083746
0.928431,0.083746
0.928377,0.083746
0.928323,0.083746
0.928268,0.083746
0.928214,0.083746
0.928159,0.083746
0.928105,0.083746
0.928051,0.083746
0.927996,0.083746
0.927942,0.083746
0.927887,0.083746
0.927833,0.083746
0.927778,0.083746
0.927724,0.083746
0.927670,0.083746
0.927615,0.083746
0.927561,0.083746
0.927506,0.083746
0.927452,0.083937
0.927397,0.083937
0.927343,0.083937
0.927289,0.083937
0.927234,0.083937
0.927180,0.083937
0.927125,0.083937
0.927071,0.083937
0.927016,0.083937
0.926962,0.083937
0.926908,0.083937
0.926853,0.083937
0.926799,0.083937
0.926744,0.084128
0.926690,0.084128
0.926635,0.084128
0.926581,0.083937
0.926527,0.084128
0.926472,0.084128
0.926418,0.084128
0.926363,0.084128
0.926309,0.084128
0.926255,0.084128
0.926200,0.084128
0.926146,0.084128
0.926091,0.084128
0.926037,0.084128
0.925982,0.084128
0.925928,0.084128
0.925874,0.084128
0.925819,0.084128
0.925765,0.084128
0.925710,0.084318
0.925656,0.084318
0.925601,0.084318
0.925547,0.084318
0.925493,0.084318
0.925438,0.084318
0.925384,0.084318
0.925329,0.084318
0.925275,0.084318
0.925220,0.084318
0.925166,0.084318
0.925112,0.084318
0.925057,0.084318
0.925003,0.084318
0.924948,0.084509
0.924894,0.084509
0.924839,0.084509
0.924785,0.084509
0.924731,0.084509
0.924676,0.084509
0.924622,0.084509
0.924567,0.084509
0.924513,0.084509
0.924458,0.084509
0.924404,0.084509
0.924350,0.084509
0.924295,0.084509
0.924241,0.084509
0.924186,0.084509
0.924132,0.084509
0.924077,0.084509
0.924023,0.084700
0.923969,0.084700
0.923914,0.084700
0.923860,0.084700
0.923805,0.084700
0.923751,0.084700
0.923697,0.084700
0.923642,0.084700
0.923588,0.084700
0.923533,0.084700
0.923479,0.084700
0.923424,0.084700
0.923370,0.084700
0.923316,0.084700
0.923261,0.084700
0.923207,0.084891
0.923152,0.084891
0.923098,0.084891
0.923043,0.084891
0.922989,0.084891
0.922935,0.084891
0.922880,0.084891
0.922826,0.084891
0.922771,0.084891
0.922717,0.084891
0.922662,0.084891
0.922608,0.084891
0.922554,0.084891
0.922499,0.084891
0.922445,0.084891
0.922390,0.084891
0.922336,0.084891
0.922281,0.084891
0.922227,0.085081
0.922173,0.085081
0.922118,0.085081
0.922064,0.084891
0.922009,0.085081
0.921955,0.085081
0.921900,0.085081
0.921846,0.085081
0.921792,0.085081
0.921737,0.085081
0.921683,0.085081
0.921628,0.085081
0.921574,0.085081
0.921520,0.085272
0.921465,0.085081
0.921411,0.085081
0.921356,0.085081
0.921302,0.085272
0.921247,0.085272
0.921193,0.085272
0.921139,0.085272
0.921084,0.085272
0.921030,0.085272
0.920975,0.085272
0.920921,0.085272
0.920866,0.085272
0.920812,0.085272
0.920758,0.085272
0.920703,0.085272
0.920649,0.085272
0.920594,0.085272
0.920540,0.085463
0.920485,0.085272
0.920431,0.085463
0.920377,0.085272
0.920322,0.085463
0.920268,0.085463
0.920213,0.085463
0.920159,0.085463
0.920104,0.085463
0.920050,0.085463
0.919996,0.085463
0.919941,0.085463
0.919887,0.085463
0.919832,0.085463
0.919778,0.085463
0.919724,0.085463
0.919669,0.085463
0.919615,0.085654
0.919560,0.085463
0.919506,0.085463
0.919451,0.085654
0.919397,0.085654
0.919343,0.085654
0.919288,0.085654
0.919234,0.085654
0.919179,0.085654
0.919125,0.085654
0.919070,0.085654
0.919016,0.085654
0.918962,0.085654
0.918907,0.085654
0.918853,0.085654
0.918798,0.085654
0.918744,0.085654
0.918689,0.085654
0.918635,0.085654
0.918581,0.085654
0.918526,0.085654
0.918472,0.085845
0.918417,0.085654
0.918363,0.085845
0.918308,0.085654
0.918254,0.085845
0.918200,0.085845
0.918145,0.085845
0.918091,0.085845
0.918036,0.085845
0.917982,0.085845
0.917927,0.085845
0.917873,0.085845
0.917819,0.085845
0.917764,0.085845
0.917710,0.085845
0.917655,0.085845
0.917601,0.085845
0.917547,0.086035
0.917492,0.086035
0.917438,0.086035
0.917383,0.086035
0.917329,0.086035
0.917274,0.086035
0.917220,0.086035
0.917166,0.086035
0.917111,0.086035
0.917057,0.086035
0.917002,0.086035
0.916948,0.086035
0.916893,0.086035
0.916839,0.086035
0.916785,0.086035
0.916730,0.086035
0.916676,0.086035
0.916621,0.086035
0.916567,0.086035
0.916512,0.086035
0.916458,0.086035
0.916404,0.086226
0.916349,0.086226
0.916295,0.086035
0.916240,0.086226
0.916186,0.086226
0.916131,0.086226
0.916077,0.086226
0.916023,0.086226
0.915968,0.086226
0.915914,0.086226
0.915859,0.086226
0.915805,0.086226
0.915751,0.086226
0.915696,0.086226
0.915642,0.086226
0.915587,0.086226
0.915533,0.086226
0.915478,0.086417
0.915424,0.086226
0.915370,0.086417
0.915315,0.086226
0.915261,0.086417
0.915206,0.086417
0.915152,0.086417
0.915097,0.086417
0.915043,0.086417
0.914989,0.086417
0.914934,0.086417
0.914880,0.086417
0.914825,0.086417
0.914771,0.086417
0.914716,0.086417
0.914662,0.086417
0.914608,0.086417
0.914553,0.086417
0.914499,0.086417
0.914444,0.086417
0.914390,0.086417
0.914335,0.086417
0.914281,0.086417
0.914227,0.086417
0.914172,0.086417
0.914118,0.086417
0.914063,0.086417
0.914009,0.086417
0.913954,0.086417
0.913900,0.086608
0.913846,0.086608
0.913791,0.086417
0.913737,0.086608
0.913682,0.086608
0.913628,0.086608
0.913574,0.086608
0.913519,0.086608
0.913465,0.086608
0.913410,0.086608
0.913356,0.086608
0.913301,0.086608
0.913247,0.086608
0.913193,0.086608
0.913138,0.086608
0.913084,0.086608
0.913029,0.086608
0.912975,0.086608
0.912920,0.086608
0.912866,0.086608
0.912812,0.086798
0.912757,0.086798
0.912703,0.086798
0.912648,0.086798
0.912594,0.086798
0.912539,0.086608
0.912485,0.086798
0.912431,0.086798
0.912376,0.086798
0.912322,0.086798
0.912267,0.086798
0.912213,0.086798
0.912158,0.086798
0.912104,0.086798
0.912050,0.086798
0.911995,0.086798
0.911941,0.086798
0.911886,0.086798
0.911832,0.086798
0.911778,0.086798
0.911723,0.086798
0.911669,0.086798
0.911614,0.086798
0.911560,0.086798
0.911505,0.086798
0.911451,0.086798
0.911397,0.086989
0.911342,0.086798
0.911288,0.086798
0.911233,0.086798
0.911179,0.086989
0.911124,0.086989
0.911070,0.086798
0.911016,0.086989
0.910961,0.086989
0.910907,0.086989
0.910852,0.086989
0.910798,0.086989
0.910743,0.086989
0.910689,0.086989
0.910635,0.086989
0.910580,0.086989
0.910526,0.086989
0.910471,0.086989
0.910417,0.086989
0.910362,0.086989
0.910308,0.086989
0.910254,0.086989
0.910199,0.086989
0.910145,0.086989
0.910090,0.086989
0.910036,0.086989
0.909981,0.086989
0.909927,0.087180
0.909873,0.087180
0.909818,0.087180
0.909764,0.086989
0.909709,0.087180
0.909655,0.087180
0.909601,0.087180
0.909546,0.087180
0.909492,0.087180
0.909437,0.087180
0.909383,0.087180
0.909328,0.087180
0.909274,0.087180
0.909220,0.087180
0.909165,0.087180
0.909111,0.087180
0.909056,0.087180
0.909002,0.087180
0.908947,0.087180
0.908893,0.087180
0.908839,0.087180
0.908784,0.087180
0.908730,0.087180
0.908675,0.087180
0.908621,0.087180
0.908566,0.087180
0.908512,0.087180
0.908458,0.087180
0.908403,0.087180
0.908349,0.087180
0.908294,0.087371
0.908240,0.087180
0.908185,0.087180
0.908131,0.087371
0.908077,0.087180
0.908022,0.087371
0.907968,0.087371
0.907913,0.087371
0.907859,0.087371
0.907804,0.087371
0.907750,0.087371
0.907696,0.087371
0.907641,0.087371
0.907587,0.087371
0.907532,0.087371
0.907478,0.087371
0.907424,0.087371
0.907369,0.087371
0.907315,0.087371
0.907260,0.087371
0.907206,0.087561
0.907151,0.087371
0.907097,0.087371
0.907043,0.087371
0.906988,0.087561
0.906934,0.087371
0.906879,0.087371
0.906825,0.087561
0.906770,0.087561
0.906716,0.087561
0.906662,0.087561
0.906607,0.087561
0.906553,0.087561
0.906498,0.087561
0.906444,0.087561
0.906389,0.087561
0.906335,0.087561
0.906281,0.087561
0.906226,0.087561
0.906172,0.087561
0.906117,0.087561
0.906063,0.087561
0.906008,0.087561
0.905954,0.087561
0.905900,0.087561
0.905845,0.087561
0.905791,0.087561
0.905736,0.087561
0.905682,0.087561
0.905628,0.087561
0.905573,0.087561
0.905519,0.087561
0.905464,0.087561
0.905410,0.087752
0.905355,0.087561
0.905301,0.087752
0.905247,0.087752
0.905192,0.087752
0.905138,0.087752
0.905083,0.087752
0.905029,0.087752
0.904974,0.087752
0.904920,0.087752
0.904866,0.087752
0.904811,0.087752
0.904757,0.087752
0.904702,0.087752
0.904648,0.087752
0.904593,0.087752
0.904539,0.087752
0.904485,0.087752
0.904430,0.087752
0.904376,0.087752
0.904321,0.087752
0.904267,0.087752
0.904212,0.087752
0.904158,0.087943
0.904104,0.087943
0.904049,0.087943
0.903995,0.087943
0.903940,0.087943
0.903886,0.087943
0.903831,0.087943
0.903777,0.087943
0.903723,0.087943
0.903668,0.087943
0.903614,0.087943
0.903559,0.087943
0.903505,0.087943
0.903451,0.087943
0.903396,0.087943
0.903342,0.087943
0.903287,0.087943
0.903233,0.087943
0.903178,0.087943
0.903124,0.087943
0.903070,0.087943
0.903015,0.087943
0.902961,0.087943
0.902906,0.087943
0.902852,0.087943
0.902797,0.087943
0.902743,0.087943
0.902689,0.087943
0.902634,0.087943
0.902580,0.087943
0.902525,0.087943
0.902471,0.087943
0.902416,0.087943
0.902362,0.087943
0.902308,0.087943
0.902253,0.087943
0.902199,0.087943
0.902144,0.087943
0.902090,0.088134
0.902035,0.088134
0.901981,0.088134
0.901927,0.088134
0.901872,0.088134
0.901818,0.088134
0.901763,0.088134
0.901709,0.088134
0.901655,0.088134
0.901600,0.088134
0.901546,0.088134
0.901491,0.088134
0.901437,0.088134
0.901382,0.088134
0.901328,0.088134
0.901274,0.088134
0.901219,0.088134
0.901165,0.088134
0.901110,0.088134
0.901056,0.088134
0.901001,0.088134
0.900947,0.088134
0.900893,0.088134
0.900838,0.088325
0.900784,0.088134
0.900729,0.088325
0.900675,0.088325
0.900620,0.088325
0.900566,0.088325
0.900512,0.088325
0.900457,0.088325
0.900403,0.088325
0.900348,0.088325
0.900294,0.088325
0.900239,0.088325
0.900185,0.088325
0.900131,0.088325
0.900076,0.088325
0.900022,0.088325
0.899967,0.088325
0.899913,0.088325
0.899858,0.088325
0.899804,0.088325
0.899750,0.088325
0.899695,0.088325
0.899641,0.088325
0.899586,0.088325
0.899532,0.088325
0.899478,0.088325
0.899423,0.088325
0.899369,0.088325
0.899314,0.088325
0.899260,0.088325
0.899205,0.088325
0.899151,0.088325
0.899097,0.088325
0.899042,0.088325
0.898988,0.088325
0.898933,0.088515
0.898879,0.088325
0.898824,0.088325
0.898770,0.088515
0.898716,0.088325
0.898661,0.088515
0.898607,0.088515
0.898552,0.088515
0.898498,0.088515
0.898443,0.088515
0.898389,0.088515
0.898335,0.088515
0.898280,0.088515
0.898226,0.088515
0.898171,0.088515
0.898117,0.088515
0.898062,0.088515
0.898008,0.088515
0.897954,0.088515
0.897899,0.088515
0.897845,0.088515
0.897790,0.088515
0.897736,0.088515
0.897681,0.088515
0.897627,0.088515
0.897573,0.088515
0.897518,0.088706
0.897464,0.088706
0.897409,0.088515
0.897355,0.088706
0.897301,0.088706
0.897246,0.088706
0.897192,0.088706
0.897137,0.088706
0.897083,0.088706
0.897028,0.088706
0.896974,0.088706
0.896920,0.088706
0.896865,0.088706
0.896811,0.088706
0.896756,0.088706
0.896702,0.088706
0.896647,0.088706
0.896593,0.088706
0.896539,0.088706
0.896484,0.088706
0.896430,0.088706
0.896375,0.088706
0.896321,0.088706
0.896266,0.088706
0.896212,0.088706
0.896158,0.088706
0.896103,0.088706
0.896049,0.088706
0.895994,0.088706
0.895940,0.088706
0.895885,0.088706
0.895831,0.088706
0.895777,0.088706
0.895722,0.088897
0.895668,0.088706
0.895613,0.088897
0.895559,0.088897
0.895504,0.088897
0.895450,0.088897
0.895396,0.088897
0.895341,0.088897
0.895287,0.088897
0.895232,0.088897
0.895178,0.088897
0.895124,0.088897
0.895069,0.088897
0.895015,0.088897
0.894960,0.088897
0.894906,0.088897
0.894851,0.088897
0.894797,0.088897
0.894743,0.088897
0.894688,0.088897
0.894634,0.088897
0.894579,0.088897
0.894525,0.088897
0.894470,0.088897
0.894416,0.088897
0.894362,0.088897
0.894307,0.088897
0.894253,0.088897
0.894198,0.088897
0.894144,0.088897
0.894089,0.088897
0.894035,0.089088
0.893981,0.089088
0.893926,0.089088
0.893872,0.089088
0.893817,0.088897
0.893763,0.089088
0.893708,0.089088
0.893654,0.089088
0.893600,0.089088
0.893545,0.089088
0.893491,0.089088
0.893436,0.089088
0.893382,0.089088
0.893328,0.089088
0.893273,0.089088
0.893219,0.089088
0.893164,0.089088
0.893110,0.089088
0.893055,0.089088
0.893001,0.089088
0.892947,0.089088
0.892892,0.089088
0.892838,0.089088
0.892783,0.089088
0.892729,0.089088
0.892674,0.089088
0.892620,0.089088
0.892566,0.089088
0.892511,0.089088
0.892457,0.089088
0.892402,0.089088
0.892348,0.089088
0.892293,0.089088
0.892239,0.089088
0.892185,0.089088
0.892130,0.089088
0.892076,0.089088
0.892021,0.089088
0.891967,0.089088
0.891912,0.089278
0.891858,0.089088
0.891804,0.089088
0.891749,0.089088
0.891695,0.089278
0.891640,0.089088
0.891586,0.089088
0.891531,0.089278
0.891477,0.089088
0.891423,0.089278
0.891368,0.089278
0.891314,0.089278
0.891259,0.089278
0.891205,0.089278
0.891151,0.089278
0.891096,0.089278
0.891042,0.089278
0.890987,0.089278
0.890933,0.089278
0.890878,0.089278
0.890824,0.089278
0.890770,0.089278
0.890715,0.089278
0.890661,0.089278
0.890606,0.089278
0.890552,0.089278
0.890497,0.089278
0.890443,0.089278
0.890389,0.089278
0.890334,0.089278
0.890280,0.089278
0.890225,0.089278
0.890171,0.089278
0.890116,0.089278
0.890062,0.089278
0.890008,0.089278
0.889953,0.089278
0.889899,0.089469
0.889844,0.089469
0.889790,0.089469
0.889735,0.089469
0.889681,0.089469
0.889627,0.089469
0.889572,0.089469
0.889518,0.089469
0.889463,0.089469
0.889409,0.089469
0.889354,0.089469
0.889300,0.089469
0.889246,0.089469
0.889191,0.089469
0.889137,0.089469
0.889082,0.089469
0.889028,0.089469
0.888973,0.089469
0.888919,0.089469
0.888865,0.089469
0.888810,0.089469
0.888756,0.089469
0.888701,0.089469
0.888647,0.089469
0.888593,0.089469
0.888538,0.089469
0.888484,0.089469
0.888429,0.089469
0.888375,0.089469
0.888320,0.089469
0.888266,0.089469
0.888212,0.089469
0.888157,0.089469
0.888103,0.089469
0.888048,0.089469
0.887994,0.089469
0.887939,0.089469
0.887885,0.089469
0.887831,0.089469
0.887776,0.089469
0.887722,0.089469
0.887667,0.089469
0.887613,0.089469
0.887558,0.089469
0.887504,0.089469
0.887450,0.089469
0.887395,0.089469
0.887341,0.089469
0.887286,0.089469
0.887232,0.089469
0.887177,0.089469
0.887123,0.089469
0.887069,0.089469
0.887014,0.089469
0.886960,0.089469
0.886905,0.089660
0.886851,0.089660
0.886797,0.089469
0.886742,0.089469
0.886688,0.089469
0.886633,0.089660
0.886579,0.089660
0.886524,0.089469
0.886470,0.089660
0.886416,0.089660
0.886361,0.089660
0.886307,0.089660
0.886252,0.089469
0.886198,0.089660
0.886143,0.089660
0.886089,0.089660
0.886035,0.089660
0.885980,0.089660
0.885926,0.089660
0.885871,0.089660
0.885817,0.089660
0.885762,0.089660
0.885708,0.089660
0.885654,0.089660
0.885599,0.089660
0.885545,0.089660
0.885490,0.089660
0.885436,0.089660
0.885381,0.089660
0.885327,0.089660
0.885273,0.089660
0.885218,0.089660
0.885164,0.089660
0.885109,0.089660
0.885055,0.089660
0.885000,0.089851
0.884946,0.089660
0.884892,0.089660
0.884837,0.089660
0.884783,0.089660
0.884728,0.089851
0.884674,0.089851
0.884619,0.089851
0.884565,0.089660
0.884511,0.089851
0.884456,0.089851
0.884402,0.089851
0.884347,0.089851
0.884293,0.089851
0.884239,0.089851
0.884184,0.089851
0.884130,0.089851
0.884075,0.089851
0.884021,0.089851
0.883966,0.089851
0.883912,0.089851
0.883858,0.089851
0.883803,0.089851
0.883749,0.089851
0.883694,0.089851
0.883640,0.089851
0.883585,0.089851
0.883531,0.089851
0.883477,0.089851
0.883422,0.089851
0.883368,0.089851
0.883313,0.089851
0.883259,0.089851
0.883204,0.089851
0.883150,0.089851
0.883096,0.089851
0.883041,0.089851
0.882987,0.089851
0.882932,0.089851
0.882878,0.089851
0.882823,0.089851
0.882769,0.089851
0.882715,0.089851
0.882660,0.089851
0.882606,0.089851
0.882551,0.089851
0.882497,0.089851
0.882442,0.089851
0.882388,0.089851
0.882334,0.089851
0.882279,0.089851
0.882225,0.089851
0.882170,0.089851
0.882116,0.089851
0.882062,0.089851
0.882007,0.089851
0.881953,0.089851
0.881898,0.089851
0.881844,0.089851
0.881789,0.089851
0.881735,0.089851
0.881681,0.089851
0.881626,0.089851
0.881572,0.089851
0.881517,0.089851
0.881463,0.089851
0.881408,0.089851
0.881354,0.089851
0.881300,0.089851
0.881245,0.089851
0.881191,0.089851
0.881136,0.090041
0.881082,0.089851
0.881027,0.089851
0.880973,0.089851
0.880919,0.089851
0.880864,0.090041
0.880810,0.090041
0.880755,0.090041
0.880701,0.090041
0.880646,0.090041
0.880592,0.090041
0.880538,0.089851
0.880483,0.090041
0.880429,0.090041
0.880374,0.090041
0.880320,0.090041
0.880265,0.090041
0.880211,0.090041
0.880157,0.090041
0.880102,0.090041
0.880048,0.090041
0.879993,0.090041
0.879939,0.090041
0.879885,0.090041
0.879830,0.090041
0.879776,0.090041
0.879721,0.090041
0.879667,0.090041
0.879612,0.090041
0.879558,0.090041
0.879504,0.090041
0.879449,0.090041
0.879395,0.090041
0.879340,0.090041
0.879286,0.090041
0.879231,0.090041
0.879177,0.090041
0.879123,0.090041
0.879068,0.090041
0.879014,0.090041
0.878959,0.090041
0.878905,0.090041
0.878850,0.090041
0.878796,0.090041
0.878742,0.090041
0.878687,0.090041
0.878633,0.090041
0.878578,0.090232
0.878524,0.090041
0.878469,0.090041
0.878415,0.090041
0.878361,0.090041
0.878306,0.090041
0.878252,0.090232
0.878197,0.090232
0.878143,0.090232
0.878088,0.090041
0.878034,0.090041
0.877980,0.090232
0.877925,0.090232
0.877871,0.090232
0.877816,0.090232
0.877762,0.090232
0.877707,0.090232
0.877653,0.090232
0.877599,0.090232
0.877544,0.090232
0.877490,0.090232
0.877435,0.090232
0.877381,0.090232
0.877327,0.090232
0.877272,0.090232
0.877218,0.090232
0.877163,0.090232
0.877109,0.090232
0.877054,0.090232
0.877000,0.090232
0.876946,0.090232
0.876891,0.090232
0.876837,0.090232
0.876782,0.090232
0.876728,0.090232
0.876673,0.090232
0.876619,0.090232
0.876565,0.090232
0.876510,0.090232
0.876456,0.090232
0.876401,0.090232
0.876347,0.090232
0.876292,0.090232
0.876238,0.090232
0.876184,0.090232
0.876129,0.090232
0.876075,0.090232
0.876020,0.090232
0.875966,0.090232
0.875911,0.090232
0.875857,0.090232
0.875803,0.090232
0.875748,0.090232
0.875694,0.090232
0.875639,0.090232
0.875585,0.090232
0.875530,0.090232
0.875476,0.090232
0.875422,0.090232
0.875367,0.090232
0.875313,0.090232
0.875258,0.090232
0.875204,0.090232
0.875150,0.090232
0.875095,0.090232
0.875041,0.090232
0.874986,0.090232
0.874932,0.090423
0.874877,0.090232
0.874823,0.090232
0.874769,0.090232
0.874714,0.090232
0.874660,0.090232
0.874605,0.090232
0.874551,0.090232
0.874496,0.090423
0.874442,0.090232
0.874388,0.090232
0.874333,0.090423
0.874279,0.090423
0.874224,0.090423
0.874170,0.090232
0.874115,0.090232
0.874061,0.090423
0.874007,0.090423
0.873952,0.090423
0.873898,0.090423
0.873843,0.090423
0.873789,0.090423
0.873734,0.090423
0.873680,0.090423
0.873626,0.090423
0.873571,0.090423
0.873517,0.090423
0.873462,0.090423
0.873408,0.090423
0.873353,0.090423
0.873299,0.090423
0.873245,0.090423
0.873190,0.090423
0.873136,0.090423
0.873081,0.090423
0.873027,0.090423
0.872972,0.090423
0.872918,0.090423
0.872864,0.090423
0.872809,0.090423
0.872755,0.090423
0.872700,0.090423
0.872646,0.090423
0.872592,0.090614
0.872537,0.090423
0.872483,0.090423
0.872428,0.090423
0.872374,0.090423
0.872319,0.090423
0.872265,0.090614
0.872211,0.090423
0.872156,0.090614
0.872102,0.090423
0.872047,0.090423
0.871993,0.090423
0.871938,0.090423
0.871884,0.090423
0.871830,0.090423
0.871775,0.090614
0.871721,0.090423
0.871666,0.090614
0.871612,0.090614
0.871557,0.090614
0.871503,0.090423
0.871449,0.090614
0.871394,0.090614
0.871340,0.090423
0.871285,0.090614
0.871231,0.090423
0.871176,0.090614
0.871122,0.090614
0.871068,0.090614
0.871013,0.090614
0.870959,0.090614
0.870904,0.090614
0.870850,0.090614
0.870796,0.090614
0.870741,0.090614
0.870687,0.090614
0.870632,0.090614
0.870578,0.090614
0.870523,0.090614
0.870469,0.090614
0.870415,0.090614
0.870360,0.090614
0.870306,0.090614
0.870251,0.090614
0.870197,0.090614
0.870142,0.090614
0.870088,0.090614
0.870034,0.090614
0.869979,0.090614
0.869925,0.090614
0.869870,0.090614
0.869816,0.090614
0.869761,0.090614
0.869707,0.090614
0.869653,0.090614
0.869598,0.090614
0.869544,0.090614
0.869489,0.090614
0.869435,0.090614
0.869380,0.090614
0.869326,0.090614
0.869272,0.090614
0.869217,0.090614
0.869163,0.090614
0.869108,0.090614
0.869054,0.090614
0.868999,0.090614
0.868945,0.090614
0.868891,0.090614
0.868836,0.090614
0.868782,0.090614
0.868727,0.090614
0.868673,0.090614
0.868619,0.090614
0.868564,0.090614
0.868510,0.090614
0.868455,0.090614
0.868401,0.090614
0.868346,0.090614
0.868292,0.090614
0.868238,0.090804
0.868183,0.090614
0.868129,0.090614
0.868074,0.090614
0.868020,0.090804
0.867965,0.090614
0.867911,0.090614
0.867857,0.090614
0.867802,0.090804
0.867748,0.090804
0.867693,0.090614
0.867639,0.090804
0.867584,0.090804
0.867530,0.090614
0.867476,0.090614
0.867421,0.090804
0.867367,0.090804
0.867312,0.090804
0.867258,0.090804
0.867203,0.090804
0.867149,0.090804
0.867095,0.090804
0.867040,0.090804
0.866986,0.090804
0.866931,0.090804
0.866877,0.090804
0.866822,0.090804
0.866768,0.090804
0.866714,0.090804
0.866659,0.090804
0.866605,0.090804
0.866550,0.090804
0.866496,0.090804
0.866442,0.090804
0.866387,0.090804
0.866333,0.090804
0.866278,0.090804
0.866224,0.090804
0.866169,0.090804
0.866115,0.090804
0.866061,0.090804
0.866006,0.090804
0.865952,0.090804
0.865897,0.090804
0.865843,0.090804
0.865788,0.090804
0.865734,0.090804
0.865680,0.090804
0.865625,0.090804
0.865571,0.090804
0.865516,0.090804
0.865462,0.090804
0.865407,0.090804
0.865353,0.090995
0.865299,0.090995
0.865244,0.090804
0.865190,0.090995
0.865135,0.090804
0.865081,0.090804
0.865026,0.090995
0.864972,0.090995
0.864918,0.090995
0.864863,0.090995
0.864809,0.090995
0.864754,0.090804
0.864700,0.090995
0.864645,0.090995
0.864591,0.090804
0.864537,0.090995
0.864482,0.090995
0.864428,0.090995
0.864373,0.090995
0.864319,0.090995
0.864264,0.090995
0.864210,0.090995
0.864156,0.090995
0.864101,0.090995
0.864047,0.090995
0.863992,0.090995
0.863938,0.090995
0.863883,0.090995
0.863829,0.090995
0.863775,0.090995
0.863720,0.090995
0.863666,0.090995
0.863611,0.090995
0.863557,0.090995
0.863503,0.090995
0.863448,0.090995
0.863394,0.090995
0.863339,0.090995
0.863285,0.090995
0.863230,0.090995
0.863176,0.090995
0.863122,0.090995
0.863067,0.090995
0.863013,0.090995
0.862958,0.090995
0.862904,0.090995
0.862849,0.090995
0.862795,0.090995
0.862741,0.090995
0.862686,0.090995
0.862632,0.090995
0.862577,0.090995
0.862523,0.090995
0.862468,0.090995
0.862414,0.090995
0.862360,0.090995
0.862305,0.090995
0.862251,0.090995
0.862196,0.090995
0.862142,0.090995
0.862087,0.090995
0.862033,0.090995
0.861979,0.090995
0.861924,0.090995
0.861870,0.090995
0.861815,0.090995
0.861761,0.090995
0.861706,0.090995
0.861652,0.090995
0.861598,0.090995
0.861543,0.090995
0.861489,0.090995
0.861434,0.090995
0.861380,0.090995
0.861326,0.090995
0.861271,0.090995
0.861217,0.090995
0.861162,0.090995
0.861108,0.090995
0.861053,0.090995
0.860999,0.090995
0.860945,0.090995
0.860890,0.090995
0.860836,0.090995
0.860781,0.091186
0.860727,0.090995
0.860672,0.090995
0.860618,0.090995
0.860564,0.090995
0.860509,0.090995
0.860455,0.090995
0.860400,0.090995
0.860346,0.091186
0.860291,0.091186
0.860237,0.091186
0.860183,0.090995
0.860128,0.091186
0.860074,0.090995
0.860019,0.091186
0.859965,0.091186
0.859910,0.091186
0.859856,0.091186
0.859802,0.091186
0.859747,0.091186
0.859693,0.090995
0.859638,0.091186
0.859584,0.091186
0.859530,0.091186
0.859475,0.091186
0.859421,0.091186
0.859366,0.091186
0.859312,0.091186
0.859257,0.091186
0.859203,0.091186
0.859149,0.091186
0.859094,0.091186
0.859040,0.091186
0.858985,0.091186
0.858931,0.091186
0.858876,0.091186
0.858822,0.091186
0.858768,0.091186
0.858713,0.091186
0.858659,0.091186
0.858604,0.091186
0.858550,0.091186
0.858495,0.091186
0.858441,0.091186
0.858387,0.091186
0.858332,0.091186
0.858278,0.091186
0.858223,0.091186
0.858169,0.091186
0.858114,0.091186
0.858060,0.091186
0.858006,0.091186
0.857951,0.091186
0.857897,0.091186
0.857842,0.091186
0.857788,0.091186
0.857733,0.091186
0.857679,0.091186
0.857625,0.091186
0.857570,0.091186
0.857516,0.091186
0.857461,0.091186
0.857407,0.091186
0.857353,0.091377
0.857298,0.091186
0.857244,0.091186
0.857189,0.091186
0.857135,0.091186
0.857080,0.091377
0.857026,0.091377
0.856972,0.091186
0.856917,0.091186
0.856863,0.091186
0.856808,0.091377
0.856754,0.091377
0.856699,0.091377
0.856645,0.091377
0.856591,0.091186
0.856536,0.091377
0.856482,0.091377
0.856427,0.091377
0.856373,0.091377
0.856318,0.091377
0.856264,0.091377
0.856210,0.091377
0.856155,0.091377
0.856101,0.091377
0.856046,0.091377
0.855992,0.091377
0.855937,0.091377
0.855883,0.091377
0.855829,0.091377
0.855774,0.091377
0.855720,0.091377
0.855665,0.091377
0.855611,0.091377
0.855556,0.091377
0.855502,0.091377
0.855448,0.091377
0.855393,0.091377
0.855339,0.091377
0.855284,0.091377
0.855230,0.091377
0.855176,0.091377
0.855121,0.091377
0.855067,0.091377
0.855012,0.091377
0.854958,0.091377
0.854903,0.091377
0.854849,0.091377
0.854795,0.091377
0.854740,0.091377
0.854686,0.091377
0.854631,0.091377
0.854577,0.091377
0.854522,0.091377
0.854468,0.091377
0.854414,0.091377
0.854359,0.091377
0.854305,0.091377
0.854250,0.091377
0.854196,0.091377
0.854141,0.091377
0.854087,0.091377
0.854033,0.091377
0.853978,0.091377
0.853924,0.091377
0.853869,0.091377
0.853815,0.091377
0.853760,0.091377
0.853706,0.091377
0.853652,0.091377
0.853597,0.091377
0.853543,0.091377
0.853488,0.091377
0.853434,0.091377
0.853379,0.091377
0.853325,0.091377
0.853271,0.091377
0.853216,0.091377
0.853162,0.091377
0.853107,0.091377
0.853053,0.091377
0.852999,0.091377
0.852944,0.091568
0.852890,0.091377
0.852835,0.091377
0.852781,0.091377
0.852726,0.091377
0.852672,0.091377
0.852618,0.091568
0.852563,0.091568
0.852509,0.091377
0.852454,0.091568
0.852400,0.091568
0.852345,0.091568
0.852291,0.091568
0.852237,0.091377
0.852182,0.091568
0.852128,0.091377
0.852073,0.091568
0.852019,0.091568
0.851964,0.091568
0.851910,0.091568
0.851856,0.091568
0.851801,0.091568
0.851747,0.091377
0.851692,0.091568
0.851638,0.091568
0.851583,0.091568
0.851529,0.091568
0.851475,0.091568
0.851420,0.091568
0.851366,0.091568
0.851311,0.091568
0.851257,0.091568
0.851202,0.091568
0.851148,0.091568
0.851094,0.091568
0.851039,0.091568
0.850985,0.091568
0.850930,0.091568
0.850876,0.091568
0.850821,0.091568
0.850767,0.091568
0.850713,0.091568
0.850658,0.091568
0.850604,0.091568
0.850549,0.091568
0.850495,0.091568
0.850441,0.091568
0.850386,0.091568
0.850332,0.091568
0.850277,0.091568
0.850223,0.091568
0.850168,0.091568
0.850114,0.091568
0.850060,0.091568
0.850005,0.091568
0.849951,0.091568
0.849896,0.091568
0.849842,0.091568
0.849787,0.091568
0.849733,0.091568
0.849679,0.091568
0.849624,0.091568
0.849570,0.091568
0.849515,0.091568
0.849461,0.091568
0.849406,0.091568
0.849352,0.091568
0.849298,0.091568
0.849243,0.091568
0.849189,0.091758
0.849134,0.091568
0.849080,0.091568
0.849025,0.091568
0.848971,0.091568
0.848917,0.091758
0.848862,0.091568
0.848808,0.091568
0.848753,0.091568
0.848699,0.091758
0.848644,0.091568
0.848590,0.091758
0.848536,0.091758
0.848481,0.091568
0.848427,0.091758
0.848372,0.091758
0.848318,0.091568
0.848264,0.091568
0.848209,0.091568
0.848155,0.091758
0.848100,0.091758
0.848046,0.091758
0.847991,0.091758
0.847937,0.091758
0.847883,0.091758
0.847828,0.091758
0.847774,0.091758
0.847719,0.091758
0.847665,0.091758
0.847610,0.091758
0.847556,0.091758
0.847502,0.091758
0.847447,0.091758
0.847393,0.091758
0.847338,0.091758
0.847284,0.091758
0.847229,0.091758
0.847175,0.091758
0.847121,0.091758
0.847066,0.091758
0.847012,0.091758
0.846957,0.091758
0.846903,0.091758
0.846848,0.091758
0.846794,0.091758
0.846740,0.091758
0.846685,0.091758
0.846631,0.091758
0.846576,0.091758
0.846522,0.091758
0.846468,0.091758
0.846413,0.091758
0.846359,0.091758
0.846304,0.091758
0.846250,0.091758
0.846195,0.091758
0.846141,0.091758
0.846087,0.091758
0.846032,0.091758
0.845978,0.091758
0.845923,0.091758
0.845869,0.091758
0.845814,0.091758
0.845760,0.091758
0.845706,0.091758
0.845651,0.091758
0.845597,0.091758
0.845542,0.091758
0.845488,0.091758
0.845433,0.091758
0.845379,0.091758
0.845325,0.091758
0.845270,0.091758
0.845216,0.091758
0.845161,0.091758
0.845107,0.091758
0.845052,0.091758
0.844998,0.091758
0.844944,0.091758
0.844889,0.091758
0.844835,0.091758
0.844780,0.091758
0.844726,0.091758
0.844671,0.091758
0.844617,0.091758
0.844563,0.091758
0.844508,0.091758
0.844454,0.091758
0.844399,0.091758
0.844345,0.091758
0.844291,0.091758
0.844236,0.091758
0.844182,0.091758
0.844127,0.091758
0.844073,0.091758
0.844018,0.091758
0.843964,0.091758
0.843910,0.091758
0.843855,0.091758
0.843801,0.091758
0.843746,0.091758
0.843692,0.091758
0.843637,0.091758
0.843583,0.091758
0.843529,0.091758
0.843474,0.091758
0.843420,0.091758
0.843365,0.091758
0.843311,0.091758
0.843256,0.091758
0.843202,0.091949
0.843148,0.091758
0.843093,0.091758
0.843039,0.091758
0.842984,0.091758
0.842930,0.091949
0.842875,0.091758
0.842821,0.091758
0.842767,0.091758
0.842712,0.091949
0.842658,0.091758
0.842603,0.091758
0.842549,0.091758
0.842495,0.091758
0.842440,0.091758
0.842386,0.091758
0.842331,0.091758
0.842277,0.091949
0.842222,0.091949
0.842168,0.091758
0.842114,0.091758
0.842059,0.091758
0.842005,0.091949
0.841950,0.091758
0.841896,0.091949
0.841841,0.091758
0.841787,0.091949
0.841733,0.091949
0.841678,0.091949
0.841624,0.091949
0.841569,0.091758
0.841515,0.091949
0.841460,0.091949
0.841406,0.091949
0.841352,0.091949
0.841297,0.091949
0.841243,0.091949
0.841188,0.091949
0.841134,0.091949
0.841079,0.091949
0.841025,0.091949
0.840971,0.091949
0.840916,0.091949
0.840862,0.091949
0.840807,0.091949
0.840753,0.091949
0.840698,0.091949
0.840644,0.091949
0.840590,0.091949
0.840535,0.091949
0.840481,0.091949
0.840426,0.091949
0.840372,0.091949
0.840318,0.091949
0.840263,0.091949
0.840209,0.091949
0.840154,0.091949
0.840100,0.091949
0.840045,0.091949
0.839991,0.091949
0.839937,0.091949
0.839882,0.091949
0.839828,0.091949
0.839773,0.091949
0.839719,0.091949
0.839664,0.091949
0.839610,0.091949
0.839556,0.091949
0.839501,0.091949
0.839447,0.091949
0.839392,0.091949
0.839338,0.091949
0.839283,0.091949
0.839229,0.091949
0.839175,0.091949
0.839120,0.091949
0.839066,0.091949
0.839011,0.091949
0.838957,0.091949
0.838902,0.091949
0.838848,0.091949
0.838794,0.091949
0.838739,0.091949
0.838685,0.091949
0.838630,0.091949
0.838576,0.091949
0.838522,0.091949
0.838467,0.092140
0.838413,0.092140
0.838358,0.091949
0.838304,0.091949
0.838249,0.091949
0.838195,0.092140
0.838141,0.091949
0.838086,0.092140
0.838032,0.091949
0.837977,0.092140
0.837923,0.092140
0.837868,0.092140
0.837814,0.092140
0.837760,0.092140
0.837705,0.091949
0.837651,0.091949
0.837596,0.092140
0.837542,0.092140
0.837487,0.092140
0.837433,0.092140
0.837379,0.091949
0.837324,0.091949
0.837270,0.092140
0.837215,0.092140
0.837161,0.092140
0.837106,0.092140
0.837052,0.092140
0.836998,0.092140
0.836943,0.092140
0.836889,0.092140
0.836834,0.092140
0.836780,0.092140
0.836725,0.092140
0.836671,0.092140
0.836617,0.092140
0.836562,0.092140
0.836508,0.092140
0.836453,0.092140
0.836399,0.092140
0.836345,0.092140
0.836290,0.092140
0.836236,0.092140
0.836181,0.092140
0.836127,0.092140
0.836072,0.092140
0.836018,0.092140
0.835964,0.092140
0.835909,0.092140
0.835855,0.092140
0.835800,0.092140
0.835746,0.092140
0.835691,0.092140
0.835637,0.092140
0.835583,0.092140
0.835528,0.092140
0.835474,0.092140
0.835419,0.092140
0.835365,0.092140
0.835310,0.092140
0.835256,0.092140
0.835202,0.092140
0.835147,0.092140
0.835093,0.092140
0.835038,0.092140
0.834984,0.092140
0.834929,0.092140
0.834875,0.092140
0.834821,0.092140
0.834766,0.092140
0.834712,0.092140
0.834657,0.092140
0.834603,0.092140
0.834549,0.092140
0.834494,0.092140
0.834440,0.092140
0.834385,0.092140
0.834331,0.092140
0.834276,0.092140
0.834222,0.092140
0.834168,0.092140
0.834113,0.092140
0.834059,0.092140
0.834004,0.092140
0.833950,0.092140
0.833895,0.092140
0.833841,0.092140
0.833787,0.092140
0.833732,0.092140
0.833678,0.092140
0.833623,0.092140
0.833569,0.092140
0.833514,0.092140
0.833460,0.092140
0.833406,0.092140
0.833351,0.092140
0.833297,0.092140
0.833242,0.092140
0.833188,0.092140
0.833133,0.092331
0.833079,0.092140
0.833025,0.092140
0.832970,0.092140
0.832916,0.092140
0.832861,0.092140
0.832807,0.092331
0.832752,0.092140
0.832698,0.092140
0.832644,0.092140
0.832589,0.092331
0.832535,0.092140
0.832480,0.092140
0.832426,0.092140
0.832372,0.092331
0.832317,0.092140
0.832263,0.092331
0.832208,0.092331
0.832154,0.092331
0.832099,0.092140
0.832045,0.092140
0.831991,0.092331
0.831936,0.092140
0.831882,0.092331
0.831827,0.092140
0.831773,0.092140
0.831718,0.092331
0.831664,0.092140
0.831610,0.092331
0.831555,0.092140
0.831501,0.092331
0.831446,0.092140
0.831392,0.092140
0.831337,0.092331
0.831283,0.092331
0.831229,0.092331
0.831174,0.092331
0.831120,0.092331
0.831065,0.092140
0.831011,0.092331
0.830956,0.092331
0.830902,0.092331
0.830848,0.092331
0.830793,0.092140
0.830739,0.092140
0.830684,0.092331
0.830630,0.092331
0.830575,0.092331
0.830521,0.092331
0.830467,0.092331
0.830412,0.092331
0.830358,0.092331
0.830303,0.092331
0.830249,0.092331
0.830195,0.092331
0.830140,0.092331
0.830086,0.092331
0.830031,0.092331
0.829977,0.092331
0.829922,0.092331
0.829868,0.092331
0.829814,0.092331
0.829759,0.092331
0.829705,0.092331
0.829650,0.092331
0.829596,0.092331
0.829541,0.092331
0.829487,0.092331
0.829433,0.092331
0.829378,0.092331
0.829324,0.092331
0.829269,0.092331
0.829215,0.092331
0.829160,0.092331
0.829106,0.092331
0.829052,0.092331
0.828997,0.092331
0.828943,0.092331
0.828888,0.092331
0.828834,0.092331
0.828779,0.092331
0.828725,0.092331
0.828671,0.092331
0.828616,0.092331
0.828562,0.092331
0.828507,0.092331
0.828453,0.092331
0.828398,0.092331
0.828344,0.092331
0.828290,0.092331
0.828235,0.092331
0.828181,0.092331
0.828126,0.092331
0.828072,0.092331
0.828018,0.092331
0.827963,0.092331
0.827909,0.092331
0.827854,0.092331
0.827800,0.092331
0.827745,0.092331
0.827691,0.092331
0.827637,0.092331
0.827582,0.092331
0.827528,0.092331
0.827473,0.092331
0.827419,0.092331
0.827364,0.092331
0.827310,0.092521
0.827256,0.092521
0.827201,0.092331
0.827147,0.092331
0.827092,0.092331
0.827038,0.092331
0.826983,0.092331
0.826929,0.092521
0.826875,0.092521
0.826820,0.092521
0.826766,0.092521
0.826711,0.092521
0.826657,0.092331
0.826602,0.092521
0.826548,0.092521
0.826494,0.092521
0.826439,0.092521
0.826385,0.092521
0.826330,0.092521
0.826276,0.092521
0.826222,0.092521
0.826167,0.092331
0.826113,0.092331
0.826058,0.092521
0.826004,0.092521
0.825949,0.092521
0.825895,0.092521
0.825841,0.092331
0.825786,0.092521
0.825732,0.092521
0.825677,0.092521
0.825623,0.092331
0.825568,0.092521
0.825514,0.092521
0.825460,0.092521
0.825405,0.092521
0.825351,0.092521
0.825296,0.092521
0.825242,0.092331
0.825187,0.092521
0.825133,0.092521
0.825079,0.092521
0.825024,0.092521
0.824970,0.092521
0.824915,0.092331
0.824861,0.092521
0.824806,0.092331
0.824752,0.092521
0.824698,0.092521
0.824643,0.092521
0.824589,0.092521
0.824534,0.092521
0.824480,0.092521
0.824425,0.092521
0.824371,0.092521
0.824317,0.092521
0.824262,0.092521
0.824208,0.092521
0.824153,0.092521
0.824099,0.092521
0.824045,0.092521
0.823990,0.092521
0.823936,0.092521
0.823881,0.092521
0.823827,0.092521
0.823772,0.092521
0.823718,0.092521
0.823664,0.092521
0.823609,0.092521
0.823555,0.092521
0.823500,0.092521
0.823446,0.092521
0.823391,0.092521
0.823337,0.092521
0.823283,0.092521
0.823228,0.092521
0.823174,0.092521
0.823119,0.092521
0.823065,0.092521
0.823010,0.092521
0.822956,0.092521
0.822902,0.092521
0.822847,0.092521
0.822793,0.092521
0.822738,0.092521
0.822684,0.092521
0.822629,0.092521
0.822575,0.092521
0.822521,0.092521
0.822466,0.092521
0.822412,0.092521
0.822357,0.092521
0.822303,0.092521
0.822249,0.092521
0.822194,0.092521
0.822140,0.092521
0.822085,0.092521
0.822031,0.092521
0.821976,0.092521
0.821922,0.092521
0.821868,0.092521
0.821813,0.092521
0.821759,0.092521
0.821704,0.092521
0.821650,0.092521
0.821595,0.092521
0.821541,0.092521
0.821487,0.092521
0.821432,0.092521
0.821378,0.092521
0.821323,0.092521
0.821269,0.092521
0.821214,0.092521
0.821160,0.092521
0.821106,0.092521
0.821051,0.092521
0.820997,0.092521
0.820942,0.092521
0.820888,0.092521
0.820833,0.092521
0.820779,0.092521
0.820725,0.092521
0.820670,0.092521
0.820616,0.092521
0.820561,0.092521
0.820507,0.092521
0.820452,0.092521
0.820398,0.092521
0.820344,0.092521
0.820289,0.092521
0.820235,0.092521
0.820180,0.092521
0.820126,0.092521
0.820072,0.092521
0.820017,0.092521
0.819963,0.092521
0.819908,0.092521
0.819854,0.092521
0.819799,0.092521
0.819745,0.092521
0.819691,0.092521
0.819636,0.092521
0.819582,0.092521
0.819527,0.092712
0.819473,0.092521
0.819418,0.092712
0.819364,0.092521
0.819310,0.092521
0.819255,0.092712
0.819201,0.092521
0.819146,0.092521
0.819092,0.092521
0.819037,0.092521
0.818983,0.092521
0.818929,0.092712
0.818874,0.092712
0.818820,0.092521
0.818765,0.092521
0.818711,0.092712
0.818656,0.092521
0.818602,0.092521
0.818548,0.092521
0.818493,0.092521
0.818439,0.092521
0.818384,0.092521
0.818330,0.092712
0.818275,0.092712
0.818221,0.092521
0.818167,0.092712
0.818112,0.092712
0.818058,0.092712
0.818003,0.092521
0.817949,0.092712
0.817894,0.092712
0.817840,0.092712
0.817786,0.092521
0.817731,0.092521
0.817677,0.092712
0.817622,0.092521
0.817568,0.092712
0.817513,0.092712
0.817459,0.092712
0.817405,0.092712
0.817350,0.092712
0.817296,0.092712
0.817241,0.092712
0.817187,0.092521
0.817133,0.092712
0.817078,0.092712
0.817024,0.092712
0.816969,0.092521
0.816915,0.092712
0.816860,0.092712
0.816806,0.092712
0.816752,0.092712
0.816697,0.092712
0.816643,0.092712
0.816588,0.092712
0.816534,0.092712
0.816479,0.092712
0.816425,0.092712
0.816371,0.092712
0.816316,0.092712
0.816262,0.092712
0.816207,0.092712
0.816153,0.092712
0.816098,0.092712
0.816044,0.092712
0.815990,0.092712
0.815935,0.092712
0.815881,0.092712
0.815826,0.092712
0.815772,0.092712
0.815717,0.092712
0.815663,0.092712
0.815609,0.092712
0.815554,0.092712
0.815500,0.092712
0.815445,0.092712
0.815391,0.092712
0.815337,0.092712
0.815282,0.092712
0.815228,0.092712
0.815173,0.092712
0.815119,0.092712
0.815064,0.092712
0.815010,0.092712
0.814956,0.092712
0.814901,0.092712
0.814847,0.092712
0.814792,0.092712
0.814738,0.092712
0.814683,0.092712
0.814629,0.092712
0.814575,0.092712
0.814520,0.092712
0.814466,0.092712
0.814411,0.092712
0.814357,0.092903
0.814302,0.092712
0.814248,0.092712
0.814194,0.092712
0.814139,0.092712
0.814085,0.092712
0.814030,0.092712
0.813976,0.092712
0.813921,0.092712
0.813867,0.092712
0.813813,0.092712
0.813758,0.092712
0.813704,0.092712
0.813649,0.092712
0.813595,0.092712
0.813540,0.092712
0.813486,0.092903
0.813432,0.092903
0.813377,0.092712
0.813323,0.092712
0.813268,0.092712
0.813214,0.092712
0.813160,0.092712
0.813105,0.092712
0.813051,0.092903
0.812996,0.092712
0.812942,0.092903
0.812887,0.092712
0.812833,0.092712
0.812779,0.092903
0.812724,0.092712
0.812670,0.092712
0.812615,0.092712
0.812561,0.092903
0.812506,0.092903
0.812452,0.092903
0.812398,0.092903
0.812343,0.092903
0.812289,0.092903
0.812234,0.092903
0.812180,0.092903
0.812125,0.092903
0.812071,0.092712
0.812017,0.092903
0.811962,0.092903
0.811908,0.092903
0.811853,0.092903
0.811799,0.092903
0.811744,0.092903
0.811690,0.092903
0.811636,0.092903
0.811581,0.092903
0.811527,0.092903
0.811472,0.092903
0.811418,0.092903
0.811364,0.092903
0.811309,0.092903
0.811255,0.092903
0.811200,0.092903
0.811146,0.092903
0.811091,0.092903
0.811037,0.092903
0.810983,0.092903
0.810928,0.092903
0.810874,0.092903
0.810819,0.092903
0.810765,0.092903
0.810710,0.092903
0.810656,0.092903
0.810602,0.092903
0.810547,0.092903
0.810493,0.092903
0.810438,0.092903
0.810384,0.092903
0.810329,0.092903
0.810275,0.092903
0.810221,0.092903
0.810166,0.092903
0.810112,0.092903
0.810057,0.092903
0.810003,0.092903
0.809948,0.092903
0.809894,0.092903
0.809840,0.092903
0.809785,0.092903
0.809731,0.092903
0.809676,0.092903
0.809622,0.092903
0.809567,0.092903
0.809513,0.092903
0.809459,0.092903
0.809404,0.092903
0.809350,0.092903
0.809295,0.092903
0.809241,0.092903
0.809187,0.092903
0.809132,0.092903
0.809078,0.092903
0.809023,0.092903
0.808969,0.092903
0.808914,0.092903
0.808860,0.092903
0.808806,0.092903
0.808751,0.092903
0.808697,0.092903
0.808642,0.092903
0.808588,0.092903
0.808533,0.092903
0.808479,0.092903
0.808425,0.092903
0.808370,0.092903
0.808316,0.092903
0.808261,0.092903
0.808207,0.092903
0.808152,0.092903
0.808098,0.092903
0.808044,0.092903
0.807989,0.092903
0.807935,0.092903
0.807880,0.092903
0.807826,0.092903
0.807771,0.092903
0.807717,0.092903
0.807663,0.092903
0.807608,0.092903
0.807554,0.092903
0.807499,0.092903
0.807445,0.092903
0.807390,0.092903
0.807336,0.092903
0.807282,0.092903
0.807227,0.092903
0.807173,0.092903
0.807118,0.092903
0.807064,0.092903
0.807010,0.092903
0.806955,0.092903
0.806901,0.092903
0.806846,0.092903
0.806792,0.092903
0.806737,0.092903
0.806683,0.092903
0.806629,0.092903
0.806574,0.092903
0.806520,0.092903
0.806465,0.092903
0.806411,0.092903
0.806356,0.092903
0.806302,0.092903
0.806248,0.092903
0.806193,0.092903
0.806139,0.092903
0.806084,0.092903
0.806030,0.092903
0.805975,0.092903
0.805921,0.092903
0.805867,0.092903
0.805812,0.092903
0.805758,0.092903
0.805703,0.092903
0.805649,0.092903
0.805594,0.092903
0.805540,0.092903
0.805486,0.092903
0.805431,0.092903
0.805377,0.092903
0.805322,0.092903
0.805268,0.092903
0.805213,0.092903
0.805159,0.092903
0.805105,0.092903
0.805050,0.092903
0.804996,0.092903
0.804941,0.092903
0.804887,0.092903
0.804833,0.092903
0.804778,0.092903
0.804724,0.092903
0.804669,0.092903
0.804615,0.092903
0.804560,0.092903
0.804506,0.092903
0.804452,0.092903
0.804397,0.092903
0.804343,0.092903
0.804288,0.092903
0.804234,0.092903
0.804179,0.092903
0.804125,0.092903
0.804071,0.092903
0.804016,0.092903
0.803962,0.093094
0.803907,0.092903
0.803853,0.092903
0.803798,0.092903
0.803744,0.092903
0.803690,0.092903
0.803635,0.092903
0.803581,0.092903
0.803526,0.092903
0.803472,0.092903
0.803417,0.092903
0.803363,0.093094
0.803309,0.093094
0.803254,0.092903
0.803200,0.092903
0.803145,0.092903
0.803091,0.092903
0.803036,0.092903
0.802982,0.093094
0.802928,0.092903
0.802873,0.093094
0.802819,0.092903
0.802764,0.093094
0.802710,0.092903
0.802656,0.093094
0.802601,0.093094
0.802547,0.093094
0.802492,0.093094
0.802438,0.093094
0.802383,0.093094
0.802329,0.092903
0.802275,0.093094
0.802220,0.092903
0.802166,0.093094
0.802111,0.093094
0.802057,0.093094
0.802002,0.092903
0.801948,0.093094
0.801894,0.093094
0.801839,0.093094
0.801785,0.093094
0.801730,0.093094
0.801676,0.092903
0.801621,0.093094
0.801567,0.093094
0.801513,0.093094
0.801458,0.093094
0.801404,0.093094
0.801349,0.092903
0.801295,0.093094
0.801240,0.093094
0.801186,0.093094
0.801132,0.093094
0.801077,0.093094
0.801023,0.093094
0.800968,0.093094
0.800914,0.093094
0.800859,0.093094
0.800805,0.093094
0.800751,0.093094
0.800696,0.093094
0.800642,0.093094
0.800587,0.093094
0.800533,0.093094
0.800479,0.093094
0.800424,0.093094
0.800370,0.093094
0.800315,0.093094
0.800261,0.093094
0.800206,0.093094
0.800152,0.093094
0.800098,0.093094
0.800043,0.093094
0.799989,0.093094
0.799934,0.093094
0.799880,0.093094
0.799825,0.093094
0.799771,0.093094
0.799717,0.093094
0.799662,0.093094
0.799608,0.093094
0.799553,0.093094
0.799499,0.093094
0.799444,0.093094
0.799390,0.093094
0.799336,0.093094
0.799281,0.093094
0.799227,0.093094
0.799172,0.093094
0.799118,0.093094
0.799063,0.093094
0.799009,0.093094
0.798955,0.093094
0.798900,0.093094
0.798846,0.093094
0.798791,0.093094
0.798737,0.093094
0.798682,0.093094
0.798628,0.093094
0.798574,0.093094
0.798519,0.093094
0.798465,0.093094
0.798410,0.093094
0.798356,0.093094
0.798302,0.093094
0.798247,0.093094
0.798193,0.093094
0.798138,0.093094
0.798084,0.093284
0.798029,0.093284
0.797975,0.093094
0.797921,0.093094
0.797866,0.093094
0.797812,0.093094
0.797757,0.093094
0.797703,0.093094
0.797648,0.093094
0.797594,0.093094
0.797540,0.093094
0.797485,0.093284
0.797431,0.093284
0.797376,0.093094
0.797322,0.093094
0.797267,0.093284
0.797213,0.093284
0.797159,0.093094
0.797104,0.093094
0.797050,0.093094
0.796995,0.093284
0.796941,0.093094
0.796886,0.093094
0.796832,0.093094
0.796778,0.093284
0.796723,0.093094
0.796669,0.093094
0.796614,0.093284
0.796560,0.093094
0.796505,0.093284
0.796451,0.093284
0.796397,0.093284
0.796342,0.093094
0.796288,0.093284
0.796233,0.093284
0.796179,0.093284
0.796125,0.093284
0.796070,0.093094
0.796016,0.093094
0.795961,0.093284
0.795907,0.093284
0.795852,0.093094
0.795798,0.093284
0.795744,0.093284
0.795689,0.093284
0.795635,0.093284
0.795580,0.093284
0.795526,0.093284
0.795471,0.093284
0.795417,0.093284
0.795363,0.093284
0.795308,0.093284
0.795254,0.093284
0.795199,0.093284
0.795145,0.093284
0.795090,0.093284
0.795036,0.093284
0.794982,0.093284
0.794927,0.093094
0.794873,0.093284
0.794818,0.093284
0.794764,0.093284
0.794709,0.093284
0.794655,0.093284
0.794601,0.093284
0.794546,0.093284
0.794492,0.093284
0.794437,0.093284
0.794383,0.093284
0.794329,0.093284
0.794274,0.093284
0.794220,0.093284
0.794165,0.093284
0.794111,0.093284
0.794056,0.093284
0.794002,0.093284
0.793948,0.093284
0.793893,0.093284
0.793839,0.093284
0.793784,0.093284
0.793730,0.093284
0.793675,0.093284
0.793621,0.093284
0.793567,0.093284
0.793512,0.093284
0.793458,0.093284
0.793403,0.093284
0.793349,0.093284
0.793294,0.093284
0.793240,0.093284
0.793186,0.093284
0.793131,0.093284
0.793077,0.093284
0.793022,0.093284
0.792968,0.093284
0.792913,0.093284
0.792859,0.093284
0.792805,0.093284
0.792750,0.093284
0.792696,0.093284
0.792641,0.093284
0.792587,0.093284
0.792532,0.093284
0.792478,0.093284
0.792424,0.093284
0.792369,0.093284
0.792315,0.093284
0.792260,0.093284
0.792206,0.093284
0.792152,0.093284
0.792097,0.093284
0.792043,0.093284
0.791988,0.093284
0.791934,0.093284
0.791879,0.093284
0.791825,0.093284
0.791771,0.093284
0.791716,0.093284
0.791662,0.093284
0.791607,0.093284
0.791553,0.093284
0.791498,0.093284
0.791444,0.093284
0.791390,0.093284
0.791335,0.093284
0.791281,0.093284
0.791226,0.093284
0.791172,0.093284
0.791117,0.093284
0.791063,0.093284
0.791009,0.093284
0.790954,0.093284
0.790900,0.093284
0.790845,0.093284
0.790791,0.093284
0.790736,0.093284
0.790682,0.093284
0.790628,0.093284
0.790573,0.093284
0.790519,0.093284
0.790464,0.093284
0.790410,0.093284
0.790355,0.093284
0.790301,0.093284
0.790247,0.093284
0.790192,0.093284
0.790138,0.093284
0.790083,0.093284
0.790029,0.093284
0.789974,0.093284
0.789920,0.093284
0.789866,0.093475
0.789811,0.093284
0.789757,0.093284
0.789702,0.093284
0.789648,0.093284
0.789594,0.093284
0.789539,0.093284
0.789485,0.093284
0.789430,0.093284
0.789376,0.093284
0.789321,0.093284
0.789267,0.093284
0.789213,0.093284
0.789158,0.093284
0.789104,0.093284
0.789049,0.093284
0.788995,0.093284
0.788940,0.093284
0.788886,0.093284
0.788832,0.093284
0.788777,0.093284
0.788723,0.093284
0.788668,0.093284
0.788614,0.093284
0.788559,0.093284
0.788505,0.093284
0.788451,0.093284
0.788396,0.093284
0.788342,0.093284
0.788287,0.093284
0.788233,0.093284
0.788178,0.093475
0.788124,0.093284
0.788070,0.093475
0.788015,0.093475
0.787961,0.093284
0.787906,0.093284
0.787852,0.093284
0.787797,0.093475
0.787743,0.093284
0.787689,0.093475
0.787634,0.093284
0.787580,0.093475
0.787525,0.093284
0.787471,0.093284
0.787416,0.093284
0.787362,0.093284
0.787308,0.093475
0.787253,0.093475
0.787199,0.093284
0.787144,0.093475
0.787090,0.093284
0.787036,0.093284
0.786981,0.093475
0.786927,0.093475
0.786872,0.093284
0.786818,0.093475
0.786763,0.093284
0.786709,0.093475
0.786655,0.093284
0.786600,0.093475
0.786546,0.093475
0.786491,0.093475
0.786437,0.093475
0.786382,0.093475
0.786328,0.093475
0.786274,0.093475
0.786219,0.093475
0.786165,0.093475
0.786110,0.093475
0.786056,0.093475
0.786001,0.093475
0.785947,0.093475
0.785893,0.093475
0.785838,0.093475
0.785784,0.093475
0.785729,0.093475
0.785675,0.093475
0.785620,0.093475
0.785566,0.093475
0.785512,0.093475
0.785457,0.093284
0.785403,0.093475
0.785348,0.093475
0.785294,0.093475
0.785239,0.093475
0.785185,0.093475
0.785131,0.093475
0.785076,0.093475
0.785022,0.093475
0.784967,0.093475
0.784913,0.093475
0.784858,0.093475
0.784804,0.093475
0.784750,0.093475
0.784695,0.093475
0.784641,0.093475
0.784586,0.093475
0.784532,0.093475
0.784478,0.093475
0.784423,0.093475
0.784369,0.093475
0.784314,0.093475
0.784260,0.093475
0.784205,0.093475
0.784151,0.093475
0.784097,0.093475
0.784042,0.093475
0.783988,0.093475
0.783933,0.093475
0.783879,0.093475
0.783824,0.093475
0.783770,0.093475
0.783716,0.093475
0.783661,0.093475
0.783607,0.093475
0.783552,0.093475
0.783498,0.093475
0.783443,0.093475
0.783389,0.093475
0.783335,0.093475
0.783280,0.093475
0.783226,0.093475
0.783171,0.093475
0.783117,0.093475
0.783062,0.093475
0.783008,0.093475
0.782953,0.093475
0.782899,0.093475
0.782845,0.093475
0.782790,0.093475
0.782736,0.093475
0.782681,0.093475
0.782627,0.093475
0.782572,0.093475
0.782518,0.093475
0.782464,0.093475
0.782409,0.093475
0.782355,0.093475
0.782300,0.093475
0.782246,0.093475
0.782191,0.093475
0.782137,0.093475
0.782082,0.093475
0.782028,0.093475
0.781974,0.093666
0.781919,0.093475
0.781865,0.093475
0.781810,0.093475
0.781756,0.093475
0.781701,0.093475
0.781647,0.093475
0.781592,0.093475
0.781538,0.093475
0.781484,0.093666
0.781429,0.093475
0.781375,0.093666
0.781320,0.093475
0.781266,0.093475
0.781211,0.093475
0.781157,0.093475
0.781102,0.093666
0.781048,0.093475
0.780994,0.093475
0.780939,0.093475
0.780885,0.093475
0.780830,0.093475
0.780776,0.093666
0.780721,0.093475
0.780667,0.093666
0.780612,0.093666
0.780558,0.093475
0.780504,0.093666
0.780449,0.093666
0.780395,0.093475
0.780340,0.093666
0.780286,0.093475
0.780231,0.093475
0.780177,0.093666
0.780122,0.093666
0.780068,0.093475
0.780014,0.093666
0.779959,0.093666
0.779905,0.093666
0.779850,0.093666
0.779796,0.093666
0.779741,0.093666
0.779687,0.093666
0.779633,0.093666
0.779578,0.093666
0.779524,0.093666
0.779469,0.093666
0.779415,0.093666
0.779360,0.093666
0.779306,0.093666
0.779251,0.093666
0.779197,0.093666
0.779143,0.093666
0.779088,0.093666
0.779034,0.093666
0.778979,0.093666
0.778925,0.093666
0.778870,0.093666
0.778816,0.093666
0.778761,0.093666
0.778707,0.093666
0.778653,0.093666
0.778598,0.093666
0.778544,0.093666
0.778489,0.093666
0.778435,0.093666
0.778380,0.093666
0.778326,0.093666
0.778271,0.093666
0.778217,0.093666
0.778163,0.093666
0.778108,0.093666
0.778054,0.093666
0.777999,0.093666
0.777945,0.093666
0.777890,0.093666
0.777836,0.093666
0.777782,0.093666
0.777727,0.093666
0.777673,0.093666
0.777618,0.093666
0.777564,0.093666
0.777509,0.093666
0.777455,0.093666
0.777400,0.093666
0.777346,0.093666
0.777292,0.093666
0.777237,0.093666
0.777183,0.093666
0.777128,0.093666
0.777074,0.093666
0.777019,0.093666
0.776965,0.093666
0.776910,0.093666
0.776856,0.093666
0.776802,0.093666
0.776747,0.093666
0.776693,0.093666
0.776638,0.093666
0.776584,0.093666
0.776529,0.093666
0.776475,0.093666
0.776421,0.093666
0.776366,0.093666
0.776312,0.093666
0.776257,0.093666
0.776203,0.093666
0.776148,0.093666
0.776094,0.093666
0.776039,0.093666
0.775985,0.093666
0.775931,0.093666
0.775876,0.093666
0.775822,0.093666
0.775767,0.093666
0.775713,0.093666
0.775658,0.093666
0.775604,0.093666
0.775549,0.093666
0.775495,0.093666
0.775441,0.093666
0.775386,0.093666
0.775332,0.093666
0.775277,0.093666
0.775223,0.093666
0.775168,0.093666
0.775114,0.093666
0.775060,0.093666
0.775005,0.093666
0.774951,0.093666
0.774896,0.093666
0.774842,0.093666
0.774787,0.093666
0.774733,0.093666
0.774678,0.093666
0.774624,0.093666
0.774570,0.093666
0.774515,0.093666
0.774461,0.093666
0.774406,0.093666
0.774352,0.093666
0.774297,0.093666
0.774243,0.093666
0.774188,0.093666
0.774134,0.093666
0.774080,0.093666
0.774025,0.093666
0.773971,0.093666
0.773916,0.093666
0.773862,0.093666
0.773807,0.093666
0.773753,0.093666
0.773699,0.093666
0.773644,0.093666
0.773590,0.093666
0.773535,0.093666
0.773481,0.093666
0.773426,0.093666
0.773372,0.093666
0.773317,0.093666
0.773263,0.093666
0.773209,0.093666
0.773154,0.093666
0.773100,0.093666
0.773045,0.093857
0.772991,0.093666
0.772936,0.093666
0.772882,0.093666
0.772827,0.093857
0.772773,0.093666
0.772719,0.093666
0.772664,0.093666
0.772610,0.093666
0.772555,0.093666
0.772501,0.093666
0.772446,0.093666
0.772392,0.093666
0.772338,0.093666
0.772283,0.093857
0.772229,0.093666
0.772174,0.093666
0.772120,0.093857
0.772065,0.093666
0.772011,0.093666
0.771956,0.093857
0.771902,0.093857
0.771848,0.093857
0.771793,0.093666
0.771739,0.093666
0.771684,0.093666
0.771630,0.093857
0.771575,0.093666
0.771521,0.093666
0.771467,0.093857
0.771412,0.093666
0.771358,0.093857
0.771303,0.093857
0.771249,0.093857
0.771194,0.093857
0.771140,0.093666
0.771085,0.093666
0.771031,0.093666
0.770977,0.093857
0.770922,0.093857
0.770868,0.093857
0.770813,0.093857
0.770759,0.093857
0.770704,0.093857
0.770650,0.093857
0.770596,0.093857
0.770541,0.093857
0.770487,0.093857
0.770432,0.093857
0.770378,0.093857
0.770323,0.093857
0.770269,0.093857
0.770215,0.093666
0.770160,0.093857
0.770106,0.093857
0.770051,0.093857
0.769997,0.093857
0.769942,0.093857
0.769888,0.093857
0.769834,0.093857
0.769779,0.093857
0.769725,0.093857
0.769670,0.093857
0.769616,0.093857
0.769561,0.093857
0.769507,0.093857
0.769453,0.093857
0.769398,0.093857
0.769344,0.093857
0.769289,0.093857
0.769235,0.093857
0.769181,0.093857
0.769126,0.093857
0.769072,0.093857
0.769017,0.093857
0.768963,0.093857
0.768908,0.093857
0.768854,0.093857
0.768800,0.093857
0.768745,0.093857
0.768691,0.093857
0.768636,0.093857
0.768582,0.093857
0.768527,0.093857
0.768473,0.093857
0.768419,0.093857
0.768364,0.093857
0.768310,0.093857
0.768255,0.093857
0.768201,0.093857
0.768146,0.093857
0.768092,0.093857
0.768038,0.093857
0.767983,0.093857
0.767929,0.093857
0.767874,0.093857
0.767820,0.093857
0.767765,0.093857
0.767711,0.093857
0.767657,0.093857
0.767602,0.093857
0.767548,0.093857
0.767493,0.093857
0.767439,0.093857
0.767384,0.093857
0.767330,0.093857
0.767276,0.093857
0.767221,0.093857
0.767167,0.093857
0.767112,0.093857
0.767058,0.093857
0.767004,0.093857
0.766949,0.093857
0.766895,0.093857
0.766840,0.093857
0.766786,0.093857
0.766731,0.094047
0.766677,0.093857
0.766623,0.093857
0.766568,0.093857
0.766514,0.093857
0.766459,0.093857
0.766405,0.093857
0.766350,0.093857
0.766296,0.094047
0.766242,0.093857
0.766187,0.094047
0.766133,0.093857
0.766078,0.093857
0.766024,0.093857
0.765969,0.093857
0.765915,0.094047
0.765861,0.094047
0.765806,0.093857
0.765752,0.094047
0.765697,0.094047
0.765643,0.093857
0.765588,0.094047
0.765534,0.093857
0.765480,0.093857
0.765425,0.094047
0.765371,0.094047
0.765316,0.094047
0.765262,0.094047
0.765207,0.094047
0.765153,0.094047
0.765099,0.093857
0.765044,0.094047
0.764990,0.094047
0.764935,0.094047
0.764881,0.094047
0.764827,0.093857
0.764772,0.094047
0.764718,0.093857
0.764663,0.094047
0.764609,0.094047
0.764554,0.094047
0.764500,0.094047
0.764446,0.094047
0.764391,0.093857
0.764337,0.094047
0.764282,0.094047
0.764228,0.094047
0.764173,0.094047
0.764119,0.094047
0.764065,0.094047
0.764010,0.094047
0.763956,0.094047
0.763901,0.094047
0.763847,0.094047
0.763792,0.094047
0.763738,0.094047
0.763684,0.094047
0.763629,0.094047
0.763575,0.094047
0.763520,0.094047
0.763466,0.094047
0.763411,0.094047
0.763357,0.094047
0.763303,0.094047
0.763248,0.094047
0.763194,0.094047
0.763139,0.094047
0.763085,0.094047
0.763030,0.094047
0.762976,0.094047
0.762922,0.094047
0.762867,0.094047
0.762813,0.094047
0.762758,0.094047
0.762704,0.094047
0.762650,0.094047
0.762595,0.094047
0.762541,0.094047
0.762486,0.094047
0.762432,0.094047
0.762377,0.094047
0.762323,0.094047
0.762269,0.094047
0.762214,0.094047
0.762160,0.094047
0.762105,0.094047
0.762051,0.094047
0.761996,0.094047
0.761942,0.094047
0.761888,0.094047
0.761833,0.094047
0.761779,0.094047
0.761724,0.094047
0.761670,0.094047
0.761615,0.094047
0.761561,0.094047
0.761507,0.094047
0.761452,0.094047
0.761398,0.094047
0.761343,0.094047
0.761289,0.094047
0.761234,0.094047
0.761180,0.094047
0.761126,0.094047
0.761071,0.094047
0.761017,0.094047
0.760962,0.094047
0.760908,0.094047
0.760853,0.094047
0.760799,0.094047
0.760745,0.094047
0.760690,0.094047
0.760636,0.094047
0.760581,0.094047
0.760527,0.094047
0.760473,0.094047
0.760418,0.094047
0.760364,0.094047
0.760309,0.094047
0.760255,0.094047
0.760200,0.094047
0.760146,0.094047
0.760092,0.094047
0.760037,0.094047
0.759983,0.094047
0.759928,0.094047
0.759874,0.094047
0.759819,0.094047
0.759765,0.094047
0.759711,0.094047
0.759656,0.094047
0.759602,0.094047
0.759547,0.094047
0.759493,0.094047
0.759438,0.094047
0.759384,0.094047
0.759330,0.094047
0.759275,0.094047
0.759221,0.094047
0.759166,0.094047
0.759112,0.094047
0.759057,0.094047
0.759003,0.094047
0.758949,0.094047
0.758894,0.094047
0.758840,0.094047
0.758785,0.094047
0.758731,0.094047
0.758676,0.094047
0.758622,0.094047
0.758568,0.094047
0.758513,0.094047
0.758459,0.094047
0.758404,0.094047
0.758350,0.094047
0.758295,0.094047
0.758241,0.094047
0.758187,0.094047
0.758132,0.094047
0.758078,0.094047
0.758023,0.094047
0.757969,0.094047
0.757915,0.094047
0.757860,0.094047
0.757806,0.094047
0.757751,0.094047
0.757697,0.094047
0.757642,0.094047
0.757588,0.094047
0.757534,0.094047
0.757479,0.094047
0.757425,0.094047
0.757370,0.094047
0.757316,0.094047
0.757261,0.094047
0.757207,0.094047
0.757153,0.094047
0.757098,0.094047
0.757044,0.094047
0.756989,0.094047
0.756935,0.094047
0.756880,0.094047
0.756826,0.094047
0.756772,0.094047
0.756717,0.094047
0.756663,0.094047
0.756608,0.094047
0.756554,0.094047
0.756499,0.094047
0.756445,0.094047
0.756391,0.094047
0.756336,0.094047
0.756282,0.094238
0.756227,0.094047
0.756173,0.094047
0.756118,0.094238
0.756064,0.094047
0.756010,0.094238
0.755955,0.094047
0.755901,0.094047
0.755846,0.094238
0.755792,0.094047
0.755737,0.094238
0.755683,0.094047
0.755629,0.094238
0.755574,0.094238
0.755520,0.094238
0.755465,0.094047
0.755411,0.094047
0.755356,0.094238
0.755302,0.094047
0.755248,0.094238
0.755193,0.094238
0.755139,0.094047
0.755084,0.094047
0.755030,0.094238
0.754975,0.094238
0.754921,0.094238
0.754867,0.094047
0.754812,0.094238
0.754758,0.094238
0.754703,0.094238
0.754649,0.094047
0.754594,0.094238
0.754540,0.094238
0.754486,0.094238
0.754431,0.094238
0.754377,0.094238
0.754322,0.094238
0.754268,0.094238
0.754214,0.094238
0.754159,0.094238
0.754105,0.094238
0.754050,0.094238
0.753996,0.094238
0.753941,0.094047
0.753887,0.094047
0.753833,0.094238
0.753778,0.094238
0.753724,0.094238
0.753669,0.094238
0.753615,0.094238
0.753560,0.094238
0.753506,0.094238
0.753452,0.094238
0.753397,0.094238
0.753343,0.094238
0.753288,0.094238
0.753234,0.094238
0.753179,0.094238
0.753125,0.094238
0.753071,0.094238
0.753016,0.094238
0.752962,0.094238
0.752907,0.094238
0.752853,0.094238
0.752798,0.094238
0.752744,0.094238
0.752690,0.094238
0.752635,0.094238
0.752581,0.094238
0.752526,0.094238
0.752472,0.094238
0.752417,0.094238
0.752363,0.094238
0.752309,0.094238
0.752254,0.094238
0.752200,0.094238
0.752145,0.094238
0.752091,0.094238
0.752036,0.094238
0.751982,0.094238
0.751928,0.094238
0.751873,0.094238
0.751819,0.094238
0.751764,0.094238
0.751710,0.094238
0.751655,0.094238
0.751601,0.094238
0.751547,0.094238
0.751492,0.094238
0.751438,0.094238
0.751383,0.094238
0.751329,0.094238
0.751274,0.094238
0.751220,0.094238
0.751166,0.094238
0.751111,0.094238
0.751057,0.094238
0.751002,0.094238
0.750948,0.094429
0.750893,0.094238
0.750839,0.094238
0.750785,0.094238
0.750730,0.094238
0.750676,0.094238
0.750621,0.094238
0.750567,0.094238
0.750512,0.094238
0.750458,0.094238
0.750404,0.094238
0.750349,0.094429
0.750295,0.094238
0.750240,0.094238
0.750186,0.094238
0.750131,0.094238
0.750077,0.094429
0.750023,0.094429
0.749968,0.094238
0.749914,0.094238
0.749859,0.094429
0.749805,0.094238
0.749750,0.094429
0.749696,0.094429
0.749642,0.094238
0.749587,0.094238
0.749533,0.094238
0.749478,0.094429
0.749424,0.094238
0.749369,0.094238
0.749315,0.094429
0.749261,0.094429
0.749206,0.094429
0.749152,0.094429
0.749097,0.094429
0.749043,0.094238
0.748988,0.094429
0.748934,0.094238
0.748880,0.094238
0.748825,0.094238
0.748771,0.094429
0.748716,0.094429
0.748662,0.094429
0.748607,0.094429
0.748553,0.094429
0.748499,0.094238
0.748444,0.094429
0.748390,0.094238
0.748335,0.094429
0.748281,0.094429
0.748226,0.094429
0.748172,0.094429
0.748118,0.094429
0.748063,0.094429
0.748009,0.094429
0.747954,0.094429
0.747900,0.094429
0.747845,0.094429
0.747791,0.094429
0.747737,0.094429
0.747682,0.094429
0.747628,0.094429
0.747573,0.094429
0.747519,0.094429
0.747464,0.094429
0.747410,0.094429
0.747356,0.094429
0.747301,0.094429
0.747247,0.094429
0.747192,0.094429
0.747138,0.094429
0.747083,0.094429
0.747029,0.094429
0.746975,0.094429
0.746920,0.094429
0.746866,0.094429
0.746811,0.094429
0.746757,0.094429
0.746702,0.094429
0.746648,0.094429
0.746594,0.094429
0.746539,0.094238
0.746485,0.094429
0.746430,0.094429
0.746376,0.094429
0.746321,0.094429
0.746267,0.094429
0.746213,0.094429
0.746158,0.094429
0.746104,0.094429
0.746049,0.094429
0.745995,0.094429
0.745940,0.094429
0.745886,0.094429
0.745832,0.094429
0.745777,0.094429
0.745723,0.094429
0.745668,0.094429
0.745614,0.094429
0.745560,0.094429
0.745505,0.094429
0.745451,0.094429
0.745396,0.094429
0.745342,0.094429
0.745287,0.094429
0.745233,0.094429
0.745179,0.094429
0.745124,0.094429
0.745070,0.094429
0.745015,0.094429
0.744961,0.094429
0.744906,0.094429
0.744852,0.094429
0.744798,0.094429
0.744743,0.094429
0.744689,0.094429
0.744634,0.094429
0.744580,0.094429
0.744525,0.094429
0.744471,0.094429
0.744417,0.094429
0.744362,0.094429
0.744308,0.094429
0.744253,0.094429
0.744199,0.094429
0.744144,0.094429
0.744090,0.094429
0.744036,0.094429
0.743981,0.094429
0.743927,0.094429
0.743872,0.094429
0.743818,0.094429
0.743763,0.094429
0.743709,0.094429
0.743655,0.094429
0.743600,0.094429
0.743546,0.094429
0.743491,0.094429
0.743437,0.094429
0.743382,0.094429
0.743328,0.094429
0.743274,0.094620
0.743219,0.094429
0.743165,0.094429
0.743110,0.094429
0.743056,0.094429
0.743001,0.094429
0.742947,0.094429
0.742893,0.094429
0.742838,0.094429
0.742784,0.094429
0.742729,0.094429
0.742675,0.094429
0.742620,0.094429
0.742566,0.094429
0.742512,0.094429
0.742457,0.094429
0.742403,0.094429
0.742348,0.094429
0.742294,0.094429
0.742239,0.094429
0.742185,0.094429
0.742131,0.094429
0.742076,0.094429
0.742022,0.094620
0.741967,0.094620
0.741913,0.094429
0.741858,0.094429
0.741804,0.094620
0.741750,0.094429
0.741695,0.094429
0.741641,0.094620
0.741586,0.094429
0.741532,0.094620
0.741478,0.094429
0.741423,0.094429
0.741369,0.094620
0.741314,0.094620
0.741260,0.094429
0.741205,0.094620
0.741151,0.094620
0.741097,0.094620
0.741042,0.094429
0.740988,0.094620
0.740933,0.094620
0.740879,0.094620
0.740824,0.094429
0.740770,0.094620
0.740716,0.094620
0.740661,0.094620
0.740607,0.094620
0.740552,0.094620
0.740498,0.094620
0.740443,0.094620
0.740389,0.094620
0.740335,0.094620
0.740280,0.094620
0.740226,0.094620
0.740171,0.094620
0.740117,0.094620
0.740062,0.094620
0.740008,0.094620
0.739954,0.094620
0.739899,0.094620
0.739845,0.094620
0.739790,0.094620
0.739736,0.094620
0.739681,0.094620
0.739627,0.094620
0.739573,0.094620
0.739518,0.094620
0.739464,0.094620
0.739409,0.094620
0.739355,0.094620
0.739300,0.094620
0.739246,0.094620
0.739192,0.094620
0.739137,0.094620
0.739083,0.094620
0.739028,0.094620
0.738974,0.094620
0.738920,0.094620
0.738865,0.094620
0.738811,0.094620
0.738756,0.094620
0.738702,0.094620
0.738647,0.094620
0.738593,0.094620
0.738539,0.094620
0.738484,0.094620
0.738430,0.094620
0.738375,0.094620
0.738321,0.094620
0.738266,0.094620
0.738212,0.094620
0.738158,0.094620
0.738103,0.094620
0.738049,0.094620
0.737994,0.094620
0.737940,0.094620
0.737885,0.094620
0.737831,0.094620
0.737777,0.094620
0.737722,0.094620
0.737668,0.094620
0.737613,0.094620
0.737559,0.094620
0.737504,0.094811
0.737450,0.094620
0.737396,0.094620
0.737341,0.094811
0.737287,0.094620
0.737232,0.094620
0.737178,0.094620
0.737123,0.094620
0.737069,0.094620
0.737015,0.094620
0.736960,0.094620
0.736906,0.094620
0.736851,0.094811
0.736797,0.094620
0.736742,0.094620
0.736688,0.094620
0.736634,0.094620
0.736579,0.094620
0.736525,0.094811
0.736470,0.094811
0.736416,0.094620
0.736361,0.094811
0.736307,0.094811
0.736253,0.094620
0.736198,0.094620
0.736144,0.094811
0.736089,0.094811
0.736035,0.094811
0.735980,0.094811
0.735926,0.094811
0.735872,0.094811
0.735817,0.094811
0.735763,0.094811
0.735708,0.094811
0.735654,0.094811
0.735600,0.094811
0.735545,0.094811
0.735491,0.094811
0.735436,0.094811
0.735382,0.094811
0.735327,0.094811
0.735273,0.094811
0.735219,0.094811
0.735164,0.094620
0.735110,0.094811
0.735055,0.094811
0.735001,0.094811
0.734946,0.094811
0.734892,0.094811
0.734838,0.094811
0.734783,0.094811
0.734729,0.094811
0.734674,0.094811
0.734620,0.094811
0.734565,0.094811
0.734511,0.094811
0.734457,0.094811
0.734402,0.094811
0.734348,0.094811
0.734293,0.094811
0.734239,0.094811
0.734184,0.094811
0.734130,0.094811
0.734076,0.094811
0.734021,0.094811
0.733967,0.094811
0.733912,0.094811
0.733858,0.094811
0.733803,0.094811
0.733749,0.094811
0.733695,0.094811
0.733640,0.094811
0.733586,0.094811
0.733531,0.094811
0.733477,0.094811
0.733422,0.094811
0.733368,0.094811
0.733314,0.094811
0.733259,0.094811
0.733205,0.094811
0.733150,0.094811
0.733096,0.094811
0.733042,0.094811
0.732987,0.094811
0.732933,0.094811
0.732878,0.094811
0.732824,0.094811
0.732769,0.094811
0.732715,0.094811
0.732661,0.094811
0.732606,0.094811
0.732552,0.094811
0.732497,0.094811
0.732443,0.094811
0.732388,0.094811
0.732334,0.094811
0.732280,0.094811
0.732225,0.094811
0.732171,0.094811
0.732116,0.094811
0.732062,0.094811
0.732007,0.094811
0.731953,0.094811
0.731899,0.094811
0.731844,0.094811
0.731790,0.094811
0.731735,0.094811
0.731681,0.094811
0.731626,0.094811
0.731572,0.094811
0.731518,0.094811
0.731463,0.094811
0.731409,0.094811
0.731354,0.094811
0.731300,0.094811
0.731245,0.094811
0.731191,0.094811
0.731137,0.094811
0.731082,0.094811
0.731028,0.094811
0.730973,0.094811
0.730919,0.094811
0.730864,0.094811
0.730810,0.094811
0.730756,0.094811
0.730701,0.094811
0.730647,0.094811
0.730592,0.094811
0.730538,0.094811
0.730483,0.094811
0.730429,0.094811
0.730375,0.094811
0.730320,0.094811
0.730266,0.094811
0.730211,0.094811
0.730157,0.094811
0.730102,0.094811
0.730048,0.094811
0.729994,0.094811
0.729939,0.094811
0.729885,0.094811
0.729830,0.094811
0.729776,0.094811
0.729721,0.094811
0.729667,0.094811
0.729613,0.094811
0.729558,0.094811
0.729504,0.094811
0.729449,0.094811
0.729395,0.094811
0.729340,0.094811
0.729286,0.094811
0.729232,0.095001
0.729177,0.094811
0.729123,0.094811
0.729068,0.094811
0.729014,0.095001
0.728959,0.094811
0.728905,0.094811
0.728851,0.094811
0.728796,0.094811
0.728742,0.094811
0.728687,0.094811
0.728633,0.094811
0.728578,0.094811
0.728524,0.094811
0.728470,0.094811
0.728415,0.094811
0.728361,0.095001
0.728306,0.094811
0.728252,0.095001
0.728197,0.094811
0.728143,0.095001
0.728089,0.095001
0.728034,0.094811
0.727980,0.095001
0.727925,0.094811
0.727871,0.094811
0.727816,0.094811
0.727762,0.094811
0.727708,0.095001
0.727653,0.095001
0.727599,0.095001
0.727544,0.095001
0.727490,0.095001
0.727435,0.095001
0.727381,0.095001
0.727327,0.095001
0.727272,0.095001
0.727218,0.095001
0.727163,0.095001
0.727109,0.095001
0.727054,0.095001
0.727000,0.095001
0.726946,0.095001
0.726891,0.095001
0.726837,0.095001
0.726782,0.095001
0.726728,0.095001
0.726673,0.095001
0.726619,0.095001
0.726565,0.095001
0.726510,0.095001
0.726456,0.095001
0.726401,0.095001
0.726347,0.095001
0.726292,0.095001
0.726238,0.095001
0.726184,0.095001
0.726129,0.095001
0.726075,0.095001
0.726020,0.095001
0.725966,0.095001
0.725911,0.095001
0.725857,0.095001
0.725803,0.095001
0.725748,0.095001
0.725694,0.095001
0.725639,0.095001
0.725585,0.095001
0.725530,0.095001
0.725476,0.095001
0.725422,0.095001
0.725367,0.095001
0.725313,0.095001
0.725258,0.095001
0.725204,0.095001
0.725149,0.095001
0.725095,0.095001
0.725041,0.095001
0.724986,0.095001
0.724932,0.095001
0.724877,0.095001
0.724823,0.095001
0.724768,0.095001
0.724714,0.095001
0.724660,0.095001
0.724605,0.095001
0.724551,0.095001
0.724496,0.095001
0.724442,0.095001
0.724388,0.095001
0.724333,0.095001
0.724279,0.095001
0.724224,0.095001
0.724170,0.095001
0.724115,0.095001
0.724061,0.095001
0.724007,0.095001
0.723952,0.095001
0.723898,0.095001
0.723843,0.095001
0.723789,0.095001
0.723734,0.095001
0.723680,0.095001
0.723625,0.095001
0.723571,0.095001
0.723517,0.095001
0.723462,0.095001
0.723408,0.095001
0.723353,0.095001
0.723299,0.095001
0.723244,0.095001
0.723190,0.095001
0.723136,0.095001
0.723081,0.095001
0.723027,0.095192
0.722972,0.095192
0.722918,0.095001
0.722863,0.095001
0.722809,0.095001
0.722755,0.095001
0.722700,0.095001
0.722646,0.095001
0.722591,0.095192
0.722537,0.095192
0.722482,0.095192
0.722428,0.095001
0.722374,0.095192
0.722319,0.095192
0.722265,0.095001
0.722210,0.095001
0.722156,0.095192
0.722101,0.095192
0.722047,0.095192
0.721993,0.095192
0.721938,0.095192
0.721884,0.095192
0.721829,0.095192
0.721775,0.095192
0.721720,0.095001
0.721666,0.095192
0.721612,0.095192
0.721557,0.095192
0.721503,0.095192
0.721448,0.095192
0.721394,0.095192
0.721339,0.095192
0.721285,0.095192
0.721231,0.095192
0.721176,0.095192
0.721122,0.095192
0.721067,0.095192
0.721013,0.095192
0.720958,0.095001
0.720904,0.095192
0.720850,0.095192
0.720795,0.095192
0.720741,0.095192
0.720686,0.095192
0.720632,0.095192
0.720577,0.095192
0.720523,0.095192
0.720469,0.095192
0.720414,0.095192
0.720360,0.095192
0.720305,0.095192
0.720251,0.095192
0.720196,0.095192
0.720142,0.095192
0.720088,0.095192
0.720033,0.095192
0.719979,0.095192
0.719924,0.095192
0.719870,0.095192
0.719815,0.095192
0.719761,0.095192
0.719707,0.095192
0.719652,0.095192
0.719598,0.095192
0.719543,0.095192
0.719489,0.095192
0.719434,0.095192
0.719380,0.095192
0.719326,0.095192
0.719271,0.095192
0.719217,0.095192
0.719162,0.095192
0.719108,0.095192
0.719053,0.095192
0.718999,0.095192
0.718945,0.095192
0.718890,0.095192
0.718836,0.095192
0.718781,0.095192
0.718727,0.095192
0.718672,0.095192
0.718618,0.095192
0.718564,0.095192
0.718509,0.095192
0.718455,0.095192
0.718400,0.095192
0.718346,0.095192
0.718291,0.095192
0.718237,0.095192
0.718183,0.095192
0.718128,0.095192
0.718074,0.095192
0.718019,0.095192
0.717965,0.095192
0.717910,0.095192
0.717856,0.095192
0.717802,0.095192
0.717747,0.095192
0.717693,0.095192
0.717638,0.095192
0.717584,0.095192
0.717529,0.095192
0.717475,0.095192
0.717421,0.095192
0.717366,0.095192
0.717312,0.095192
0.717257,0.095192
0.717203,0.095192
0.717148,0.095383
0.717094,0.095192
0.717040,0.095192
0.716985,0.095192
0.716931,0.095192
0.716876,0.095192
0.716822,0.095192
0.716767,0.095192
0.716713,0.095192
0.716659,0.095192
0.716604,0.095383
0.716550,0.095192
0.716495,0.095192
0.716441,0.095192
0.716386,0.095192
0.716332,0.095192
0.716278,0.095383
0.716223,0.095192
0.716169,0.095192
0.716114,0.095192
0.716060,0.095383
0.716005,0.095192
0.715951,0.095383
0.715897,0.095383
0.715842,0.095192
0.715788,0.095192
0.715733,0.095192
0.715679,0.095383
0.715624,0.095192
0.715570,0.095192
0.715516,0.095383
0.715461,0.095192
0.715407,0.095383
0.715352,0.095192
0.715298,0.095383
0.715244,0.095192
0.715189,0.095192
0.715135,0.095383
0.715080,0.095383
0.715026,0.095383
0.714971,0.095383
0.714917,0.095192
0.714863,0.095383
0.714808,0.095383
0.714754,0.095383
0.714699,0.095383
0.714645,0.095192
0.714590,0.095383
0.714536,0.095192
0.714482,0.095383
0.714427,0.095383
0.714373,0.095383
0.714318,0.095383
0.714264,0.095383
0.714209,0.095383
0.714155,0.095383
0.714101,0.095383
0.714046,0.095383
0.713992,0.095383
0.713937,0.095383
0.713883,0.095383
0.713828,0.095383
0.713774,0.095383
0.713720,0.095383
0.713665,0.095383
0.713611,0.095383
0.713556,0.095383
0.713502,0.095383
0.713447,0.095383
0.713393,0.095383
0.713339,0.095383
0.713284,0.095383
0.713230,0.095383
0.713175,0.095383
0.713121,0.095383
0.713066,0.095383
0.713012,0.095383
0.712957,0.095383
0.712903,0.095383
0.712849,0.095383
0.712794,0.095383
0.712740,0.095383
0.712685,0.095383
0.712631,0.095383
0.712576,0.095383
0.712522,0.095383
0.712468,0.095383
0.712413,0.095383
0.712359,0.095383
0.712304,0.095383
0.712250,0.095383
0.712195,0.095383
0.712141,0.095383
0.712087,0.095383
0.712032,0.095383
0.711978,0.095383
0.711923,0.095383
0.711869,0.095383
0.711814,0.095383
0.711760,0.095383
0.711706,0.095383
0.711651,0.095383
0.711597,0.095383
0.711542,0.095383
0.711488,0.095383
0.711433,0.095383
0.711379,0.095574
0.711325,0.095383
0.711270,0.095383
0.711216,0.095383
0.711161,0.095383
0.711107,0.095383
0.711052,0.095383
0.710998,0.095383
0.710944,0.095383
0.710889,0.095383
0.710835,0.095383
0.710780,0.095383
0.710726,0.095383
0.710671,0.095574
0.710617,0.095574
0.710563,0.095574
0.710508,0.095383
0.710454,0.095383
0.710399,0.095383
0.710345,0.095574
0.710290,0.095383
0.710236,0.095383
0.710182,0.095574
0.710127,0.095574
0.710073,0.095574
0.710018,0.095383
0.709964,0.095383
0.709909,0.095574
0.709855,0.095574
0.709801,0.095383
0.709746,0.095383
0.709692,0.095383
0.709637,0.095574
0.709583,0.095574
0.709528,0.095574
0.709474,0.095574
0.709420,0.095574
0.709365,0.095383
0.709311,0.095574
0.709256,0.095574
0.709202,0.095574
0.709147,0.095574
0.709093,0.095574
0.709039,0.095574
0.708984,0.095574
0.708930,0.095574
0.708875,0.095574
0.708821,0.095574
0.708766,0.095574
0.708712,0.095574
0.708658,0.095574
0.708603,0.095574
0.708549,0.095574
0.708494,0.095574
0.708440,0.095574
0.708385,0.095574
0.708331,0.095574
0.708277,0.095574
0.708222,0.095574
0.708168,0.095574
0.708113,0.095574
0.708059,0.095574
0.708004,0.095574
0.707950,0.095574
0.707896,0.095574
0.707841,0.095574
0.707787,0.095574
0.707732,0.095574
0.707678,0.095574
0.707623,0.095574
0.707569,0.095574
0.707515,0.095574
0.707460,0.095574
0.707406,0.095574
0.707351,0.095574
0.707297,0.095574
0.707242,0.095574
0.707188,0.095574
0.707134,0.095574
0.707079,0.095574
0.707025,0.095574
0.706970,0.095574
0.706916,0.095574
0.706862,0.095574
0.706807,0.095574
0.706753,0.095574
0.706698,0.095574
0.706644,0.095574
0.706589,0.095574
0.706535,0.095574
0.706481,0.095574
0.706426,0.095574
0.706372,0.095574
0.706317,0.095574
0.706263,0.095574
0.706208,0.095574
0.706154,0.095574
0.706100,0.095574
0.706045,0.095574
0.705991,0.095574
0.705936,0.095574
0.705882,0.095574
0.705827,0.095574
0.705773,0.095574
0.705719,0.095574
0.705664,0.095574
0.705610,0.095574
0.705555,0.095574
0.705501,0.095574
0.705446,0.095574
0.705392,0.095574
0.705338,0.095574
0.705283,0.095574
0.705229,0.095574
0.705174,0.095574
0.705120,0.095574
0.705065,0.095574
0.705011,0.095574
0.704957,0.095574
0.704902,0.095574
0.704848,0.095574
0.704793,0.095574
0.704739,0.095574
0.704684,0.095574
0.704630,0.095574
0.704576,0.095574
0.704521,0.095574
0.704467,0.095574
0.704412,0.095574
0.704358,0.095574
0.704303,0.095574
0.704249,0.095574
0.704195,0.095574
0.704140,0.095574
0.704086,0.095574
0.704031,0.095574
0.703977,0.095574
0.703923,0.095574
0.703868,0.095574
0.703814,0.095574
0.703759,0.095574
0.703705,0.095574
0.703650,0.095574
0.703596,0.095574
0.703542,0.095574
0.703487,0.095574
0.703433,0.095574
0.703378,0.095574
0.703324,0.095574
0.703269,0.095574
0.703215,0.095574
0.703161,0.095574
0.703106,0.095574
0.703052,0.095574
0.702997,0.095574
0.702943,0.095574
0.702888,0.095574
0.702834,0.095574
0.702780,0.095764
0.702725,0.095764
0.702671,0.095764
0.702616,0.095574
0.702562,0.095574
0.702507,0.095764
0.702453,0.095574
0.702399,0.095764
0.702344,0.095764
0.702290,0.095764
0.702235,0.095764
0.702181,0.095764
0.702126,0.095764
0.702072,0.095764
0.702018,0.095764
0.701963,0.095764
0.701909,0.095764
0.701854,0.095764
0.701800,0.095764
0.701745,0.095764
0.701691,0.095764
0.701637,0.095764
0.701582,0.095764
0.701528,0.095764
0.701473,0.095764
0.701419,0.095764
0.701364,0.095574
0.701310,0.095764
0.701256,0.095764
0.701201,0.095764
0.701147,0.095764
0.701092,0.095764
0.701038,0.095764
0.700983,0.095764
0.700929,0.095764
0.700875,0.095764
0.700820,0.095764
0.700766,0.095764
0.700711,0.095764
0.700657,0.095764
0.700602,0.095764
0.700548,0.095764
0.700494,0.095764
0.700439,0.095764
0.700385,0.095764
0.700330,0.095764
0.700276,0.095764
0.700221,0.095764
0.700167,0.095764
0.700113,0.095764
0.700058,0.095764
0.700004,0.095764
0.699949,0.095764
0.699895,0.095764
0.699841,0.095764
0.699786,0.095764
0.699732,0.095764
0.699677,0.095764
0.699623,0.095764
0.699568,0.095764
0.699514,0.095764
0.699460,0.095764
0.699405,0.095764
0.699351,0.095764
0.699296,0.095764
0.699242,0.095764
0.699187,0.095764
0.699133,0.095764
0.699078,0.095764
0.699024,0.095764
0.698970,0.095764
0.698915,0.095764
0.698861,0.095764
0.698806,0.095764
0.698752,0.095764
0.698697,0.095955
0.698643,0.095764
0.698589,0.095764
0.698534,0.095764
0.698480,0.095764
0.698425,0.095764
0.698371,0.095764
0.698316,0.095764
0.698262,0.095764
0.698208,0.095764
0.698153,0.095955
0.698099,0.095764
0.698044,0.095955
0.697990,0.095764
0.697935,0.095955
0.697881,0.095955
0.697827,0.095955
0.697772,0.095955
0.697718,0.095955
0.697663,0.095764
0.697609,0.095955
0.697554,0.095955
0.697500,0.095955
0.697446,0.095955
0.697391,0.095955
0.697337,0.095955
0.697282,0.095955
0.697228,0.095955
0.697173,0.095955
0.697119,0.095955
0.697065,0.095764
0.697010,0.095955
0.696956,0.095955
0.696901,0.095955
0.696847,0.095955
0.696793,0.095955
0.696738,0.095955
0.696684,0.095955
0.696629,0.095955
0.696575,0.095955
0.696520,0.095955
0.696466,0.095955
0.696412,0.095955
0.696357,0.095955
0.696303,0.095955
0.696248,0.095955
0.696194,0.095955
0.696139,0.095955
0.696085,0.095955
0.696031,0.095955
0.695976,0.095955
0.695922,0.095955
0.695867,0.095955
0.695813,0.095955
0.695758,0.095955
0.695704,0.095955
0.695650,0.095955
0.695595,0.095955
0.695541,0.095955
0.695486,0.095955
0.695432,0.095955
0.695377,0.095955
0.695323,0.095955
0.695269,0.095955
0.695214,0.095955
0.695160,0.095955
0.695105,0.095955
0.695051,0.095955
0.694996,0.095955
0.694942,0.095955
0.694888,0.095955
0.694833,0.095955
0.694779,0.095955
0.694724,0.095955
0.694670,0.095955
0.694615,0.095955
0.694561,0.095955
0.694507,0.095955
0.694452,0.095955
0.694398,0.095955
0.694343,0.095955
0.694289,0.095955
0.694234,0.095955
0.694180,0.095955
0.694126,0.095955
0.694071,0.095955
0.694017,0.095955
0.693962,0.095955
0.693908,0.095955
0.693853,0.095955
0.693799,0.095955
0.693745,0.095955
0.693690,0.095955
0.693636,0.095955
0.693581,0.095955
0.693527,0.095955
0.693473,0.095955
0.693418,0.095955
0.693364,0.095955
0.693309,0.095955
0.693255,0.095955
0.693200,0.095955
0.693146,0.095955
0.693092,0.095955
0.693037,0.095955
0.692983,0.095955
0.692928,0.095955
0.692874,0.095955
0.692819,0.095955
0.692765,0.095955
0.692711,0.095955
0.692656,0.095955
0.692602,0.095955
0.692547,0.095955
0.692493,0.095955
0.692438,0.095955
0.692384,0.095955
0.692330,0.095955
0.692275,0.096146
0.692221,0.095955
0.692166,0.095955
0.692112,0.095955
0.692057,0.095955
0.692003,0.095955
0.691949,0.095955
0.691894,0.096146
0.691840,0.096146
0.691785,0.095955
0.691731,0.095955
0.691676,0.096146
0.691622,0.096146
0.691568,0.096146
0.691513,0.096146
0.691459,0.096146
0.691404,0.096146
0.691350,0.096146
0.691295,0.095955
0.691241,0.096146
0.691187,0.096146
0.691132,0.095955
0.691078,0.096146
0.691023,0.096146
0.690969,0.095955
0.690914,0.095955
0.690860,0.096146
0.690806,0.095955
0.690751,0.096146
0.690697,0.096146
0.690642,0.096146
0.690588,0.096146
0.690533,0.096146
0.690479,0.096146
0.690425,0.096146
0.690370,0.096146
0.690316,0.096146
0.690261,0.096146
0.690207,0.096146
0.690152,0.096146
0.690098,0.096146
0.690044,0.096146
0.689989,0.096146
0.689935,0.096146
0.689880,0.096146
0.689826,0.096146
0.689771,0.096146
0.689717,0.096146
0.689663,0.096146
0.689608,0.096146
0.689554,0.096146
0.689499,0.096146
0.689445,0.096146
0.689390,0.096146
0.689336,0.096146
0.689282,0.096146
0.689227,0.096146
0.689173,0.096146
0.689118,0.096146
0.689064,0.096146
0.689009,0.096146
0.688955,0.096146
0.688901,0.096146
0.688846,0.096146
0.688792,0.096146
0.688737,0.096146
0.688683,0.096146
0.688628,0.096146
0.688574,0.096146
0.688520,0.096146
0.688465,0.096146
0.688411,0.096146
0.688356,0.096146
0.688302,0.096146
0.688247,0.096146
0.688193,0.096146
0.688139,0.096146
0.688084,0.096146
0.688030,0.096146
0.687975,0.096146
0.687921,0.096146
0.687866,0.096337
0.687812,0.096146
0.687758,0.096146
0.687703,0.096146
0.687649,0.096146
0.687594,0.096146
0.687540,0.096146
0.687485,0.096146
0.687431,0.096146
0.687377,0.096146
0.687322,0.096337
0.687268,0.096146
0.687213,0.096146
0.687159,0.096146
0.687104,0.096146
0.687050,0.096146
0.686996,0.096146
0.686941,0.096337
0.686887,0.096337
0.686832,0.096337
0.686778,0.096337
0.686723,0.096146
0.686669,0.096146
0.686615,0.096337
0.686560,0.096337
0.686506,0.096337
0.686451,0.096337
0.686397,0.096337
0.686342,0.096337
0.686288,0.096337
0.686233,0.096337
0.686179,0.096337
0.686125,0.096337
0.686070,0.096337
0.686016,0.096337
0.685961,0.096337
0.685907,0.096337
0.685852,0.096337
0.685798,0.096337
0.685744,0.096337
0.685689,0.096337
0.685635,0.096337
0.685580,0.096337
0.685526,0.096337
0.685471,0.096337
0.685417,0.096337
0.685363,0.096337
0.685308,0.096337
0.685254,0.096337
0.685199,0.096337
0.685145,0.096337
0.685090,0.096337
0.685036,0.096337
0.684982,0.096337
0.684927,0.096337
0.684873,0.096337
0.684818,0.096337
0.684764,0.096337
0.684709,0.096337
0.684655,0.096337
0.684601,0.096337
0.684546,0.096337
0.684492,0.096337
0.684437,0.096337
0.684383,0.096337
0.684328,0.096337
0.684274,0.096337
0.684220,0.096337
0.684165,0.096337
0.684111,0.096337
0.684056,0.096337
0.684002,0.096337
0.683947,0.096337
0.683893,0.096337
0.683839,0.096337
0.683784,0.096337
0.683730,0.096337
0.683675,0.096337
0.683621,0.096337
0.683566,0.096337
0.683512,0.096337
0.683458,0.096337
0.683403,0.096337
0.683349,0.096337
0.683294,0.096337
0.683240,0.096337
0.683185,0.096337
0.683131,0.096337
0.683077,0.096337
0.683022,0.096337
0.682968,0.096337
0.682913,0.096337
0.682859,0.096337
0.682804,0.096337
0.682750,0.096337
0.682696,0.096337
0.682641,0.096337
0.682587,0.096337
0.682532,0.096337
0.682478,0.096337
0.682423,0.096337
0.682369,0.096337
0.682315,0.096337
0.682260,0.096337
0.682206,0.096337
0.682151,0.096337
0.682097,0.096337
0.682042,0.096337
0.681988,0.096337
0.681934,0.096337
0.681879,0.096337
0.681825,0.096337
0.681770,0.096337
0.681716,0.096527
0.681661,0.096337
0.681607,0.096337
0.681553,0.096337
0.681498,0.096337
0.681444,0.096337
0.681389,0.096337
0.681335,0.096337
0.681280,0.096527
0.681226,0.096337
0.681172,0.096527
0.681117,0.096527
0.681063,0.096527
0.681008,0.096527
0.680954,0.096337
0.680899,0.096527
0.680845,0.096527
0.680791,0.096527
0.680736,0.096527
0.680682,0.096527
0.680627,0.096527
0.680573,0.096337
0.680518,0.096527
0.680464,0.096527
0.680410,0.096527
0.680355,0.096527
0.680301,0.096527
0.680246,0.096527
0.680192,0.096527
0.680137,0.096527
0.680083,0.096527
0.680029,0.096527
0.679974,0.096527
0.679920,0.096527
0.679865,0.096527
0.679811,0.096527
0.679756,0.096527
0.679702,0.096527
0.679648,0.096527
0.679593,0.096527
0.679539,0.096527
0.679484,0.096527
0.679430,0.096527
0.679375,0.096527
0.679321,0.096527
0.679267,0.096527
0.679212,0.096527
0.679158,0.096527
0.679103,0.096527
0.679049,0.096527
0.678994,0.096527
0.678940,0.096527
0.678886,0.096527
0.678831,0.096527
0.678777,0.096527
0.678722,0.096527
0.678668,0.096527
0.678613,0.096527
0.678559,0.096718
0.678505,0.096527
0.678450,0.096527
0.678396,0.096527
0.678341,0.096527
0.678287,0.096527
0.678232,0.096718
0.678178,0.096527
0.678124,0.096527
0.678069,0.096718
0.678015,0.096718
0.677960,0.096527
0.677906,0.096527
0.677851,0.096718
0.677797,0.096718
0.677743,0.096718
0.677688,0.096718
0.677634,0.096718
0.677579,0.096718
0.677525,0.096718
0.677470,0.096718
0.677416,0.096718
0.677362,0.096718
0.677307,0.096718
0.677253,0.096718
0.677198,0.096718
0.677144,0.096718
0.677089,0.096718
0.677035,0.096718
0.676980,0.096718
0.676926,0.096718
0.676872,0.096718
0.676817,0.096718
0.676763,0.096718
0.676708,0.096718
0.676654,0.096718
0.676599,0.096718
0.676545,0.096718
0.676491,0.096718
0.676436,0.096718
0.676382,0.096718
0.676327,0.096718
0.676273,0.096718
0.676218,0.096718
0.676164,0.096718
0.676110,0.096718
0.676055,0.096718
0.676001,0.096718
0.675946,0.096718
0.675892,0.096718
0.675837,0.096718
0.675783,0.096718
0.675729,0.096718
0.675674,0.096718
0.675620,0.096718
0.675565,0.096718
0.675511,0.096718
0.675456,0.096718
0.675402,0.096718
0.675348,0.096718
0.675293,0.096718
0.675239,0.096718
0.675184,0.096718
0.675130,0.096718
0.675075,0.096718
0.675021,0.096718
0.674967,0.096718
0.674912,0.096718
0.674858,0.096718
0.674803,0.096718
0.674749,0.096718
0.674694,0.096718
0.674640,0.096718
0.674586,0.096718
0.674531,0.096718
0.674477,0.096718
0.674422,0.096718
0.674368,0.096718
0.674314,0.096718
0.674259,0.096718
0.674205,0.096718
0.674150,0.096718
0.674096,0.096718
0.674041,0.096909
0.673987,0.096909
0.673933,0.096718
0.673878,0.096718
0.673824,0.096718
0.673769,0.096718
0.673715,0.096909
0.673660,0.096718
0.673606,0.096718
0.673552,0.096718
0.673497,0.096909
0.673443,0.096909
0.673388,0.096718
0.673334,0.096909
0.673279,0.096909
0.673225,0.096909
0.673171,0.096909
0.673116,0.096909
0.673062,0.096909
0.673007,0.096909
0.672953,0.096718
0.672898,0.096909
0.672844,0.096909
0.672789,0.096909
0.672735,0.096909
0.672681,0.096909
0.672626,0.096909
0.672572,0.096909
0.672517,0.096909
0.672463,0.096909
0.672409,0.096909
0.672354,0.096909
0.672300,0.096909
0.672245,0.096909
0.672191,0.096909
0.672136,0.096909
0.672082,0.096909
0.672027,0.096909
0.671973,0.096909
0.671919,0.096909
0.671864,0.096909
0.671810,0.096909
0.671755,0.096909
0.671701,0.096909
0.671646,0.096909
0.671592,0.096909
0.671538,0.096909
0.671483,0.096909
0.671429,0.096909
0.671374,0.096909
0.671320,0.096909
0.671265,0.096909
0.671211,0.096909
0.671157,0.096909
0.671102,0.096909
0.671048,0.096909
0.670993,0.096909
0.670939,0.096909
0.670884,0.096909
0.670830,0.097100
0.670776,0.096909
0.670721,0.096909
0.670667,0.097100
0.670612,0.097100
0.670558,0.097100
0.670503,0.097100
0.670449,0.096909
0.670394,0.097100
0.670340,0.096909
0.670286,0.097100
0.670231,0.097100
0.670177,0.097100
0.670122,0.097100
0.670068,0.097100
0.670013,0.097100
0.669959,0.097100
0.669905,0.097100
0.669850,0.097100
0.669796,0.097100
0.669741,0.097100
0.669687,0.097100
0.669632,0.097100
0.669578,0.097100
0.669523,0.097100
0.669469,0.097100
0.669415,0.097100
0.669360,0.097100
0.669306,0.097100
0.669251,0.097100
0.669197,0.097100
0.669142,0.097100
0.669088,0.097100
0.669034,0.097100
0.668979,0.097100
0.668925,0.097100
0.668870,0.097100
0.668816,0.097100
0.668761,0.097100
0.668707,0.097100
0.668653,0.097100
0.668598,0.097100
0.668544,0.097100
0.668489,0.097100
0.668435,0.097100
0.668380,0.097100
0.668326,0.097100
0.668272,0.097100
0.668217,0.097100
0.668163,0.097100
0.668108,0.097100
0.668054,0.097100
0.667999,0.097100
0.667945,0.097100
0.667891,0.097100
0.667836,0.097100
0.667782,0.097100
0.667727,0.097100
0.667673,0.097100
0.667618,0.097100
0.667564,0.097100
0.667510,0.097100
0.667455,0.097100
0.667401,0.097100
0.667346,0.097100
0.667292,0.097100
0.667237,0.097100
0.667183,0.097100
0.667129,0.097100
0.667074,0.097100
0.667020,0.097100
0.666965,0.097100
0.666911,0.097100
0.666856,0.097100
0.666802,0.097100
0.666747,0.097100
0.666693,0.097100
0.666639,0.097100
0.666584,0.097100
0.666530,0.097100
0.666475,0.097100
0.666421,0.097290
0.666366,0.097100
0.666312,0.097100
0.666258,0.097100
0.666203,0.097100
0.666149,0.097100
0.666094,0.097100
0.666040,0.097100
0.665985,0.097100
0.665931,0.097290
0.665877,0.097290
0.665822,0.097290
0.665768,0.097100
0.665713,0.097290
0.665659,0.097100
0.665604,0.097290
0.665550,0.097290
0.665496,0.097290
0.665441,0.097290
0.665387,0.097100
0.665332,0.097290
0.665278,0.097290
0.665223,0.097100
0.665169,0.097290
0.665115,0.097290
0.665060,0.097290
0.665006,0.097290
0.664951,0.097290
0.664897,0.097290
0.664842,0.097290
0.664788,0.097290
0.664734,0.097290
0.664679,0.097290
0.664625,0.097290
0.664570,0.097290
0.664516,0.097290
0.664461,0.097290
0.664407,0.097290
0.664353,0.097290
0.664298,0.097290
0.664244,0.097290
0.664189,0.097290
0.664135,0.097290
0.664080,0.097290
0.664026,0.097290
0.663972,0.097290
0.663917,0.097290
0.663863,0.097290
0.663808,0.097290
0.663754,0.097290
0.663699,0.097290
0.663645,0.097290
0.663591,0.097290
0.663536,0.097290
0.663482,0.097290
0.663427,0.097481
0.663373,0.097481
0.663319,0.097290
0.663264,0.097290
0.663210,0.097290
0.663155,0.097481
0.663101,0.097481
0.663046,0.097481
0.662992,0.097290
0.662938,0.097481
0.662883,0.097481
0.662829,0.097481
0.662774,0.097481
0.662720,0.097481
0.662665,0.097481
0.662611,0.097481
0.662557,0.097481
0.662502,0.097481
0.662448,0.097481
0.662393,0.097481
0.662339,0.097481
0.662284,0.097481
0.662230,0.097481
0.662176,0.097481
0.662121,0.097481
0.662067,0.097481
0.662012,0.097481
0.661958,0.097481
0.661903,0.097481
0.661849,0.097481
0.661795,0.097481
0.661740,0.097481
0.661686,0.097481
0.661631,0.097481
0.661577,0.097481
0.661522,0.097481
0.661468,0.097481
0.661414,0.097481
0.661359,0.097481
0.661305,0.097481
0.661250,0.097481
0.661196,0.097481
0.661141,0.097481
0.661087,0.097481
0.661033,0.097481
0.660978,0.097481
0.660924,0.097481
0.660869,0.097481
0.660815,0.097481
0.660760,0.097481
0.660706,0.097481
0.660652,0.097481
0.660597,0.097481
0.660543,0.097481
0.660488,0.097481
0.660434,0.097481
0.660379,0.097481
0.660325,0.097481
0.660271,0.097481
0.660216,0.097481
0.660162,0.097672
0.660107,0.097672
0.660053,0.097481
0.659999,0.097672
0.659944,0.097672
0.659890,0.097672
0.659835,0.097672
0.659781,0.097672
0.659726,0.097481
0.659672,0.097672
0.659618,0.097481
0.659563,0.097481
0.659509,0.097672
0.659454,0.097672
0.659400,0.097672
0.659345,0.097672
0.659291,0.097672
0.659237,0.097672
0.659182,0.097672
0.659128,0.097672
0.659073,0.097672
0.659019,0.097672
0.658964,0.097672
0.658910,0.097672
0.658856,0.097672
0.658801,0.097672
0.658747,0.097672
0.658692,0.097672
0.658638,0.097672
0.658583,0.097672
0.658529,0.097672
0.658475,0.097672
0.658420,0.097672
0.658366,0.097672
0.658311,0.097672
0.658257,0.097672
0.658202,0.097863
0.658148,0.097863
0.658094,0.097672
0.658039,0.097672
0.657985,0.097863
0.657930,0.097863
0.657876,0.097672
0.657821,0.097672
0.657767,0.097863
0.657713,0.097672
0.657658,0.097863
0.657604,0.097863
0.657549,0.097863
0.657495,0.097863
0.657440,0.097863
0.657386,0.097863
0.657332,0.097863
0.657277,0.097863
0.657223,0.097863
0.657168,0.097863
0.657114,0.097863
0.657059,0.097863
0.657005,0.097863
0.656951,0.097863
0.656896,0.097863
0.656842,0.097863
0.656787,0.097863
0.656733,0.097863
0.656678,0.097863
0.656624,0.097863
0.656570,0.097863
0.656515,0.097863
0.656461,0.097863
0.656406,0.097863
0.656352,0.097863
0.656297,0.097863
0.656243,0.097863
0.656189,0.097863
0.656134,0.097863
0.656080,0.097863
0.656025,0.097863
0.655971,0.097863
0.655916,0.097863
0.655862,0.097863
0.655808,0.097863
0.655753,0.097863
0.655699,0.097863
0.655644,0.097863
0.655590,0.097863
0.655535,0.097863
0.655481,0.097863
0.655427,0.097863
0.655372,0.097863
0.655318,0.097863
0.655263,0.097863
0.655209,0.097863
0.655154,0.097863
0.655100,0.097863
0.655046,0.097863
0.654991,0.097863
0.654937,0.097863
0.654882,0.097863
0.654828,0.097863
0.654773,0.097863
0.654719,0.098054
0.654665,0.097863
0.654610,0.098054
0.654556,0.097863
0.654501,0.098054
0.654447,0.098054
0.654392,0.098054
0.654338,0.097863
0.654284,0.097863
0.654229,0.098054
0.654175,0.098054
0.654120,0.098054
0.654066,0.098054
0.654011,0.098054
0.653957,0.098054
0.653903,0.098054
0.653848,0.098054
0.653794,0.098054
0.653739,0.097863
0.653685,0.098054
0.653630,0.098054
0.653576,0.098054
0.653522,0.098054
0.653467,0.098054
0.653413,0.098054
0.653358,0.098054
0.653304,0.098054
0.653250,0.098054
0.653195,0.098054
0.653141,0.098054
0.653086,0.098054
0.653032,0.098054
0.652977,0.098054
0.652923,0.098054
0.652869,0.098054
0.652814,0.098054
0.652760,0.098054
0.652705,0.098054
0.652651,0.098054
0.652596,0.098244
0.652542,0.098244
0.652488,0.098054
0.652433,0.098054
0.652379,0.098244
0.652324,0.098054
0.652270,0.098244
0.652215,0.098054
0.652161,0.098054
0.652107,0.098054
0.652052,0.098054
0.651998,0.098244
0.651943,0.098054
0.651889,0.098244
0.651834,0.098244
0.651780,0.098244
0.651726,0.098244
0.651671,0.098244
0.651617,0.098244
0.651562,0.098244
0.651508,0.098244
0.651453,0.098244
0.651399,0.098244
0.651345,0.098244
0.651290,0.098244
0.651236,0.098244
0.651181,0.098244
0.651127,0.098244
0.651072,0.098244
0.651018,0.098244
0.650964,0.098244
0.650909,0.098244
0.650855,0.098244
0.650800,0.098244
0.650746,0.098244
0.650691,0.098244
0.650637,0.098244
0.650583,0.098244
0.650528,0.098244
0.650474,0.098244
0.650419,0.098244
0.650365,0.098244
0.650310,0.098244
0.650256,0.098244
0.650202,0.098244
0.650147,0.098244
0.650093,0.098244
0.650038,0.098244
0.649984,0.098244
0.649929,0.098244
0.649875,0.098244
0.649821,0.098435
0.649766,0.098244
0.649712,0.098244
0.649657,0.098435
0.649603,0.098435
0.649548,0.098244
0.649494,0.098435
0.649440,0.098435
0.649385,0.098244
0.649331,0.098244
0.649276,0.098244
0.649222,0.098435
0.649167,0.098435
0.649113,0.098435
0.649059,0.098435
0.649004,0.098435
0.648950,0.098435
0.648895,0.098435
0.648841,0.098435
0.648787,0.098435
0.648732,0.098435
0.648678,0.098435
0.648623,0.098435
0.648569,0.098435
0.648514,0.098435
0.648460,0.098435
0.648406,0.098435
0.648351,0.098435
0.648297,0.098435
0.648242,0.098435
0.648188,0.098435
0.648133,0.098435
0.648079,0.098435
0.648025,0.098435
0.647970,0.098626
0.647916,0.098435
0.647861,0.098435
0.647807,0.098435
0.647752,0.098435
0.647698,0.098435
0.647644,0.098435
0.647589,0.098435
0.647535,0.098435
0.647480,0.098626
0.647426,0.098626
0.647371,0.098435
0.647317,0.098626
0.647263,0.098626
0.647208,0.098626
0.647154,0.098626
0.647099,0.098626
0.647045,0.098626
0.646990,0.098626
0.646936,0.098626
0.646882,0.098626
0.646827,0.098626
0.646773,0.098626
0.646718,0.098626
0.646664,0.098626
0.646609,0.098626
0.646555,0.098626
0.646501,0.098626
0.646446,0.098626
0.646392,0.098626
0.646337,0.098626
0.646283,0.098626
0.646228,0.098626
0.646174,0.098626
0.646120,0.098626
0.646065,0.098626
0.646011,0.098626
0.645956,0.098626
0.645902,0.098626
0.645848,0.098626
0.645793,0.098626
0.645739,0.098626
0.645684,0.098626
0.645630,0.098626
0.645575,0.098626
0.645521,0.098626
0.645466,0.098626
0.645412,0.098626
0.645358,0.098626
0.645303,0.098626
0.645249,0.098626
0.645194,0.098626
0.645140,0.098626
0.645086,0.098626
0.645031,0.098626
0.644977,0.098626
0.644922,0.098817
0.644868,0.098626
0.644813,0.098626
0.644759,0.098626
0.644705,0.098817
0.644650,0.098626
0.644596,0.098626
0.644541,0.098626
0.644487,0.098626
0.644432,0.098626
0.644378,0.098626
0.644324,0.098626
0.644269,0.098817
0.644215,0.098817
0.644160,0.098817
0.644106,0.098817
0.644051,0.098817
0.643997,0.098817
0.643943,0.098817
0.643888,0.098817
0.643834,0.098817
0.643779,0.098817
0.643725,0.098817
0.643670,0.098817
0.643616,0.098817
0.643562,0.098817
0.643507,0.098817
0.643453,0.098817
0.643398,0.098817
0.643344,0.098817
0.643289,0.098817
0.643235,0.098817
0.643181,0.098817
0.643126,0.098817
0.643072,0.098817
0.643017,0.098817
0.642963,0.099007
0.642908,0.098817
0.642854,0.099007
0.642800,0.099007
0.642745,0.099007
0.642691,0.098817
0.642636,0.099007
0.642582,0.099007
0.642527,0.099007
0.642473,0.099007
0.642419,0.099007
0.642364,0.099007
0.642310,0.099007
0.642255,0.099007
0.642201,0.099007
0.642146,0.099007
0.642092,0.099007
0.642038,0.099007
0.641983,0.099007
0.641929,0.099007
0.641874,0.099007
0.641820,0.099007
0.641765,0.099007
0.641711,0.099007
0.641657,0.099007
0.641602,0.099007
0.641548,0.099007
0.641493,0.099007
0.641439,0.099007
0.641385,0.099007
0.641330,0.099007
0.641276,0.099007
0.641221,0.099007
0.641167,0.099007
0.641112,0.099007
0.641058,0.099007
0.641004,0.099007
0.640949,0.099007
0.640895,0.099007
0.640840,0.099007
0.640786,0.099007
0.640731,0.099007
0.640677,0.099007
0.640623,0.099007
0.640568,0.099007
0.640514,0.099007
0.640459,0.099007
0.640405,0.099007
0.640350,0.099007
0.640296,0.099007
0.640242,0.099007
0.640187,0.099007
0.640133,0.099007
0.640078,0.099007
0.640024,0.099198
0.639969,0.099007
0.639915,0.099007
0.639860,0.099198
0.639806,0.099198
0.639752,0.099198
0.639697,0.099198
0.639643,0.099007
0.639588,0.099198
0.639534,0.099198
0.639479,0.099198
0.639425,0.099198
0.639371,0.099198
0.639316,0.099198
0.639262,0.099198
0.639207,0.099198
0.639153,0.099198
0.639098,0.099198
0.639044,0.099198
0.638990,0.099198
0.638935,0.099198
0.638881,0.099198
0.638826,0.099198
0.638772,0.099198
0.638718,0.099198
0.638663,0.099389
0.638609,0.099198
0.638554,0.099389
0.638500,0.099198
0.638445,0.099389
0.638391,0.099389
0.638337,0.099389
0.638282,0.099389
0.638228,0.099389
0.638173,0.099198
0.638119,0.099389
0.638064,0.099389
0.638010,0.099389
0.637956,0.099389
0.637901,0.099389
0.637847,0.099389
0.637792,0.099389
0.637738,0.099389
0.637683,0.099389
0.637629,0.099389
0.637575,0.099389
0.637520,0.099389
0.637466,0.099389
0.637411,0.099389
0.637357,0.099389
0.637302,0.099389
0.637248,0.099389
0.637194,0.099389
0.637139,0.099389
0.637085,0.099389
0.637030,0.099389
0.636976,0.099389
0.636921,0.099389
0.636867,0.099389
0.636813,0.099389
0.636758,0.099389
0.636704,0.099389
0.636649,0.099389
0.636595,0.099389
0.636540,0.099389
0.636486,0.099389
0.636432,0.099389
0.636377,0.099389
0.636323,0.099389
0.636268,0.099389
0.636214,0.099580
0.636159,0.099389
0.636105,0.099389
0.636051,0.099580
0.635996,0.099580
0.635942,0.099580
0.635887,0.099580
0.635833,0.099580
0.635778,0.099580
0.635724,0.099580
0.635670,0.099580
0.635615,0.099580
0.635561,0.099580
0.635506,0.099580
0.635452,0.099580
0.635397,0.099580
0.635343,0.099580
0.635288,0.099580
0.635234,0.099580
0.635180,0.099580
0.635125,0.099580
0.635071,0.099580
0.635016,0.099770
0.634962,0.099580
0.634908,0.099580
0.634853,0.099580
0.634799,0.099580
0.634744,0.099770
0.634690,0.099580
0.634635,0.099770
0.634581,0.099770
0.634527,0.099580
0.634472,0.099770
0.634418,0.099770
0.634363,0.099770
0.634309,0.099770
0.634254,0.099770
0.634200,0.099770
0.634146,0.099770
0.634091,0.099770
0.634037,0.099770
0.633982,0.099770
0.633928,0.099770
0.633873,0.099770
0.633819,0.099770
0.633765,0.099770
0.633710,0.099770
0.633656,0.099770
0.633601,0.099770
0.633547,0.099770
0.633492,0.099770
0.633438,0.099770
0.633384,0.099770
0.633329,0.099770
0.633275,0.099770
0.633220,0.099770
0.633166,0.099770
0.633111,0.099770
0.633057,0.099770
0.633003,0.099770
0.632948,0.099961
0.632894,0.099770
0.632839,0.099961
0.632785,0.099770
0.632730,0.099961
0.632676,0.099961
0.632622,0.099961
0.632567,0.099961
0.632513,0.099961
0.632458,0.099961
0.632404,0.099961
0.632349,0.099961
0.632295,0.099961
0.632241,0.099961
0.632186,0.099961
0.632132,0.099961
0.632077,0.099961
0.632023,0.099961
0.631968,0.099961
0.631914,0.099961
0.631860,0.099961
0.631805,0.099961
0.631751,0.099961
0.631696,0.100152
0.631642,0.099961
0.631587,0.099961
0.631533,0.100152
0.631479,0.100152
0.631424,0.099961
0.631370,0.100152
0.631315,0.100152
0.631261,0.100152
0.631206,0.100152
0.631152,0.100152
0.631098,0.100152
0.631043,0.100152
0.630989,0.100152
0.630934,0.100152
0.630880,0.100152
0.630825,0.100152
0.630771,0.100152
0.630717,0.100152
0.630662,0.100152
0.630608,0.100152
0.630553,0.100152
0.630499,0.100152
0.630444,0.100152
0.630390,0.100152
0.630336,0.100152
0.630281,0.100152
0.630227,0.100152
0.630172,0.100152
0.630118,0.100152
0.630063,0.100152
0.630009,0.100152
0.629955,0.100152
0.629900,0.100152
0.629846,0.100343
0.629791,0.100343
0.629737,0.100152
0.629683,0.100343
0.629628,0.100343
0.629574,0.100343
0.629519,0.100152
0.629465,0.100343
0.629410,0.100152
0.629356,0.100343
0.629302,0.100343
0.629247,0.100343
0.629193,0.100343
0.629138,0.100343
0.629084,0.100343
0.629029,0.100343
0.628975,0.100343
0.628921,0.100343
0.628866,0.100343
0.628812,0.100343
0.628757,0.100343
0.628703,0.100343
0.628648,0.100343
0.628594,0.100534
0.628540,0.100534
0.628485,0.100534
0.628431,0.100534
0.628376,0.100534
0.628322,0.100534
0.628267,0.100534
0.628213,0.100534
0.628159,0.100534
0.628104,0.100534
0.628050,0.100534
0.627995,0.100534
0.627941,0.100534
0.627886,0.100534
0.627832,0.100534
0.627778,0.100534
0.627723,0.100534
0.627669,0.100534
0.627614,0.100534
0.627560,0.100534
0.627505,0.100534
0.627451,0.100724
0.627397,0.100534
0.627342,0.100534
0.627288,0.100534
0.627233,0.100534
0.627179,0.100534
0.627124,0.100534
0.627070,0.100724
0.627015,0.100724
0.626961,0.100534
0.626907,0.100724
0.626852,0.100724
0.626798,0.100724
0.626743,0.100724
0.626689,0.100724
0.626634,0.100724
0.626580,0.100724
0.626526,0.100724
0.626471,0.100724
0.626417,0.100724
0.626362,0.100724
0.626308,0.100724
0.626253,0.100724
0.626199,0.100724
0.626144,0.100724
0.626090,0.100724
0.626036,0.100915
0.625981,0.100915
0.625927,0.100915
0.625872,0.100915
0.625818,0.100915
0.625763,0.100915
0.625709,0.100915
0.625654,0.100915
0.625600,0.100915
0.625546,0.100915
0.625491,0.100915
0.625437,0.100915
0.625382,0.100915
0.625328,0.100915
0.625273,0.100915
0.625219,0.100915
0.625164,0.100915
0.625110,0.100915
0.625056,0.100915
0.625001,0.100915
0.624947,0.100915
0.624892,0.100915
0.624838,0.100915
0.624783,0.100915
0.624729,0.100915
0.624674,0.100915
0.624620,0.100915
0.624566,0.100915
0.624511,0.101106
0.624457,0.101106
0.624402,0.101106
0.624348,0.101106
0.624293,0.101106
0.624239,0.101106
0.624184,0.101106
0.624130,0.101106
0.624076,0.101106
0.624021,0.101106
0.623967,0.101106
0.623912,0.101106
0.623858,0.101106
0.623803,0.101106
0.623749,0.101106
0.623695,0.101106
0.623640,0.101106
0.623586,0.101106
0.623531,0.101106
0.623477,0.101297
0.623422,0.101297
0.623368,0.101297
0.623313,0.101297
0.623259,0.101297
0.623205,0.101297
0.623150,0.101297
0.623096,0.101297
0.623041,0.101297
0.622987,0.101297
0.622932,0.101297
0.622878,0.101297
0.622824,0.101297
0.622769,0.101297
0.622715,0.101297
0.622660,0.101297
0.622606,0.101297
0.622551,0.101297
0.622497,0.101297
0.622442,0.101297
0.622388,0.101297
0.622334,0.101297
0.622279,0.101487
0.622225,0.101487
0.622170,0.101487
0.622116,0.101487
0.622061,0.101487
0.622007,0.101487
0.621953,0.101487
0.621898,0.101487
0.621844,0.101487
0.621789,0.101487
0.621735,0.101487
0.621680,0.101487
0.621626,0.101487
0.621571,0.101487
0.621517,0.101487
0.621463,0.101487
0.621408,0.101487
0.621354,0.101678
0.621299,0.101487
0.621245,0.101678
0.621190,0.101678
0.621136,0.101678
0.621081,0.101678
0.621027,0.101678
0.620973,0.101678
0.620918,0.101678
0.620864,0.101678
0.620809,0.101678
0.620755,0.101678
0.620700,0.101678
0.620646,0.101678
0.620591,0.101678
0.620537,0.101678
0.620483,0.101678
0.620428,0.101678
0.620374,0.101678
0.620319,0.101678
0.620265,0.101678
0.620210,0.101678
0.620156,0.101678
0.620101,0.101678
0.620047,0.101678
0.619993,0.101678
0.619938,0.101678
0.619884,0.101869
0.619829,0.101678
0.619775,0.101869
0.619720,0.101869
0.619666,0.101869
0.619611,0.101869
0.619557,0.101869
0.619503,0.101869
0.619448,0.101869
0.619394,0.101869
0.619339,0.101869
0.619285,0.101869
0.619230,0.101869
0.619176,0.101869
0.619121,0.101869
0.619067,0.101869
0.619013,0.101869
0.618958,0.102060
0.618904,0.102060
0.618849,0.102060
0.618795,0.102060
0.618740,0.102060
0.618686,0.101869
0.618632,0.102060
0.618577,0.102060
0.618523,0.102060
0.618468,0.102060
0.618414,0.102060
0.618359,0.102060
0.618305,0.102060
0.618251,0.102060
0.618196,0.102060
0.618142,0.102060
0.618087,0.102060
0.618033,0.102060
0.617978,0.102060
0.617924,0.102060
0.617869,0.102060
0.617815,0.102060
0.617761,0.102060
0.617706,0.102060
0.617652,0.102250
0.617597,0.102250
0.617543,0.102250
0.617488,0.102060
0.617434,0.102250
0.617380,0.102250
0.617325,0.102250
0.617271,0.102250
0.617216,0.102250
0.617162,0.102250
0.617107,0.102250
0.617053,0.102250
0.616998,0.102250
0.616944,0.102250
0.616890,0.102250
0.616835,0.102250
0.616781,0.102250
0.616726,0.102250
0.616672,0.102441
0.616617,0.102441
0.616563,0.102441
0.616509,0.102441
0.616454,0.102441
0.616400,0.102441
0.616345,0.102441
0.616291,0.102441
0.616236,0.102441
0.616182,0.102441
0.616127,0.102441
0.616073,0.102441
0.616019,0.102441
0.615964,0.102441
0.615910,0.102441
0.615855,0.102441
0.615801,0.102441
0.615746,0.102441
0.615692,0.102441
0.615637,0.102441
0.615583,0.102441
0.615529,0.102441
0.615474,0.102441
0.615420,0.102632
0.615365,0.102632
0.615311,0.102632
0.615256,0.102632
0.615202,0.102632
0.615148,0.102632
0.615093,0.102632
0.615039,0.102632
0.614984,0.102632
0.614930,0.102632
0.614875,0.102632
0.614821,0.102823
0.614766,0.102823
0.614712,0.102632
0.614658,0.102632
0.614603,0.102632
0.614549,0.102823
0.614494,0.102823
0.614440,0.102823
0.614385,0.102823
0.614331,0.102823
0.614277,0.102823
0.614222,0.102823
0.614168,0.102823
0.614113,0.102823
0.614059,0.102823
0.614004,0.102823
0.613950,0.102823
0.613896,0.102823
0.613841,0.102823
0.613787,0.102823
0.613732,0.102823
0.613678,0.102823
0.613623,0.103013
0.613569,0.103013
0.613514,0.103013
0.613460,0.103013
0.613406,0.103013
0.613351,0.103013
0.613297,0.103013
0.613242,0.103013
0.613188,0.103013
0.613133,0.103013
0.613079,0.103013
0.613025,0.103013
0.612970,0.103204
0.612916,0.103013
0.612861,0.103013
0.612807,0.103204
0.612752,0.103204
0.612698,0.103204
0.612643,0.103204
0.612589,0.103204
0.612535,0.103204
0.612480,0.103204
0.612426,0.103204
0.612371,0.103204
0.612317,0.103204
0.612262,0.103204
0.612208,0.103204
0.612154,0.103204
0.612099,0.103204
0.612045,0.103204
0.611990,0.103204
0.611936,0.103204
0.611881,0.103204
0.611827,0.103204
0.611772,0.103395
0.611718,0.103395
0.611664,0.103204
0.611609,0.103395
0.611555,0.103395
0.611500,0.103395
0.611446,0.103395
0.611391,0.103395
0.611337,0.103395
0.611283,0.103395
0.611228,0.103395
0.611174,0.103395
0.611119,0.103395
0.611065,0.103395
0.611010,0.103586
0.610956,0.103586
0.610902,0.103586
0.610847,0.103586
0.610793,0.103586
0.610738,0.103586
0.610684,0.103586
0.610629,0.103586
0.610575,0.103586
0.610520,0.103586
0.610466,0.103586
0.610412,0.103586
0.610357,0.103586
0.610303,0.103777
0.610248,0.103586
0.610194,0.103777
0.610139,0.103777
0.610085,0.103777
0.610031,0.103777
0.609976,0.103777
0.609922,0.103777
0.609867,0.103777
0.609813,0.103777
0.609758,0.103777
0.609704,0.103967
0.609649,0.103967
0.609595,0.103967
0.609541,0.103967
0.609486,0.103777
0.609432,0.103967
0.609377,0.103967
0.609323,0.103967
0.609268,0.103967
0.609214,0.103967
0.609160,0.103967
0.609105,0.103967
0.609051,0.103967
0.608996,0.103967
0.608942,0.103967
0.608887,0.103967
0.608833,0.103967
0.608778,0.103967
0.608724,0.103967
0.608670,0.103967
0.608615,0.104158
0.608561,0.103967
0.608506,0.104158
0.608452,0.104158
0.608397,0.104158
0.608343,0.104158
0.608289,0.104158
0.608234,0.104158
0.608180,0.104158
0.608125,0.104349
0.608071,0.104349
0.608016,0.104158
0.607962,0.104349
0.607908,0.104349
0.607853,0.104349
0.607799,0.104349
0.607744,0.104349
0.607690,0.104349
0.607635,0.104349
0.607581,0.104349
0.607526,0.104349
0.607472,0.104349
0.607418,0.104349
0.607363,0.104349
0.607309,0.104349
0.607254,0.104349
0.607200,0.104349
0.607145,0.104540
0.607091,0.104540
0.607037,0.104540
0.606982,0.104540
0.606928,0.104540
0.606873,0.104540
0.606819,0.104540
0.606764,0.104540
0.606710,0.104540
0.606655,0.104540
0.606601,0.104540
0.606547,0.104730
0.606492,0.104540
0.606438,0.104730
0.606383,0.104730
0.606329,0.104730
0.606274,0.104730
0.606220,0.104730
0.606166,0.104730
0.606111,0.104730
0.606057,0.104730
0.606002,0.104730
0.605948,0.104730
0.605893,0.104730
0.605839,0.104730
0.605785,0.104730
0.605730,0.104730
0.605676,0.104730
0.605621,0.104921
0.605567,0.104730
0.605512,0.104730
0.605458,0.104921
0.605403,0.104921
0.605349,0.104921
0.605295,0.104921
0.605240,0.104921
0.605186,0.104921
0.605131,0.104921
0.605077,0.104921
0.605022,0.105112
0.604968,0.105112
0.604914,0.104921
0.604859,0.105112
0.604805,0.105112
0.604750,0.105112
0.604696,0.105112
0.604641,0.105112
0.604587,0.105112
0.604533,0.105112
0.604478,0.105112
0.604424,0.105112
0.604369,0.105112
0.604315,0.105112
0.604260,0.105112
0.604206,0.105112
0.604151,0.105112
0.604097,0.105112
0.604043,0.105112
0.603988,0.105112
0.603934,0.105112
0.603879,0.105303
0.603825,0.105303
0.603770,0.105303
0.603716,0.105303
0.603662,0.105303
0.603607,0.105303
0.603553,0.105303
0.603498,0.105303
0.603444,0.105303
0.603389,0.105493
0.603335,0.105493
0.603280,0.105493
0.603226,0.105493
0.603172,0.105493
0.603117,0.105493
0.603063,0.105493
0.603008,0.105493
0.602954,0.105493
0.602899,0.105493
0.602845,0.105493
0.602791,0.105493
0.602736,0.105493
0.602682,0.105493
0.602627,0.105493
0.602573,0.105684
0.602518,0.105493
0.602464,0.105684
0.602410,0.105684
0.602355,0.105684
0.602301,0.105684
0.602246,0.105684
0.602192,0.105684
0.602137,0.105684
0.602083,0.105684
0.602028,0.105684
0.601974,0.105684
0.601920,0.105684
0.601865,0.105875
0.601811,0.105875
0.601756,0.105875
0.601702,0.105875
0.601647,0.105875
0.601593,0.105875
0.601539,0.105875
0.601484,0.105875
0.601430,0.105875
0.601375,0.105875
0.601321,0.105875
0.601266,0.105875
0.601212,0.106066
0.601158,0.105875
0.601103,0.106066
0.601049,0.106066
0.600994,0.106066
0.600940,0.106066
0.600885,0.106066
0.600831,0.106066
0.600776,0.106066
0.600722,0.106066
0.600668,0.106066
0.600613,0.106256
0.600559,0.106256
0.600504,0.106256
0.600450,0.106256
0.600395,0.106256
0.600341,0.106256
0.600287,0.106256
0.600232,0.106256
0.600178,0.106256
0.600123,0.106256
0.600069,0.106256
0.600014,0.106256
0.599960,0.106256
0.599905,0.106256
0.599851,0.106447
0.599797,0.106447
0.599742,0.106447
0.599688,0.106447
0.599633,0.106447
0.599579,0.106447
0.599524,0.106447
0.599470,0.106447
0.599416,0.106447
0.599361,0.106638
0.599307,0.106638
0.599252,0.106638
0.599198,0.106638
0.599143,0.106638
0.599089,0.106638
0.599035,0.106638
0.598980,0.106638
0.598926,0.106638
0.598871,0.106638
0.598817,0.106638
0.598762,0.106638
0.598708,0.106829
0.598653,0.106829
0.598599,0.106638
0.598545,0.106829
0.598490,0.106829
0.598436,0.106829
0.598381,0.106829
0.598327,0.106829
0.598272,0.106829
0.598218,0.107020
0.598164,0.107020
0.598109,0.107020
0.598055,0.107020
0.598000,0.107020
0.597946,0.107020
0.597891,0.107020
0.597837,0.107020
0.597782,0.107020
0.597728,0.107020
0.597674,0.107020
0.597619,0.107020
0.597565,0.107210
0.597510,0.107020
0.597456,0.107210
0.597401,0.107020
0.597347,0.107210
0.597292,0.107210
0.597238,0.107210
0.597184,0.107210
0.597129,0.107210
0.597075,0.107210
0.597020,0.107401
0.596966,0.107401
0.596911,0.107401
0.596857,0.107401
0.596803,0.107401
0.596748,0.107401
0.596694,0.107401
0.596639,0.107401
0.596585,0.107401
0.596530,0.107401
0.596476,0.107401
0.596421,0.107401
0.596367,0.107401
0.596313,0.107592
0.596258,0.107592
0.596204,0.107592
0.596149,0.107592
0.596095,0.107592
0.596040,0.107592
0.595986,0.107592
0.595932,0.107592
0.595877,0.107592
0.595823,0.107783
0.595768,0.107783
0.595714,0.107783
0.595659,0.107783
0.595605,0.107783
0.595550,0.107783
0.595496,0.107783
0.595442,0.107783
0.595387,0.107783
0.595333,0.107783
0.595278,0.107783
0.595224,0.107783
0.595169,0.107783
0.595115,0.107783
0.595061,0.107783
0.595006,0.107973
0.594952,0.107973
0.594897,0.107973
0.594843,0.107973
0.594788,0.107973
0.594734,0.107973
0.594679,0.107973
0.594625,0.107973
0.594571,0.108164
0.594516,0.108164
0.594462,0.108164
0.594407,0.108164
0.594353,0.108164
0.594298,0.108164
0.594244,0.108164
0.594189,0.108164
0.594135,0.108164
0.594081,0.108164
0.594026,0.108164
0.593972,0.108164
0.593917,0.108164
0.593863,0.108164
0.593808,0.108164
0.593754,0.108355
0.593699,0.108355
0.593645,0.108355
0.593591,0.108355
0.593536,0.108355
0.593482,0.108355
0.593427,0.108355
0.593373,0.108355
0.593318,0.108355
0.593264,0.108546
0.593209,0.108546
0.593155,0.108546
0.593101,0.108546
0.593046,0.108546
0.592992,0.108546
0.592937,0.108546
0.592883,0.108546
0.592828,0.108546
0.592774,0.108546
0.592720,0.108546
0.592665,0.108736
0.592611,0.108736
0.592556,0.108736
0.592502,0.108736
0.592447,0.108736
0.592393,0.108736
0.592338,0.108736
0.592284,0.108736
0.592230,0.108736
0.592175,0.108927
0.592121,0.108927
0.592066,0.108927
0.592012,0.108927
0.591957,0.108927
0.591903,0.108927
0.591848,0.108927
0.591794,0.108927
0.591740,0.108927
0.591685,0.108927
0.591631,0.108927
0.591576,0.109118
0.591522,0.108927
0.591467,0.109118
0.591413,0.109118
0.591358,0.109118
0.591304,0.109118
0.591250,0.109118
0.591195,0.109118
0.591141,0.109118
0.591086,0.109118
0.591032,0.109309
0.590977,0.109309
0.590923,0.109309
0.590868,0.109309
0.590814,0.109309
0.590760,0.109309
0.590705,0.109309
0.590651,0.109309
0.590596,0.109309
0.590542,0.109309
0.590487,0.109309
0.590433,0.109499
0.590378,0.109309
0.590324,0.109499
0.590270,0.109499
0.590215,0.109499
0.590161,0.109499
0.590106,0.109499
0.590052,0.109499
0.589997,0.109690
0.589943,0.109690
0.589889,0.109499
0.589834,0.109690
0.589780,0.109690
0.589725,0.109690
0.589671,0.109690
0.589616,0.109690
0.589562,0.109690
0.589507,0.109881
0.589453,0.109690
0.589399,0.109881
0.589344,0.109881
0.589290,0.109881
0.589235,0.109881
0.589181,0.109881
0.589126,0.109881
0.589072,0.109881
0.589017,0.110072
0.588963,0.109881
0.588909,0.110072
0.588854,0.110072
0.588800,0.110072
0.588745,0.110072
0.588691,0.110072
0.588636,0.110072
0.588582,0.110072
0.588527,0.110072
0.588473,0.110072
0.588419,0.110263
0.588364,0.110263
0.588310,0.110072
0.588255,0.110263
0.588201,0.110263
0.588146,0.110263
0.588092,0.110263
0.588037,0.110263
0.587983,0.110263
0.587929,0.110453
0.587874,0.110263
0.587820,0.110453
0.587765,0.110453
0.587711,0.110453
0.587656,0.110453
0.587602,0.110453
0.587547,0.110453
0.587493,0.110453
0.587439,0.110453
0.587384,0.110453
0.587330,0.110644
0.587275,0.110644
0.587221,0.110644
0.587166,0.110644
0.587112,0.110644
0.587057,0.110644
0.587003,0.110644
0.586949,0.110644
0.586894,0.110835
0.586840,0.110835
0.586785,0.110835
0.586731,0.110835
0.586676,0.110835
0.586622,0.110835
0.586567,0.110835
0.586513,0.110835
0.586458,0.110835
0.586404,0.110835
0.586350,0.110835
0.586295,0.110835
0.586241,0.111026
0.586186,0.110835
0.586132,0.111026
0.586077,0.111026
0.586023,0.111026
0.585969,0.111026
0.585914,0.111026
0.585860,0.111026
0.585805,0.111026
0.585751,0.111216
0.585696,0.111216
0.585642,0.111216
0.585587,0.111216
0.585533,0.111216
0.585479,0.111216
0.585424,0.111216
0.585370,0.111216
0.585315,0.111216
0.585261,0.111216
0.585206,0.111216
0.585152,0.111407
0.585097,0.111407
0.585043,0.111407
0.584989,0.111407
0.584934,0.111407
0.584880,0.111407
0.584825,0.111407
0.584771,0.111407
0.584716,0.111407
0.584662,0.111407
0.584608,0.111598
0.584553,0.111598
0.584499,0.111598
0.584444,0.111598
0.584390,0.111598
0.584335,0.111598
0.584281,0.111598
0.584226,0.111598
0.584172,0.111598
0.584118,0.111789
0.584063,0.111598
0.584009,0.111789
0.583954,0.111789
0.583900,0.111789
0.583845,0.111789
0.583791,0.111789
0.583736,0.111789
0.583682,0.111789
0.583628,0.111979
0.583573,0.111789
0.583519,0.111979
0.583464,0.111979
0.583410,0.111979
0.583355,0.111979
0.583301,0.111979
0.583246,0.111979
0.583192,0.111979
0.583138,0.111979
0.583083,0.112170
0.583029,0.112170
0.582974,0.112170
0.582920,0.112170
0.582865,0.112170
0.582811,0.112170
0.582756,0.112170
0.582702,0.112361
0.582648,0.112170
0.582593,0.112361
0.582539,0.112361
0.582484,0.112361
0.582430,0.112361
0.582375,0.112361
0.582321,0.112361
0.582266,0.112361
0.582212,0.112361
0.582158,0.112361
0.582103,0.112361
0.582049,0.112361
0.581994,0.112552
0.581940,0.112552
0.581885,0.112552
0.581831,0.112552
0.581776,0.112552
0.581722,0.112552
0.581667,0.112552
0.581613,0.112743
0.581559,0.112552
0.581504,0.112743
0.581450,0.112743
0.581395,0.112743
0.581341,0.112743
0.581286,0.112743
0.581232,0.112743
0.581177,0.112743
0.581123,0.112743
0.581068,0.112933
0.581014,0.112933
0.580960,0.112933
0.580905,0.112933
0.580851,0.112933
0.580796,0.112933
0.580742,0.112933
0.580687,0.112933
0.580633,0.113124
0.580578,0.113124
0.580524,0.113124
0.580469,0.113124
0.580415,0.113124
0.580361,0.113124
0.580306,0.113124
0.580252,0.113124
0.580197,0.113315
0.580143,0.113315
0.580088,0.113315
0.580034,0.113315
0.579979,0.113315
0.579925,0.113315
0.579871,0.113315
0.579816,0.113315
0.579762,0.113315
0.579707,0.113315
0.579653,0.113315
0.579598,0.113506
0.579544,0.113506
0.579489,0.113506
0.579435,0.113506
0.579381,0.113506
0.579326,0.113506
0.579272,0.113506
0.579217,0.113506
0.579163,0.113506
0.579108,0.113506
0.579054,0.113696
0.578999,0.113696
0.578945,0.113696
0.578891,0.113696
0.578836,0.113696
0.578782,0.113696
0.578727,0.113887
0.578673,0.113696
0.578618,0.113887
0.578564,0.113887
0.578509,0.113887
0.578455,0.113887
0.578401,0.113887
0.578346,0.113887
0.578292,0.113887
0.578237,0.113887
0.578183,0.113887
0.578128,0.113887
0.578074,0.114078
0.578019,0.113887
0.577965,0.114078
0.577911,0.114078
0.577856,0.114078
0.577802,0.114078
0.577747,0.114078
0.577693,0.114269
0.577638,0.114078
0.577584,0.114269
0.577529,0.114269
0.577475,0.114269
0.577421,0.114269
0.577366,0.114269
0.577312,0.114269
0.577257,0.114269
0.577203,0.114269
0.577148,0.114269
0.577094,0.114269
0.577039,0.114269
0.576985,0.114459
0.576931,0.114459
0.576876,0.114459
0.576822,0.114459
0.576767,0.114459
0.576713,0.114459
0.576658,0.114459
0.576604,0.114459
0.576549,0.114650
0.576495,0.114650
0.576440,0.114650
0.576386,0.114650
0.576332,0.114650
0.576277,0.114650
0.576223,0.114650
0.576168,0.114650
0.576114,0.114650
0.576059,0.114650
0.576005,0.114650
0.575950,0.114841
0.575896,0.114650
0.575842,0.114841
0.575787,0.114841
0.575733,0.114841
0.575678,0.114841
0.575624,0.114841
0.575569,0.114841
0.575515,0.114841
0.575460,0.115032
0.575406,0.115032
0.575352,0.115032
0.575297,0.115032
0.575243,0.115032
0.575188,0.115032
0.575134,0.115032
0.575079,0.115032
0.575025,0.115032
0.574970,0.115032
0.574916,0.115222
0.574861,0.115222
0.574807,0.115222
0.574753,0.115222
0.574698,0.115222
0.574644,0.115222
0.574589,0.115222
0.574535,0.115413
0.574480,0.115222
0.574426,0.115413
0.574371,0.115222
0.574317,0.115413
0.574263,0.115413
0.574208,0.115413
0.574154,0.115413
0.574099,0.115413
0.574045,0.115413
0.573990,0.115413
0.573936,0.115413
0.573881,0.115413
0.573827,0.115604
0.573772,0.115604
0.573718,0.115604
0.573664,0.115604
0.573609,0.115604
0.573555,0.115604
0.573500,0.115604
0.573446,0.115795
0.573391,0.115604
0.573337,0.115795
0.573282,0.115795
0.573228,0.115795
0.573174,0.115795
0.573119,0.115795
0.573065,0.115795
0.573010,0.115795
0.572956,0.115795
0.572901,0.115986
0.572847,0.115986
0.572792,0.115986
0.572738,0.115986
0.572684,0.115986
0.572629,0.115986
0.572575,0.116176
0.572520,0.115986
0.572466,0.116176
0.572411,0.116176
0.572357,0.116176
0.572302,0.116176
0.572248,0.116176
0.572194,0.116176
0.572139,0.116176
0.572085,0.116176
0.572030,0.116176
0.571976,0.116176
0.571921,0.116176
0.571867,0.116367
0.571812,0.116367
0.571758,0.116367
0.571704,0.116367
0.571649,0.116367
0.571595,0.116367
0.571540,0.116367
0.571486,0.116367
0.571431,0.116558
0.571377,0.116558
0.571322,0.116558
0.571268,0.116558
0.571214,0.116558
0.571159,0.116558
0.571105,0.116558
0.571050,0.116558
0.570996,0.116558
0.570941,0.116558
0.570887,0.116558
0.570832,0.116749
0.570778,0.116749
0.570724,0.116749
0.570669,0.116749
0.570615,0.116749
0.570560,0.116749
0.570506,0.116749
0.570451,0.116939
0.570397,0.116749
0.570342,0.116939
0.570288,0.116939
0.570233,0.116939
0.570179,0.116939
0.570125,0.116939
0.570070,0.116939
0.570016,0.116939
0.569961,0.116939
0.569907,0.116939
0.569852,0.116939
0.569798,0.116939
0.569743,0.117130
0.569689,0.116939
0.569634,0.117130
0.569580,0.117130
0.569526,0.117130
0.569471,0.117130
0.569417,0.117130
0.569362,0.117321
0.569308,0.117321
0.569253,0.117130
0.569199,0.117321
0.569144,0.117321
0.569090,0.117321
0.569036,0.117321
0.568981,0.117321
0.568927,0.117321
0.568872,0.117321
0.568818,0.117321
0.568763,0.117321
0.568709,0.117321
0.568654,0.117321
0.568600,0.117321
0.568545,0.117512
0.568491,0.117512
0.568437,0.117512
0.568382,0.117512
0.568328,0.117512
0.568273,0.117512
0.568219,0.117512
0.568164,0.117512
0.568110,0.117512
0.568055,0.117512
0.568001,0.117702
0.567947,0.117702
0.567892,0.117702
0.567838,0.117702
0.567783,0.117702
0.567729,0.117702
0.567674,0.117702
0.567620,0.117702
0.567565,0.117702
0.567511,0.117702
0.567456,0.117702
0.567402,0.117702
0.567348,0.117893
0.567293,0.117893
0.567239,0.117893
0.567184,0.117893
0.567130,0.117893
0.567075,0.117893
0.567021,0.117893
0.566966,0.117893
0.566912,0.118084
0.566857,0.118084
0.566803,0.118084
0.566749,0.118084
0.566694,0.118084
0.566640,0.118084
0.566585,0.118084
0.566531,0.118084
0.566476,0.118084
0.566422,0.118084
0.566367,0.118084
0.566313,0.118275
0.566258,0.118084
0.566204,0.118275
0.566150,0.118275
0.566095,0.118275
0.566041,0.118275
0.565986,0.118275
0.565932,0.118275
0.565877,0.118275
0.565823,0.118275
0.565768,0.118465
0.565714,0.118465
0.565659,0.118465
0.565605,0.118465
0.565551,0.118465
0.565496,0.118465
0.565442,0.118465
0.565387,0.118465
0.565333,0.118465
0.565278,0.118465
0.565224,0.118465
0.565169,0.118465
0.565115,0.118465
0.565060,0.118465
0.565006,0.118656
0.564952,0.118465
0.564897,0.118656
0.564843,0.118656
0.564788,0.118656
0.564734,0.118656
0.564679,0.118656
0.564625,0.118656
0.564570,0.118847
0.564516,0.118847
0.564461,0.118847
0.564407,0.118847
0.564353,0.118847
0.564298,0.118847
0.564244,0.118847
0.564189,0.118847
0.564135,0.118847
0.564080,0.118847
0.564026,0.118847
0.563971,0.118847
0.563917,0.119038
0.563863,0.119038
0.563808,0.119038
0.563754,0.119038
0.563699,0.119038
0.563645,0.119038
0.563590,0.119038
0.563536,0.119229
0.563481,0.119229
0.563427,0.119229
0.563372,0.119229
0.563318,0.119229
0.563264,0.119229
0.563209,0.119229
0.563155,0.119229
0.563100,0.119229
0.563046,0.119229
0.562991,0.119229
0.562937,0.119229
0.562882,0.119229
0.562828,0.119229
0.562773,0.119419
0.562719,0.119419
0.562665,0.119419
0.562610,0.119419
0.562556,0.119419
0.562501,0.119419
0.562447,0.119419
0.562392,0.119610
0.562338,0.119419
0.562283,0.119610
0.562229,0.119610
0.562175,0.119610
0.562120,0.119610
0.562066,0.119610
0.562011,0.119610
0.561957,0.119610
0.561902,0.119610
0.561848,0.119610
0.561793,0.119610
0.561739,0.119610
0.561684,0.119610
0.561630,0.119801
0.561576,0.119801
0.561521,0.119801
0.561467,0.119801
0.561412,0.119801
0.561358,0.119801
0.561303,0.119801
0.561249,0.119992
0.561194,0.119801
0.561140,0.119801
0.561085,0.119992
0.561031,0.119992
0.560977,0.119992
0.560922,0.119992
0.560868,0.119992
0.560813,0.119992
0.560759,0.119992
0.560704,0.119992
0.560650,0.119992
0.560595,0.119992
0.560541,0.119992
0.560486,0.119992
0.560432,0.119992
0.560378,0.119992
0.560323,0.119992
0.560269,0.120182
0.560214,0.120182
0.560160,0.120182
0.560105,0.120182
0.560051,0.120182
0.559996,0.120182
0.559942,0.120182
0.559888,0.120182
0.559833,0.120373
0.559779,0.120373
0.559724,0.120373
0.559670,0.120373
0.559615,0.120373
0.559561,0.120373
0.559506,0.120373
0.559452,0.120373
0.559398,0.120373
0.559343,0.120373
0.559289,0.120373
0.559234,0.120373
0.559180,0.120373
0.559125,0.120373
0.559071,0.120373
0.559016,0.120373
0.558962,0.120373
0.558908,0.120564
0.558853,0.120564
0.558799,0.120564
0.558744,0.120564
0.558690,0.120564
0.558635,0.120564
0.558581,0.120564
0.558526,0.120564
0.558472,0.120564
0.558418,0.120564
0.558363,0.120755
0.558309,0.120564
0.558254,0.120755
0.558200,0.120755
0.558145,0.120755
0.558091,0.120755
0.558036,0.120755
0.557982,0.120755
0.557928,0.120755
0.557873,0.120755
0.557819,0.120755
0.557764,0.120755
0.557710,0.120755
0.557655,0.120755
0.557601,0.120755
0.557546,0.120945
0.557492,0.120755
0.557438,0.120755
0.557383,0.120945
0.557329,0.120945
0.557274,0.120945
0.557220,0.120945
0.557165,0.120945
0.557111,0.120945
0.557056,0.120945
0.557002,0.120945
0.556947,0.121136
0.556893,0.121136
0.556839,0.121136
0.556784,0.121136
0.556730,0.121136
0.556675,0.121136
0.556621,0.121136
0.556566,0.121136
0.556512,0.121136
0.556457,0.121136
0.556403,0.121136
0.556349,0.121136
0.556294,0.121136
0.556240,0.121327
0.556185,0.121136
0.556131,0.121327
0.556076,0.121327
0.556022,0.121327
0.555967,0.121327
0.555913,0.121327
0.555858,0.121327
0.555804,0.121327
0.555750,0.121327
0.555695,0.121327
0.555641,0.121518
0.555586,0.121518
0.555532,0.121327
0.555477,0.121518
0.555423,0.121518
0.555368,0.121518
0.555314,0.121518
0.555260,0.121518
0.555205,0.121518
0.555151,0.121518
0.555096,0.121518
0.555042,0.121518
0.554987,0.121518
0.554933,0.121518
0.554878,0.121518
0.554824,0.121518
0.554770,0.121518
0.554715,0.121709
0.554661,0.121518
0.554606,0.121709
0.554552,0.121709
0.554497,0.121709
0.554443,0.121709
0.554388,0.121709
0.554334,0.121709
0.554279,0.121709
0.554225,0.121709
0.554171,0.121709
0.554116,0.121899
0.554062,0.121899
0.554007,0.121899
0.553953,0.121899
0.553898,0.121899
0.553844,0.121899
0.553789,0.121899
0.553735,0.121899
0.553681,0.121899
0.553626,0.121899
0.553572,0.121899
0.553517,0.121899
0.553463,0.121899
0.553408,0.122090
0.553354,0.121899
0.553299,0.121899
0.553245,0.122090
0.553191,0.122090
0.553136,0.122090
0.553082,0.122090
0.553027,0.122090
0.552973,0.122090
0.552918,0.122090
0.552864,0.122090
0.552810,0.122090
0.552755,0.122281
0.552701,0.122090
0.552646,0.122090
0.552592,0.122281
0.552537,0.122281
0.552483,0.122281
0.552428,0.122281
0.552374,0.122281
0.552320,0.122281
0.552265,0.122281
0.552211,0.122281
0.552156,0.122281
0.552102,0.122281
0.552047,0.122281
0.551993,0.122281
0.551938,0.122281
0.551884,0.122281
0.551830,0.122472
0.551775,0.122281
0.551721,0.122472
0.551666,0.122472
0.551612,0.122472
0.551557,0.122472
0.551503,0.122472
0.551448,0.122472
0.551394,0.122472
0.551340,0.122472
0.551285,0.122472
0.551231,0.122472
0.551176,0.122662
0.551122,0.122472
0.551067,0.122662
0.551013,0.122662
0.550958,0.122662
0.550904,0.122662
0.550850,0.122662
0.550795,0.122662
0.550741,0.122662
0.550686,0.122662
0.550632,0.122662
0.550577,0.122662
0.550523,0.122662
0.550468,0.122662
0.550414,0.122853
0.550360,0.122662
0.550305,0.122662
0.550251,0.122853
0.550196,0.122853
0.550142,0.122853
0.550087,0.122853
0.550033,0.122853
0.549978,0.122853
0.549924,0.122853
0.549870,0.122853
0.549815,0.122853
0.549761,0.122853
0.549706,0.123044
0.549652,0.122853
0.549597,0.123044
0.549543,0.122853
0.549488,0.122853
0.549434,0.123044
0.549380,0.123044
0.549325,0.123044
0.549271,0.123044
0.549216,0.123044
0.549162,0.123044
0.549107,0.123044
0.549053,0.123044
0.548999,0.123044
0.548944,0.123044
0.548890,0.123044
0.548835,0.123044
0.548781,0.123044
0.548726,0.123044
0.548672,0.123044
0.548617,0.123044
0.548563,0.123235
0.548509,0.123044
0.548454,0.123044
0.548400,0.123235
0.548345,0.123235
0.548291,0.123235
0.548236,0.123235
0.548182,0.123235
0.548127,0.123235
0.548073,0.123235
0.548019,0.123235
0.547964,0.123235
0.547910,0.123235
0.547855,0.123235
0.547801,0.123235
0.547746,0.123425
0.547692,0.123235
0.547637,0.123425
0.547583,0.123425
0.547529,0.123425
0.547474,0.123425
0.547420,0.123425
0.547365,0.123425
0.547311,0.123425
0.547256,0.123425
0.547202,0.123425
0.547147,0.123425
0.547093,0.123425
0.547039,0.123425
0.546984,0.123425
0.546930,0.123425
0.546875,0.123425
0.546821,0.123425
0.546766,0.123425
0.546712,0.123425
0.546658,0.123425
0.546603,0.123425
0.546549,0.123616
0.546494,0.123616
0.546440,0.123616
0.546385,0.123616
0.546331,0.123616
0.546276,0.123616
0.546222,0.123616
0.546168,0.123616
0.546113,0.123616
0.546059,0.123616
0.546004,0.123616
0.545950,0.123616
0.545895,0.123616
0.545841,0.123616
0.545786,0.123807
0.545732,0.123807
0.545678,0.123807
0.545623,0.123807
0.545569,0.123807
0.545514,0.123807
0.545460,0.123807
0.545405,0.123807
0.545351,0.123807
0.545296,0.123807
0.545242,0.123807
0.545187,0.123807
0.545133,0.123807
0.545079,0.123807
0.545024,0.123807
0.544970,0.123807
0.544915,0.123807
0.544861,0.123807
0.544806,0.123998
0.544752,0.123807
0.544697,0.123998
0.544643,0.123998
0.544589,0.123998
0.544534,0.123998
0.544480,0.123998
0.544425,0.123998
0.544371,0.123998
0.544316,0.123998
0.544262,0.123998
0.544207,0.123998
0.544153,0.123998
0.544098,0.123998
0.544044,0.123998
0.543990,0.123998
0.543935,0.123998
0.543881,0.124188
0.543826,0.124188
0.543772,0.124188
0.543717,0.124188
0.543663,0.124188
0.543608,0.124188
0.543554,0.124188
0.543500,0.124188
0.543445,0.124188
0.543391,0.124188
0.543336,0.124188
0.543282,0.124188
0.543227,0.124188
0.543173,0.124188
0.543118,0.124188
0.543064,0.124188
0.543010,0.124188
0.542955,0.124188
0.542901,0.124188
0.542846,0.124379
0.542792,0.124379
0.542737,0.124379
0.542683,0.124188
0.542628,0.124379
0.542574,0.124379
0.542519,0.124379
0.542465,0.124379
0.542411,0.124379
0.542356,0.124379
0.542302,0.124379
0.542247,0.124379
0.542193,0.124379
0.542138,0.124379
0.542084,0.124379
0.542029,0.124570
0.541975,0.124379
0.541921,0.124570
0.541866,0.124570
0.541812,0.124570
0.541757,0.124570
0.541703,0.124570
0.541648,0.124570
0.541594,0.124570
0.541539,0.124570
0.541485,0.124570
0.541431,0.124570
0.541376,0.124570
0.541322,0.124570
0.541267,0.124570
0.541213,0.124570
0.541158,0.124570
0.541104,0.124570
0.541049,0.124570
0.540995,0.124570
0.540940,0.124570
0.540886,0.124570
0.540832,0.124570
0.540777,0.124570
0.540723,0.124570
0.540668,0.124570
0.540614,0.124570
0.540559,0.124761
0.540505,0.124761
0.540450,0.124761
0.540396,0.124761
0.540342,0.124761
0.540287,0.124761
0.540233,0.124761
0.540178,0.124761
0.540124,0.124761
0.540069,0.124761
0.540015,0.124761
0.539960,0.124952
0.539906,0.124761
0.539852,0.124761
0.539797,0.124952
0.539743,0.124952
0.539688,0.124952
0.539634,0.124952
0.539579,0.124952
0.539525,0.124952
0.539470,0.124952
0.539416,0.124952
0.539362,0.124952
0.539307,0.124952
0.539253,0.124952
0.539198,0.124952
0.539144,0.124952
0.539089,0.124952
0.539035,0.124952
0.538980,0.124952
0.538926,0.124952
0.538872,0.124952
0.538817,0.124952
0.538763,0.125142
0.538708,0.125142
0.538654,0.124952
0.538599,0.125142
0.538545,0.125142
0.538490,0.125142
0.538436,0.125142
0.538382,0.125142
0.538327,0.125142
0.538273,0.125142
0.538218,0.125142
0.538164,0.125142
0.538109,0.125142
0.538055,0.125142
0.538000,0.125142
0.537946,0.125333
0.537892,0.125142
0.537837,0.125333
0.537783,0.125142
0.537728,0.125333
0.537674,0.125333
0.537619,0.125333
0.537565,0.125333
0.537510,0.125333
0.537456,0.125333
0.537402,0.125333
0.537347,0.125333
0.537293,0.125333
0.537238,0.125333
0.537184,0.125333
0.537129,0.125333
0.537075,0.125333
0.537020,0.125333
0.536966,0.125333
0.536912,0.125333
0.536857,0.125333
0.536803,0.125333
0.536748,0.125333
0.536694,0.125524
0.536639,0.125333
0.536585,0.125524
0.536530,0.125524
0.536476,0.125524
0.536422,0.125524
0.536367,0.125524
0.536313,0.125524
0.536258,0.125524
0.536204,0.125524
0.536149,0.125524
0.536095,0.125524
0.536041,0.125524
0.535986,0.125524
0.535932,0.125524
0.535877,0.125524
0.535823,0.125524
0.535768,0.125524
0.535714,0.125524
0.535660,0.125715
0.535605,0.125715
0.535551,0.125524
0.535496,0.125715
0.535442,0.125524
0.535387,0.125715
0.535333,0.125715
0.535279,0.125715
0.535224,0.125715
0.535170,0.125715
0.535115,0.125715
0.535061,0.125715
0.535006,0.125715
0.534952,0.125715
0.534898,0.125715
0.534843,0.125715
0.534789,0.125715
0.534734,0.125715
0.534680,0.125715
0.534625,0.125905
0.534571,0.125715
0.534516,0.125905
0.534462,0.125715
0.534408,0.125905
0.534353,0.125905
0.534299,0.125715
0.534244,0.125905
0.534190,0.125905
0.534135,0.125905
0.534081,0.125905
0.534027,0.125905
0.533972,0.125905
0.533918,0.125905
0.533863,0.125905
0.533809,0.125905
0.533754,0.125905
0.533700,0.125905
0.533645,0.125905
0.533591,0.126096
0.533537,0.125905
0.533482,0.125905
0.533428,0.125905
0.533373,0.125905
0.533319,0.125905
0.533264,0.126096
0.533210,0.126096
0.533156,0.126096
0.533101,0.126096
0.533047,0.126096
0.532992,0.126096
0.532938,0.126096
0.532883,0.126096
0.532829,0.126096
0.532775,0.126096
0.532720,0.126096
0.532666,0.126096
0.532611,0.126096
0.532557,0.126096
0.532502,0.126096
0.532448,0.126096
0.532394,0.126096
0.532339,0.126096
0.532285,0.126096
0.532230,0.126096
0.532176,0.126096
0.532121,0.126096
0.532067,0.126096
0.532013,0.126096
0.531958,0.126096
0.531904,0.126287
0.531849,0.126096
0.531795,0.126287
0.531740,0.126287
0.531686,0.126096
0.531632,0.126287
0.531577,0.126287
0.531523,0.126287
0.531468,0.126287
0.531414,0.126287
0.531359,0.126287
0.531305,0.126287
0.531250,0.126287
0.531196,0.126287
0.531142,0.126287
0.531087,0.126287
0.531033,0.126287
0.530978,0.126287
0.530924,0.126287
0.530869,0.126287
0.530815,0.126287
0.530761,0.126478
0.530706,0.126478
0.530652,0.126478
0.530597,0.126287
0.530543,0.126478
0.530488,0.126478
0.530434,0.126478
0.530380,0.126478
0.530325,0.126478
0.530271,0.126478
0.530216,0.126478
0.530162,0.126478
0.530107,0.126478
0.530053,0.126478
0.529999,0.126478
0.529944,0.126478
0.529890,0.126478
0.529835,0.126478
0.529781,0.126478
0.529726,0.126478
0.529672,0.126478
0.529618,0.126478
0.529563,0.126478
0.529509,0.126478
0.529454,0.126478
0.529400,0.126478
0.529345,0.126478
0.529291,0.126478
0.529237,0.126478
0.529182,0.126478
0.529128,0.126478
0.529073,0.126478
0.529019,0.126478
0.528964,0.126478
0.528910,0.126478
0.528856,0.126668
0.528801,0.126668
0.528747,0.126668
0.528692,0.126668
0.528638,0.126668
0.528584,0.126668
0.528529,0.126668
0.528475,0.126668
0.528420,0.126668
0.528366,0.126668
0.528311,0.126668
0.528257,0.126668
0.528202,0.126668
0.528148,0.126668
0.528094,0.126668
0.528039,0.126668
0.527985,0.126668
0.527930,0.126668
0.527876,0.126668
0.527821,0.126859
0.527767,0.126668
0.527713,0.126859
0.527658,0.126859
0.527604,0.126668
0.527549,0.126668
0.527495,0.126859
0.527440,0.126859
0.527386,0.126859
0.527332,0.126859
0.527277,0.126859
0.527223,0.126859
0.527168,0.126859
0.527114,0.126859
0.527059,0.126859
0.527005,0.126859
0.526951,0.126859
0.526896,0.126859
0.526842,0.126859
0.526787,0.126859
0.526733,0.126859
0.526678,0.126859
0.526624,0.126859
0.526570,0.126859
0.526515,0.126859
0.526461,0.126859
0.526406,0.126859
0.526352,0.126859
0.526297,0.126859
0.526243,0.126859
0.526188,0.126859
0.526134,0.126859
0.526080,0.126859
0.526025,0.126859
0.525971,0.126859
0.525916,0.126859
0.525862,0.126859
0.525807,0.126859
0.525753,0.126859
0.525699,0.127050
0.525644,0.127050
0.525590,0.127050
0.525535,0.127050
0.525481,0.127050
0.525426,0.127050
0.525372,0.127050
0.525318,0.127050
0.525263,0.127050
0.525209,0.127050
0.525154,0.127050
0.525100,0.127050
0.525045,0.127050
0.524991,0.127050
0.524937,0.127050
0.524882,0.127050
0.524828,0.127241
0.524773,0.127050
0.524719,0.127050
0.524664,0.127050
0.524610,0.127241
0.524555,0.127241
0.524501,0.127241
0.524447,0.127241
0.524392,0.127241
0.524338,0.127241
0.524283,0.127241
0.524229,0.127241
0.524174,0.127241
0.524120,0.127241
0.524066,0.127241
0.524011,0.127241
0.523957,0.127241
0.523902,0.127241
0.523848,0.127241
0.523793,0.127241
0.523739,0.127241
0.523685,0.127241
0.523630,0.127241
0.523576,0.127241
0.523521,0.127241
0.523467,0.127241
0.523412,0.127241
0.523358,0.127241
0.523303,0.127241
0.523249,0.127241
0.523195,0.127241
0.523140,0.127431
0.523086,0.127241
0.523031,0.127241
0.522977,0.127431
0.522922,0.127241
0.522868,0.127431
0.522814,0.127431
0.522759,0.127431
0.522705,0.127431
0.522650,0.127431
0.522596,0.127431
0.522541,0.127431
0.522487,0.127431
0.522432,0.127431
0.522378,0.127431
0.522324,0.127431
0.522269,0.127431
0.522215,0.127431
0.522160,0.127431
0.522106,0.127431
0.522051,0.127431
0.521997,0.127431
0.521943,0.127431
0.521888,0.127431
0.521834,0.127431
0.521779,0.127431
0.521725,0.127431
0.521670,0.127431
0.521616,0.127622
0.521561,0.127622
0.521507,0.127622
0.521453,0.127622
0.521398,0.127622
0.521344,0.127622
0.521289,0.127622
0.521235,0.127622
0.521180,0.127622
0.521126,0.127622
0.521072,0.127622
0.521017,0.127622
0.520963,0.127622
0.520908,0.127622
0.520854,0.127622
0.520799,0.127622
0.520745,0.127622
0.520690,0.127622
0.520636,0.127622
0.520582,0.127622
0.520527,0.127622
0.520473,0.127622
0.520418,0.127622
0.520364,0.127622
0.520309,0.127622
0.520255,0.127622
0.520201,0.127622
0.520146,0.127622
0.520092,0.127622
0.520037,0.127622
0.519983,0.127622
0.519928,0.127622
0.519874,0.127622
0.519819,0.127622
0.519765,0.127622
0.519711,0.127813
0.519656,0.127813
0.519602,0.127813
0.519547,0.127622
0.519493,0.127813
0.519438,0.127813
0.519384,0.127813
0.519330,0.127813
0.519275,0.127813
0.519221,0.127813
0.519166,0.127813
0.519112,0.127813
0.519057,0.127813
0.519003,0.127813
0.518948,0.127813
0.518894,0.127813
0.518840,0.127813
0.518785,0.127813
0.518731,0.127813
0.518676,0.127813
0.518622,0.127813
0.518567,0.127813
0.518513,0.127813
0.518459,0.128004
0.518404,0.127813
0.518350,0.127813
0.518295,0.127813
0.518241,0.127813
0.518186,0.128004
0.518132,0.128004
0.518077,0.128004
0.518023,0.128004
0.517969,0.128004
0.517914,0.128004
0.517860,0.128004
0.517805,0.128004
0.517751,0.128004
0.517696,0.128004
0.517642,0.128004
0.517588,0.128004
0.517533,0.128004
0.517479,0.128004
0.517424,0.128004
0.517370,0.128004
0.517315,0.128004
0.517261,0.128004
0.517207,0.128004
0.517152,0.128004
0.517098,0.128004
0.517043,0.128004
0.516989,0.128004
0.516934,0.128004
0.516880,0.128195
0.516826,0.128004
0.516771,0.128195
0.516717,0.128004
0.516662,0.128195
0.516608,0.128195
0.516553,0.128195
0.516499,0.128195
0.516444,0.128195
0.516390,0.128195
0.516336,0.128195
0.516281,0.128195
0.516227,0.128195
0.516172,0.128195
0.516118,0.128195
0.516063,0.128195
0.516009,0.128195
0.515955,0.128195
0.515900,0.128195
0.515846,0.128195
0.515791,0.128195
0.515737,0.128195
0.515682,0.128195
0.515628,0.128195
0.515573,0.128195
0.515519,0.128195
0.515465,0.128385
0.515410,0.128385
0.515356,0.128195
0.515301,0.128385
0.515247,0.128195
0.515192,0.128195
0.515138,0.128385
0.515083,0.128385
0.515029,0.128195
0.514975,0.128385
0.514920,0.128385
0.514866,0.128385
0.514811,0.128385
0.514757,0.128385
0.514702,0.128385
0.514648,0.128385
0.514594,0.128385
0.514539,0.128385
0.514485,0.128385
0.514430,0.128385
0.514376,0.128385
0.514321,0.128385
0.514267,0.128385
0.514212,0.128385
0.514158,0.128385
0.514104,0.128385
0.514049,0.128385
0.513995,0.128385
0.513940,0.128385
0.513886,0.128385
0.513831,0.128385
0.513777,0.128385
0.513723,0.128385
0.513668,0.128385
0.513614,0.128385
0.513559,0.128385
0.513505,0.128385
0.513450,0.128576
0.513396,0.128385
0.513341,0.128385
0.513287,0.128385
0.513233,0.128576
0.513178,0.128385
0.513124,0.128576
0.513069,0.128576
0.513015,0.128576
0.512960,0.128576
0.512906,0.128576
0.512852,0.128576
0.512797,0.128576
0.512743,0.128576
0.512688,0.128576
0.512634,0.128576
0.512579,0.128576
0.512525,0.128576
0.512471,0.128576
0.512416,0.128576
0.512362,0.128576
0.512307,0.128576
0.512253,0.128576
0.512198,0.128576
0.512144,0.128576
0.512090,0.128576
0.512035,0.128576
0.511981,0.128576
0.511926,0.128767
0.511872,0.128576
0.511817,0.128767
0.511763,0.128576
0.511708,0.128767
0.511654,0.128576
0.511600,0.128767
0.511545,0.128767
0.511491,0.128767
0.511436,0.128767
0.511382,0.128767
0.511327,0.128767
0.511273,0.128767
0.511219,0.128767
0.511164,0.128767
0.511110,0.128767
0.511055,0.128767
0.511001,0.128767
0.510946,0.128767
0.510892,0.128767
0.510838,0.128767
0.510783,0.128767
0.510729,0.128767
0.510674,0.128767
0.510620,0.128767
0.510565,0.128767
0.510511,0.128767
0.510456,0.128767
0.510402,0.128767
0.510348,0.128767
0.510293,0.128767
0.510239,0.128767
0.510184,0.128767
0.510130,0.128767
0.510075,0.128767
0.510021,0.128767
0.509967,0.128767
0.509912,0.128767
0.509858,0.128958
0.509803,0.128767
0.509749,0.128958
0.509694,0.128767
0.509640,0.128767
0.509586,0.128958
0.509531,0.128958
0.509477,0.128958
0.509422,0.128958
0.509368,0.128958
0.509313,0.128958
0.509259,0.128958
0.509204,0.128958
0.509150,0.128958
0.509096,0.128958
0.509041,0.128958
0.508987,0.128958
0.508932,0.128958
0.508878,0.128958
0.508823,0.128958
0.508769,0.128958
0.508715,0.128958
0.508660,0.128958
0.508606,0.128958
0.508551,0.128958
0.508497,0.128958
0.508442,0.128958
0.508388,0.128958
0.508333,0.128958
0.508279,0.128958
0.508225,0.128958
0.508170,0.128958
0.508116,0.128958
0.508061,0.129148
0.508007,0.128958
0.507952,0.129148
0.507898,0.129148
0.507844,0.129148
0.507789,0.129148
0.507735,0.129148
0.507680,0.128958
0.507626,0.129148
0.507571,0.129148
0.507517,0.129148
0.507462,0.129148
0.507408,0.129148
0.507354,0.129148
0.507299,0.129148
0.507245,0.129148
0.507190,0.129148
0.507136,0.129148
0.507081,0.129148
0.507027,0.129148
0.506972,0.129148
0.506918,0.129148
0.506864,0.129148
0.506809,0.129148
0.506755,0.129148
0.506700,0.129148
0.506646,0.129148
0.506591,0.129148
0.506537,0.129148
0.506483,0.129148
0.506428,0.129148
0.506374,0.129148
0.506319,0.129148
0.506265,0.129148
0.506210,0.129148
0.506156,0.129148
0.506101,0.129148
0.506047,0.129148
0.505993,0.129148
0.505938,0.129148
0.505884,0.129148
0.505829,0.129148
0.505775,0.129148
0.505720,0.129148
0.505666,0.129148
0.505611,0.129148
0.505557,0.129148
0.505503,0.129339
0.505448,0.129148
0.505394,0.129339
0.505339,0.129148
0.505285,0.129339
0.505230,0.129339
0.505176,0.129339
0.505122,0.129148
0.505067,0.129339
0.505013,0.129339
0.504958,0.129339
0.504904,0.129339
0.504849,0.129339
0.504795,0.129339
0.504740,0.129339
0.504686,0.129339
0.504632,0.129339
0.504577,0.129339
0.504523,0.129339
0.504468,0.129339
0.504414,0.129339
0.504359,0.129339
0.504305,0.129339
0.504250,0.129339
0.504196,0.129339
0.504142,0.129339
0.504087,0.129339
0.504033,0.129339
0.503978,0.129339
0.503924,0.129339
0.503869,0.129530
0.503815,0.129339
0.503761,0.129530
0.503706,0.129339
0.503652,0.129530
0.503597,0.129530
0.503543,0.129530
0.503488,0.129339
0.503434,0.129530
0.503379,0.129530
0.503325,0.129530
0.503271,0.129339
0.503216,0.129530
0.503162,0.129530
0.503107,0.129530
0.503053,0.129530
0.502998,0.129530
0.502944,0.129530
0.502890,0.129530
0.502835,0.129530
0.502781,0.129530
0.502726,0.129530
0.502672,0.129530
0.502617,0.129530
0.502563,0.129530
0.502508,0.129530
0.502454,0.129530
0.502400,0.129530
0.502345,0.129530
0.502291,0.129530
0.502236,0.129530
0.502182,0.129530
0.502127,0.129530
0.502073,0.129530
0.502018,0.129530
0.501964,0.129530
0.501910,0.129530
0.501855,0.129530
0.501801,0.129530
0.501746,0.129530
0.501692,0.129530
0.501637,0.129530
0.501583,0.129530
0.501528,0.129530
0.501474,0.129530
0.501420,0.129530
0.501365,0.129530
0.501311,0.129530
0.501256,0.129530
0.501202,0.129530
0.501147,0.129530
0.501093,0.129530
0.501038,0.129530
0.500984,0.129530
0.500930,0.129530
0.500875,0.129530
0.500821,0.129530
0.500766,0.129530
0.500712,0.129530
0.500657,0.129530
0.500603,0.129721
0.500548,0.129530
0.500494,0.129530
0.500440,0.129530
0.500385,0.129530
0.500331,0.129530
0.500276,0.129721
0.500222,0.129721
0.500167,0.129721
0.500113,0.129721
0.500059,0.129721
0.500004,0.129721
0.499950,0.129721
0.499895,0.129721
0.499841,0.129721
0.499786,0.129721
0.499732,0.129721
0.499678,0.129721
0.499623,0.129721
0.499569,0.129721
0.499514,0.129721
0.499460,0.129721
0.499405,0.129721
0.499351,0.129721
0.499296,0.129721
0.499242,0.129721
0.499188,0.129721
0.499133,0.129721
0.499079,0.129721
0.499024,0.129721
0.498970,0.129721
0.498915,0.129911
0.498861,0.129721
0.498807,0.129721
0.498752,0.129721
0.498698,0.129721
0.498643,0.129721
0.498589,0.129721
0.498534,0.129911
0.498480,0.129721
0.498426,0.129911
0.498371,0.129911
0.498317,0.129911
0.498262,0.129911
0.498208,0.129911
0.498153,0.129911
0.498099,0.129911
0.498044,0.129911
0.497990,0.129911
0.497936,0.129911
0.497881,0.129911
0.497827,0.129911
0.497772,0.129911
0.497718,0.129911
0.497663,0.129911
0.497609,0.129911
0.497555,0.129911
0.497500,0.129911
0.497446,0.129911
0.497391,0.129911
0.497337,0.129911
0.497282,0.129911
0.497228,0.129911
0.497174,0.129911
0.497119,0.129911
0.497065,0.129911
0.497010,0.129911
0.496956,0.129911
0.496901,0.129911
0.496847,0.129911
0.496792,0.129911
0.496738,0.129911
0.496684,0.129911
0.496629,0.129911
0.496575,0.129911
0.496520,0.129911
0.496466,0.129911
0.496411,0.129911
0.496357,0.129911
0.496303,0.129911
0.496248,0.129911
0.496194,0.129911
0.496139,0.129911
0.496085,0.129911
0.496030,0.130102
0.495976,0.129911
0.495921,0.129911
0.495867,0.129911
0.495813,0.129911
0.495758,0.130102
0.495704,0.129911
0.495649,0.130102
0.495595,0.129911
0.495540,0.130102
0.495486,0.130102
0.495431,0.130102
0.495377,0.130102
0.495323,0.130102
0.495268,0.130102
0.495214,0.130102
0.495159,0.130102
0.495105,0.130102
0.495050,0.130102
0.494996,0.130102
0.494942,0.130102
0.494887,0.130102
0.494833,0.130102
0.494778,0.130102
0.494724,0.130102
0.494669,0.130102
0.494615,0.130102
0.494560,0.130102
0.494506,0.130102
0.494452,0.130102
0.494397,0.130102
0.494343,0.130102
0.494288,0.130102
0.494234,0.130102
0.494179,0.130102
0.494125,0.130102
0.494070,0.130102
0.494016,0.130102
0.493962,0.130102
0.493907,0.130102
0.493853,0.130102
0.493798,0.130102
0.493744,0.130102
0.493689,0.130102
0.493635,0.130102
0.493580,0.130102
0.493526,0.130102
0.493472,0.130102
0.493417,0.130293
0.493363,0.130102
0.493308,0.130102
0.493254,0.130293
0.493199,0.130293
0.493145,0.130293
0.493090,0.130293
0.493036,0.130293
0.492982,0.130293
0.492927,0.130293
0.492873,0.130293
0.492818,0.130293
0.492764,0.130293
0.492709,0.130293
0.492655,0.130293
0.492600,0.130293
0.492546,0.130293
0.492491,0.130293
0.492437,0.130293
0.492383,0.130293
0.492328,0.130293
0.492274,0.130293
0.492219,0.130293
0.492165,0.130293
0.492110,0.130293
0.492056,0.130293
0.492002,0.130293
0.491947,0.130293
0.491893,0.130293
0.491838,0.130293
0.491784,0.130293
0.491729,0.130293
0.491675,0.130293
0.491620,0.130293
0.491566,0.130293
0.491512,0.130293
0.491457,0.130293
0.491403,0.130293
0.491348,0.130293
0.491294,0.130293
0.491239,0.130293
0.491185,0.130293
0.491131,0.130293
0.491076,0.130293
0.491022,0.130293
0.490967,0.130293
0.490913,0.130293
0.490858,0.130293
0.490804,0.130293
0.490749,0.130293
0.490695,0.130293
0.490641,0.130293
0.490586,0.130293
0.490532,0.130484
0.490477,0.130293
0.490423,0.130484
0.490368,0.130293
0.490314,0.130293
0.490260,0.130484
0.490205,0.130484
0.490151,0.130484
0.490096,0.130484
0.490042,0.130484
0.489987,0.130484
0.489933,0.130484
0.489878,0.130484
0.489824,0.130484
0.489770,0.130484
0.489715,0.130484
0.489661,0.130484
0.489606,0.130484
0.489552,0.130484
0.489497,0.130484
0.489443,0.130484
0.489389,0.130484
0.489334,0.130484
0.489280,0.130484
0.489225,0.130484
0.489171,0.130484
0.489116,0.130484
0.489062,0.130484
0.489007,0.130484
0.488953,0.130484
0.488899,0.130484
0.488844,0.130484
0.488790,0.130484
0.488735,0.130484
0.488681,0.130674
0.488626,0.130484
0.488572,0.130674
0.488518,0.130674
0.488463,0.130484
0.488409,0.130484
0.488354,0.130484
0.488300,0.130484
0.488245,0.130674
0.488191,0.130484
0.488136,0.130674
0.488082,0.130674
0.488028,0.130484
0.487973,0.130674
0.487919,0.130674
0.487864,0.130674
0.487810,0.130674
0.487755,0.130674
0.487701,0.130674
0.487647,0.130674
0.487592,0.130674
0.487538,0.130674
0.487483,0.130674
0.487429,0.130674
0.487374,0.130674
0.487320,0.130674
0.487266,0.130674
0.487211,0.130674
0.487157,0.130674
0.487102,0.130674
0.487048,0.130674
0.486993,0.130674
0.486939,0.130674
0.486884,0.130674
0.486830,0.130674
0.486775,0.130674
0.486721,0.130674
0.486667,0.130674
0.486612,0.130674
0.486558,0.130674
0.486503,0.130674
0.486449,0.130674
0.486394,0.130674
0.486340,0.130674
0.486286,0.130674
0.486231,0.130674
0.486177,0.130674
0.486122,0.130674
0.486068,0.130674
0.486013,0.130674
0.485959,0.130674
0.485905,0.130674
0.485850,0.130674
0.485796,0.130674
0.485741,0.130674
0.485687,0.130674
0.485632,0.130674
0.485578,0.130674
0.485524,0.130674
0.485469,0.130865
0.485415,0.130674
0.485360,0.130674
0.485306,0.130674
0.485251,0.130674
0.485197,0.130674
0.485143,0.130674
0.485088,0.130674
0.485034,0.130865
0.484979,0.130674
0.484925,0.130674
0.484870,0.130674
0.484816,0.130674
0.484762,0.130865
0.484707,0.130674
0.484653,0.130674
0.484598,0.130674
0.484544,0.130865
0.484489,0.130865
0.484435,0.130865
0.484381,0.130865
0.484326,0.130674
0.484272,0.130865
0.484217,0.130865
0.484163,0.130865
0.484108,0.130865
0.484054,0.130865
0.483999,0.130865
0.483945,0.130865
0.483891,0.130865
0.483836,0.130865
0.483782,0.130865
0.483727,0.130865
0.483673,0.130865
0.483618,0.130865
0.483564,0.130865
0.483510,0.130865
0.483455,0.130865
0.483401,0.130865
0.483346,0.130865
0.483292,0.130865
0.483237,0.130865
0.483183,0.130865
0.483129,0.130865
0.483074,0.130865
0.483020,0.130865
0.482965,0.130865
0.482911,0.130865
0.482856,0.130865
0.482802,0.130865
0.482748,0.130865
0.482693,0.130865
0.482639,0.130865
0.482584,0.130865
0.482530,0.130865
0.482475,0.131056
0.482421,0.130865
0.482366,0.131056
0.482312,0.130865
0.482258,0.131056
0.482203,0.130865
0.482149,0.130865
0.482094,0.131056
0.482040,0.130865
0.481985,0.131056
0.481931,0.131056
0.481877,0.131056
0.481822,0.130865
0.481768,0.131056
0.481713,0.131056
0.481659,0.131056
0.481604,0.131056
0.481550,0.131056
0.481496,0.131056
0.481441,0.131056
0.481387,0.131056
0.481332,0.131056
0.481278,0.131056
0.481223,0.131056
0.481169,0.131056
0.481114,0.131056
0.481060,0.131056
0.481006,0.131056
0.480951,0.131056
0.480897,0.131056
0.480842,0.131056
0.480788,0.131056
0.480733,0.131056
0.480679,0.131056
0.480625,0.131056
0.480570,0.131056
0.480516,0.131056
0.480461,0.131056
0.480407,0.131056
0.480352,0.131056
0.480298,0.131056
0.480244,0.131056
0.480189,0.131056
0.480135,0.131056
0.480080,0.131056
0.480026,0.131056
0.479971,0.131056
0.479917,0.131056
0.479862,0.131056
0.479808,0.131056
0.479754,0.131056
0.479699,0.131056
0.479645,0.131056
0.479590,0.131056
0.479536,0.131056
0.479481,0.131056
0.479427,0.131247
0.479373,0.131056
0.479318,0.131056
0.479264,0.131056
0.479209,0.131056
0.479155,0.131247
0.479100,0.131056
0.479046,0.131056
0.478992,0.131056
0.478937,0.131056
0.478883,0.131056
0.478828,0.131056
0.478774,0.131056
0.478719,0.131247
0.478665,0.131056
0.478610,0.131247
0.478556,0.131056
0.478502,0.131247
0.478447,0.131247
0.478393,0.131056
0.478338,0.131247
0.478284,0.131247
0.478229,0.131247
0.478175,0.131247
0.478121,0.131247
0.478066,0.131247
0.478012,0.131247
0.477957,0.131247
0.477903,0.131247
0.477848,0.131247
0.477794,0.131247
0.477740,0.131247
0.477685,0.131247
0.477631,0.131247
0.477576,0.131247
0.477522,0.131247
0.477467,0.131247
0.477413,0.131247
0.477359,0.131247
0.477304,0.131247
0.477250,0.131247
0.477195,0.131247
0.477141,0.131247
0.477086,0.131247
0.477032,0.131247
0.476978,0.131247
0.476923,0.131247
0.476869,0.131247
0.476814,0.131247
0.476760,0.131247
0.476705,0.131247
0.476651,0.131247
0.476597,0.131247
0.476542,0.131247
0.476488,0.131438
0.476433,0.131438
0.476379,0.131247
0.476324,0.131438
0.476270,0.131247
0.476216,0.131438
0.476161,0.131438
0.476107,0.131438
0.476052,0.131438
0.475998,0.131438
0.475943,0.131438
0.475889,0.131438
0.475835,0.131438
0.475780,0.131438
0.475726,0.131438
0.475671,0.131438
0.475617,0.131438
0.475562,0.131438
0.475508,0.131438
0.475453,0.131438
0.475399,0.131438
0.475345,0.131438
0.475290,0.131438
0.475236,0.131438
0.475181,0.131438
0.475127,0.131438
0.475072,0.131438
0.475018,0.131438
0.474964,0.131438
0.474909,0.131438
0.474855,0.131438
0.474800,0.131438
0.474746,0.131438
0.474691,0.131438
0.474637,0.131438
0.474583,0.131438
0.474528,0.131438
0.474474,0.131438
0.474419,0.131438
0.474365,0.131438
0.474310,0.131438
0.474256,0.131438
0.474201,0.131438
0.474147,0.131438
0.474093,0.131438
0.474038,0.131438
0.473984,0.131438
0.473929,0.131438
0.473875,0.131438
0.473820,0.131438
0.473766,0.131438
0.473712,0.131438
0.473657,0.131438
0.473603,0.131438
0.473548,0.131438
0.473494,0.131438
0.473439,0.131438
0.473385,0.131438
0.473330,0.131438
0.473276,0.131438
0.473222,0.131438
0.473167,0.131438
0.473113,0.131438
0.473058,0.131438
0.473004,0.131438
0.472949,0.131438
0.472895,0.131438
0.472840,0.131438
0.472786,0.131438
0.472732,0.131438
0.472677,0.131438
0.472623,0.131628
0.472568,0.131628
0.472514,0.131438
0.472459,0.131628
0.472405,0.131438
0.472350,0.131438
0.472296,0.131438
0.472242,0.131438
0.472187,0.131628
0.472133,0.131628
0.472078,0.131628
0.472024,0.131628
0.471969,0.131628
0.471915,0.131628
0.471860,0.131628
0.471806,0.131438
0.471752,0.131628
0.471697,0.131628
0.471643,0.131628
0.471588,0.131628
0.471534,0.131628
0.471479,0.131628
0.471425,0.131628
0.471371,0.131628
0.471316,0.131628
0.471262,0.131628
0.471207,0.131628
0.471153,0.131628
0.471098,0.131628
0.471044,0.131628
0.470990,0.131628
0.470935,0.131628
0.470881,0.131628
0.470826,0.131628
0.470772,0.131628
0.470717,0.131628
0.470663,0.131628
0.470608,0.131628
0.470554,0.131628
0.470500,0.131628
0.470445,0.131628
0.470391,0.131628
0.470336,0.131628
0.470282,0.131628
0.470227,0.131628
0.470173,0.131628
0.470119,0.131628
0.470064,0.131628
0.470010,0.131628
0.469955,0.131628
0.469901,0.131628
0.469846,0.131628
0.469792,0.131628
0.469738,0.131628
0.469683,0.131628
0.469629,0.131628
0.469574,0.131628
0.469520,0.131819
0.469465,0.131628
0.469411,0.131628
0.469357,0.131819
0.469302,0.131628
0.469248,0.131628
0.469193,0.131819
0.469139,0.131628
0.469084,0.131819
0.469030,0.131819
0.468975,0.131819
0.468921,0.131819
0.468867,0.131628
0.468812,0.131819
0.468758,0.131819
0.468703,0.131819
0.468649,0.131819
0.468594,0.131628
0.468540,0.131819
0.468486,0.131819
0.468431,0.131819
0.468377,0.131819
0.468322,0.131819
0.468268,0.131819
0.468213,0.131819
0.468159,0.131819
0.468104,0.131819
0.468050,0.131819
0.467996,0.131819
0.467941,0.131819
0.467887,0.131819
0.467832,0.131819
0.467778,0.131819
0.467723,0.131819
0.467669,0.131819
0.467615,0.131819
0.467560,0.131819
0.467506,0.131819
0.467451,0.131819
0.467397,0.131819
0.467342,0.131819
0.467288,0.131819
0.467234,0.131819
0.467179,0.131819
0.467125,0.131819
0.467070,0.131819
0.467016,0.131819
0.466961,0.131819
0.466907,0.131819
0.466853,0.131819
0.466798,0.131819
0.466744,0.131819
0.466689,0.131819
0.466635,0.131819
0.466580,0.131819
0.466526,0.131819
0.466471,0.131819
0.466417,0.131819
0.466363,0.131819
0.466308,0.131819
0.466254,0.131819
0.466199,0.131819
0.466145,0.131819
0.466090,0.131819
0.466036,0.131819
0.465982,0.131819
0.465927,0.131819
0.465873,0.131819
0.465818,0.131819
0.465764,0.132010
0.465709,0.131819
0.465655,0.132010
0.465600,0.132010
0.465546,0.131819
0.465492,0.131819
0.465437,0.132010
0.465383,0.131819
0.465328,0.131819
0.465274,0.131819
0.465219,0.131819
0.465165,0.131819
0.465111,0.132010
0.465056,0.132010
0.465002,0.131819
0.464947,0.132010
0.464893,0.132010
0.464838,0.132010
0.464784,0.132010
0.464730,0.132010
0.464675,0.132010
0.464621,0.132010
0.464566,0.132010
0.464512,0.132010
0.464457,0.132010
0.464403,0.131819
0.464348,0.132010
0.464294,0.132010
0.464240,0.132010
0.464185,0.132010
0.464131,0.132010
0.464076,0.132010
0.464022,0.132010
0.463967,0.132010
0.463913,0.132010
0.463859,0.132010
0.463804,0.132010
0.463750,0.132010
0.463695,0.132010
0.463641,0.132010
0.463586,0.132010
0.463532,0.132010
0.463477,0.132010
0.463423,0.132010
0.463369,0.132010
0.463314,0.132010
0.463260,0.132010
0.463205,0.132010
0.463151,0.132010
0.463096,0.132010
0.463042,0.132010
0.462987,0.132010
0.462933,0.132010
0.462879,0.132010
0.462824,0.132010
0.462770,0.132010
0.462715,0.132010
0.462661,0.132010
0.462606,0.132010
0.462552,0.132010
0.462498,0.132010
0.462443,0.132010
0.462389,0.132010
0.462334,0.132201
0.462280,0.132010
0.462225,0.132010
0.462171,0.132010
0.462116,0.132010
0.462062,0.132201
0.462008,0.132010
0.461953,0.132010
0.461899,0.132201
0.461844,0.132010
0.461790,0.132201
0.461735,0.132010
0.461681,0.132010
0.461626,0.132201
0.461572,0.132201
0.461518,0.132010
0.461463,0.132010
0.461409,0.132010
0.461354,0.132201
0.461300,0.132201
0.461245,0.132201
0.461191,0.132201
0.461137,0.132201
0.461082,0.132201
0.461028,0.132201
0.460973,0.132201
0.460919,0.132201
0.460864,0.132201
0.460810,0.132201
0.460755,0.132201
0.460701,0.132201
0.460647,0.132201
0.460592,0.132201
0.460538,0.132201
0.460483,0.132201
0.460429,0.132201
0.460374,0.132201
0.460320,0.132201
0.460266,0.132201
0.460211,0.132201
0.460157,0.132201
0.460102,0.132201
0.460048,0.132201
0.459993,0.132201
0.459939,0.132201
0.459884,0.132201
0.459830,0.132201
0.459776,0.132201
0.459721,0.132201
0.459667,0.132201
0.459612,0.132201
0.459558,0.132201
0.459503,0.132201
0.459449,0.132201
0.459395,0.132201
0.459340,0.132201
0.459286,0.132201
0.459231,0.132201
0.459177,0.132201
0.459122,0.132201
0.459068,0.132201
0.459013,0.132201
0.458959,0.132201
0.458905,0.132201
0.458850,0.132201
0.458796,0.132201
0.458741,0.132201
0.458687,0.132201
0.458632,0.132201
0.458578,0.132201
0.458524,0.132201
0.458469,0.132201
0.458415,0.132201
0.458360,0.132201
0.458306,0.132201
0.458251,0.132201
0.458197,0.132201
0.458143,0.132201
0.458088,0.132201
0.458034,0.132201
0.457979,0.132201
0.457925,0.132201
0.457870,0.132201
0.457816,0.132201
0.457761,0.132201
0.457707,0.132201
0.457653,0.132201
0.457598,0.132201
0.457544,0.132201
0.457489,0.132201
0.457435,0.132201
0.457380,0.132201
0.457326,0.132201
0.457272,0.132201
0.457217,0.132201
0.457163,0.132201
0.457108,0.132201
0.457054,0.132201
0.456999,0.132201
0.456945,0.132201
0.456891,0.132201
0.456836,0.132201
0.456782,0.132391
0.456727,0.132201
0.456673,0.132201
0.456618,0.132201
0.456564,0.132391
0.456510,0.132201
0.456455,0.132391
0.456401,0.132391
0.456346,0.132391
0.456292,0.132391
0.456237,0.132391
0.456183,0.132201
0.456128,0.132391
0.456074,0.132391
0.456020,0.132391
0.455965,0.132391
0.455911,0.132201
0.455856,0.132391
0.455802,0.132391
0.455747,0.132391
0.455693,0.132201
0.455639,0.132201
0.455584,0.132391
0.455530,0.132391
0.455475,0.132201
0.455421,0.132391
0.455366,0.132391
0.455312,0.132391
0.455257,0.132391
0.455203,0.132391
0.455148,0.132391
0.455094,0.132391
0.455040,0.132391
0.454985,0.132391
0.454931,0.132391
0.454876,0.132391
0.454822,0.132391
0.454767,0.132391
0.454713,0.132391
0.454658,0.132391
0.454604,0.132391
0.454550,0.132391
0.454495,0.132391
0.454441,0.132391
0.454386,0.132391
0.454332,0.132391
0.454277,0.132391
0.454223,0.132391
0.454168,0.132391
0.454114,0.132391
0.454060,0.132391
0.454005,0.132391
0.453951,0.132391
0.453896,0.132391
0.453842,0.132391
0.453787,0.132391
0.453733,0.132391
0.453679,0.132391
0.453624,0.132391
0.453570,0.132391
0.453515,0.132391
0.453461,0.132391
0.453406,0.132391
0.453352,0.132391
0.453297,0.132391
0.453243,0.132391
0.453189,0.132391
0.453134,0.132391
0.453080,0.132391
0.453025,0.132391
0.452971,0.132391
0.452916,0.132391
0.452862,0.132391
0.452808,0.132391
0.452753,0.132582
0.452699,0.132391
0.452644,0.132582
0.452590,0.132391
0.452535,0.132582
0.452481,0.132391
0.452426,0.132582
0.452372,0.132582
0.452317,0.132582
0.452263,0.132391
0.452209,0.132582
0.452154,0.132582
0.452100,0.132582
0.452045,0.132582
0.451991,0.132582
0.451936,0.132582
0.451882,0.132582
0.451827,0.132582
0.451773,0.132582
0.451719,0.132582
0.451664,0.132582
0.451610,0.132582
0.451555,0.132391
0.451501,0.132582
0.451446,0.132582
0.451392,0.132582
0.451338,0.132582
0.451283,0.132582
0.451229,0.132582
0.451174,0.132582
0.451120,0.132582
0.451065,0.132582
0.451011,0.132582
0.450956,0.132582
0.450902,0.132582
0.450848,0.132582
0.450793,0.132582
0.450739,0.132582
0.450684,0.132582
0.450630,0.132582
0.450575,0.132582
0.450521,0.132582
0.450467,0.132582
0.450412,0.132582
0.450358,0.132582
0.450303,0.132582
0.450249,0.132582
0.450194,0.132582
0.450140,0.132582
0.450085,0.132582
0.450031,0.132582
0.449977,0.132582
0.449922,0.132582
0.449868,0.132582
0.449813,0.132582
0.449759,0.132582
0.449704,0.132582
0.449650,0.132582
0.449596,0.132582
0.449541,0.132582
0.449487,0.132582
0.449432,0.132582
0.449378,0.132582
0.449323,0.132582
0.449269,0.132582
0.449215,0.132582
0.449160,0.132582
0.449106,0.132582
0.449051,0.132582
0.448997,0.132582
0.448942,0.132582
0.448888,0.132582
0.448833,0.132582
0.448779,0.132582
0.448725,0.132582
0.448670,0.132582
0.448616,0.132582
0.448561,0.132582
0.448507,0.132582
0.448452,0.132582
0.448398,0.132582
0.448344,0.132582
0.448289,0.132582
0.448235,0.132582
0.448180,0.132582
0.448126,0.132582
0.448071,0.132582
0.448017,0.132582
0.447962,0.132582
0.447908,0.132582
0.447854,0.132582
0.447799,0.132582
0.447745,0.132582
0.447690,0.132582
0.447636,0.132582
0.447581,0.132582
0.447527,0.132582
0.447473,0.132582
0.447418,0.132582
0.447364,0.132582
0.447309,0.132582
0.447255,0.132582
0.447200,0.132582
0.447146,0.132582
0.447091,0.132582
0.447037,0.132582
0.446983,0.132582
0.446928,0.132582
0.446874,0.132582
0.446819,0.132582
0.446765,0.132582
0.446710,0.132582
0.446656,0.132773
0.446602,0.132582
0.446547,0.132582
0.446493,0.132582
0.446438,0.132582
0.446384,0.132582
0.446329,0.132582
0.446275,0.132582
0.446220,0.132773
0.446166,0.132773
0.446112,0.132773
0.446057,0.132582
0.446003,0.132773
0.445948,0.132582
0.445894,0.132773
0.445839,0.132582
0.445785,0.132582
0.445730,0.132773
0.445676,0.132773
0.445622,0.132773
0.445567,0.132773
0.445513,0.132582
0.445458,0.132773
0.445404,0.132773
0.445349,0.132773
0.445295,0.132773
0.445240,0.132773
0.445186,0.132773
0.445132,0.132773
0.445077,0.132773
0.445023,0.132773
0.444968,0.132773
0.444914,0.132773
0.444859,0.132773
0.444805,0.132773
0.444750,0.132773
0.444696,0.132773
0.444642,0.132773
0.444587,0.132773
0.444533,0.132773
0.444478,0.132773
0.444424,0.132773
0.444369,0.132773
0.444315,0.132773
0.444261,0.132773
0.444206,0.132773
0.444152,0.132773
0.444097,0.132773
0.444043,0.132773
0.443988,0.132773
0.443934,0.132773
0.443879,0.132773
0.443825,0.132773
0.443771,0.132773
0.443716,0.132773
0.443662,0.132773
0.443607,0.132773
0.443553,0.132773
0.443498,0.132773
0.443444,0.132773
0.443389,0.132773
0.443335,0.132773
0.443281,0.132773
0.443226,0.132773
0.443172,0.132773
0.443117,0.132773
0.443063,0.132773
0.443008,0.132773
0.442954,0.132773
0.442900,0.132773
0.442845,0.132773
0.442791,0.132773
0.442736,0.132773
0.442682,0.132773
0.442627,0.132773
0.442573,0.132773
0.442518,0.132773
0.442464,0.132773
0.442410,0.132773
0.442355,0.132773
0.442301,0.132773
0.442246,0.132773
0.442192,0.132773
0.442137,0.132773
0.442083,0.132773
0.442028,0.132773
0.441974,0.132773
0.441920,0.132773
0.441865,0.132773
0.441811,0.132964
0.441756,0.132964
0.441702,0.132773
0.441647,0.132773
0.441593,0.132773
0.441538,0.132773
0.441484,0.132773
0.441430,0.132773
0.441375,0.132773
0.441321,0.132964
0.441266,0.132773
0.441212,0.132773
0.441157,0.132964
0.441103,0.132964
0.441048,0.132964
0.440994,0.132964
0.440940,0.132964
0.440885,0.132964
0.440831,0.132964
0.440776,0.132964
0.440722,0.132773
0.440667,0.132964
0.440613,0.132964
0.440558,0.132964
0.440504,0.132964
0.440450,0.132964
0.440395,0.132964
0.440341,0.132964
0.440286,0.132964
0.440232,0.132964
0.440177,0.132964
0.440123,0.132964
0.440068,0.132964
0.440014,0.132964
0.439960,0.132964
0.439905,0.132964
0.439851,0.132964
0.439796,0.132964
0.439742,0.132964
0.439687,0.132964
0.439633,0.132964
0.439578,0.132964
0.439524,0.132964
0.439470,0.132964
0.439415,0.132964
0.439361,0.132964
0.439306,0.132964
0.439252,0.132964
0.439197,0.132964
0.439143,0.132964
0.439089,0.132964
0.439034,0.132964
0.438980,0.132964
0.438925,0.132964
0.438871,0.132964
0.438816,0.132964
0.438762,0.132964
0.438707,0.132964
0.438653,0.132964
0.438599,0.132964
0.438544,0.132964
0.438490,0.132964
0.438435,0.132964
0.438381,0.132964
0.438326,0.132964
0.438272,0.132964
0.438217,0.132964
0.438163,0.132964
0.438109,0.132964
0.438054,0.132964
0.438000,0.132964
0.437945,0.132964
0.437891,0.132964
0.437836,0.132964
0.437782,0.132964
0.437727,0.132964
0.437673,0.132964
0.437619,0.132964
0.437564,0.132964
0.437510,0.132964
0.437455,0.132964
0.437401,0.132964
0.437346,0.132964
0.437292,0.132964
0.437237,0.132964
0.437183,0.132964
0.437129,0.132964
0.437074,0.132964
0.437020,0.132964
0.436965,0.132964
0.436911,0.132964
0.436856,0.132964
0.436802,0.132964
0.436747,0.132964
0.436693,0.132964
0.436639,0.132964
0.436584,0.132964
0.436530,0.132964
0.436475,0.132964
0.436421,0.132964
0.436366,0.132964
0.436312,0.132964
0.436258,0.132964
0.436203,0.132964
0.436149,0.132964
0.436094,0.132964
0.436040,0.132964
0.435985,0.132964
0.435931,0.133154
0.435877,0.132964
0.435822,0.132964
0.435768,0.132964
0.435713,0.132964
0.435659,0.132964
0.435604,0.132964
0.435550,0.132964
0.435495,0.132964
0.435441,0.132964
0.435387,0.132964
0.435332,0.132964
0.435278,0.132964
0.435223,0.133154
0.435169,0.132964
0.435114,0.132964
0.435060,0.132964
0.435005,0.133154
0.434951,0.133154
0.434897,0.132964
0.434842,0.132964
0.434788,0.133154
0.434733,0.133154
0.434679,0.133154
0.434624,0.132964
0.434570,0.133154
0.434516,0.133154
0.434461,0.133154
0.434407,0.132964
0.434352,0.132964
0.434298,0.132964
0.434243,0.133154
0.434189,0.133154
0.434134,0.133154
0.434080,0.133154
0.434026,0.133154
0.433971,0.133154
0.433917,0.133154
0.433862,0.133154
0.433808,0.133154
0.433753,0.133154
0.433699,0.133154
0.433644,0.133154
0.433590,0.133154
0.433536,0.133154
0.433481,0.133154
0.433427,0.133154
0.433372,0.133154
0.433318,0.133154
0.433263,0.133154
0.433209,0.133154
0.433155,0.133154
0.433100,0.133154
0.433046,0.133154
0.432991,0.133154
0.432937,0.133154
0.432882,0.133154
0.432828,0.133154
0.432773,0.133154
0.432719,0.133154
0.432664,0.133154
0.432610,0.133154
0.432556,0.133154
0.432501,0.133154
0.432447,0.133154
0.432392,0.133154
0.432338,0.133154
0.432283,0.133154
0.432229,0.133154
0.432174,0.133154
0.432120,0.133154
0.432066,0.133154
0.432011,0.133154
0.431957,0.133154
0.431902,0.133154
0.431848,0.133154
0.431793,0.133154
0.431739,0.133154
0.431684,0.133154
0.431630,0.133154
0.431576,0.133154
0.431521,0.133154
0.431467,0.133154
0.431412,0.133154
0.431358,0.133154
0.431303,0.133154
0.431249,0.133154
0.431194,0.133154
0.431140,0.133154
0.431086,0.133154
0.431031,0.133154
0.430977,0.133154
0.430922,0.133154
0.430868,0.133154
0.430813,0.133154
0.430759,0.133154
0.430705,0.133154
0.430650,0.133154
0.430596,0.133154
0.430541,0.133345
0.430487,0.133154
0.430432,0.133154
0.430378,0.133345
0.430323,0.133345
0.430269,0.133154
0.430214,0.133154
0.430160,0.133345
0.430106,0.133154
0.430051,0.133345
0.429997,0.133345
0.429942,0.133154
0.429888,0.133345
0.429833,0.133345
0.429779,0.133345
0.429724,0.133345
0.429670,0.133345
0.429616,0.133345
0.429561,0.133154
0.429507,0.133345
0.429452,0.133154
0.429398,0.133345
0.429343,0.133345
0.429289,0.133345
0.429234,0.133345
0.429180,0.133345
0.429126,0.133345
0.429071,0.133345
0.429017,0.133345
0.428962,0.133345
0.428908,0.133345
0.428853,0.133345
0.428799,0.133345
0.428744,0.133345
0.428690,0.133345
0.428635,0.133345
0.428581,0.133345
0.428527,0.133345
0.428472,0.133345
0.428418,0.133345
0.428363,0.133345
0.428309,0.133345
0.428254,0.133345
0.428200,0.133345
0.428145,0.133345
0.428091,0.133345
0.428037,0.133345
0.427982,0.133345
0.427928,0.133345
0.427873,0.133345
0.427819,0.133345
0.427764,0.133345
0.427710,0.133345
0.427655,0.133345
0.427601,0.133345
0.427547,0.133345
0.427492,0.133345
0.427438,0.133345
0.427383,0.133345
0.427329,0.133345
0.427274,0.133345
0.427220,0.133345
0.427165,0.133345
0.427111,0.133345
0.427057,0.133345
0.427002,0.133345
0.426948,0.133345
0.426893,0.133345
0.426839,0.133345
0.426784,0.133345
0.426730,0.133345
0.426675,0.133345
0.426621,0.133345
0.426567,0.133345
0.426512,0.133345
0.426458,0.133345
0.426403,0.133345
0.426349,0.133345
0.426294,0.133345
0.426240,0.133345
0.426185,0.133345
0.426131,0.133345
0.426077,0.133345
0.426022,0.133345
0.425968,0.133345
0.425913,0.133345
0.425859,0.133345
0.425804,0.133345
0.425750,0.133345
0.425695,0.133345
0.425641,0.133345
0.425586,0.133345
0.425532,0.133345
0.425478,0.133345
0.425423,0.133345
0.425369,0.133345
0.425314,0.133345
0.425260,0.133345
0.425205,0.133345
0.425151,0.133345
0.425096,0.133345
0.425042,0.133345
0.424988,0.133345
0.424933,0.133345
0.424879,0.133345
0.424824,0.133345
0.424770,0.133345
0.424715,0.133345
0.424661,0.133345
0.424606,0.133345
0.424552,0.133536
0.424497,0.133345
0.424443,0.133345
0.424389,0.133345
0.424334,0.133345
0.424280,0.133345
0.424225,0.133345
0.424171,0.133345
0.424116,0.133536
0.424062,0.133536
0.424007,0.133345
0.423953,0.133345
0.423899,0.133536
0.423844,0.133345
0.423790,0.133345
0.423735,0.133345
0.423681,0.133345
0.423626,0.133536
0.423572,0.133345
0.423517,0.133345
0.423463,0.133345
0.423409,0.133345
0.423354,0.133345
0.423300,0.133345
0.423245,0.133345
0.423191,0.133536
0.423136,0.133536
0.423082,0.133536
0.423027,0.133536
0.422973,0.133536
0.422918,0.133536
0.422864,0.133536
0.422810,0.133536
0.422755,0.133536
0.422701,0.133536
0.422646,0.133536
0.422592,0.133345
0.422537,0.133536
0.422483,0.133536
0.422428,0.133536
0.422374,0.133536
0.422320,0.133536
0.422265,0.133536
0.422211,0.133536
0.422156,0.133536
0.422102,0.133536
0.422047,0.133536
0.421993,0.133536
0.421938,0.133536
0.421884,0.133536
0.421830,0.133536
0.421775,0.133536
0.421721,0.133536
0.421666,0.133536
0.421612,0.133536
0.421557,0.133536
0.421503,0.133536
0.421448,0.133536
0.421394,0.133536
0.421339,0.133536
0.421285,0.133536
0.421231,0.133536
0.421176,0.133536
0.421122,0.133536
0.421067,0.133536
0.421013,0.133536
0.420958,0.133536
0.420904,0.133536
0.420849,0.133536
0.420795,0.133536
0.420741,0.133536
0.420686,0.133536
0.420632,0.133536
0.420577,0.133536
0.420523,0.133536
0.420468,0.133536
0.420414,0.133536
0.420359,0.133536
0.420305,0.133536
0.420251,0.133536
0.420196,0.133536
0.420142,0.133536
0.420087,0.133536
0.420033,0.133536
0.419978,0.133536
0.419924,0.133536
0.419869,0.133536
0.419815,0.133536
0.419761,0.133536
0.419706,0.133536
0.419652,0.133536
0.419597,0.133536
0.419543,0.133536
0.419488,0.133536
0.419434,0.133536
0.419379,0.133536
0.419325,0.133536
0.419271,0.133536
0.419216,0.133536
0.419162,0.133536
0.419107,0.133536
0.419053,0.133536
0.418998,0.133536
0.418944,0.133536
0.418889,0.133727
0.418835,0.133536
0.418781,0.133536
0.418726,0.133536
0.418672,0.133536
0.418617,0.133727
0.418563,0.133727
0.418508,0.133536
0.418454,0.133727
0.418399,0.133536
0.418345,0.133727
0.418291,0.133727
0.418236,0.133536
0.418182,0.133727
0.418127,0.133536
0.418073,0.133536
0.418018,0.133727
0.417964,0.133727
0.417909,0.133536
0.417855,0.133727
0.417800,0.133727
0.417746,0.133727
0.417692,0.133727
0.417637,0.133727
0.417583,0.133727
0.417528,0.133536
0.417474,0.133727
0.417419,0.133727
0.417365,0.133536
0.417310,0.133727
0.417256,0.133727
0.417202,0.133536
0.417147,0.133727
0.417093,0.133727
0.417038,0.133727
0.416984,0.133727
0.416929,0.133727
0.416875,0.133727
0.416820,0.133727
0.416766,0.133727
0.416712,0.133727
0.416657,0.133727
0.416603,0.133727
0.416548,0.133727
0.416494,0.133727
0.416439,0.133727
0.416385,0.133727
0.416330,0.133727
0.416276,0.133727
0.416222,0.133727
0.416167,0.133727
0.416113,0.133727
0.416058,0.133727
0.416004,0.133727
0.415949,0.133727
0.415895,0.133727
0.415840,0.133727
0.415786,0.133727
0.415731,0.133727
0.415677,0.133727
0.415623,0.133727
0.415568,0.133727
0.415514,0.133727
0.415459,0.133727
0.415405,0.133727
0.415350,0.133727
0.415296,0.133727
0.415241,0.133727
0.415187,0.133727
0.415133,0.133727
0.415078,0.133727
0.415024,0.133727
0.414969,0.133727
0.414915,0.133727
0.414860,0.133727
0.414806,0.133727
0.414751,0.133727
0.414697,0.133727
0.414643,0.133727
0.414588,0.133727
0.414534,0.133727
0.414479,0.133727
0.414425,0.133727
0.414370,0.133727
0.414316,0.133727
0.414261,0.133727
0.414207,0.133727
0.414153,0.133727
0.414098,0.133727
0.414044,0.133727
0.413989,0.133727
0.413935,0.133727
0.413880,0.133727
0.413826,0.133727
0.413771,0.133727
0.413717,0.133727
0.413663,0.133727
0.413608,0.133727
0.413554,0.133727
0.413499,0.133727
0.413445,0.133727
0.413390,0.133727
0.413336,0.133727
0.413281,0.133727
0.413227,0.133727
0.413172,0.133727
0.413118,0.133727
0.413064,0.133727
0.413009,0.133727
0.412955,0.133727
0.412900,0.133727
0.412846,0.133727
0.412791,0.133727
0.412737,0.133727
0.412682,0.133727
0.412628,0.133727
0.412574,0.133727
0.412519,0.133727
0.412465,0.133727
0.412410,0.133727
0.412356,0.133727
0.412301,0.133727
0.412247,0.133727
0.412192,0.133727
0.412138,0.133727
0.412084,0.133727
0.412029,0.133727
0.411975,0.133727
0.411920,0.133727
0.411866,0.133918
0.411811,0.133727
0.411757,0.133727
0.411702,0.133727
0.411648,0.133727
0.411594,0.133727
0.411539,0.133727
0.411485,0.133727
0.411430,0.133727
0.411376,0.133727
0.411321,0.133727
0.411267,0.133918
0.411212,0.133727
0.411158,0.133727
0.411103,0.133727
0.411049,0.133727
0.410995,0.133727
0.410940,0.133918
0.410886,0.133727
0.410831,0.133918
0.410777,0.133727
0.410722,0.133918
0.410668,0.133727
0.410613,0.133727
0.410559,0.133727
0.410505,0.133918
0.410450,0.133727
0.410396,0.133727
0.410341,0.133727
0.410287,0.133918
0.410232,0.133727
0.410178,0.133918
0.410123,0.133918
0.410069,0.133918
0.410015,0.133918
0.409960,0.133727
0.409906,0.133918
0.409851,0.133918
0.409797,0.133918
0.409742,0.133918
0.409688,0.133918
0.409633,0.133918
0.409579,0.133918
0.409525,0.133918
0.409470,0.133918
0.409416,0.133918
0.409361,0.133918
0.409307,0.133918
0.409252,0.133918
0.409198,0.133918
0.409143,0.133918
0.409089,0.133918
0.409034,0.133727
0.408980,0.133918
0.408926,0.133918
0.408871,0.133918
0.408817,0.133918
0.408762,0.133918
0.408708,0.133918
0.408653,0.133918
0.408599,0.133918
0.408544,0.133918
0.408490,0.133918
0.408436,0.133918
0.408381,0.133918
0.408327,0.133918
0.408272,0.133918
0.408218,0.133918
0.408163,0.133918
0.408109,0.133918
0.408054,0.133918
0.408000,0.133918
0.407946,0.133918
0.407891,0.133918
0.407837,0.133918
0.407782,0.133918
0.407728,0.133918
0.407673,0.133918
0.407619,0.133918
0.407564,0.133918
0.407510,0.133918
0.407456,0.133918
0.407401,0.133918
0.407347,0.133918
0.407292,0.133918
0.407238,0.133918
0.407183,0.133918
0.407129,0.133918
0.407074,0.133918
0.407020,0.133918
0.406966,0.133918
0.406911,0.133918
0.406857,0.133918
0.406802,0.134108
0.406748,0.133918
0.406693,0.133918
0.406639,0.133918
0.406584,0.133918
0.406530,0.133918
0.406476,0.133918
0.406421,0.133918
0.406367,0.134108
0.406312,0.133918
0.406258,0.133918
0.406203,0.133918
0.406149,0.133918
0.406094,0.133918
0.406040,0.133918
0.405985,0.134108
0.405931,0.134108
0.405877,0.133918
0.405822,0.134108
0.405768,0.134108
0.405713,0.133918
0.405659,0.133918
0.405604,0.134108
0.405550,0.134108
0.405496,0.134108
0.405441,0.134108
0.405387,0.134108
0.405332,0.133918
0.405278,0.133918
0.405223,0.133918
0.405169,0.134108
0.405114,0.134108
0.405060,0.133918
0.405006,0.134108
0.404951,0.134108
0.404897,0.134108
0.404842,0.134108
0.404788,0.134108
0.404733,0.133918
0.404679,0.134108
0.404624,0.134108
0.404570,0.134108
0.404515,0.134108
0.404461,0.133918
0.404407,0.134108
0.404352,0.134108
0.404298,0.134108
0.404243,0.134108
0.404189,0.134108
0.404134,0.134108
0.404080,0.134108
0.404025,0.134108
0.403971,0.134108
0.403917,0.134108
0.403862,0.134108
0.403808,0.134108
0.403753,0.134108
0.403699,0.134108
0.403644,0.134108
0.403590,0.134108
0.403535,0.134108
0.403481,0.134108
0.403427,0.134108
0.403372,0.134108
0.403318,0.134108
0.403263,0.134108
0.403209,0.134108
0.403154,0.134108
0.403100,0.134108
0.403045,0.134108
0.402991,0.134108
0.402937,0.134108
0.402882,0.134108
0.402828,0.134108
0.402773,0.134108
0.402719,0.134108
0.402664,0.134108
0.402610,0.134108
0.402555,0.134108
0.402501,0.134108
0.402447,0.134108
0.402392,0.134108
0.402338,0.134108
0.402283,0.134108
0.402229,0.134108
0.402174,0.134108
0.402120,0.134108
0.402065,0.134108
0.402011,0.134108
0.401957,0.134108
0.401902,0.134108
0.401848,0.134108
0.401793,0.134108
0.401739,0.134108
0.401684,0.134108
0.401630,0.134108
0.401575,0.134108
0.401521,0.134108
0.401467,0.134108
0.401412,0.134108
0.401358,0.134108
0.401303,0.134108
0.401249,0.134108
0.401194,0.134108
0.401140,0.134108
0.401085,0.134108
0.401031,0.134108
0.400977,0.134108
0.400922,0.134108
0.400868,0.134108
0.400813,0.134108
0.400759,0.134108
0.400704,0.134108
0.400650,0.134108
0.400596,0.134108
0.400541,0.134108
0.400487,0.134108
0.400432,0.134108
0.400378,0.134108
0.400323,0.134108
0.400269,0.134108
0.400214,0.134108
0.400160,0.134108
0.400106,0.134108
0.400051,0.134108
0.399997,0.134108
0.399942,0.134108
0.399888,0.134299
0.399833,0.134108
0.399779,0.134108
0.399724,0.134108
0.399670,0.134108
0.399616,0.134299
0.399561,0.134108
0.399507,0.134299
0.399452,0.134108
0.399398,0.134299
0.399343,0.134299
0.399289,0.134299
0.399235,0.134108
0.399180,0.134299
0.399126,0.134299
0.399071,0.134108
0.399017,0.134299
0.398962,0.134299
0.398908,0.134299
0.398853,0.134299
0.398799,0.134299
0.398745,0.134299
0.398690,0.134299
0.398636,0.134299
0.398581,0.134299
0.398527,0.134299
0.398472,0.134299
0.398418,0.134299
0.398363,0.134299
0.398309,0.134299
0.398255,0.134299
0.398200,0.134299
0.398146,0.134299
0.398091,0.134299
0.398037,0.134299
0.397982,0.134299
0.397928,0.134299
0.397874,0.134299
0.397819,0.134299
0.397765,0.134299
0.397710,0.134299
0.397656,0.134299
0.397601,0.134299
0.397547,0.134299
0.397492,0.134299
0.397438,0.134299
0.397384,0.134299
0.397329,0.134299
0.397275,0.134299
0.397220,0.134299
0.397166,0.134299
0.397111,0.134299
0.397057,0.134299
0.397002,0.134299
0.396948,0.134299
0.396894,0.134299
0.396839,0.134299
0.396785,0.134299
0.396730,0.134299
0.396676,0.134299
0.396621,0.134299
0.396567,0.134299
0.396512,0.134299
0.396458,0.134299
0.396404,0.134299
0.396349,0.134299
0.396295,0.134299
0.396240,0.134299
0.396186,0.134299
0.396131,0.134299
0.396077,0.134299
0.396022,0.134299
0.395968,0.134299
0.395914,0.134299
0.395859,0.134299
0.395805,0.134299
0.395750,0.134299
0.395696,0.134299
0.395641,0.134299
0.395587,0.134299
0.395532,0.134299
0.395478,0.134299
0.395424,0.134299
0.395369,0.134299
0.395315,0.134299
0.395260,0.134299
0.395206,0.134299
0.395151,0.134299
0.395097,0.134490
0.395042,0.134299
0.394988,0.134490
0.394934,0.134299
0.394879,0.134299
0.394825,0.134299
0.394770,0.134299
0.394716,0.134299
0.394661,0.134490
0.394607,0.134490
0.394553,0.134299
0.394498,0.134299
0.394444,0.134299
0.394389,0.134490
0.394335,0.134299
0.394280,0.134490
0.394226,0.134490
0.394171,0.134299
0.394117,0.134490
0.394063,0.134490
0.394008,0.134490
0.393954,0.134490
0.393899,0.134299
0.393845,0.134490
0.393790,0.134490
0.393736,0.134490
0.393682,0.134490
0.393627,0.134490
0.393573,0.134299
0.393518,0.134490
0.393464,0.134490
0.393409,0.134490
0.393355,0.134490
0.393300,0.134490
0.393246,0.134490
0.393192,0.134490
0.393137,0.134490
0.393083,0.134490
0.393028,0.134490
0.392974,0.134490
0.392919,0.134490
0.392865,0.134490
0.392811,0.134490
0.392756,0.134490
0.392702,0.134490
0.392647,0.134490
0.392593,0.134490
0.392538,0.134490
0.392484,0.134490
0.392429,0.134490
0.392375,0.134490
0.392321,0.134490
0.392266,0.134490
0.392212,0.134490
0.392157,0.134490
0.392103,0.134490
0.392048,0.134490
0.391994,0.134490
0.391939,0.134490
0.391885,0.134490
0.391831,0.134490
0.391776,0.134490
0.391722,0.134490
0.391667,0.134490
0.391613,0.134490
0.391558,0.134490
0.391504,0.134490
0.391449,0.134490
0.391395,0.134490
0.391341,0.134490
0.391286,0.134490
0.391232,0.134490
0.391177,0.134490
0.391123,0.134490
0.391068,0.134490
0.391014,0.134490
0.390960,0.134490
0.390905,0.134490
0.390851,0.134490
0.390796,0.134490
0.390742,0.134490
0.390687,0.134490
0.390633,0.134490
0.390579,0.134490
0.390524,0.134490
0.390470,0.134490
0.390415,0.134490
0.390361,0.134490
0.390306,0.134490
0.390252,0.134490
0.390197,0.134490
0.390143,0.134490
0.390089,0.134490
0.390034,0.134490
0.389980,0.134490
0.389925,0.134490
0.389871,0.134490
0.389816,0.134490
0.389762,0.134490
0.389708,0.134490
0.389653,0.134490
0.389599,0.134490
0.389544,0.134490
0.389490,0.134490
0.389435,0.134490
0.389381,0.134490
0.389326,0.134490
0.389272,0.134490
0.389218,0.134490
0.389163,0.134490
0.389109,0.134490
0.389054,0.134490
0.389000,0.134490
0.388945,0.134490
0.388891,0.134490
0.388836,0.134490
0.388782,0.134490
0.388728,0.134490
0.388673,0.134490
0.388619,0.134490
0.388564,0.134490
0.388510,0.134490
0.388455,0.134490
0.388401,0.134490
0.388347,0.134490
0.388292,0.134490
0.388238,0.134490
0.388183,0.134490
0.388129,0.134490
0.388074,0.134490
0.388020,0.134490
0.387965,0.134490
0.387911,0.134490
0.387857,0.134490
0.387802,0.134490
0.387748,0.134490
0.387693,0.134490
0.387639,0.134681
0.387584,0.134490
0.387530,0.134681
0.387475,0.134490
0.387421,0.134681
0.387367,0.134681
0.387312,0.134490
0.387258,0.134490
0.387203,0.134490
0.387149,0.134490
0.387094,0.134681
0.387040,0.134681
0.386985,0.134681
0.386931,0.134681
0.386877,0.134681
0.386822,0.134681
0.386768,0.134490
0.386713,0.134681
0.386659,0.134681
0.386604,0.134681
0.386550,0.134681
0.386495,0.134681
0.386441,0.134681
0.386387,0.134681
0.386332,0.134681
0.386278,0.134681
0.386223,0.134681
0.386169,0.134681
0.386114,0.134681
0.386060,0.134681
0.386005,0.134681
0.385951,0.134681
0.385896,0.134681
0.385842,0.134490
0.385788,0.134681
0.385733,0.134681
0.385679,0.134681
0.385624,0.134681
0.385570,0.134681
0.385515,0.134681
0.385461,0.134681
0.385406,0.134681
0.385352,0.134681
0.385298,0.134681
0.385243,0.134681
0.385189,0.134681
0.385134,0.134681
0.385080,0.134681
0.385025,0.134681
0.384971,0.134681
0.384916,0.134681
0.384862,0.134681
0.384808,0.134681
0.384753,0.134681
0.384699,0.134681
0.384644,0.134681
0.384590,0.134681
0.384535,0.134681
0.384481,0.134681
0.384426,0.134681
0.384372,0.134681
0.384317,0.134681
0.384263,0.134681
0.384209,0.134681
0.384154,0.134681
0.384100,0.134681
0.384045,0.134681
0.383991,0.134681
0.383936,0.134681
0.383882,0.134681
0.383827,0.134681
0.383773,0.134681
0.383719,0.134681
0.383664,0.134681
0.383610,0.134681
0.383555,0.134681
0.383501,0.134681
0.383446,0.134681
0.383392,0.134681
0.383337,0.134681
0.383283,0.134681
0.383229,0.134681
0.383174,0.134681
0.383120,0.134681
0.383065,0.134681
0.383011,0.134681
0.382956,0.134681
0.382902,0.134681
0.382847,0.134681
0.382793,0.134681
0.382739,0.134681
0.382684,0.134681
0.382630,0.134681
0.382575,0.134681
0.382521,0.134871
0.382466,0.134681
0.382412,0.134681
0.382357,0.134681
0.382303,0.134681
0.382248,0.134681
0.382194,0.134681
0.382140,0.134681
0.382085,0.134681
0.382031,0.134681
0.381976,0.134681
0.381922,0.134681
0.381867,0.134681
0.381813,0.134871
0.381759,0.134871
0.381704,0.134871
0.381650,0.134871
0.381595,0.134871
0.381541,0.134871
0.381486,0.134871
0.381432,0.134871
0.381377,0.134681
0.381323,0.134681
0.381268,0.134871
0.381214,0.134871
0.381160,0.134681
0.381105,0.134871
0.381051,0.134871
0.380996,0.134871
0.380942,0.134871
0.380887,0.134871
0.380833,0.134871
0.380778,0.134871
0.380724,0.134871
0.380670,0.134871
0.380615,0.134871
0.380561,0.134681
0.380506,0.134871
0.380452,0.134871
0.380397,0.134871
0.380343,0.134871
0.380288,0.134871
0.380234,0.134871
0.380180,0.134871
0.380125,0.134871
0.380071,0.134871
0.380016,0.134871
0.379962,0.134871
0.379907,0.134871
0.379853,0.134871
0.379799,0.134871
0.379744,0.134871
0.379690,0.134871
0.379635,0.134871
0.379581,0.134871
0.379526,0.134871
0.379472,0.134871
0.379417,0.134871
0.379363,0.134871
0.379309,0.134871
0.379254,0.134871
0.379200,0.134871
0.379145,0.134871
0.379091,0.134871
0.379036,0.134871
0.378982,0.134871
0.378927,0.134871
0.378873,0.134871
0.378818,0.134871
0.378764,0.134871
0.378710,0.134871
0.378655,0.134871
0.378601,0.134871
0.378546,0.134871
0.378492,0.134871
0.378437,0.134871
0.378383,0.134871
0.378328,0.134871
0.378274,0.134871
0.378220,0.134871
0.378165,0.134871
0.378111,0.134871
0.378056,0.134871
0.378002,0.134871
0.377947,0.134871
0.377893,0.134871
0.377839,0.134871
0.377784,0.134871
0.377730,0.134871
0.377675,0.134871
0.377621,0.134871
0.377566,0.134871
0.377512,0.134871
0.377457,0.134871
0.377403,0.134871
0.377349,0.134871
0.377294,0.134871
0.377240,0.134871
0.377185,0.134871
0.377131,0.134871
0.377076,0.134871
0.377022,0.135062
0.376967,0.134871
0.376913,0.134871
0.376859,0.134871
0.376804,0.134871
0.376750,0.134871
0.376695,0.134871
0.376641,0.134871
0.376586,0.134871
0.376532,0.134871
0.376477,0.134871
0.376423,0.134871
0.376369,0.134871
0.376314,0.134871
0.376260,0.134871
0.376205,0.134871
0.376151,0.134871
0.376096,0.134871
0.376042,0.134871
0.375987,0.134871
0.375933,0.134871
0.375878,0.134871
0.375824,0.135062
0.375770,0.134871
0.375715,0.134871
0.375661,0.135062
0.375606,0.135062
0.375552,0.134871
0.375497,0.134871
0.375443,0.134871
0.375388,0.135062
0.375334,0.135062
0.375280,0.135062
0.375225,0.134871
0.375171,0.135062
0.375116,0.134871
0.375062,0.134871
0.375007,0.135062
0.374953,0.134871
0.374898,0.135062
0.374844,0.135062
0.374789,0.135062
0.374735,0.135062
0.374681,0.135062
0.374626,0.135062
0.374572,0.135062
0.374517,0.135062
0.374463,0.135062
0.374408,0.135062
0.374354,0.135062
0.374299,0.135062
0.374245,0.135062
0.374191,0.135062
0.374136,0.135062
0.374082,0.135062
0.374027,0.135062
0.373973,0.135062
0.373918,0.135062
0.373864,0.135062
0.373809,0.135062
0.373755,0.135062
0.373700,0.135062
0.373646,0.135062
0.373592,0.135062
0.373537,0.135062
0.373483,0.135062
0.373428,0.135062
0.373374,0.135062
0.373319,0.135062
0.373265,0.135062
0.373210,0.135062
0.373156,0.135062
0.373102,0.135062
0.373047,0.135062
0.372993,0.135062
0.372938,0.135062
0.372884,0.135062
0.372829,0.135062
0.372775,0.135062
0.372721,0.135062
0.372666,0.135062
0.372612,0.135062
0.372557,0.135062
0.372503,0.135062
0.372448,0.135062
0.372394,0.135062
0.372339,0.135062
0.372285,0.135062
0.372231,0.135062
0.372176,0.135062
0.372122,0.135062
0.372067,0.135062
0.372013,0.135062
0.371958,0.135062
0.371904,0.135062
0.371849,0.135062
0.371795,0.135062
0.371741,0.135062
0.371686,0.135062
0.371632,0.135062
0.371577,0.135062
0.371523,0.135062
0.371468,0.135062
0.371414,0.135062
0.371359,0.135062
0.371305,0.135253
0.371251,0.135253
0.371196,0.135253
0.371142,0.135062
0.371087,0.135253
0.371033,0.135062
0.370978,0.135062
0.370924,0.135253
0.370869,0.135062
0.370815,0.135062
0.370761,0.135253
0.370706,0.135062
0.370652,0.135253
0.370597,0.135253
0.370543,0.135253
0.370488,0.135062
0.370434,0.135253
0.370379,0.135253
0.370325,0.135062
0.370271,0.135253
0.370216,0.135253
0.370162,0.135253
0.370107,0.135253
0.370053,0.135253
0.369998,0.135253
0.369944,0.135253
0.369889,0.135253
0.369835,0.135062
0.369781,0.135253
0.369726,0.135253
0.369672,0.135253
0.369617,0.135253
0.369563,0.135253
0.369508,0.135253
0.369454,0.135253
0.369399,0.135253
0.369345,0.135253
0.369291,0.135253
0.369236,0.135253
0.369182,0.135253
0.369127,0.135253
0.369073,0.135253
0.369018,0.135253
0.368964,0.135253
0.368909,0.135253
0.368855,0.135253
0.368801,0.135253
0.368746,0.135253
0.368692,0.135253
0.368637,0.135253
0.368583,0.135253
0.368528,0.135253
0.368474,0.135253
0.368419,0.135253
0.368365,0.135253
0.368310,0.135253
0.368256,0.135253
0.368202,0.135253
0.368147,0.135253
0.368093,0.135253
0.368038,0.135253
0.367984,0.135253
0.367929,0.135253
0.367875,0.135253
0.367820,0.135253
0.367766,0.135253
0.367712,0.135253
0.367657,0.135253
0.367603,0.135253
0.367548,0.135253
0.367494,0.135253
0.367439,0.135253
0.367385,0.135253
0.367330,0.135253
0.367276,0.135253
0.367222,0.135253
0.367167,0.135253
0.367113,0.135253
0.367058,0.135253
0.367004,0.135253
0.366949,0.135253
0.366895,0.135253
0.366840,0.135253
0.366786,0.135253
0.366732,0.135253
0.366677,0.135253
0.366623,0.135253
0.366568,0.135253
0.366514,0.135253
0.366459,0.135253
0.366405,0.135253
0.366350,0.135253
0.366296,0.135253
0.366242,0.135253
0.366187,0.135253
0.366133,0.135253
0.366078,0.135253
0.366024,0.135253
0.365969,0.135253
0.365915,0.135253
0.365860,0.135253
0.365806,0.135253
0.365751,0.135253
0.365697,0.135253
0.365643,0.135253
0.365588,0.135253
0.365534,0.135253
0.365479,0.135253
0.365425,0.135253
0.365370,0.135253
0.365316,0.135253
0.365261,0.135253
0.365207,0.135253
0.365153,0.135253
0.365098,0.135253
0.365044,0.135253
0.364989,0.135253
0.364935,0.135253
0.364880,0.135253
0.364826,0.135253
0.364771,0.135253
0.364717,0.135253
0.364662,0.135253
0.364608,0.135253
0.364554,0.135444
0.364499,0.135253
0.364445,0.135253
0.364390,0.135444
0.364336,0.135444
0.364281,0.135444
0.364227,0.135253
0.364172,0.135444
0.364118,0.135444
0.364064,0.135444
0.364009,0.135253
0.363955,0.135444
0.363900,0.135444
0.363846,0.135444
0.363791,0.135444
0.363737,0.135444
0.363683,0.135444
0.363628,0.135444
0.363574,0.135444
0.363519,0.135253
0.363465,0.135444
0.363410,0.135444
0.363356,0.135444
0.363301,0.135444
0.363247,0.135444
0.363193,0.135444
0.363138,0.135444
0.363084,0.135444
0.363029,0.135444
0.362975,0.135444
0.362920,0.135444
0.362866,0.135444
0.362811,0.135444
0.362757,0.135444
0.362703,0.135444
0.362648,0.135444
0.362594,0.135444
0.362539,0.135444
0.362485,0.135444
0.362430,0.135444
0.362376,0.135444
0.362321,0.135444
0.362267,0.135444
0.362213,0.135444
0.362158,0.135444
0.362104,0.135444
0.362049,0.135444
0.361995,0.135444
0.361940,0.135444
0.361886,0.135444
0.361831,0.135444
0.361777,0.135444
0.361723,0.135444
0.361668,0.135444
0.361614,0.135444
0.361559,0.135444
0.361505,0.135444
0.361450,0.135444
0.361396,0.135444
0.361341,0.135444
0.361287,0.135634
0.361233,0.135444
0.361178,0.135444
0.361124,0.135444
0.361069,0.135444
0.361015,0.135444
0.360960,0.135444
0.360906,0.135444
0.360851,0.135444
0.360797,0.135444
0.360743,0.135444
0.360688,0.135444
0.360634,0.135444
0.360579,0.135444
0.360525,0.135634
0.360470,0.135634
0.360416,0.135444
0.360361,0.135444
0.360307,0.135634
0.360253,0.135634
0.360198,0.135444
0.360144,0.135444
0.360089,0.135634
0.360035,0.135634
0.359980,0.135444
0.359926,0.135444
0.359871,0.135634
0.359817,0.135634
0.359763,0.135634
0.359708,0.135634
0.359654,0.135444
0.359599,0.135634
0.359545,0.135634
0.359490,0.135634
0.359436,0.135634
0.359381,0.135634
0.359327,0.135634
0.359273,0.135634
0.359218,0.135634
0.359164,0.135634
0.359109,0.135634
0.359055,0.135634
0.359000,0.135634
0.358946,0.135634
0.358891,0.135634
0.358837,0.135634
0.358783,0.135634
0.358728,0.135634
0.358674,0.135634
0.358619,0.135634
0.358565,0.135634
0.358510,0.135634
0.358456,0.135634
0.358401,0.135634
0.358347,0.135634
0.358293,0.135634
0.358238,0.135634
0.358184,0.135634
0.358129,0.135634
0.358075,0.135634
0.358020,0.135634
0.357966,0.135634
0.357911,0.135634
0.357857,0.135634
0.357803,0.135634
0.357748,0.135634
0.357694,0.135634
0.357639,0.135634
0.357585,0.135634
0.357530,0.135634
0.357476,0.135634
0.357421,0.135634
0.357367,0.135634
0.357313,0.135634
0.357258,0.135634
0.357204,0.135634
0.357149,0.135634
0.357095,0.135634
0.357040,0.135634
0.356986,0.135634
0.356931,0.135634
0.356877,0.135634
0.356823,0.135634
0.356768,0.135634
0.356714,0.135634
0.356659,0.135634
0.356605,0.135634
0.356550,0.135634
0.356496,0.135634
0.356441,0.135634
0.356387,0.135634
0.356333,0.135634
0.356278,0.135634
0.356224,0.135634
0.356169,0.135634
0.356115,0.135634
0.356060,0.135634
0.356006,0.135634
0.355951,0.135634
0.355897,0.135634
0.355843,0.135634
0.355788,0.135634
0.355734,0.135634
0.355679,0.135634
0.355625,0.135634
0.355570,0.135634
0.355516,0.135634
0.355461,0.135634
0.355407,0.135634
0.355353,0.135634
0.355298,0.135634
0.355244,0.135634
0.355189,0.135634
0.355135,0.135634
0.355080,0.135634
0.355026,0.135634
0.354971,0.135634
0.354917,0.135634
0.354863,0.135634
0.354808,0.135634
0.354754,0.135634
0.354699,0.135634
0.354645,0.135634
0.354590,0.135634
0.354536,0.135634
0.354481,0.135634
0.354427,0.135634
0.354373,0.135634
0.354318,0.135634
0.354264,0.135634
0.354209,0.135634
0.354155,0.135634
0.354100,0.135634
0.354046,0.135825
0.353991,0.135634
0.353937,0.135634
0.353883,0.135825
0.353828,0.135634
0.353774,0.135634
0.353719,0.135634
0.353665,0.135634
0.353610,0.135634
0.353556,0.135825
0.353501,0.135825
0.353447,0.135825
0.353393,0.135825
0.353338,0.135634
0.353284,0.135825
0.353229,0.135825
0.353175,0.135825
0.353120,0.135825
0.353066,0.135634
0.353012,0.135634
0.352957,0.135825
0.352903,0.135825
0.352848,0.135825
0.352794,0.135825
0.352739,0.135825
0.352685,0.135825
0.352630,0.135825
0.352576,0.135825
0.352522,0.135825
0.352467,0.135825
0.352413,0.135825
0.352358,0.135825
0.352304,0.135825
0.352249,0.135825
0.352195,0.135825
0.352141,0.135825
0.352086,0.135825
0.352032,0.135825
0.351977,0.135825
0.351923,0.135825
0.351868,0.135825
0.351814,0.135825
0.351759,0.135825
0.351705,0.135825
0.351651,0.135825
0.351596,0.135825
0.351542,0.135825
0.351487,0.135825
0.351433,0.135825
0.351378,0.135825
0.351324,0.135825
0.351270,0.135825
0.351215,0.135825
0.351161,0.135825
0.351106,0.135825
0.351052,0.135825
0.350997,0.135825
0.350943,0.135825
0.350888,0.135825
0.350834,0.135825
0.350780,0.135825
0.350725,0.135825
0.350671,0.135825
0.350616,0.135825
0.350562,0.136016
0.350507,0.136016
0.350453,0.135825
0.350399,0.135825
0.350344,0.136016
0.350290,0.135825
0.350235,0.135825
0.350181,0.135825
0.350126,0.136016
0.350072,0.136016
0.350017,0.136016
0.349963,0.136016
0.349909,0.136016
0.349854,0.136016
0.349800,0.136016
0.349745,0.135825
0.349691,0.136016
0.349636,0.136016
0.349582,0.136016
0.349527,0.136016
0.349473,0.136016
0.349419,0.136016
0.349364,0.136016
0.349310,0.136016
0.349255,0.136016
0.349201,0.136016
0.349146,0.136016
0.349092,0.136016
0.349038,0.136016
0.348983,0.136016
0.348929,0.136016
0.348874,0.136016
0.348820,0.136016
0.348765,0.136016
0.348711,0.136016
0.348656,0.136016
0.348602,0.136016
0.348548,0.136016
0.348493,0.136016
0.348439,0.136016
0.348384,0.136016
0.348330,0.136016
0.348275,0.136016
0.348221,0.136016
0.348166,0.136016
0.348112,0.136016
0.348058,0.136016
0.348003,0.136016
0.347949,0.136016
0.347894,0.136016
0.347840,0.136016
0.347785,0.136016
0.347731,0.136016
0.347676,0.136016
0.347622,0.136016
0.347568,0.136016
0.347513,0.136016
0.347459,0.136016
0.347404,0.136016
0.347350,0.136016
0.347295,0.136016
0.347241,0.136016
0.347187,0.136016
0.347132,0.136016
0.347078,0.136016
0.347023,0.136016
0.346969,0.136016
0.346914,0.136016
0.346860,0.136016
0.346806,0.136016
0.346751,0.136016
0.346697,0.136016
0.346642,0.136016
0.346588,0.136016
0.346533,0.136016
0.346479,0.136016
0.346424,0.136016
0.346370,0.136016
0.346316,0.136016
0.346261,0.136016
0.346207,0.136016
0.346152,0.136016
0.346098,0.136016
0.346043,0.136016
0.345989,0.136016
0.345935,0.136207
0.345880,0.136016
0.345826,0.136207
0.345771,0.136016
0.345717,0.136207
0.345662,0.136207
0.345608,0.136016
0.345553,0.136207
0.345499,0.136207
0.345445,0.136016
0.345390,0.136207
0.345336,0.136016
0.345281,0.136016
0.345227,0.136016
0.345172,0.136016
0.345118,0.136207
0.345063,0.136207
0.345009,0.136207
0.344955,0.136207
0.344900,0.136207
0.344846,0.136207
0.344791,0.136207
0.344737,0.136207
0.344682,0.136207
0.344628,0.136207
0.344573,0.136207
0.344519,0.136207
0.344465,0.136207
0.344410,0.136207
0.344356,0.136207
0.344301,0.136207
0.344247,0.136207
0.344192,0.136207
0.344138,0.136207
0.344083,0.136207
0.344029,0.136207
0.343975,0.136207
0.343920,0.136207
0.343866,0.136207
0.343811,0.136207
0.343757,0.136207
0.343702,0.136207
0.343648,0.136207
0.343594,0.136207
0.343539,0.136207
0.343485,0.136207
0.343430,0.136207
0.343376,0.136207
0.343321,0.136207
0.343267,0.136207
0.343213,0.136207
0.343158,0.136207
0.343104,0.136207
0.343049,0.136207
0.342995,0.136207
0.342940,0.136207
0.342886,0.136207
0.342831,0.136207
0.342777,0.136207
0.342723,0.136207
0.342668,0.136207
0.342614,0.136207
0.342559,0.136207
0.342505,0.136207
0.342450,0.136397
0.342396,0.136207
0.342341,0.136207
0.342287,0.136207
0.342233,0.136397
0.342178,0.136397
0.342124,0.136397
0.342069,0.136397
0.342015,0.136207
0.341960,0.136397
0.341906,0.136397
0.341852,0.136397
0.341797,0.136397
0.341743,0.136397
0.341688,0.136397
0.341634,0.136397
0.341579,0.136397
0.341525,0.136397
0.341470,0.136397
0.341416,0.136397
0.341362,0.136397
0.341307,0.136397
0.341253,0.136397
0.341198,0.136397
0.341144,0.136397
0.341089,0.136397
0.341035,0.136397
0.340981,0.136397
0.340926,0.136397
0.340872,0.136397
0.340817,0.136397
0.340763,0.136397
0.340708,0.136397
0.340654,0.136397
0.340600,0.136397
0.340545,0.136397
0.340491,0.136397
0.340436,0.136397
0.340382,0.136397
0.340327,0.136397
0.340273,0.136397
0.340218,0.136397
0.340164,0.136397
0.340110,0.136397
0.340055,0.136397
0.340001,0.136397
0.339946,0.136397
0.339892,0.136397
0.339837,0.136397
0.339783,0.136397
0.339729,0.136397
0.339674,0.136397
0.339620,0.136397
0.339565,0.136397
0.339511,0.136397
0.339456,0.136588
0.339402,0.136397
0.339347,0.136397
0.339293,0.136397
0.339239,0.136397
0.339184,0.136397
0.339130,0.136397
0.339075,0.136397
0.339021,0.136397
0.338966,0.136397
0.338912,0.136588
0.338858,0.136397
0.338803,0.136397
0.338749,0.136397
0.338694,0.136588
0.338640,0.136397
0.338585,0.136588
0.338531,0.136588
0.338476,0.136588
0.338422,0.136588
0.338367,0.136588
0.338313,0.136588
0.338259,0.136588
0.338204,0.136588
0.338150,0.136588
0.338095,0.136588
0.338041,0.136588
0.337986,0.136588
0.337932,0.136588
0.337877,0.136588
0.337823,0.136588
0.337769,0.136588
0.337714,0.136588
0.337660,0.136588
0.337605,0.136588
0.337551,0.136588
0.337496,0.136588
0.337442,0.136588
0.337387,0.136588
0.337333,0.136588
0.337279,0.136588
0.337224,0.136588
0.337170,0.136588
0.337115,0.136588
0.337061,0.136588
0.337006,0.136588
0.336952,0.136588
0.336897,0.136588
0.336843,0.136588
0.336788,0.136588
0.336734,0.136588
0.336680,0.136588
0.336625,0.136779
0.336571,0.136588
0.336516,0.136779
0.336462,0.136588
0.336407,0.136588
0.336353,0.136588
0.336298,0.136779
0.336244,0.136588
0.336190,0.136588
0.336135,0.136588
0.336081,0.136588
0.336026,0.136779
0.335972,0.136779
0.335917,0.136779
0.335863,0.136779
0.335808,0.136588
0.335754,0.136779
0.335700,0.136779
0.335645,0.136779
0.335591,0.136779
0.335536,0.136779
0.335482,0.136779
0.335427,0.136779
0.335373,0.136779
0.335318,0.136779
0.335264,0.136779
0.335210,0.136779
0.335155,0.136779
0.335101,0.136779
0.335046,0.136779
0.334992,0.136779
0.334937,0.136779
0.334883,0.136779
0.334828,0.136779
0.334774,0.136779
0.334720,0.136779
0.334665,0.136779
0.334611,0.136779
0.334556,0.136779
0.334502,0.136779
0.334447,0.136779
0.334393,0.136779
0.334338,0.136779
0.334284,0.136779
0.334230,0.136779
0.334175,0.136779
0.334121,0.136779
0.334066,0.136779
0.334012,0.136779
0.333957,0.136779
0.333903,0.136779
0.333848,0.136779
0.333794,0.136779
0.333740,0.136779
0.333685,0.136779
0.333631,0.136779
0.333576,0.136779
0.333522,0.136779
0.333467,0.136779
0.333413,0.136779
0.333358,0.136779
0.333304,0.136779
0.333250,0.136779
0.333195,0.136779
0.333141,0.136779
0.333086,0.136779
0.333032,0.136779
0.332977,0.136970
0.332923,0.136779
0.332868,0.136779
0.332814,0.136970
0.332760,0.136779
0.332705,0.136970
0.332651,0.136970
0.332596,0.136779
0.332542,0.136970
0.332487,0.136970
0.332433,0.136970
0.332378,0.136970
0.332324,0.136970
0.332270,0.136779
0.332215,0.136970
0.332161,0.136970
0.332106,0.136970
0.332052,0.136970
0.331997,0.136970
0.331943,0.136970
0.331888,0.136970
0.331834,0.136970
0.331780,0.136970
0.331725,0.136970
0.331671,0.136970
0.331616,0.136970
0.331562,0.136970
0.331507,0.136970
0.331453,0.136970
0.331398,0.136970
0.331344,0.136970
0.331290,0.136970
0.331235,0.136970
0.331181,0.136970
0.331126,0.136970
0.331072,0.136970
0.331017,0.137161
0.330963,0.136970
0.330908,0.136970
0.330854,0.136970
0.330800,0.136970
0.330745,0.136970
0.330691,0.136970
0.330636,0.136970
0.330582,0.136970
0.330527,0.136970
0.330473,0.136970
0.330419,0.136970
0.330364,0.137161
0.330310,0.136970
0.330255,0.137161
0.330201,0.137161
0.330146,0.137161
0.330092,0.137161
0.330037,0.137161
0.329983,0.137161
0.329929,0.137161
0.329874,0.137161
0.329820,0.137161
0.329765,0.137161
0.329711,0.137161
0.329656,0.137161
0.329602,0.137161
0.329548,0.137161
0.329493,0.137161
0.329439,0.137161
0.329384,0.137161
0.329330,0.137161
0.329275,0.137161
0.329221,0.137161
0.329166,0.137161
0.329112,0.137161
0.329058,0.137161
0.329003,0.137161
0.328949,0.137161
0.328894,0.137161
0.328840,0.137161
0.328785,0.137161
0.328731,0.137161
0.328677,0.137161
0.328622,0.137161
0.328568,0.137161
0.328513,0.137161
0.328459,0.137161
0.328404,0.137161
0.328350,0.137161
0.328296,0.137161
0.328241,0.137161
0.328187,0.137161
0.328132,0.137161
0.328078,0.137161
0.328023,0.137161
0.327969,0.137161
0.327914,0.137351
0.327860,0.137161
0.327806,0.137351
0.327751,0.137351
0.327697,0.137351
0.327642,0.137351
0.327588,0.137351
0.327533,0.137351
0.327479,0.137351
0.327425,0.137351
0.327370,0.137351
0.327316,0.137351
0.327261,0.137351
0.327207,0.137351
0.327152,0.137351
0.327098,0.137351
0.327044,0.137351
0.326989,0.137351
0.326935,0.137351
0.326880,0.137351
0.326826,0.137351
0.326771,0.137351
0.326717,0.137351
0.326662,0.137351
0.326608,0.137351
0.326554,0.137542
0.326499,0.137351
0.326445,0.137351
0.326390,0.137542
0.326336,0.137542
0.326281,0.137542
0.326227,0.137351
0.326173,0.137351
0.326118,0.137542
0.326064,0.137542
0.326009,0.137542
0.325955,0.137542
0.325900,0.137542
0.325846,0.137542
0.325792,0.137542
0.325737,0.137542
0.325683,0.137542
0.325628,0.137542
0.325574,0.137542
0.325519,0.137542
0.325465,0.137542
0.325410,0.137542
0.325356,0.137542
0.325302,0.137542
0.325247,0.137542
0.325193,0.137542
0.325138,0.137542
0.325084,0.137542
0.325029,0.137542
0.324975,0.137542
0.324921,0.137542
0.324866,0.137542
0.324812,0.137542
0.324757,0.137542
0.324703,0.137542
0.324648,0.137542
0.324594,0.137542
0.324540,0.137733
0.324485,0.137542
0.324431,0.137542
0.324376,0.137542
0.324322,0.137542
0.324267,0.137542
0.324213,0.137542
0.324158,0.137733
0.324104,0.137542
0.324050,0.137542
0.323995,0.137733
0.323941,0.137733
0.323886,0.137542
0.323832,0.137542
0.323777,0.137542
0.323723,0.137733
0.323669,0.137733
0.323614,0.137733
0.323560,0.137733
0.323505,0.137733
0.323451,0.137733
0.323396,0.137733
0.323342,0.137733
0.323288,0.137733
0.323233,0.137733
0.323179,0.137733
0.323124,0.137733
0.323070,0.137733
0.323015,0.137733
0.322961,0.137733
0.322907,0.137733
0.322852,0.137733
0.322798,0.137733
0.322743,0.137733
0.322689,0.137733
0.322634,0.137733
0.322580,0.137733
0.322526,0.137733
0.322471,0.137924
0.322417,0.137733
0.322362,0.137733
0.322308,0.137733
0.322253,0.137924
0.322199,0.137733
0.322145,0.137924
0.322090,0.137924
0.322036,0.137924
0.321981,0.137924
0.321927,0.137924
0.321872,0.137924
0.321818,0.137924
0.321764,0.137924
0.321709,0.137924
0.321655,0.137924
0.321600,0.137924
0.321546,0.137924
0.321491,0.137924
0.321437,0.137924
0.321382,0.137924
0.321328,0.137924
0.321274,0.137924
0.321219,0.137924
0.321165,0.137924
0.321110,0.137924
0.321056,0.137924
0.321001,0.137924
0.320947,0.137924
0.320893,0.137924
0.320838,0.137924
0.320784,0.137924
0.320729,0.137924
0.320675,0.137924
0.320620,0.137924
0.320566,0.137924
0.320512,0.137924
0.320457,0.137924
0.320403,0.138114
0.320348,0.137924
0.320294,0.138114
0.320239,0.137924
0.320185,0.138114
0.320130,0.138114
0.320076,0.138114
0.320022,0.138114
0.319967,0.138114
0.319913,0.138114
0.319858,0.138114
0.319804,0.138114
0.319749,0.138114
0.319695,0.138114
0.319640,0.138114
0.319586,0.138114
0.319532,0.138114
0.319477,0.138114
0.319423,0.138114
0.319368,0.138114
0.319314,0.138114
0.319259,0.138114
0.319205,0.138114
0.319150,0.138114
0.319096,0.138114
0.319042,0.138114
0.318987,0.138305
0.318933,0.138114
0.318878,0.138305
0.318824,0.138305
0.318769,0.138305
0.318715,0.138305
0.318660,0.138305
0.318606,0.138305
0.318552,0.138305
0.318497,0.138305
0.318443,0.138305
0.318388,0.138305
0.318334,0.138305
0.318279,0.138305
0.318225,0.138305
0.318170,0.138305
0.318116,0.138305
0.318062,0.138305
0.318007,0.138305
0.317953,0.138305
0.317898,0.138305
0.317844,0.138305
0.317789,0.138305
0.317735,0.138305
0.317680,0.138305
0.317626,0.138305
0.317572,0.138305
0.317517,0.138305
0.317463,0.138305
0.317408,0.138305
0.317354,0.138305
0.317299,0.138305
0.317245,0.138305
0.317191,0.138305
0.317136,0.138305
0.317082,0.138305
0.317027,0.138305
0.316973,0.138496
0.316918,0.138305
0.316864,0.138305
0.316810,0.138496
0.316755,0.138305
0.316701,0.138305
0.316646,0.138305
0.316592,0.138305
0.316537,0.138305
0.316483,0.138496
0.316428,0.138496
0.316374,0.138496
0.316320,0.138496
0.316265,0.138496
0.316211,0.138496
0.316156,0.138496
0.316102,0.138496
0.316047,0.138496
0.315993,0.138496
0.315939,0.138496
0.315884,0.138496
0.315830,0.138496
0.315775,0.138496
0.315721,0.138496
0.315666,0.138687
0.315612,0.138496
0.315557,0.138496
0.315503,0.138687
0.315449,0.138687
0.315394,0.138687
0.315340,0.138687
0.315285,0.138687
0.315231,0.138687
0.315176,0.138687
0.315122,0.138687
0.315068,0.138687
0.315013,0.138687
0.314959,0.138687
0.314904,0.138687
0.314850,0.138687
0.314795,0.138687
0.314741,0.138687
0.314686,0.138687
0.314632,0.138687
0.314578,0.138687
0.314523,0.138687
0.314469,0.138687
0.314414,0.138687
0.314360,0.138687
0.314305,0.138687
0.314251,0.138687
0.314197,0.138687
0.314142,0.138687
0.314088,0.138687
0.314033,0.138687
0.313979,0.138687
0.313924,0.138687
0.313870,0.138687
0.313815,0.138687
0.313761,0.138687
0.313707,0.138687
0.313652,0.138687
0.313598,0.138687
0.313543,0.138687
0.313489,0.138877
0.313434,0.138687
0.313380,0.138877
0.313326,0.138687
0.313271,0.138877
0.313217,0.138877
0.313162,0.138877
0.313108,0.138877
0.313053,0.138877
0.312999,0.138877
0.312945,0.138877
0.312890,0.138877
0.312836,0.138877
0.312781,0.138877
0.312727,0.138877
0.312672,0.138877
0.312618,0.138877
0.312563,0.138877
0.312509,0.138877
0.312455,0.138877
0.312400,0.138877
0.312346,0.138877
0.312291,0.139068
0.312237,0.138877
0.312182,0.138877
0.312128,0.139068
0.312074,0.139068
0.312019,0.138877
0.311965,0.139068
0.311910,0.139068
0.311856,0.139068
0.311801,0.139068
0.311747,0.139068
0.311693,0.139068
0.311638,0.139068
0.311584,0.139068
0.311529,0.139068
0.311475,0.139068
0.311420,0.139068
0.311366,0.139068
0.311311,0.139068
0.311257,0.139068
0.311203,0.139068
0.311148,0.139068
0.311094,0.139068
0.311039,0.139068
0.310985,0.139068
0.310930,0.139068
0.310876,0.139259
0.310822,0.139259
0.310767,0.139068
0.310713,0.139068
0.310658,0.139068
0.310604,0.139068
0.310549,0.139259
0.310495,0.139259
0.310441,0.139259
0.310386,0.139259
0.310332,0.139259
0.310277,0.139259
0.310223,0.139259
0.310168,0.139259
0.310114,0.139259
0.310060,0.139259
0.310005,0.139259
0.309951,0.139259
0.309896,0.139259
0.309842,0.139259
0.309787,0.139259
0.309733,0.139259
0.309679,0.139259
0.309624,0.139450
0.309570,0.139259
0.309515,0.139450
0.309461,0.139450
0.309406,0.139450
0.309352,0.139450
0.309297,0.139450
0.309243,0.139450
0.309189,0.139450
0.309134,0.139450
0.309080,0.139450
0.309025,0.139450
0.308971,0.139450
0.308916,0.139450
0.308862,0.139450
0.308808,0.139450
0.308753,0.139450
0.308699,0.139450
0.308644,0.139450
0.308590,0.139450
0.308535,0.139450
0.308481,0.139450
0.308427,0.139450
0.308372,0.139450
0.308318,0.139640
0.308263,0.139640
0.308209,0.139450
0.308154,0.139640
0.308100,0.139450
0.308046,0.139640
0.307991,0.139640
0.307937,0.139640
0.307882,0.139640
0.307828,0.139640
0.307773,0.139640
0.307719,0.139640
0.307665,0.139640
0.307610,0.139640
0.307556,0.139640
0.307501,0.139831
0.307447,0.139831
0.307392,0.139640
0.307338,0.139831
0.307284,0.139831
0.307229,0.139831
0.307175,0.139831
0.307120,0.139831
0.307066,0.139831
0.307011,0.139831
0.306957,0.139831
0.306902,0.139831
0.306848,0.139831
0.306794,0.139831
0.306739,0.139831
0.306685,0.139831
0.306630,0.139831
0.306576,0.139831
0.306521,0.139831
0.306467,0.139831
0.306413,0.139831
0.306358,0.139831
0.306304,0.139831
0.306249,0.139831
0.306195,0.139831
0.306140,0.140022
0.306086,0.140022
0.306032,0.140022
0.305977,0.140022
0.305923,0.140022
0.305868,0.140022
0.305814,0.140022
0.305759,0.140022
0.305705,0.140022
0.305651,0.140022
0.305596,0.140022
0.305542,0.140022
0.305487,0.140022
0.305433,0.140022
0.305378,0.140022
0.305324,0.140213
0.305270,0.140022
0.305215,0.140213
0.305161,0.140213
0.305106,0.140213
0.305052,0.140213
0.304997,0.140213
0.304943,0.140213
0.304889,0.140213
0.304834,0.140213
0.304780,0.140213
0.304725,0.140213
0.304671,0.140213
0.304616,0.140213
0.304562,0.140213
0.304508,0.140404
0.304453,0.140404
0.304399,0.140404
0.304344,0.140404
0.304290,0.140404
0.304235,0.140404
0.304181,0.140404
0.304126,0.140404
0.304072,0.140404
0.304018,0.140404
0.303963,0.140404
0.303909,0.140404
0.303854,0.140404
0.303800,0.140404
0.303745,0.140594
0.303691,0.140594
0.303637,0.140594
0.303582,0.140594
0.303528,0.140594
0.303473,0.140594
0.303419,0.140594
0.303364,0.140594
0.303310,0.140594
0.303256,0.140594
0.303201,0.140594
0.303147,0.140594
0.303092,0.140594
0.303038,0.140594
0.302983,0.140594
0.302929,0.140594
0.302875,0.140594
0.302820,0.140594
0.302766,0.140594
0.302711,0.140594
0.302657,0.140785
0.302602,0.140594
0.302548,0.140785
0.302494,0.140785
0.302439,0.140785
0.302385,0.140785
0.302330,0.140785
0.302276,0.140785
0.302221,0.140785
0.302167,0.140785
0.302112,0.140785
0.302058,0.140785
0.302004,0.140785
0.301949,0.140976
0.301895,0.140785
0.301840,0.140976
0.301786,0.140976
0.301731,0.140976
0.301677,0.140976
0.301623,0.140976
0.301568,0.140976
0.301514,0.140976
0.301459,0.140976
0.301405,0.140976
0.301350,0.140976
0.301296,0.140976
0.301242,0.140976
0.301187,0.140976
0.301133,0.140976
0.301078,0.141167
0.301024,0.140976
0.300969,0.141167
0.300915,0.141167
0.300861,0.141167
0.300806,0.141167
0.300752,0.141167
0.300697,0.141167
0.300643,0.141167
0.300588,0.141167
0.300534,0.141167
0.300479,0.141167
0.300425,0.141357
0.300371,0.141167
0.300316,0.141357
0.300262,0.141357
0.300207,0.141357
0.300153,0.141357
0.300098,0.141357
0.300044,0.141357
0.299989,0.141357
0.299935,0.141357
0.299881,0.141357
0.299826,0.141357
0.299772,0.141357
0.299717,0.141357
0.299663,0.141357
0.299608,0.141357
0.299554,0.141357
0.299500,0.141357
0.299445,0.141357
0.299391,0.141357
0.299336,0.141548
0.299282,0.141548
0.299227,0.141548
0.299173,0.141548
0.299118,0.141548
0.299064,0.141548
0.299010,0.141548
0.298955,0.141548
0.298901,0.141548
0.298846,0.141739
0.298792,0.141739
0.298737,0.141739
0.298683,0.141739
0.298628,0.141739
0.298574,0.141739
0.298520,0.141739
0.298465,0.141739
0.298411,0.141739
0.298356,0.141739
0.298302,0.141739
0.298247,0.141739
0.298193,0.141739
0.298139,0.141739
0.298084,0.141739
0.298030,0.141739
0.297975,0.141739
0.297921,0.141739
0.297866,0.141739
0.297812,0.141930
0.297757,0.141930
0.297703,0.141930
0.297649,0.141930
0.297594,0.141930
0.297540,0.141930
0.297485,0.141930
0.297431,0.141930
0.297376,0.142120
0.297322,0.142120
0.297268,0.142120
0.297213,0.142120
0.297159,0.142120
0.297104,0.142120
0.297050,0.142120
0.296995,0.142120
0.296941,0.142120
0.296886,0.142120
0.296832,0.142120
0.296778,0.142120
0.296723,0.142120
0.296669,0.142120
0.296614,0.142120
0.296560,0.142311
0.296505,0.142120
0.296451,0.142311
0.296397,0.142311
0.296342,0.142311
0.296288,0.142311
0.296233,0.142311
0.296179,0.142311
0.296124,0.142311
0.296070,0.142311
0.296016,0.142502
0.295961,0.142502
0.295907,0.142502
0.295852,0.142502
0.295798,0.142502
0.295743,0.142502
0.295689,0.142502
0.295634,0.142502
0.295580,0.142502
0.295526,0.142502
0.295471,0.142502
0.295417,0.142502
0.295362,0.142502
0.295308,0.142693
0.295253,0.142693
0.295199,0.142693
0.295145,0.142693
0.295090,0.142693
0.295036,0.142693
0.294981,0.142693
0.294927,0.142693
0.294872,0.142693
0.294818,0.142883
0.294764,0.142883
0.294709,0.142883
0.294655,0.142883
0.294600,0.142883
0.294546,0.142883
0.294491,0.142883
0.294437,0.142883
0.294382,0.142883
0.294328,0.142883
0.294274,0.142883
0.294219,0.142883
0.294165,0.142883
0.294110,0.143074
0.294056,0.142883
0.294001,0.143074
0.293947,0.143074
0.293893,0.143074
0.293838,0.143074
0.293784,0.143074
0.293729,0.143074
0.293675,0.143074
0.293620,0.143265
0.293566,0.143074
0.293511,0.143265
0.293457,0.143265
0.293403,0.143265
0.293348,0.143265
0.293294,0.143265
0.293239,0.143265
0.293185,0.143265
0.293130,0.143265
0.293076,0.143265
0.293022,0.143456
0.292967,0.143456
0.292913,0.143456
0.292858,0.143456
0.292804,0.143456
0.292749,0.143456
0.292695,0.143456
0.292641,0.143456
0.292586,0.143647
0.292532,0.143647
0.292477,0.143647
0.292423,0.143647
0.292368,0.143647
0.292314,0.143647
0.292259,0.143647
0.292205,0.143647
0.292151,0.143647
0.292096,0.143647
0.292042,0.143647
0.291987,0.143647
0.291933,0.143647
0.291878,0.143837
0.291824,0.143837
0.291770,0.143837
0.291715,0.143837
0.291661,0.143837
0.291606,0.144028
0.291552,0.144028
0.291497,0.144028
0.291443,0.144028
0.291389,0.144028
0.291334,0.144028
0.291280,0.144028
0.291225,0.144028
0.291171,0.144028
0.291116,0.144028
0.291062,0.144028
0.291008,0.144028
0.290953,0.144219
0.290899,0.144219
0.290844,0.144219
0.290790,0.144219
0.290735,0.144219
0.290681,0.144219
0.290626,0.144219
0.290572,0.144219
0.290518,0.144410
0.290463,0.144410
0.290409,0.144410
0.290354,0.144410
0.290300,0.144410
0.290245,0.144410
0.290191,0.144410
0.290136,0.144410
0.290082,0.144410
0.290028,0.144410
0.289973,0.144410
0.289919,0.144410
0.289864,0.144600
0.289810,0.144600
0.289755,0.144600
0.289701,0.144600
0.289646,0.144600
0.289592,0.144600
0.289538,0.144600
0.289483,0.144600
0.289429,0.144791
0.289374,0.144791
0.289320,0.144791
0.289265,0.144791
0.289211,0.144791
0.289157,0.144791
0.289102,0.144791
0.289048,0.144791
0.288993,0.144791
0.288939,0.144791
0.288884,0.144982
0.288830,0.144791
0.288775,0.144982
0.288721,0.144982
0.288667,0.144982
0.288612,0.144982
0.288558,0.144982
0.288503,0.144982
0.288449,0.144982
0.288394,0.144982
0.288340,0.144982
0.288285,0.145173
0.288231,0.145173
0.288177,0.145173
0.288122,0.145173
0.288068,0.145173
0.288013,0.145173
0.287959,0.145173
0.287904,0.145173
0.287850,0.145173
0.287795,0.145173
0.287741,0.145173
0.287687,0.145173
0.287632,0.145173
0.287578,0.145363
0.287523,0.145363
0.287469,0.145363
0.287414,0.145363
0.287360,0.145363
0.287305,0.145554
0.287251,0.145554
0.287197,0.145554
0.287142,0.145554
0.287088,0.145554
0.287033,0.145554
0.286979,0.145554
0.286924,0.145554
0.286870,0.145554
0.286816,0.145554
0.286761,0.145745
0.286707,0.145745
0.286652,0.145745
0.286598,0.145745
0.286543,0.145745
0.286489,0.145745
0.286434,0.145745
0.286380,0.145745
0.286325,0.145936
0.286271,0.145936
0.286217,0.145936
0.286162,0.145936
0.286108,0.145936
0.286053,0.145936
0.285999,0.145936
0.285944,0.145936
0.285890,0.145936
0.285835,0.145936
0.285781,0.145936
0.285727,0.146127
0.285672,0.146127
0.285618,0.146127
0.285563,0.146127
0.285509,0.146127
0.285454,0.146127
0.285400,0.146127
0.285345,0.146317
0.285291,0.146317
0.285237,0.146317
0.285182,0.146317
0.285128,0.146317
0.285073,0.146317
0.285019,0.146317
0.284964,0.146317
0.284910,0.146317
0.284855,0.146317
0.284801,0.146508
0.284747,0.146508
0.284692,0.146508
0.284638,0.146508
0.284583,0.146508
0.284529,0.146508
0.284474,0.146699
0.284420,0.146699
0.284365,0.146699
0.284311,0.146699
0.284257,0.146699
0.284202,0.146699
0.284148,0.146699
0.284093,0.146699
0.284039,0.146699
0.283984,0.146699
0.283930,0.146699
0.283876,0.146699
0.283821,0.146890
0.283767,0.146890
0.283712,0.146890
0.283658,0.146890
0.283603,0.146890
0.283549,0.146890
0.283495,0.147080
0.283440,0.147080
0.283386,0.147080
0.283331,0.147080
0.283277,0.147080
0.283222,0.147080
0.283168,0.147080
0.283113,0.147080
0.283059,0.147080
0.283005,0.147080
0.282950,0.147271
0.282896,0.147271
0.282841,0.147271
0.282787,0.147271
0.282732,0.147271
0.282678,0.147271
0.282624,0.147271
0.282569,0.147271
0.282515,0.147271
0.282460,0.147462
0.282406,0.147462
0.282351,0.147462
0.282297,0.147462
0.282242,0.147462
0.282188,0.147462
0.282134,0.147462
0.282079,0.147462
0.282025,0.147462
0.281970,0.147462
0.281916,0.147653
0.281861,0.147462
0.281807,0.147653
0.281753,0.147653
0.281698,0.147653
0.281644,0.147653
0.281589,0.147653
0.281535,0.147653
0.281480,0.147843
0.281426,0.147843
0.281372,0.147843
0.281317,0.147843
0.281263,0.147843
0.281208,0.147843
0.281154,0.147843
0.281099,0.147843
0.281045,0.147843
0.280990,0.147843
0.280936,0.147843
0.280882,0.147843
0.280827,0.147843
0.280773,0.148034
0.280718,0.148034
0.280664,0.148034
0.280609,0.148034
0.280555,0.148034
0.280501,0.148034
0.280446,0.148034
0.280392,0.148225
0.280337,0.148225
0.280283,0.148225
0.280228,0.148225
0.280174,0.148225
0.280119,0.148225
0.280065,0.148225
0.280011,0.148225
0.279956,0.148225
0.279902,0.148225
0.279847,0.148416
0.279793,0.148416
0.279738,0.148416
0.279684,0.148416
0.279630,0.148416
0.279575,0.148416
0.279521,0.148416
0.279466,0.148416
0.279412,0.148606
0.279357,0.148416
0.279303,0.148606
0.279249,0.148606
0.279194,0.148606
0.279140,0.148606
0.279085,0.148606
0.279031,0.148606
0.278976,0.148606
0.278922,0.148606
0.278868,0.148606
0.278813,0.148797
0.278759,0.148797
0.278704,0.148797
0.278650,0.148797
0.278595,0.148797
0.278541,0.148797
0.278486,0.148797
0.278432,0.148988
0.278378,0.148988
0.278323,0.148988
0.278269,0.148988
0.278214,0.148988
0.278160,0.148988
0.278105,0.148988
0.278051,0.148988
0.277997,0.148988
0.277942,0.148988
0.277888,0.148988
0.277833,0.148988
0.277779,0.148988
0.277724,0.149179
0.277670,0.149179
0.277615,0.149179
0.277561,0.149179
0.277507,0.149179
0.277452,0.149370
0.277398,0.149370
0.277343,0.149370
0.277289,0.149370
0.277234,0.149370
0.277180,0.149370
0.277126,0.149370
0.277071,0.149370
0.277017,0.149370
0.276962,0.149370
0.276908,0.149560
0.276853,0.149560
0.276799,0.149560
0.276744,0.149560
0.276690,0.149560
0.276636,0.149560
0.276581,0.149751
0.276527,0.149751
0.276472,0.149751
0.276418,0.149751
0.276363,0.149751
0.276309,0.149751
0.276254,0.149751
0.276200,0.149751
0.276146,0.149751
0.276091,0.149751
0.276037,0.149751
0.275982,0.149942
0.275928,0.149942
0.275873,0.149942
0.275819,0.149942
0.275765,0.149942
0.275710,0.149942
0.275656,0.149942
0.275601,0.149942
0.275547,0.149942
0.275492,0.150133
0.275438,0.150133
0.275384,0.150133
0.275329,0.150133
0.275275,0.150133
0.275220,0.150133
0.275166,0.150133
0.275111,0.150133
0.275057,0.150323
0.275003,0.150133
0.274948,0.150323
0.274894,0.150323
0.274839,0.150323
0.274785,0.150323
0.274730,0.150323
0.274676,0.150323
0.274622,0.150323
0.274567,0.150514
0.274513,0.150514
0.274458,0.150514
0.274404,0.150514
0.274349,0.150514
0.274295,0.150514
0.274240,0.150514
0.274186,0.150514
0.274132,0.150514
0.274077,0.150514
0.274023,0.150705
0.273968,0.150514
0.273914,0.150705
0.273859,0.150705
0.273805,0.150705
0.273751,0.150705
0.273696,0.150705
0.273642,0.150705
0.273587,0.150705
0.273533,0.150896
0.273478,0.150896
0.273424,0.150896
0.273369,0.150896
0.273315,0.150896
0.273261,0.150896
0.273206,0.150896
0.273152,0.150896
0.273097,0.150896
0.273043,0.150896
0.272988,0.150896
0.272934,0.150896
0.272880,0.150896
0.272825,0.151086
0.272771,0.151086
0.272716,0.151086
0.272662,0.151086
0.272607,0.151086
0.272553,0.151086
0.272499,0.151277
0.272444,0.151277
0.272390,0.151277
0.272335,0.151277
0.272281,0.151277
0.272226,0.151277
0.272172,0.151277
0.272118,0.151277
0.272063,0.151277
0.272009,0.151277
0.271954,0.151277
0.271900,0.151468
0.271845,0.151468
0.271791,0.151277
0.271737,0.151468
0.271682,0.151468
0.271628,0.151468
0.271573,0.151468
0.271519,0.151468
0.271464,0.151659
0.271410,0.151659
0.271356,0.151659
0.271301,0.151659
0.271247,0.151659
0.271192,0.151659
0.271138,0.151659
0.271083,0.151659
0.271029,0.151659
0.270975,0.151659
0.270920,0.151849
0.270866,0.151849
0.270811,0.151849
0.270757,0.151849
0.270702,0.151849
0.270648,0.151849
0.270594,0.152040
0.270539,0.152040
0.270485,0.151849
0.270430,0.152040
0.270376,0.152040
0.270321,0.152040
0.270267,0.152040
0.270213,0.152040
0.270158,0.152040
0.270104,0.152040
0.270049,0.152040
0.269995,0.152040
0.269940,0.152040
0.269886,0.152231
0.269831,0.152231
0.269777,0.152231
0.269723,0.152231
0.269668,0.152231
0.269614,0.152231
0.269559,0.152231
0.269505,0.152422
0.269450,0.152422
0.269396,0.152422
0.269342,0.152422
0.269287,0.152422
0.269233,0.152422
0.269178,0.152422
0.269124,0.152422
0.269069,0.152422
0.269015,0.152422
0.268961,0.152613
0.268906,0.152613
0.268852,0.152613
0.268797,0.152613
0.268743,0.152613
0.268688,0.152613
0.268634,0.152613
0.268580,0.152803
0.268525,0.152803
0.268471,0.152803
0.268416,0.152803
0.268362,0.152803
0.268307,0.152803
0.268253,0.152803
0.268199,0.152803
0.268144,0.152803
0.268090,0.152803
0.268035,0.152803
0.267981,0.152994
0.267926,0.152994
0.267872,0.152994
0.267817,0.152994
0.267763,0.152994
0.267709,0.153185
0.267654,0.152994
0.267600,0.153185
0.267545,0.153185
0.267491,0.153185
0.267436,0.153185
0.267382,0.153185
0.267328,0.153185
0.267273,0.153185
0.267219,0.153185
0.267164,0.153185
0.267110,0.153376
0.267055,0.153376
0.267001,0.153376
0.266947,0.153376
0.266892,0.153376
0.266838,0.153376
0.266783,0.153376
0.266729,0.153566
0.266674,0.153566
0.266620,0.153566
0.266565,0.153566
0.266511,0.153566
0.266457,0.153566
0.266402,0.153566
0.266348,0.153566
0.266293,0.153566
0.266239,0.153566
0.266184,0.153566
0.266130,0.153566
0.266076,0.153757
0.266021,0.153757
0.265967,0.153757
0.265912,0.153757
0.265858,0.153757
0.265803,0.153948
0.265749,0.153757
0.265695,0.153757
0.265640,0.153948
0.265586,0.153948
0.265531,0.153948
0.265477,0.153948
0.265422,0.153948
0.265368,0.153948
0.265313,0.153948
0.265259,0.153948
0.265205,0.153948
0.265150,0.153948
0.265096,0.153948
0.265041,0.154139
0.264987,0.153948
0.264932,0.154139
0.264878,0.154139
0.264824,0.154139
0.264769,0.154139
0.264715,0.154139
0.264660,0.154329
0.264606,0.154139
0.264551,0.154329
0.264497,0.154329
0.264442,0.154329
0.264388,0.154329
0.264334,0.154329
0.264279,0.154329
0.264225,0.154329
0.264170,0.154329
0.264116,0.154329
0.264061,0.154520
0.264007,0.154520
0.263953,0.154520
0.263898,0.154520
0.263844,0.154520
0.263789,0.154520
0.263735,0.154520
0.263680,0.154520
0.263626,0.154711
0.263572,0.154711
0.263517,0.154711
0.263463,0.154711
0.263408,0.154711
0.263354,0.154711
0.263299,0.154711
0.263245,0.154711
0.263191,0.154711
0.263136,0.154711
0.263082,0.154902
0.263027,0.154902
0.262973,0.154902
0.262918,0.154902
0.262864,0.154902
0.262810,0.154902
0.262755,0.154902
0.262701,0.154902
0.262646,0.154902
0.262592,0.155092
0.262537,0.155092
0.262483,0.155092
0.262429,0.155092
0.262374,0.155092
0.262320,0.155092
0.262265,0.155092
0.262211,0.155092
0.262156,0.155092
0.262102,0.155283
0.262047,0.155283
0.261993,0.155283
0.261939,0.155283
0.261884,0.155283
0.261830,0.155283
0.261775,0.155283
0.261721,0.155283
0.261666,0.155474
0.261612,0.155474
0.261558,0.155474
0.261503,0.155474
0.261449,0.155474
0.261394,0.155474
0.261340,0.155474
0.261285,0.155474
0.261231,0.155665
0.261177,0.155665
0.261122,0.155665
0.261068,0.155665
0.261013,0.155665
0.260959,0.155665
0.260904,0.155856
0.260850,0.155665
0.260795,0.155856
0.260741,0.155856
0.260687,0.155856
0.260632,0.155856
0.260578,0.155856
0.260523,0.155856
0.260469,0.155856
0.260414,0.155856
0.260360,0.156046
0.260306,0.156046
0.260251,0.156046
0.260197,0.156046
0.260142,0.156046
0.260088,0.156046
0.260033,0.156046
0.259979,0.156046
0.259924,0.156046
0.259870,0.156237
0.259816,0.156237
0.259761,0.156237
0.259707,0.156237
0.259652,0.156237
0.259598,0.156237
0.259543,0.156237
0.259489,0.156237
0.259435,0.156428
0.259380,0.156428
0.259326,0.156428
0.259271,0.156428
0.259217,0.156428
0.259162,0.156428
0.259108,0.156428
0.259053,0.156619
0.258999,0.156619
0.258945,0.156619
0.258890,0.156619
0.258836,0.156619
0.258781,0.156619
0.258727,0.156619
0.258672,0.156619
0.258618,0.156619
0.258564,0.156619
0.258509,0.156619
0.258455,0.156619
0.258400,0.156809
0.258346,0.156809
0.258291,0.156809
0.258237,0.156809
0.258183,0.156809
0.258128,0.156809
0.258074,0.157000
0.258019,0.157000
0.257965,0.157000
0.257910,0.157000
0.257856,0.157000
0.257801,0.157000
0.257747,0.157000
0.257693,0.157000
0.257638,0.157000
0.257584,0.157000
0.257529,0.157000
0.257475,0.157191
0.257420,0.157000
0.257366,0.157191
0.257312,0.157191
0.257257,0.157191
0.257203,0.157191
0.257148,0.157191
0.257094,0.157191
0.257039,0.157191
0.256985,0.157191
0.256931,0.157191
0.256876,0.157382
0.256822,0.157191
0.256767,0.157382
0.256713,0.157382
0.256658,0.157382
0.256604,0.157382
0.256549,0.157382
0.256495,0.157382
0.256441,0.157382
0.256386,0.157572
0.256332,0.157572
0.256277,0.157572
0.256223,0.157572
0.256168,0.157572
0.256114,0.157572
0.256060,0.157763
0.256005,0.157763
0.255951,0.157763
0.255896,0.157763
0.255842,0.157763
0.255787,0.157763
0.255733,0.157763
0.255679,0.157763
0.255624,0.157763
0.255570,0.157954
0.255515,0.157954
0.255461,0.157763
0.255406,0.157954
0.255352,0.157954
0.255297,0.157954
0.255243,0.157954
0.255189,0.157954
0.255134,0.158145
0.255080,0.158145
0.255025,0.158145
0.254971,0.158145
0.254916,0.158145
0.254862,0.158145
0.254808,0.158145
0.254753,0.158145
0.254699,0.158145
0.254644,0.158145
0.254590,0.158145
0.254535,0.158145
0.254481,0.158145
0.254426,0.158336
0.254372,0.158336
0.254318,0.158336
0.254263,0.158336
0.254209,0.158336
0.254154,0.158526
0.254100,0.158526
0.254045,0.158526
0.253991,0.158526
0.253937,0.158526
0.253882,0.158526
0.253828,0.158526
0.253773,0.158526
0.253719,0.158526
0.253664,0.158717
0.253610,0.158526
0.253555,0.158717
0.253501,0.158717
0.253447,0.158717
0.253392,0.158717
0.253338,0.158717
0.253283,0.158908
0.253229,0.158908
0.253174,0.158908
0.253120,0.158908
0.253065,0.158908
0.253011,0.158908
0.252957,0.158908
0.252902,0.158908
0.252848,0.158908
0.252793,0.158908
0.252739,0.159099
0.252684,0.159099
0.252630,0.159099
0.252576,0.159099
0.252521,0.159099
0.252467,0.159289
0.252412,0.159099
0.252358,0.159289
0.252303,0.159289
0.252249,0.159289
0.252195,0.159289
0.252140,0.159289
0.252086,0.159289
0.252031,0.159289
0.251977,0.159480
0.251922,0.159480
0.251868,0.159480
0.251813,0.159480
0.251759,0.159480
0.251705,0.159480
0.251650,0.159480
0.251596,0.159480
0.251541,0.159480
0.251487,0.159480
0.251432,0.159671
0.251378,0.159671
0.251323,0.159671
0.251269,0.159671
0.251215,0.159671
0.251160,0.159671
0.251106,0.159671
0.251051,0.159671
0.250997,0.159671
0.250942,0.159671
0.250888,0.159862
0.250833,0.159862
0.250779,0.159862
0.250725,0.159862
0.250670,0.159862
0.250616,0.159862
0.250561,0.160052
0.250507,0.160052
0.250452,0.160052
0.250398,0.160052
0.250344,0.160052
0.250289,0.160052
0.250235,0.160052
0.250180,0.160052
0.250126,0.160052
0.250071,0.160052
0.250017,0.160052
0.249963,0.160052
0.249908,0.160052
0.249854,0.160243
0.249799,0.160243
0.249745,0.160243
0.249690,0.160243
0.249636,0.160243
0.249581,0.160243
0.249527,0.160243
0.249473,0.160243
0.249418,0.160434
0.249364,0.160434
0.249309,0.160434
0.249255,0.160434
0.249200,0.160434
0.249146,0.160434
0.249092,0.160434
0.249037,0.160434
0.248983,0.160434
0.248928,0.160434
0.248874,0.160625
0.248819,0.160625
0.248765,0.160625
0.248710,0.160625
0.248656,0.160625
0.248602,0.160625
0.248547,0.160815
0.248493,0.160815
0.248438,0.160815
0.248384,0.160815
0.248329,0.160815
0.248275,0.160815
0.248221,0.160815
0.248166,0.160815
0.248112,0.160815
0.248057,0.160815
0.248003,0.161006
0.247948,0.161006
0.247894,0.161006
0.247840,0.161006
0.247785,0.161006
0.247731,0.161006
0.247676,0.161006
0.247622,0.161197
0.247567,0.161197
0.247513,0.161197
0.247459,0.161197
0.247404,0.161197
0.247350,0.161197
0.247295,0.161197
0.247241,0.161197
0.247186,0.161197
0.247132,0.161197
0.247077,0.161388
0.247023,0.161388
0.246969,0.161388
0.246914,0.161388
0.246860,0.161388
0.246805,0.161388
0.246751,0.161388
0.246696,0.161579
0.246642,0.161579
0.246588,0.161579
0.246533,0.161579
0.246479,0.161579
0.246424,0.161579
0.246370,0.161579
0.246315,0.161579
0.246261,0.161769
0.246207,0.161579
0.246152,0.161769
0.246098,0.161769
0.246043,0.161769
0.245989,0.161769
0.245934,0.161960
0.245880,0.161960
0.245825,0.161960
0.245771,0.161960
0.245717,0.161960
0.245662,0.161960
0.245608,0.161960
0.245553,0.161960
0.245499,0.161960
0.245444,0.161960
0.245390,0.161960
0.245335,0.161960
0.245281,0.162151
0.245227,0.162151
0.245172,0.162151
0.245118,0.162151
0.245063,0.162151
0.245009,0.162342
0.244954,0.162151
0.244900,0.162342
0.244846,0.162342
0.244791,0.162342
0.244737,0.162342
0.244682,0.162342
0.244628,0.162342
0.244573,0.162342
0.244519,0.162342
0.244464,0.162532
0.244410,0.162532
0.244356,0.162532
0.244301,0.162532
0.244247,0.162532
0.244192,0.162532
0.244138,0.162532
0.244083,0.162532
0.244029,0.162723
0.243975,0.162723
0.243920,0.162723
0.243866,0.162723
0.243811,0.162723
0.243757,0.162723
0.243702,0.162723
0.243648,0.162723
0.243593,0.162723
0.243539,0.162723
0.243485,0.162723
0.243430,0.162723
0.243376,0.162914
0.243321,0.162914
0.243267,0.162914
0.243212,0.162914
0.243158,0.162914
0.243104,0.162914
0.243049,0.162914
0.242995,0.162914
0.242940,0.163105
0.242886,0.163105
0.242831,0.163105
0.242777,0.163105
0.242723,0.163105
0.242668,0.163105
0.242614,0.163105
0.242559,0.163105
0.242505,0.163105
0.242450,0.163105
0.242396,0.163105
0.242342,0.163295
0.242287,0.163295
0.242233,0.163295
0.242178,0.163295
0.242124,0.163295
0.242069,0.163295
0.242015,0.163295
0.241961,0.163295
0.241906,0.163295
0.241852,0.163486
0.241797,0.163486
0.241743,0.163486
0.241688,0.163486
0.241634,0.163486
0.241580,0.163486
0.241525,0.163486
0.241471,0.163486
0.241416,0.163486
0.241362,0.163486
0.241307,0.163486
0.241253,0.163486
0.241199,0.163486
0.241144,0.163677
0.241090,0.163677
0.241035,0.163677
0.240981,0.163677
0.240926,0.163677
0.240872,0.163677
0.240818,0.163868
0.240763,0.163868
0.240709,0.163868
0.240654,0.163868
0.240600,0.163868
0.240545,0.163868
0.240491,0.163868
0.240437,0.163868
0.240382,0.163868
0.240328,0.163868
0.240273,0.164058
0.240219,0.164058
0.240164,0.164058
0.240110,0.164058
0.240055,0.164058
0.240001,0.164058
0.239947,0.164058
0.239892,0.164058
0.239838,0.164249
0.239783,0.164058
0.239729,0.164249
0.239674,0.164249
0.239620,0.164249
0.239566,0.164249
0.239511,0.164249
0.239457,0.164249
0.239402,0.164249
0.239348,0.164249
0.239293,0.164249
0.239239,0.164249
0.239185,0.164440
0.239130,0.164249
0.239076,0.164440
0.239021,0.164440
0.238967,0.164440
0.238912,0.164440
0.238858,0.164440
0.238803,0.164440
0.238749,0.164631
0.238695,0.164631
0.238640,0.164631
0.238586,0.164631
0.238531,0.164631
0.238477,0.164631
0.238422,0.164631
0.238368,0.164631
0.238314,0.164631
0.238259,0.164631
0.238205,0.164631
0.238150,0.164822
0.238096,0.164822
0.238041,0.164822
0.237987,0.164822
0.237933,0.164822
0.237878,0.164822
0.237824,0.164822
0.237769,0.165012
0.237715,0.165012
0.237660,0.165012
0.237606,0.165012
0.237551,0.165012
0.237497,0.165012
0.237443,0.165012
0.237388,0.165012
0.237334,0.165012
0.237279,0.165012
0.237225,0.165012
0.237170,0.165203
0.237116,0.165203
0.237062,0.165203
0.237007,0.165203
0.236953,0.165203
0.236898,0.165203
0.236844,0.165203
0.236789,0.165203
0.236735,0.165203
0.236681,0.165203
0.236626,0.165394
0.236572,0.165394
0.236517,0.165394
0.236463,0.165394
0.236408,0.165394
0.236354,0.165394
0.236300,0.165394
0.236245,0.165394
0.236191,0.165394
0.236136,0.165585
0.236082,0.165585
0.236027,0.165585
0.235973,0.165394
0.235918,0.165585
0.235864,0.165585
0.235810,0.165585
0.235755,0.165585
0.235701,0.165585
0.235646,0.165585
0.235592,0.165775
0.235537,0.165775
0.235483,0.165775
0.235429,0.165775
0.235374,0.165775
0.235320,0.165775
0.235265,0.165775
0.235211,0.165775
0.235156,0.165775
0.235102,0.165775
0.235047,0.165775
0.234993,0.165775
0.234939,0.165775
0.234884,0.165966
0.234830,0.165775
0.234775,0.165775
0.234721,0.165966
0.234666,0.165966
0.234612,0.165966
0.234557,0.165966
0.234503,0.165966
0.234449,0.165966
0.234394,0.165966
0.234340,0.166157
0.234285,0.166157
0.234231,0.166157
0.234176,0.166157
0.234122,0.166157
0.234068,0.166157
0.234013,0.166157
0.233959,0.166157
0.233904,0.166157
0.233850,0.166157
0.233795,0.166157
0.233741,0.166157
0.233686,0.166157
0.233632,0.166157
0.233578,0.166157
0.233523,0.166348
0.233469,0.166157
0.233414,0.166348
0.233360,0.166348
0.233305,0.166348
0.233251,0.166348
0.233196,0.166348
0.233142,0.166348
0.233088,0.166348
0.233033,0.166538
0.232979,0.166538
0.232924,0.166348
0.232870,0.166538
0.232815,0.166538
0.232761,0.166538
0.232707,0.166538
0.232652,0.166538
0.232598,0.166538
0.232543,0.166538
0.232489,0.166538
0.232434,0.166538
0.232380,0.166538
0.232325,0.166538
0.232271,0.166538
0.232217,0.166729
0.232162,0.166729
0.232108,0.166729
0.232053,0.166729
0.231999,0.166729
0.231944,0.166729
0.231890,0.166729
0.231836,0.166729
0.231781,0.166729
0.231727,0.166729
0.231672,0.166729
0.231618,0.166920
0.231563,0.166920
0.231509,0.166920
0.231454,0.166920
0.231400,0.166920
0.231345,0.166920
0.231291,0.166920
0.231237,0.166920
0.231182,0.166920
0.231128,0.166920
0.231073,0.167111
0.231019,0.167111
0.230964,0.167111
0.230910,0.167111
0.230856,0.167111
0.230801,0.167111
0.230747,0.167111
0.230692,0.167111
0.230638,0.167111
0.230583,0.167111
0.230529,0.167301
0.230474,0.167301
0.230420,0.167301
0.230365,0.167301
0.230311,0.167301
0.230257,0.167301
0.230202,0.167301
0.230148,0.167301
0.230093,0.167301
0.230039,0.167301
0.229984,0.167301
0.229930,0.167301
0.229876,0.167301
0.229821,0.167301
0.229767,0.167492
0.229712,0.167492
0.229658,0.167301
0.229603,0.167492
0.229549,0.167492
0.229495,0.167492
0.229440,0.167492
0.229386,0.167492
0.229331,0.167492
0.229277,0.167492
0.229222,0.167683
0.229168,0.167492
0.229113,0.167683
0.229059,0.167683
0.229005,0.167683
0.228950,0.167683
0.228896,0.167683
0.228841,0.167683
0.228787,0.167683
0.228732,0.167683
0.228678,0.167683
0.228624,0.167683
0.228569,0.167683
0.228515,0.167683
0.228460,0.167683
0.228406,0.167874
0.228351,0.167874
0.228297,0.167874
0.228242,0.167874
0.228188,0.167874
0.228134,0.167874
0.228079,0.167874
0.228025,0.167874
0.227970,0.168065
0.227916,0.168065
0.227861,0.168065
0.227807,0.168065
0.227753,0.168065
0.227698,0.168065
0.227644,0.168065
0.227589,0.168065
0.227535,0.168065
0.227480,0.168065
0.227426,0.168065
0.227371,0.168065
0.227317,0.168255
0.227263,0.168255
0.227208,0.168255
0.227154,0.168255
0.227099,0.168255
0.227045,0.168255
0.226990,0.168255
0.226936,0.168255
0.226882,0.168255
0.226827,0.168255
0.226773,0.168255
0.226718,0.168446
0.226664,0.168446
0.226609,0.168446
0.226555,0.168446
0.226500,0.168446
0.226446,0.168446
0.226392,0.168446
0.226337,0.168446
0.226283,0.168446
0.226228,0.168446
0.226174,0.168446
0.226119,0.168637
0.226065,0.168637
0.226011,0.168637
0.225956,0.168637
0.225902,0.168637
0.225847,0.168637
0.225793,0.168637
0.225738,0.168637
0.225684,0.168637
0.225629,0.168637
0.225575,0.168637
0.225521,0.168828
0.225466,0.168637
0.225412,0.168828
0.225357,0.168828
0.225303,0.168828
0.225248,0.168828
0.225194,0.168828
0.225140,0.168828
0.225085,0.168828
0.225031,0.168828
0.224976,0.168828
0.224922,0.168828
0.224867,0.168828
0.224813,0.168828
0.224758,0.168828
0.224704,0.168828
0.224650,0.169018
0.224595,0.169018
0.224541,0.169018
0.224486,0.169018
0.224432,0.169018
0.224377,0.169018
0.224323,0.169018
0.224269,0.169018
0.224214,0.169018
0.224160,0.169018
0.224105,0.169209
0.224051,0.169209
0.223996,0.169209
0.223942,0.169209
0.223888,0.169209
0.223833,0.169209
0.223779,0.169209
0.223724,0.169209
0.223670,0.169209
0.223615,0.169209
0.223561,0.169209
0.223507,0.169209
0.223452,0.169209
0.223398,0.169209
0.223343,0.169209
0.223289,0.169209
0.223234,0.169400
0.223180,0.169400
0.223125,0.169400
0.223071,0.169400
0.223017,0.169400
0.222962,0.169400
0.222908,0.169400
0.222853,0.169400
0.222799,0.169400
0.222744,0.169400
0.222690,0.169591
0.222635,0.169400
0.222581,0.169400
0.222527,0.169591
0.222472,0.169591
0.222418,0.169591
0.222363,0.169591
0.222309,0.169591
0.222254,0.169591
0.222200,0.169591
0.222145,0.169591
0.222091,0.169591
0.222037,0.169591
0.221982,0.169591
0.221928,0.169591
0.221873,0.169591
0.221819,0.169591
0.221764,0.169591
0.221710,0.169781
0.221655,0.169781
0.221601,0.169781
0.221547,0.169781
0.221492,0.169781
0.221438,0.169781
0.221383,0.169781
0.221329,0.169781
0.221274,0.169972
0.221220,0.169972
0.221166,0.169972
0.221111,0.169972
0.221057,0.169972
0.221002,0.169972
0.220948,0.169972
0.220893,0.169972
0.220839,0.169972
0.220785,0.169972
0.220730,0.169972
0.220676,0.169972
0.220621,0.170163
0.220567,0.169972
0.220512,0.170163
0.220458,0.170163
0.220403,0.170163
0.220349,0.170163
0.220295,0.170163
0.220240,0.170163
0.220186,0.170163
0.220131,0.170163
0.220077,0.170163
0.220022,0.170163
0.219968,0.170163
0.219914,0.170163
0.219859,0.170354
0.219805,0.170163
0.219750,0.170354
0.219696,0.170354
0.219641,0.170354
0.219587,0.170354
0.219533,0.170354
0.219478,0.170354
0.219424,0.170354
0.219369,0.170354
0.219315,0.170354
0.219260,0.170354
0.219206,0.170354
0.219151,0.170354
0.219097,0.170354
0.219043,0.170545
0.218988,0.170545
0.218934,0.170545
0.218879,0.170545
0.218825,0.170545
0.218770,0.170545
0.218716,0.170545
0.218661,0.170545
0.218607,0.170735
0.218553,0.170545
0.218498,0.170735
0.218444,0.170735
0.218389,0.170735
0.218335,0.170735
0.218280,0.170735
0.218226,0.170735
0.218172,0.170735
0.218117,0.170735
0.218063,0.170735
0.218008,0.170735
0.217954,0.170735
0.217899,0.170926
0.217845,0.170926
0.217791,0.170926
0.217736,0.170926
0.217682,0.170926
0.217627,0.170926
0.217573,0.170926
0.217518,0.170926
0.217464,0.170926
0.217409,0.171117
0.217355,0.170926
0.217301,0.170926
0.217246,0.171117
0.217192,0.171117
0.217137,0.171117
0.217083,0.171117
0.217028,0.171117
0.216974,0.171117
0.216919,0.171117
0.216865,0.171117
0.216811,0.171117
0.216756,0.171117
0.216702,0.171117
0.216647,0.171117
0.216593,0.171117
0.216538,0.171308
0.216484,0.171308
0.216430,0.171308
0.216375,0.171308
0.216321,0.171308
0.216266,0.171308
0.216212,0.171308
0.216157,0.171498
0.216103,0.171308
0.216048,0.171308
0.215994,0.171498
0.215940,0.171498
0.215885,0.171498
0.215831,0.171498
0.215776,0.171498
0.215722,0.171498
0.215667,0.171498
0.215613,0.171498
0.215559,0.171498
0.215504,0.171498
0.215450,0.171498
0.215395,0.171498
0.215341,0.171498
0.215286,0.171498
0.215232,0.171689
0.215177,0.171689
0.215123,0.171689
0.215069,0.171689
0.215014,0.171689
0.214960,0.171689
0.214905,0.171689
0.214851,0.171689
0.214796,0.171689
0.214742,0.171880
0.214688,0.171689
0.214633,0.171880
0.214579,0.171880
0.214524,0.171880
0.214470,0.171880
0.214415,0.171880
0.214361,0.171880
0.214306,0.171880
0.214252,0.171880
0.214198,0.171880
0.214143,0.171880
0.214089,0.171880
0.214034,0.171880
0.213980,0.171880
0.213925,0.172071
0.213871,0.172071
0.213817,0.172071
0.213762,0.172071
0.213708,0.172071
0.213653,0.172071
0.213599,0.172071
0.213544,0.172071
0.213490,0.172261
0.213435,0.172071
0.213381,0.172071
0.213327,0.172071
0.213272,0.172261
0.213218,0.172261
0.213163,0.172261
0.213109,0.172261
0.213054,0.172261
0.213000,0.172261
0.212945,0.172261
0.212891,0.172261
0.212837,0.172261
0.212782,0.172261
0.212728,0.172261
0.212673,0.172261
0.212619,0.172261
0.212564,0.172261
0.212510,0.172261
0.212456,0.172261
0.212401,0.172452
0.212347,0.172452
0.212292,0.172452
0.212238,0.172452
0.212183,0.172452
0.212129,0.172452
0.212075,0.172452
0.212020,0.172643
0.211966,0.172452
0.211911,0.172452
0.211857,0.172643
0.211802,0.172452
0.211748,0.172643
0.211693,0.172643
0.211639,0.172643
0.211585,0.172643
0.211530,0.172643
0.211476,0.172643
0.211421,0.172643
0.211367,0.172643
0.211312,0.172643
0.211258,0.172643
0.211204,0.172643
0.211149,0.172643
0.211095,0.172643
0.211040,0.172834
0.210986,0.172834
0.210931,0.172834
0.210877,0.172834
0.210822,0.172834
0.210768,0.172834
0.210714,0.172834
0.210659,0.173024
0.210605,0.172834
0.210550,0.173024
0.210496,0.173024
0.210441,0.173024
0.210387,0.173024
0.210333,0.173024
0.210278,0.173024
0.210224,0.173024
0.210169,0.173024
0.210115,0.173024
0.210060,0.173024
0.210006,0.173024
0.209952,0.173215
0.209897,0.173215
0.209843,0.173024
0.209788,0.173215
0.209734,0.173215
0.209679,0.173215
0.209625,0.173215
0.209570,0.173215
0.209516,0.173215
0.209462,0.173215
0.209407,0.173215
0.209353,0.173215
0.209298,0.173406
0.209244,0.173406
0.209189,0.173406
0.209135,0.173406
0.209081,0.173406
0.209026,0.173406
0.208972,0.173406
0.208917,0.173406
0.208863,0.173406
0.208808,0.173406
0.208754,0.173406
0.208699,0.173406
0.208645,0.173406
0.208591,0.173406
0.208536,0.173597
0.208482,0.173597
0.208427,0.173597
0.208373,0.173597
0.208318,0.173597
0.208264,0.173597
0.208210,0.173597
0.208155,0.173788
0.208101,0.173788
0.208046,0.173788
0.207992,0.173788
0.207937,0.173788
0.207883,0.173788
0.207828,0.173788
0.207774,0.173788
0.207720,0.173788
0.207665,0.173788
0.207611,0.173788
0.207556,0.173788
0.207502,0.173788
0.207447,0.173978
0.207393,0.173978
0.207339,0.173978
0.207284,0.173978
0.207230,0.173978
0.207175,0.173978
0.207121,0.174169
0.207066,0.174169
0.207012,0.174169
0.206957,0.174169
0.206903,0.174169
0.206849,0.174169
0.206794,0.174169
0.206740,0.174169
0.206685,0.174169
0.206631,0.174169
0.206576,0.174169
0.206522,0.174169
0.206468,0.174360
0.206413,0.174169
0.206359,0.174169
0.206304,0.174360
0.206250,0.174360
0.206195,0.174360
0.206141,0.174360
0.206087,0.174360
0.206032,0.174551
0.205978,0.174360
0.205923,0.174551
0.205869,0.174360
0.205814,0.174551
0.205760,0.174551
0.205705,0.174551
0.205651,0.174551
0.205597,0.174551
0.205542,0.174551
0.205488,0.174551
0.205433,0.174551
0.205379,0.174551
0.205324,0.174551
0.205270,0.174741
0.205216,0.174741
0.205161,0.174741
0.205107,0.174741
0.205052,0.174741
0.204998,0.174741
0.204943,0.174741
0.204889,0.174741
0.204834,0.174741
0.204780,0.174932
0.204726,0.174932
0.204671,0.174932
0.204617,0.174932
0.204562,0.174932
0.204508,0.174932
0.204453,0.174932
0.204399,0.174932
0.204345,0.174932
0.204290,0.174932
0.204236,0.174932
0.204181,0.174932
0.204127,0.175123
0.204072,0.174932
0.204018,0.175123
0.203963,0.175123
0.203909,0.175123
0.203855,0.175123
0.203800,0.175123
0.203746,0.175123
0.203691,0.175123
0.203637,0.175314
0.203582,0.175314
0.203528,0.175314
0.203473,0.175314
0.203419,0.175314
0.203365,0.175314
0.203310,0.175314
0.203256,0.175314
0.203201,0.175314
0.203147,0.175314
0.203092,0.175314
0.203038,0.175314
0.202983,0.175314
0.202929,0.175314
0.202875,0.175314
0.202820,0.175314
0.202766,0.175314
0.202711,0.175504
0.202657,0.175504
0.202602,0.175504
0.202548,0.175504
0.202493,0.175504
0.202439,0.175504
0.202385,0.175504
0.202330,0.175504
0.202276,0.175504
0.202221,0.175504
0.202167,0.175695
0.202112,0.175695
0.202058,0.175695
0.202003,0.175695
0.201949,0.175695
0.201895,0.175695
0.201840,0.175695
0.201786,0.175695
0.201731,0.175695
0.201677,0.175695
0.201622,0.175886
0.201568,0.175886
0.201514,0.175886
0.201459,0.175886
0.201405,0.175886
0.201350,0.175886
0.201296,0.175886
0.201241,0.175886
0.201187,0.175886
0.201132,0.176077
0.201078,0.176077
0.201024,0.176077
0.200969,0.176077
0.200915,0.176077
0.200860,0.176077
0.200806,0.176077
0.200751,0.176077
0.200697,0.176077
0.200642,0.176077
0.200588,0.176077
0.200534,0.176077
0.200479,0.176267
0.200425,0.176267
0.200370,0.176267
0.200316,0.176267
0.200261,0.176267
0.200207,0.176267
0.200153,0.176267
0.200098,0.176267
0.200044,0.176458
0.199989,0.176458
0.199935,0.176458
0.199880,0.176458
0.199826,0.176458
0.199771,0.176458
0.199717,0.176458
0.199663,0.176458
0.199608,0.176458
0.199554,0.176458
0.199499,0.176458
0.199445,0.176458
0.199390,0.176649
0.199336,0.176649
0.199281,0.176649
0.199227,0.176649
0.199173,0.176649
0.199118,0.176649
0.199064,0.176649
0.199009,0.176649
0.198955,0.176840
0.198900,0.176840
0.198846,0.176840
0.198792,0.176840
0.198737,0.176840
0.198683,0.176840
0.198628,0.176840
0.198574,0.176840
0.198519,0.176840
0.198465,0.176840
0.198410,0.177031
0.198356,0.177031
0.198302,0.177031
0.198247,0.177031
0.198193,0.177031
0.198138,0.177031
0.198084,0.177031
0.198029,0.177221
0.197975,0.177221
0.197920,0.177221
0.197866,0.177221
0.197812,0.177221
0.197757,0.177221
0.197703,0.177221
0.197648,0.177221
0.197594,0.177221
0.197539,0.177221
0.197485,0.177412
0.197430,0.177412
0.197376,0.177412
0.197321,0.177412
0.197267,0.177412
0.197213,0.177412
0.197158,0.177412
0.197104,0.177412
0.197049,0.177412
0.196995,0.177412
0.196940,0.177603
0.196886,0.177603
0.196831,0.177603
0.196777,0.177603
0.196723,0.177603
0.196668,0.177603
0.196614,0.177603
0.196559,0.177603
0.196505,0.177603
0.196450,0.177603
0.196396,0.177794
0.196341,0.177794
0.196287,0.177794
0.196233,0.177794
0.196178,0.177794
0.196124,0.177984
0.196069,0.177794
0.196015,0.177794
0.195960,0.177984
0.195906,0.177984
0.195851,0.177984
0.195797,0.177984
0.195743,0.177984
0.195688,0.177984
0.195634,0.177984
0.195579,0.177984
0.195525,0.177984
0.195470,0.177984
0.195416,0.177984
0.195362,0.177984
0.195307,0.178175
0.195253,0.178175
0.195198,0.178175
0.195144,0.178175
0.195089,0.178366
0.195035,0.178175
0.194980,0.178366
0.194926,0.178366
0.194872,0.178366
0.194817,0.178366
0.194763,0.178366
0.194708,0.178366
0.194654,0.178366
0.194599,0.178366
0.194545,0.178366
0.194490,0.178366
0.194436,0.178366
0.194382,0.178366
0.194327,0.178366
0.194273,0.178366
0.194218,0.178557
0.194164,0.178557
0.194109,0.178557
0.194055,0.178557
0.194000,0.178557
0.193946,0.178557
0.193891,0.178557
0.193837,0.178557
0.193783,0.178557
0.193728,0.178747
0.193674,0.178747
0.193619,0.178747
0.193565,0.178747
0.193510,0.178747
0.193456,0.178747
0.193401,0.178747
0.193347,0.178747
0.193293,0.178938
0.193238,0.178747
0.193184,0.178938
0.193129,0.178938
0.193075,0.178938
0.193020,0.178938
0.192966,0.178938
0.192911,0.178938
0.192857,0.178938
0.192803,0.179129
0.192748,0.179129
0.192694,0.179129
0.192639,0.179129
0.192585,0.179129
0.192530,0.179129
0.192476,0.179129
0.192422,0.179129
0.192367,0.179129
0.192313,0.179320
0.192258,0.179129
0.192204,0.179320
0.192149,0.179320
0.192095,0.179320
0.192040,0.179320
0.191986,0.179320
0.191932,0.179320
0.191877,0.179511
0.191823,0.179511
0.191768,0.179511
0.191714,0.179511
0.191659,0.179511
0.191605,0.179511
0.191550,0.179511
0.191496,0.179511
0.191442,0.179511
0.191387,0.179511
0.191333,0.179511
0.191278,0.179511
0.191224,0.179701
0.191169,0.179701
0.191115,0.179701
0.191060,0.179701
0.191006,0.179701
0.190951,0.179701
0.190897,0.179892
0.190843,0.179892
0.190788,0.179892
0.190734,0.179892
0.190679,0.179892
0.190625,0.179892
0.190570,0.179892
0.190516,0.179892
0.190461,0.180083
0.190407,0.180083
0.190353,0.180083
0.190298,0.180083
0.190244,0.180083
0.190189,0.180083
0.190135,0.180274
0.190080,0.180274
0.190026,0.180274
0.189971,0.180274
0.189917,0.180274
0.189863,0.180274
0.189808,0.180274
0.189754,0.180274
0.189699,0.180274
0.189645,0.180274
0.189590,0.180274
0.189536,0.180464
0.189481,0.180464
0.189427,0.180464
0.189373,0.180464
0.189318,0.180464
0.189264,0.180464
0.189209,0.180655
0.189155,0.180464
0.189100,0.180655
0.189046,0.180655
0.188991,0.180655
0.188937,0.180655
0.188883,0.180655
0.188828,0.180655
0.188774,0.180655
0.188719,0.180655
0.188665,0.180655
0.188610,0.180846
0.188556,0.180846
0.188501,0.180846
0.188447,0.180846
0.188393,0.180846
0.188338,0.180846
0.188284,0.180846
0.188229,0.181037
0.188175,0.181037
0.188120,0.181037
0.188066,0.181037
0.188012,0.181037
0.187957,0.181037
0.187903,0.181037
0.187848,0.181037
0.187794,0.181037
0.187739,0.181037
0.187685,0.181037
0.187630,0.181227
0.187576,0.181227
0.187522,0.181227
0.187467,0.181227
0.187413,0.181227
0.187358,0.181418
0.187304,0.181418
0.187249,0.181418
0.187195,0.181418
0.187140,0.181418
0.187086,0.181418
0.187032,0.181418
0.186977,0.181418
0.186923,0.181418
0.186868,0.181418
0.186814,0.181418
0.186759,0.181418
0.186705,0.181609
0.186650,0.181609
0.186596,0.181609
0.186542,0.181609
0.186487,0.181609
0.186433,0.181609
0.186378,0.181609
0.186324,0.181609
0.186269,0.181609
0.186215,0.181800
0.186160,0.181800
0.186106,0.181800
0.186052,0.181800
0.185997,0.181800
0.185943,0.181800
0.185888,0.181800
0.185834,0.181990
0.185779,0.181800
0.185725,0.181990
0.185670,0.181990
0.185616,0.181990
0.185561,0.181990
0.185507,0.181990
0.185453,0.181990
0.185398,0.181990
0.185344,0.181990
0.185289,0.182181
0.185235,0.182181
0.185180,0.182181
0.185126,0.182181
0.185071,0.182181
0.185017,0.182181
0.184963,0.182181
0.184908,0.182181
0.184854,0.182181
0.184799,0.182372
0.184745,0.182372
0.184690,0.182372
0.184636,0.182372
0.184581,0.182372
0.184527,0.182563
0.184473,0.182563
0.184418,0.182563
0.184364,0.182563
0.184309,0.182563
0.184255,0.182563
0.184200,0.182563
0.184146,0.182563
0.184091,0.182563
0.184037,0.182563
0.183982,0.182754
0.183928,0.182563
0.183874,0.182754
0.183819,0.182754
0.183765,0.182754
0.183710,0.182754
0.183656,0.182754
0.183601,0.182944
0.183547,0.182944
0.183492,0.182944
0.183438,0.182944
0.183384,0.182944
0.183329,0.182944
0.183275,0.182944
0.183220,0.183135
0.183166,0.183135
0.183111,0.183135
0.183057,0.183135
0.183002,0.183135
0.182948,0.183135
0.182894,0.183135
0.182839,0.183326
0.182785,0.183326
0.182730,0.183326
0.182676,0.183326
0.182621,0.183326
0.182567,0.183326
0.182512,0.183326
0.182458,0.183326
0.182404,0.183326
0.182349,0.183326
0.182295,0.183517
0.182240,0.183517
0.182186,0.183517
0.182131,0.183517
0.182077,0.183517
0.182022,0.183517
0.181968,0.183707
0.181914,0.183707
0.181859,0.183707
0.181805,0.183707
0.181750,0.183707
0.181696,0.183707
0.181641,0.183707
0.181587,0.183707
0.181532,0.183898
0.181478,0.183898
0.181424,0.183898
0.181369,0.183898
0.181315,0.183898
0.181260,0.183898
0.181206,0.183898
0.181151,0.184089
0.181097,0.184089
0.181042,0.184089
0.180988,0.184089
0.180934,0.184089
0.180879,0.184089
0.180825,0.184089
0.180770,0.184089
0.180716,0.184089
0.180661,0.184089
0.180607,0.184280
0.180552,0.184280
0.180498,0.184280
0.180444,0.184280
0.180389,0.184280
0.180335,0.184280
0.180280,0.184470
0.180226,0.184470
0.180171,0.184470
0.180117,0.184470
0.180062,0.184470
0.180008,0.184470
0.179954,0.184470
0.179899,0.184470
0.179845,0.184470
0.179790,0.184470
0.179736,0.184470
0.179681,0.184661
0.179627,0.184661
0.179572,0.184661
0.179518,0.184661
0.179464,0.184661
0.179409,0.184661
0.179355,0.184661
0.179300,0.184852
0.179246,0.184852
0.179191,0.184852
0.179137,0.184852
0.179082,0.184852
0.179028,0.184852
0.178974,0.184852
0.178919,0.184852
0.178865,0.184852
0.178810,0.184852
0.178756,0.185043
0.178701,0.185043
0.178647,0.185043
0.178592,0.185043
0.178538,0.185043
0.178484,0.185043
0.178429,0.185233
0.178375,0.185233
0.178320,0.185233
0.178266,0.185233
0.178211,0.185233
0.178157,0.185233
0.178102,0.185233
0.178048,0.185424
0.177994,0.185233
0.177939,0.185424
0.177885,0.185424
0.177830,0.185424
0.177776,0.185424
0.177721,0.185424
0.177667,0.185424
0.177612,0.185615
0.177558,0.185615
0.177504,0.185615
0.177449,0.185615
0.177395,0.185615
0.177340,0.185615
0.177286,0.185615
0.177231,0.185615
0.177177,0.185615
0.177123,0.185806
0.177068,0.185806
0.177014,0.185806
0.176959,0.185806
0.176905,0.185806
0.176850,0.185997
0.176796,0.185997
0.176741,0.185997
0.176687,0.185997
0.176633,0.185997
0.176578,0.185997
0.176524,0.185997
0.176469,0.185997
0.176415,0.185997
0.176360,0.185997
0.176306,0.186187
0.176252,0.186187
0.176197,0.186187
0.176143,0.186378
0.176088,0.186378
0.176034,0.186378
0.175979,0.186378
0.175925,0.186378
0.175870,0.186378
0.175816,0.186378
0.175762,0.186378
0.175707,0.186569
0.175653,0.186569
0.175598,0.186569
0.175544,0.186569
0.175489,0.186569
0.175435,0.186569
0.175380,0.186569
0.175326,0.186760
0.175272,0.186569
0.175217,0.186760
0.175163,0.186760
0.175108,0.186760
0.175054,0.186760
0.174999,0.186760
0.174945,0.186760
0.174890,0.186950
0.174836,0.186950
0.174782,0.186950
0.174727,0.186950
0.174673,0.186950
0.174618,0.186950
0.174564,0.187141
0.174509,0.187141
0.174455,0.187141
0.174400,0.187141
0.174346,0.187141
0.174292,0.187141
0.174237,0.187141
0.174183,0.187141
0.174128,0.187141
0.174074,0.187141
0.174019,0.187332
0.173965,0.187332
0.173910,0.187332
0.173856,0.187332
0.173802,0.187332
0.173747,0.187332
0.173693,0.187523
0.173638,0.187523
0.173584,0.187523
0.173529,0.187523
0.173475,0.187523
0.173420,0.187523
0.173366,0.187523
0.173312,0.187523
0.173257,0.187523
0.173203,0.187523
0.173148,0.187713
0.173094,0.187713
0.173039,0.187713
0.172985,0.187713
0.172930,0.187713
0.172876,0.187713
0.172822,0.187713
0.172767,0.187713
0.172713,0.187904
0.172658,0.187904
0.172604,0.187904
0.172549,0.187904
0.172495,0.187904
0.172440,0.187904
0.172386,0.187904
0.172332,0.188095
0.172277,0.188095
0.172223,0.188095
0.172168,0.188095
0.172114,0.188095
0.172059,0.188095
0.172005,0.188095
0.171950,0.188095
0.171896,0.188286
0.171842,0.188286
0.171787,0.188286
0.171733,0.188286
0.171678,0.188286
0.171624,0.188286
0.171569,0.188286
0.171515,0.188476
0.171460,0.188476
0.171406,0.188476
0.171352,0.188476
0.171297,0.188476
0.171243,0.188476
0.171188,0.188476
0.171134,0.188667
0.171079,0.188667
0.171025,0.188667
0.170971,0.188667
0.170916,0.188667
0.170862,0.188667
0.170807,0.188667
0.170753,0.188667
0.170698,0.188667
0.170644,0.188858
0.170589,0.188858
0.170535,0.188858
0.170481,0.188858
0.170426,0.188858
0.170372,0.188858
0.170317,0.189049
0.170263,0.189049
0.170208,0.189049
0.170154,0.189049
0.170099,0.189049
0.170045,0.189049
0.169991,0.189240
0.169936,0.189240
0.169882,0.189240
0.169827,0.189240
0.169773,0.189240
0.169718,0.189240
0.169664,0.189430
0.169610,0.189430
0.169555,0.189430
0.169501,0.189430
0.169446,0.189430
0.169392,0.189430
0.169337,0.189430
0.169283,0.189430
0.169228,0.189430
0.169174,0.189430
0.169120,0.189621
0.169065,0.189621
0.169011,0.189621
0.168956,0.189621
0.168902,0.189621
0.168847,0.189812
0.168793,0.189812
0.168738,0.189812
0.168684,0.189812
0.168630,0.189812
0.168575,0.189812
0.168521,0.189812
0.168466,0.189812
0.168412,0.190003
0.168357,0.190003
0.168303,0.190003
0.168249,0.190003
0.168194,0.190003
0.168140,0.190003
0.168085,0.190193
0.168031,0.190193
0.167976,0.190193
0.167922,0.190193
0.167867,0.190193
0.167813,0.190193
0.167759,0.190193
0.167704,0.190193
0.167650,0.190193
0.167595,0.190193
0.167541,0.190193
0.167486,0.190384
0.167432,0.190384
0.167377,0.190384
0.167323,0.190384
0.167269,0.190384
0.167214,0.190575
0.167160,0.190575
0.167105,0.190575
0.167051,0.190575
0.166996,0.190575
0.166942,0.190575
0.166887,0.190575
0.166833,0.190575
0.166779,0.190575
0.166724,0.190575
0.166670,0.190575
0.166615,0.190575
0.166561,0.190766
0.166506,0.190766
0.166452,0.190766
0.166397,0.190766
0.166343,0.190766
0.166289,0.190766
0.166234,0.190766
0.166180,0.190956
0.166125,0.190956
0.166071,0.190956
0.166016,0.190956
0.165962,0.190956
0.165907,0.190956
0.165853,0.190956
0.165799,0.190956
0.165744,0.191147
0.165690,0.191147
0.165635,0.191147
0.165581,0.191147
0.165526,0.191147
0.165472,0.191147
0.165417,0.191338
0.165363,0.191147
0.165309,0.191338
0.165254,0.191338
0.165200,0.191338
0.165145,0.191338
0.165091,0.191338
0.165036,0.191338
0.164982,0.191529
0.164927,0.191529
0.164873,0.191529
0.164819,0.191529
0.164764,0.191529
0.164710,0.191529
0.164655,0.191529
0.164601,0.191529
0.164546,0.191720
0.164492,0.191720
0.164437,0.191720
0.164383,0.191720
0.164329,0.191720
0.164274,0.191720
0.164220,0.191720
0.164165,0.191720
0.164111,0.191720
0.164056,0.191910
0.164002,0.191910
0.163948,0.191910
0.163893,0.191910
0.163839,0.191910
0.163784,0.192101
0.163730,0.192101
0.163675,0.192101
0.163621,0.192101
0.163566,0.192101
0.163512,0.192101
0.163458,0.192101
0.163403,0.192101
0.163349,0.192101
0.163294,0.192292
0.163240,0.192292
0.163185,0.192292
0.163131,0.192292
0.163076,0.192292
0.163022,0.192483
0.162967,0.192483
0.162913,0.192483
0.162859,0.192483
0.162804,0.192483
0.162750,0.192483
0.162695,0.192483
0.162641,0.192483
0.162586,0.192673
0.162532,0.192673
0.162477,0.192673
0.162423,0.192673
0.162369,0.192673
0.162314,0.192673
0.162260,0.192673
0.162205,0.192673
0.162151,0.192864
0.162096,0.192864
0.162042,0.192864
0.161987,0.192864
0.161933,0.192864
0.161879,0.192864
0.161824,0.192864
0.161770,0.192864
0.161715,0.193055
0.161661,0.192864
0.161606,0.193055
0.161552,0.193055
0.161498,0.193055
0.161443,0.193055
0.161389,0.193246
0.161334,0.193055
0.161280,0.193246
0.161225,0.193246
0.161171,0.193246
0.161116,0.193246
0.161062,0.193246
0.161008,0.193246
0.160953,0.193246
0.160899,0.193246
0.160844,0.193246
0.160790,0.193246
0.160735,0.193436
0.160681,0.193436
0.160626,0.193436
0.160572,0.193436
0.160518,0.193436
0.160463,0.193436
0.160409,0.193627
0.160354,0.193627
0.160300,0.193627
0.160245,0.193627
0.160191,0.193627
0.160137,0.193627
0.160082,0.193627
0.160028,0.193627
0.159973,0.193627
0.159919,0.193627
0.159864,0.193627
0.159810,0.193818
0.159756,0.193818
0.159701,0.193818
0.159647,0.193818
0.159592,0.193818
0.159538,0.193818
0.159483,0.194009
0.159429,0.193818
0.159374,0.194009
0.159320,0.194009
0.159266,0.194009
0.159211,0.194009
0.159157,0.194009
0.159102,0.194009
0.159048,0.194009
0.158993,0.194009
0.158939,0.194009
0.158884,0.194199
0.158830,0.194009
0.158776,0.194199
0.158721,0.194199
0.158667,0.194199
0.158612,0.194199
0.158558,0.194390
0.158503,0.194390
0.158449,0.194390
0.158394,0.194390
0.158340,0.194390
0.158286,0.194390
0.158231,0.194390
0.158177,0.194390
0.158122,0.194390
0.158068,0.194581
0.158013,0.194581
0.157959,0.194581
0.157905,0.194581
0.157850,0.194581
0.157796,0.194581
0.157741,0.194772
0.157687,0.194581
0.157632,0.194772
0.157578,0.194772
0.157523,0.194772
0.157469,0.194772
0.157415,0.194772
0.157360,0.194772
0.157306,0.194772
0.157251,0.194772
0.157197,0.194963
0.157142,0.194963
0.157088,0.194963
0.157033,0.194963
0.156979,0.194963
0.156925,0.194963
0.156870,0.194963
0.156816,0.194963
0.156761,0.195153
0.156707,0.195153
0.156652,0.195153
0.156598,0.195153
0.156544,0.195153
0.156489,0.195153
0.156435,0.195153
0.156380,0.195344
0.156326,0.195153
0.156271,0.195344
0.156217,0.195344
0.156162,0.195344
0.156108,0.195344
0.156054,0.195344
0.155999,0.195535
0.155945,0.195535
0.155890,0.195535
0.155836,0.195535
0.155781,0.195535
0.155727,0.195535
0.155673,0.195535
0.155618,0.195535
0.155564,0.195535
0.155509,0.195535
0.155455,0.195535
0.155400,0.195726
0.155346,0.195726
0.155291,0.195726
0.155237,0.195726
0.155183,0.195726
0.155128,0.195916
0.155074,0.195916
0.155019,0.195916
0.154965,0.195916
0.154910,0.195916
0.154856,0.195916
0.154801,0.195916
0.154747,0.195916
0.154693,0.196107
0.154638,0.196107
0.154584,0.196107
0.154529,0.196107
0.154475,0.196107
0.154420,0.196107
0.154366,0.196107
0.154312,0.196107
0.154257,0.196107
0.154203,0.196298
0.154148,0.196298
0.154094,0.196298
0.154039,0.196298
0.153985,0.196298
0.153930,0.196298
0.153876,0.196298
0.153822,0.196298
0.153767,0.196298
0.153713,0.196298
0.153658,0.196489
0.153604,0.196489
0.153549,0.196489
0.153495,0.196489
0.153440,0.196489
0.153386,0.196489
0.153332,0.196679
0.153277,0.196679
0.153223,0.196679
0.153168,0.196679
0.153114,0.196679
0.153059,0.196679
0.153005,0.196679
0.152950,0.196679
0.152896,0.196679
0.152842,0.196679
0.152787,0.196679
0.152733,0.196679
0.152678,0.196870
0.152624,0.196870
0.152569,0.196870
0.152515,0.196870
0.152461,0.196870
0.152406,0.196870
0.152352,0.197061
0.152297,0.197061
0.152243,0.197061
0.152188,0.197061
0.152134,0.197061
0.152079,0.197061
0.152025,0.197061
0.151971,0.197061
0.151916,0.197061
0.151862,0.197061
0.151807,0.197252
0.151753,0.197252
0.151698,0.197252
0.151644,0.197252
0.151590,0.197252
0.151535,0.197252
0.151481,0.197252
0.151426,0.197442
0.151372,0.197442
0.151317,0.197442
0.151263,0.197442
0.151208,0.197442
0.151154,0.197442
0.151100,0.197442
0.151045,0.197442
0.150991,0.197633
0.150936,0.197633
0.150882,0.197633
0.150827,0.197633
0.150773,0.197633
0.150719,0.197633
0.150664,0.197633
0.150610,0.197824
0.150555,0.197824
0.150501,0.197824
0.150446,0.197824
0.150392,0.197824
0.150337,0.197824
0.150283,0.197824
0.150229,0.197824
0.150174,0.197824
0.150120,0.197824
0.150065,0.198015
0.150011,0.198015
0.149956,0.198015
0.149902,0.198015
0.149847,0.198015
0.149793,0.198015
0.149738,0.198015
0.149684,0.198206
0.149630,0.198206
0.149575,0.198206
0.149521,0.198206
0.149466,0.198206
0.149412,0.198206
0.149357,0.198206
0.149303,0.198206
0.149249,0.198206
0.149194,0.198206
0.149140,0.198206
0.149085,0.198206
0.149031,0.198206
0.148976,0.198206
0.148922,0.198206
0.148867,0.198206
0.148813,0.198206
0.148759,0.198206
0.148704,0.198396
0.148650,0.198396
0.148595,0.198396
0.148541,0.198587
0.148486,0.198587
0.148432,0.198587
0.148377,0.198587
0.148323,0.198778
0.148269,0.198778
0.148214,0.198778
0.148160,0.198778
0.148105,0.198778
0.148051,0.198969
0.147996,0.198969
0.147942,0.198969
0.147887,0.198969
0.147833,0.198969
0.147779,0.198969
0.147724,0.198969
0.147670,0.198969
0.147615,0.199159
0.147561,0.199159
0.147506,0.199159
0.147452,0.199159
0.147397,0.199159
0.147343,0.199159
0.147289,0.199159
0.147234,0.199350
0.147180,0.199350
0.147125,0.199350
0.147071,0.199350
0.147016,0.199350
0.146962,0.199350
0.146907,0.199350
0.146853,0.199350
0.146799,0.199350
0.146744,0.199350
0.146690,0.199350
0.146635,0.199541
0.146581,0.199541
0.146526,0.199541
0.146472,0.199541
0.146417,0.199541
0.146363,0.199541
0.146309,0.199732
0.146254,0.199732
0.146200,0.199732
0.146145,0.199732
0.146091,0.199732
0.146036,0.199732
0.145982,0.199732
0.145927,0.199732
0.145873,0.199732
0.145819,0.199922
0.145764,0.199922
0.145710,0.199922
0.145655,0.199922
0.145601,0.199922
0.145546,0.199922
0.145492,0.199922
0.145437,0.199922
0.145383,0.200113
0.145329,0.200113
0.145274,0.200113
0.145220,0.200113
0.145165,0.200113
0.145111,0.200113
0.145056,0.200113
0.145002,0.200113
0.144947,0.200304
0.144893,0.200304
0.144839,0.200304
0.144784,0.200304
0.144730,0.200304
0.144675,0.200304
0.144621,0.200495
0.144566,0.200495
0.144512,0.200495
0.144457,0.200495
0.144403,0.200495
0.144349,0.200495
0.144294,0.200495
0.144240,0.200495
0.144185,0.200685
0.144131,0.200495
0.144076,0.200685
0.144022,0.200685
0.143968,0.200685
0.143913,0.200685
0.143859,0.200685
0.143804,0.200876
0.143750,0.200876
0.143695,0.200876
0.143641,0.200876
0.143586,0.200876
0.143532,0.200876
0.143478,0.200876
0.143423,0.200876
0.143369,0.200876
0.143314,0.201067
0.143260,0.201067
0.143205,0.201067
0.143151,0.201067
0.143097,0.201067
0.143042,0.201258
0.142988,0.201258
0.142933,0.201258
0.142879,0.201258
0.142824,0.201258
0.142770,0.201258
0.142715,0.201258
0.142661,0.201449
0.142607,0.201449
0.142552,0.201449
0.142498,0.201449
0.142443,0.201449
0.142389,0.201639
0.142334,0.201639
0.142280,0.201639
0.142225,0.201639
0.142171,0.201639
0.142117,0.201639
0.142062,0.201639
0.142008,0.201639
0.141953,0.201639
0.141899,0.201830
0.141844,0.201830
0.141790,0.201830
0.141735,0.201830
0.141681,0.201830
0.141627,0.201830
0.141572,0.202021
0.141518,0.202021
0.141463,0.202021
0.141409,0.202021
0.141354,0.202021
0.141300,0.202021
0.141245,0.202212
0.141191,0.202212
0.141137,0.202212
0.141082,0.202212
0.141028,0.202212
0.140973,0.202212
0.140919,0.202212
0.140864,0.202402
0.140810,0.202212
0.140755,0.202402
0.140701,0.202402
0.140647,0.202402
0.140592,0.202402
0.140538,0.202402
0.140483,0.202593
0.140429,0.202402
0.140374,0.202593
0.140320,0.202593
0.140265,0.202593
0.140211,0.202593
0.140157,0.202593
0.140102,0.202784
0.140048,0.202784
0.139993,0.202784
0.139939,0.202784
0.139884,0.202784
0.139830,0.202784
0.139775,0.202784
0.139721,0.202784
0.139667,0.202784
0.139612,0.202784
0.139558,0.202975
0.139503,0.202975
0.139449,0.202975
0.139394,0.202975
0.139340,0.202975
0.139285,0.203165
0.139231,0.203165
0.139177,0.203165
0.139122,0.203165
0.139068,0.203165
0.139013,0.203165
0.138959,0.203165
0.138904,0.203165
0.138850,0.203356
0.138796,0.203356
0.138741,0.203356
0.138687,0.203356
0.138632,0.203547
0.138578,0.203547
0.138523,0.203547
0.138469,0.203547
0.138414,0.203547
0.138360,0.203547
0.138306,0.203547
0.138251,0.203547
0.138197,0.203738
0.138142,0.203738
0.138088,0.203738
0.138033,0.203738
0.137979,0.203738
0.137924,0.203929
0.137870,0.203929
0.137816,0.203929
0.137761,0.203929
0.137707,0.203929
0.137652,0.203929
0.137598,0.203929
0.137543,0.204119
0.137489,0.204119
0.137434,0.204119
0.137380,0.204119
0.137326,0.204119
0.137271,0.204119
0.137217,0.204119
0.137162,0.204310
0.137108,0.204310
0.137053,0.204310
0.136999,0.204310
0.136944,0.204501
0.136890,0.204501
0.136836,0.204501
0.136781,0.204501
0.136727,0.204692
0.136672,0.204501
0.136618,0.204692
0.136563,0.204692
0.136509,0.204692
0.136454,0.204692
0.136400,0.204692
0.136346,0.204692
0.136291,0.204882
0.136237,0.204882
0.136182,0.204882
0.136128,0.204882
0.136073,0.204882
0.136019,0.204882
0.135965,0.205073
0.135910,0.205073
0.135856,0.205073
0.135801,0.205073
0.135747,0.205073
0.135692,0.205073
0.135638,0.205264
0.135583,0.205264
0.135529,0.205264
0.135475,0.205264
0.135420,0.205264
0.135366,0.205455
0.135311,0.205455
0.135257,0.205455
0.135202,0.205455
0.135148,0.205455
0.135094,0.205455
0.135039,0.205455
0.134985,0.205645
0.134930,0.205645
0.134876,0.205645
0.134821,0.205645
0.134767,0.205645
0.134712,0.205836
0.134658,0.205836
0.134604,0.205836
0.134549,0.205836
0.134495,0.205836
0.134440,0.205836
0.134386,0.205836
0.134331,0.205836
0.134277,0.206027
0.134222,0.206027
0.134168,0.206027
0.134114,0.206027
0.134059,0.206218
0.134005,0.206218
0.133950,0.206218
0.133896,0.206218
0.133841,0.206218
0.133787,0.206218
0.133732,0.206218
0.133678,0.206408
0.133624,0.206408
0.133569,0.206408
0.133515,0.206408
0.133460,0.206599
0.133406,0.206599
0.133351,0.206599
0.133297,0.206599
0.133242,0.206599
0.133188,0.206599
0.133134,0.206790
0.133079,0.206790
0.133025,0.206790
0.132970,0.206790
0.132916,0.206790
0.132861,0.206981
0.132807,0.206981
0.132752,0.206981
0.132698,0.206981
0.132644,0.206981
0.132589,0.206981
0.132535,0.207172
0.132480,0.207172
0.132426,0.207172
0.132371,0.207172
0.132317,0.207362
0.132262,0.207362
0.132208,0.207362
0.132154,0.207362
0.132099,0.207553
0.132045,0.207553
0.131990,0.207553
0.131936,0.207553
0.131881,0.207553
0.131827,0.207744
0.131772,0.207744
0.131718,0.207744
0.131663,0.207744
0.131609,0.207744
0.131555,0.207744
0.131500,0.207935
0.131446,0.207935
0.131391,0.207935
0.131337,0.207935
0.131282,0.207935
0.131228,0.208125
0.131173,0.208125
0.131119,0.208125
0.131065,0.208125
0.131010,0.208125
0.130956,0.208316
0.130901,0.208316
0.130847,0.208316
0.130792,0.208316
0.130738,0.208507
0.130683,0.208507
0.130629,0.208507
0.130575,0.208507
0.130520,0.208507
0.130466,0.208507
0.130411,0.208507
0.130357,0.208698
0.130302,0.208698
0.130248,0.208698
0.130193,0.208888
0.130139,0.208888
0.130085,0.208888
0.130030,0.208888
0.129976,0.208888
0.129921,0.208888
0.129867,0.208888
0.129812,0.208888
0.129758,0.209079
0.129703,0.209079
0.129649,0.209079
0.129594,0.209079
0.129540,0.209270
0.129486,0.209270
0.129431,0.209270
0.129377,0.209270
0.129322,0.209270
0.129268,0.209270
0.129213,0.209461
0.129159,0.209461
0.129104,0.209461
0.129050,0.209461
0.128996,0.209651
0.128941,0.209651
0.128887,0.209651
0.128832,0.209651
0.128778,0.209842
0.128723,0.209842
0.128669,0.209842
0.128615,0.209842
0.128560,0.210033
0.128506,0.210033
0.128451,0.210033
0.128397,0.210033
0.128342,0.210033
0.128288,0.210033
0.128233,0.210224
0.128179,0.210224
0.128125,0.210415
0.128070,0.210224
0.128016,0.210415
0.127961,0.210415
0.127907,0.210415
0.127852,0.210415
0.127798,0.210415
0.127743,0.210605
0.127689,0.210796
0.127635,0.210796
0.127580,0.210796
0.127526,0.210796
0.127471,0.210796
0.127417,0.210796
0.127362,0.210987
0.127308,0.210987
0.127253,0.210987
0.127199,0.210987
0.127145,0.211178
0.127090,0.211178
0.127036,0.211178
0.126981,0.211178
0.126927,0.211178
0.126872,0.211368
0.126818,0.211368
0.126763,0.211559
0.126709,0.211559
0.126655,0.211559
0.126600,0.211559
0.126546,0.211559
0.126491,0.211559
0.126437,0.211559
0.126382,0.211750
0.126328,0.211750
0.126273,0.211750
0.126219,0.211941
0.126164,0.211941
0.126110,0.211941
0.126056,0.211941
0.126001,0.211941
0.125947,0.211941
0.125892,0.212131
0.125838,0.212131
0.125783,0.212131
0.125729,0.212131
0.125675,0.212322
0.125620,0.212322
0.125566,0.212322
0.125511,0.212322
0.125457,0.212322
0.125402,0.212513
0.125348,0.212513
0.125293,0.212513
0.125239,0.212513
0.125184,0.212704
0.125130,0.212704
0.125076,0.212704
0.125021,0.212704
0.124967,0.212704
0.124912,0.212894
0.124858,0.212894
0.124803,0.212894
0.124749,0.213085
0.124694,0.213085
0.124640,0.213085
0.124586,0.213085
0.124531,0.213276
0.124477,0.213085
0.124422,0.213276
0.124368,0.213276
0.124313,0.213276
0.124259,0.213467
0.124204,0.213467
0.124150,0.213467
0.124096,0.213467
0.124041,0.213658
0.123987,0.213658
0.123932,0.213658
0.123878,0.213848
0.123823,0.213848
0.123769,0.213848
0.123714,0.213848
0.123660,0.213848
0.123606,0.213848
0.123551,0.214039
0.123497,0.214039
0.123442,0.214039
0.123388,0.214230
0.123333,0.214230
0.123279,0.214230
0.123224,0.214230
0.123170,0.214230
0.123116,0.214421
0.123061,0.214421
0.123007,0.214421
0.122952,0.214611
0.122898,0.214611
0.122843,0.214611
0.122789,0.214611
0.122734,0.214611
0.122680,0.214802
0.122626,0.214802
0.122571,0.214802
0.122517,0.214993
0.122462,0.214802
0.122408,0.214993
0.122353,0.214993
0.122299,0.214993
0.122244,0.214993
0.122190,0.215184
0.122136,0.215184
0.122081,0.215184
0.122027,0.215184
0.121972,0.215374
0.121918,0.215374
0.121863,0.215374
0.121809,0.215374
0.121754,0.215374
0.121700,0.215374
0.121645,0.215374
0.121591,0.215565
0.121537,0.215565
0.121482,0.215565
0.121428,0.215756
0.121373,0.215756
0.121319,0.215756
0.121264,0.215756
0.121210,0.215756
0.121155,0.215756
0.121101,0.215947
0.121047,0.215947
0.120992,0.215947
0.120938,0.215947
0.120883,0.216138
0.120829,0.216138
0.120774,0.216138
0.120720,0.216138
0.120665,0.216328
0.120611,0.216328
0.120557,0.216328
0.120502,0.216328
0.120448,0.216519
0.120393,0.216519
0.120339,0.216519
0.120284,0.216519
0.120230,0.216519
0.120175,0.216519
0.120121,0.216710
0.120067,0.216710
0.120012,0.216710
0.119958,0.216710
0.119903,0.216901
0.119849,0.216901
0.119794,0.216901
0.119740,0.216901
0.119685,0.216901
0.119631,0.216901
0.119576,0.217091
0.119522,0.217091
0.119468,0.217091
0.119413,0.217282
0.119359,0.217282
0.119304,0.217282
0.119250,0.217282
0.119195,0.217282
0.119141,0.217282
0.119086,0.217473
0.119032,0.217473
0.118978,0.217473
0.118923,0.217473
0.118869,0.217664
0.118814,0.217664
0.118760,0.217664
0.118705,0.217664
0.118651,0.217664
0.118597,0.217664
0.118542,0.217664
0.118488,0.217854
0.118433,0.217854
0.118379,0.217854
0.118324,0.217854
0.118270,0.218045
0.118215,0.217854
0.118161,0.218045
0.118107,0.218045
0.118052,0.218045
0.117998,0.218045
0.117943,0.218045
0.117889,0.218045
0.117834,0.218045
0.117780,0.218236
0.117725,0.218236
0.117671,0.218236
0.117616,0.218236
0.117562,0.218236
0.117508,0.218427
0.117453,0.218427
0.117399,0.218427
0.117344,0.218427
0.117290,0.218427
0.117235,0.218427
0.117181,0.218427
0.117126,0.218427
0.117072,0.218617
0.117018,0.218617
0.116963,0.218617
0.116909,0.218617
0.116854,0.218617
0.116800,0.218617
0.116745,0.218617
0.116691,0.218617
0.116636,0.218808
0.116582,0.218808
0.116528,0.218808
0.116473,0.218808
0.116419,0.218808
0.116364,0.218808
0.116310,0.218999
0.116255,0.218999
0.116201,0.218999
0.116146,0.218999
0.116092,0.218999
0.116038,0.218999
0.115983,0.218999
0.115929,0.219190
0.115874,0.219190
0.115820,0.219190
0.115765,0.219190
0.115711,0.219190
0.115656,0.219190
0.115602,0.219190
0.115548,0.219190
0.115493,0.219190
0.115439,0.219381
0.115384,0.219381
0.115330,0.219381
0.115275,0.219381
0.115221,0.219381
0.115166,0.219381
0.115112,0.219571
0.115058,0.219381
0.115003,0.219571
0.114949,0.219571
0.114894,0.219571
0.114840,0.219571
0.114785,0.219571
0.114731,0.219571
0.114676,0.219571
0.114622,0.219571
0.114568,0.219762
0.114513,0.219762
0.114459,0.219762
0.114404,0.219762
0.114350,0.219762
0.114295,0.219953
0.114241,0.219762
0.114186,0.219953
0.114132,0.219953
0.114078,0.219953
0.114023,0.219953
0.113969,0.219953
0.113914,0.219953
0.113860,0.219953
0.113805,0.219953
0.113751,0.219953
0.113696,0.219953
0.113642,0.219953
0.113588,0.219953
0.113533,0.220144
0.113479,0.219953
0.113424,0.220144
0.113370,0.220144
0.113315,0.220144
0.113261,0.220144
0.113207,0.220144
0.113152,0.220144
0.113098,0.220144
0.113043,0.220144
0.112989,0.220334
0.112934,0.220334
0.112880,0.220334
0.112825,0.220334
0.112771,0.220334
0.112717,0.220334
0.112662,0.220334
0.112608,0.220334
0.112553,0.220334
0.112499,0.220334
0.112444,0.220334
0.112390,0.220334
0.112336,0.220525
0.112281,0.220525
0.112227,0.220525
0.112172,0.220525
0.112118,0.220525
0.112063,0.220525
0.112009,0.220525
0.111955,0.220525
0.111900,0.220525
0.111846,0.220716
0.111791,0.220525
0.111737,0.220525
0.111682,0.220716
0.111628,0.220716
0.111574,0.220716
0.111519,0.220716
0.111465,0.220716
0.111410,0.220716
0.111356,0.220716
0.111301,0.220716
0.111247,0.220716
0.111193,0.220716
0.111138,0.220716
0.111084,0.220716
0.111029,0.220716
0.110975,0.220716
0.110920,0.220907
0.110866,0.220907
0.110812,0.220907
0.110757,0.220907
0.110703,0.220907
0.110648,0.220907
0.110594,0.220907
0.110539,0.220907
0.110485,0.220907
0.110431,0.220907
0.110376,0.221097
0.110322,0.221097
0.110267,0.221097
0.110213,0.221097
0.110158,0.221097
0.110104,0.221097
0.110050,0.221097
0.109995,0.221097
0.109941,0.221097
0.109886,0.221097
0.109832,0.221097
0.109777,0.221097
0.109723,0.221097
0.109668,0.221097
0.109614,0.221097
0.109560,0.221097
0.109505,0.221097
0.109451,0.221097
0.109396,0.221097
0.109342,0.221097
0.109287,0.221097
0.109233,0.221288
0.109179,0.221097
0.109124,0.221288
0.109070,0.221288
0.109015,0.221288
0.108961,0.221288
0.108906,0.221288
0.108852,0.221288
0.108798,0.221288
0.108743,0.221288
0.108689,0.221288
0.108634,0.221288
0.108580,0.221479
0.108525,0.221479
0.108471,0.221479
0.108417,0.221288
0.108362,0.221479
0.108308,0.221479
0.108253,0.221479
0.108199,0.221479
0.108144,0.221479
0.108090,0.221479
0.108036,0.221479
0.107981,0.221479
0.107927,0.221479
0.107872,0.221479
0.107818,0.221479
0.107763,0.221479
0.107709,0.221479
0.107655,0.221479
0.107600,0.221479
0.107546,0.221479
0.107491,0.221479
0.107437,0.221670
0.107382,0.221670
0.107328,0.221670
0.107274,0.221670
0.107219,0.221670
0.107165,0.221670
0.107110,0.221670
0.107056,0.221670
0.107001,0.221670
0.106947,0.221670
0.106893,0.221670
0.106838,0.221860
0.106784,0.221670
0.106729,0.221670
0.106675,0.221860
0.106620,0.221860
0.106566,0.221860
0.106512,0.221860
0.106457,0.221860
0.106403,0.221860
0.106348,0.221860
0.106294,0.221860
0.106239,0.221860
0.106185,0.221860
0.106131,0.221860
0.106076,0.221860
0.106022,0.221860
0.105967,0.221860
0.105913,0.221860
0.105858,0.221860
0.105804,0.221860
0.105750,0.221860
0.105695,0.222051
0.105641,0.222051
0.105586,0.222051
0.105532,0.222051
0.105477,0.222051
0.105423,0.222051
0.105369,0.222051
0.105314,0.222051
0.105260,0.222051
0.105205,0.222051
0.105151,0.222051
0.105096,0.222242
0.105042,0.222051
0.104988,0.222051
0.104933,0.222242
0.104879,0.222051
0.104824,0.222242
0.104770,0.222242
0.104715,0.222242
0.104661,0.222242
0.104607,0.222242
0.104552,0.222242
0.104498,0.222242
0.104443,0.222242
0.104389,0.222242
0.104334,0.222242
0.104280,0.222242
0.104226,0.222242
0.104171,0.222242
0.104117,0.222242
0.104062,0.222242
0.104008,0.222242
0.103953,0.222242
0.103899,0.222433
0.103845,0.222242
0.103790,0.222433
0.103736,0.222433
0.103681,0.222242
0.103627,0.222433
0.103572,0.222242
0.103518,0.222433
0.103463,0.222433
0.103409,0.222433
0.103355,0.222433
0.103300,0.222433
0.103246,0.222433
0.103191,0.222433
0.103137,0.222433
0.103082,0.222624
0.103028,0.222433
0.102974,0.222624
0.102919,0.222433
0.102865,0.222624
0.102810,0.222624
0.102756,0.222624
0.102701,0.222624
0.102647,0.222624
0.102593,0.222624
0.102538,0.222624
0.102484,0.222624
0.102429,0.222624
0.102375,0.222624
0.102320,0.222624
0.102266,0.222624
0.102212,0.222624
0.102157,0.222624
0.102103,0.222624
0.102048,0.222624
0.101994,0.222814
0.101939,0.222814
0.101885,0.222624
0.101831,0.222814
0.101776,0.222814
0.101722,0.222814
0.101667,0.222814
0.101613,0.222814
0.101558,0.222814
0.101504,0.222814
0.101449,0.223005
0.101395,0.223005
0.101341,0.223005
0.101286,0.223005
0.101232,0.223005
0.101177,0.223005
0.101123,0.223005
0.101068,0.223005
0.101014,0.223005
0.100960,0.223005
0.100905,0.223005
0.100851,0.223005
0.100796,0.223005
0.100742,0.223005
0.100687,0.223005
0.100633,0.223005
0.100579,0.223005
0.100524,0.223005
0.100470,0.223196
0.100415,0.223005
0.100361,0.223196
0.100306,0.223196
0.100252,0.223005
0.100198,0.223196
0.100143,0.223196
0.100089,0.223196
0.100034,0.223196
0.099980,0.223196
0.099925,0.223196
0.099871,0.223196
0.099817,0.223196
0.099762,0.223196
0.099708,0.223196
0.099653,0.223196
0.099599,0.223387
0.099544,0.223387
0.099490,0.223387
0.099435,0.223387
0.099381,0.223387
0.099327,0.223387
0.099272,0.223387
0.099218,0.223387
0.099163,0.223387
0.099109,0.223387
0.099054,0.223387
0.099000,0.223387
0.098946,0.223387
0.098891,0.223387
0.098837,0.223387
0.098782,0.223387
0.098728,0.223387
0.098673,0.223387
0.098619,0.223387
0.098564,0.223577
0.098510,0.223577
0.098456,0.223577
0.098401,0.223577
0.098347,0.223577
0.098292,0.223577
0.098238,0.223577
0.098183,0.223577
0.098129,0.223577
0.098075,0.223577
0.098020,0.223577
0.097966,0.223577
0.097911,0.223768
0.097857,0.223768
0.097802,0.223577
0.097748,0.223577
0.097694,0.223768
0.097639,0.223768
0.097585,0.223768
0.097530,0.223768
0.097476,0.223768
0.097421,0.223768
0.097367,0.223768
0.097312,0.223768
0.097258,0.223768
0.097204,0.223768
0.097149,0.223768
0.097095,0.223768
0.097040,0.223768
0.096986,0.223768
0.096931,0.223768
0.096877,0.223768
0.096822,0.223768
0.096768,0.223768
0.096714,0.223959
0.096659,0.223768
0.096605,0.223768
0.096550,0.223959
0.096496,0.223959
0.096441,0.223959
0.096387,0.223959
0.096332,0.223959
0.096278,0.223959
0.096224,0.223959
0.096169,0.223959
0.096115,0.223959
0.096060,0.223959
0.096006,0.223959
0.095951,0.223959
0.095897,0.224150
0.095842,0.224150
0.095788,0.224150
0.095734,0.224150
0.095679,0.224150
0.095625,0.224150
0.095570,0.224150
0.095516,0.224150
0.095461,0.224150
0.095407,0.224150
0.095352,0.224150
0.095298,0.224150
0.095244,0.224150
0.095189,0.224150
0.095135,0.224150
0.095080,0.224150
0.095026,0.224150
0.094971,0.224150
0.094917,0.224150
0.094863,0.224340
0.094808,0.224150
0.094754,0.224340
0.094699,0.224340
0.094645,0.224340
0.094590,0.224340
0.094536,0.224340
0.094481,0.224340
0.094427,0.224340
0.094373,0.224340
0.094318,0.224340
0.094264,0.224340
0.094209,0.224531
0.094155,0.224340
0.094100,0.224340
0.094046,0.224531
0.093991,0.224531
0.093937,0.224531
0.093883,0.224531
0.093828,0.224531
0.093774,0.224531
0.093719,0.224531
0.093665,0.224531
0.093610,0.224531
0.093556,0.224531
0.093501,0.224531
0.093447,0.224531
0.093393,0.224531
0.093338,0.224531
0.093284,0.224531
0.093229,0.224531
0.093175,0.224531
0.093120,0.224722
0.093066,0.224531
0.093011,0.224722
0.092957,0.224531
0.092903,0.224722
0.092848,0.224722
0.092794,0.224722
0.092739,0.224722
0.092685,0.224722
0.092630,0.224722
0.092576,0.224722
0.092521,0.224722
0.092467,0.224722
0.092413,0.224913
0.092358,0.224913
0.092304,0.224913
0.092249,0.224913
0.092195,0.224913
0.092140,0.224913
0.092086,0.224913
0.092031,0.224913
0.091977,0.224913
0.091923,0.224913
0.091868,0.224913
0.091814,0.224913
0.091759,0.224913
0.091705,0.224913
0.091650,0.224913
0.091596,0.225103
0.091541,0.225103
0.091487,0.225103
0.091433,0.225103
0.091378,0.225103
0.091324,0.225103
0.091269,0.225103
0.091215,0.225103
0.091160,0.225103
0.091106,0.225103
0.091051,0.225103
0.090997,0.225294
0.090943,0.225294
0.090888,0.225294
0.090834,0.225294
0.090779,0.225294
0.090725,0.225294
0.090670,0.225294
0.090616,0.225294
0.090561,0.225294
0.090507,0.225294
0.090453,0.225294
0.090398,0.225294
0.090344,0.225294
0.090289,0.225294
0.090235,0.225294
0.090180,0.225294
0.090126,0.225485
0.090071,0.225485
0.090017,0.225485
0.089963,0.225485
0.089908,0.225485
0.089854,0.225485
0.089799,0.225485
0.089745,0.225485
0.089690,0.225676
0.089636,0.225485
0.089581,0.225676
0.089527,0.225676
0.089473,0.225676
0.089418,0.225676
0.089364,0.225676
0.089309,0.225676
0.089255,0.225676
0.089200,0.225676
0.089146,0.225676
0.089091,0.225676
0.089037,0.225676
0.088982,0.225867
0.088928,0.225867
0.088874,0.225676
0.088819,0.225867
0.088765,0.225867
0.088710,0.225867
0.088656,0.225867
0.088601,0.226057
0.088547,0.225867
0.088492,0.225867
0.088438,0.226057
0.088384,0.226057
0.088329,0.226057
0.088275,0.226057
0.088220,0.226057
0.088166,0.226057
0.088111,0.226057
0.088057,0.226057
0.088002,0.226057
0.087948,0.226057
0.087894,0.226057
0.087839,0.226057
0.087785,0.226057
0.087730,0.226057
0.087676,0.226057
0.087621,0.226248
0.087567,0.226248
0.087512,0.226248
0.087458,0.226248
0.087404,0.226248
0.087349,0.226248
0.087295,0.226439
0.087240,0.226248
0.087186,0.226248
0.087131,0.226439
0.087077,0.226439
0.087022,0.226439
0.086968,0.226439
0.086914,0.226439
0.086859,0.226439
0.086805,0.226439
0.086750,0.226439
0.086696,0.226439
0.086641,0.226439
0.086587,0.226439
0.086532,0.226630
0.086478,0.226630
0.086424,0.226630
0.086369,0.226630
0.086315,0.226630
0.086260,0.226630
0.086206,0.226630
0.086151,0.226630
0.086097,0.226630
0.086042,0.226630
0.085988,0.226820
0.085934,0.226820
0.085879,0.226820
0.085825,0.226820
0.085770,0.226820
0.085716,0.226820
0.085661,0.226820
0.085607,0.226820
0.085552,0.226820
0.085498,0.226820
0.085444,0.226820
0.085389,0.226820
0.085335,0.226820
0.085280,0.226820
0.085226,0.227011
0.085171,0.227011
0.085117,0.227011
0.085062,0.227011
0.085008,0.227011
0.084954,0.227011
0.084899,0.227202
0.084845,0.227202
0.084790,0.227202
0.084736,0.227202
0.084681,0.227202
0.084627,0.227202
0.084572,0.227202
0.084518,0.227202
0.084464,0.227202
0.084409,0.227202
0.084355,0.227202
0.084300,0.227202
0.084246,0.227393
0.084191,0.227393
0.084137,0.227202
0.084082,0.227393
0.084028,0.227393
0.083974,0.227393
0.083919,0.227393
0.083865,0.227393
0.083810,0.227393
0.083756,0.227393
0.083701,0.227393
0.083647,0.227583
0.083592,0.227583
0.083538,0.227583
0.083484,0.227583
0.083429,0.227583
0.083375,0.227583
0.083320,0.227583
0.083266,0.227583
0.083211,0.227583
0.083157,0.227774
0.083102,0.227774
0.083048,0.227774
0.082994,0.227774
0.082939,0.227774
0.082885,0.227774
0.082830,0.227774
0.082776,0.227774
0.082721,0.227774
0.082667,0.227965
0.082612,0.227965
0.082558,0.227965
0.082504,0.227965
0.082449,0.227965
0.082395,0.227965
0.082340,0.227965
0.082286,0.227965
0.082231,0.227965
0.082177,0.228156
0.082123,0.228156
0.082068,0.228156
0.082014,0.228156
0.081959,0.228156
0.081905,0.228156
0.081850,0.228347
0.081796,0.228347
0.081742,0.228347
0.081687,0.228347
0.081633,0.228347
0.081578,0.228347
0.081524,0.228347
0.081469,0.228537
0.081415,0.228347
0.081360,0.228347
0.081306,0.228537
0.081252,0.228537
0.081197,0.228537
0.081143,0.228537
0.081088,0.228537
0.081034,0.228728
0.080979,0.228537
0.080925,0.228728
0.080871,0.228728
0.080816,0.228728
0.080762,0.228728
0.080707,0.228728
0.080653,0.228728
0.080598,0.228919
0.080544,0.228919
0.080489,0.228919
0.080435,0.228919
0.080381,0.228919
0.080326,0.228919
0.080272,0.229110
0.080217,0.229110
0.080163,0.229110
0.080108,0.229110
0.080054,0.229110
0.080000,0.229110
0.079945,0.229110
0.079891,0.229110
0.079836,0.229110
0.079782,0.229110
0.079727,0.229300
0.079673,0.229300
0.079618,0.229300
0.079564,0.229300
0.079510,0.229491
0.079455,0.229491
0.079401,0.229491
0.079346,0.229491
0.079292,0.229491
0.079237,0.229491
0.079183,0.229491
0.079129,0.229682
0.079074,0.229682
0.079020,0.229682
0.078965,0.229682
0.078911,0.229682
0.078856,0.229682
0.078802,0.229682
0.078748,0.229873
0.078693,0.229873
0.078639,0.229873
0.078584,0.229873
0.078530,0.229873
0.078475,0.229873
0.078421,0.229873
0.078366,0.229873
0.078312,0.230063
0.078258,0.230063
0.078203,0.230063
0.078149,0.230254
0.078094,0.230254
0.078040,0.230254
0.077985,0.230254
0.077931,0.230254
0.077876,0.230254
0.077822,0.230254
0.077768,0.230254
0.077713,0.230254
0.077659,0.230445
0.077604,0.230445
0.077550,0.230445
0.077495,0.230445
0.077441,0.230636
0.077387,0.230636
0.077332,0.230636
0.077278,0.230636
0.077223,0.230636
0.077169,0.230636
0.077114,0.230636
0.077060,0.230636
0.077005,0.230826
0.076951,0.230826
0.076897,0.230826
0.076842,0.230826
0.076788,0.231017
0.076733,0.231017
0.076679,0.231017
0.076624,0.231017
0.076570,0.231017
0.076516,0.231017
0.076461,0.231017
0.076407,0.231208
0.076352,0.231208
0.076298,0.231208
0.076243,0.231208
0.076189,0.231208
0.076134,0.231399
0.076080,0.231399
0.076026,0.231399
0.075971,0.231399
0.075917,0.231590
0.075862,0.231590
0.075808,0.231590
0.075753,0.231590
0.075699,0.231590
0.075644,0.231780
0.075590,0.231780
0.075536,0.231780
0.075481,0.231780
0.075427,0.231780
0.075372,0.231971
0.075318,0.231971
0.075263,0.231971
0.075209,0.232162
0.075155,0.232162
0.075100,0.232162
0.075046,0.232162
0.074991,0.232162
0.074937,0.232162
0.074882,0.232353
0.074828,0.232353
0.074773,0.232353
0.074719,0.232543
0.074665,0.232543
0.074610,0.232543
0.074556,0.232543
0.074501,0.232734
0.074447,0.232734
0.074392,0.232734
0.074338,0.232734
0.074284,0.232734
0.074229,0.232925
0.074175,0.232925
0.074120,0.232925
0.074066,0.232925
0.074011,0.232925
0.073957,0.233116
0.073903,0.233116
0.073848,0.233116
0.073794,0.233306
0.073739,0.233306
0.073685,0.233306
0.073630,0.233306
0.073576,0.233306
0.073522,0.233306
0.073467,0.233497
0.073413,0.233497
0.073358,0.233497
0.073304,0.233688
0.073249,0.233688
0.073195,0.233688
0.073141,0.233688
0.073086,0.233688
0.073032,0.233879
0.072977,0.233879
0.072923,0.233879
0.072868,0.234069
0.072814,0.234069
0.072759,0.234069
0.072705,0.234069
0.072651,0.234260
0.072596,0.234260
0.072542,0.234260
0.072487,0.234451
0.072433,0.234451
0.072378,0.234451
0.072324,0.234451
0.072269,0.234642
0.072215,0.234642
0.072161,0.234642
0.072106,0.234833
0.072052,0.234833
0.071997,0.235023
0.071943,0.235023
0.071888,0.235023
0.071834,0.235214
0.071780,0.235214
0.071725,0.235214
0.071671,0.235405
0.071616,0.235405
0.071562,0.235405
0.071507,0.235596
0.071453,0.235596
0.071398,0.235596
0.071344,0.235786
0.071290,0.235786
0.071235,0.235786
0.071181,0.235977
0.071126,0.235977
0.071072,0.235977
0.071017,0.235977
0.070963,0.236168
0.070908,0.236168
0.070854,0.236359
0.070800,0.236359
0.070745,0.236359
0.070691,0.236549
0.070636,0.236549
0.070582,0.236740
0.070527,0.236740
0.070473,0.236740
0.070419,0.236740
0.070364,0.236931
0.070310,0.236931
0.070255,0.237122
0.070201,0.237122
0.070146,0.237122
0.070092,0.237313
0.070037,0.237313
0.069983,0.237503
0.069929,0.237503
0.069874,0.237503
0.069820,0.237694
0.069765,0.237694
0.069711,0.237885
0.069656,0.237885
0.069602,0.238076
0.069547,0.238076
0.069493,0.238266
0.069439,0.238266
0.069384,0.238266
0.069330,0.238457
0.069275,0.238457
0.069221,0.238648
0.069166,0.238648
0.069112,0.238648
0.069057,0.238839
0.069003,0.239029
0.068949,0.239029
0.068894,0.239029
0.068840,0.239220
0.068785,0.239220
0.068731,0.239411
0.068676,0.239411
0.068622,0.239602
0.068567,0.239602
0.068513,0.239602
0.068458,0.239792
0.068404,0.239792
0.068350,0.239983
0.068295,0.239983
0.068241,0.240174
0.068186,0.240174
0.068132,0.240365
0.068077,0.240365
0.068023,0.240556
0.067969,0.240556
0.067914,0.240746
0.067860,0.240937
0.067805,0.240937
0.067751,0.240937
0.067696,0.241128
0.067642,0.241319
0.067587,0.241319
0.067533,0.241509
0.067479,0.241509
0.067424,0.241700
0.067370,0.241700
0.067315,0.241891
0.067261,0.242082
0.067206,0.242082
0.067152,0.242272
0.067098,0.242463
0.067043,0.242463
0.066989,0.242463
0.066934,0.242654
0.066880,0.242654
0.066825,0.242845
0.066771,0.242845
0.066717,0.243035
0.066662,0.243226
0.066608,0.243226
0.066553,0.243417
0.066499,0.243608
0.066444,0.243608
0.066390,0.243799
0.066335,0.243799
0.066281,0.243989
0.066227,0.244180
0.066172,0.244371
0.066118,0.244371
0.066063,0.244562
0.066009,0.244562
0.065954,0.244752
0.065900,0.244943
0.065846,0.245134
0.065791,0.245134
0.065737,0.245325
0.065682,0.245515
0.065628,0.245515
0.065573,0.245706
0.065519,0.245897
0.065464,0.245897
0.065410,0.245897
0.065356,0.246088
0.065301,0.246278
0.065247,0.246469
0.065192,0.246660
0.065138,0.246660
0.065083,0.246851
0.065029,0.247042
0.064975,0.247232
0.064920,0.247232
0.064866,0.247423
0.064811,0.247614
0.064757,0.247805
0.064702,0.247805
0.064648,0.247995
0.064594,0.248186
0.064539,0.248186
0.064485,0.248377
0.064430,0.248568
0.064376,0.248568
0.064321,0.248758
0.064267,0.248949
0.064213,0.248949
0.064158,0.249140
0.064104,0.249331
0.064049,0.249522
0.063995,0.249712
0.063940,0.249712
0.063886,0.250094
0.063831,0.250094
0.063777,0.250285
0.063723,0.250475
0.063668,0.250475
0.063614,0.250666
0.063559,0.250857
0.063505,0.251048
0.063450,0.251238
0.063396,0.251238
0.063342,0.251620
0.063287,0.251620
0.063233,0.251811
0.063178,0.252001
0.063124,0.252001
0.063069,0.252192
0.063015,0.252383
0.062961,0.252574
0.062906,0.252765
0.062852,0.252765
0.062797,0.253146
0.062743,0.253146
0.062688,0.253337
0.062634,0.253528
0.062579,0.253718
0.062525,0.253909
0.062471,0.254100
0.062416,0.254291
0.062362,0.254291
0.062307,0.254672
0.062253,0.254672
0.062198,0.254863
0.062144,0.255054
0.062090,0.255054
0.062035,0.255244
0.061981,0.255435
0.061926,0.255626
0.061872,0.255817
0.061817,0.256008
0.061763,0.256198
0.061709,0.256389
0.061654,0.256580
0.061600,0.256580
0.061545,0.256961
0.061491,0.257152
0.061436,0.257152
0.061382,0.257343
0.061328,0.257534
0.061273,0.257724
0.061219,0.257915
0.061164,0.257915
0.061110,0.258106
0.061055,0.258487
0.061001,0.258487
0.060946,0.258678
0.060892,0.258869
0.060838,0.259060
0.060783,0.259251
0.060729,0.259441
0.060674,0.259632
0.060620,0.259823
0.060565,0.260014
0.060511,0.260204
0.060457,0.260395
0.060402,0.260586
0.060348,0.260777
0.060293,0.260777
0.060239,0.261158
0.060184,0.261158
0.060130,0.261349
0.060075,0.261540
0.060021,0.261731
0.059967,0.261921
0.059912,0.262112
0.059858,0.262303
0.059803,0.262494
0.059749,0.262684
0.059694,0.262875
0.059640,0.263066
0.059586,0.263257
0.059531,0.263447
0.059477,0.263638
0.059422,0.263829
0.059368,0.264020
0.059313,0.264210
0.059259,0.264210
0.059205,0.264401
0.059150,0.264592
0.059096,0.264974
0.059041,0.264974
0.058987,0.265164
0.058932,0.265355
0.058878,0.265737
0.058823,0.265737
0.058769,0.265927
0.058715,0.266118
0.058660,0.266500
0.058606,0.266500
0.058551,0.266690
0.058497,0.266881
0.058442,0.267072
0.058388,0.267263
0.058334,0.267453
0.058279,0.267644
0.058225,0.267835
0.058170,0.268026
0.058116,0.268217
0.058061,0.268407
0.058007,0.268598
0.057953,0.268789
0.057898,0.268980
0.057844,0.269170
0.057789,0.269361
0.057735,0.269552
0.057680,0.269743
0.057626,0.269933
0.057571,0.270124
0.057517,0.270315
0.057463,0.270506
0.057408,0.270696
0.057354,0.270887
0.057299,0.271078
0.057245,0.271269
0.057190,0.271460
0.057136,0.271841
0.057081,0.271841
0.057027,0.272223
0.056973,0.272413
0.056918,0.272604
0.056864,0.272795
0.056809,0.272986
0.056755,0.273176
0.056700,0.273367
0.056646,0.273367
0.056592,0.273749
0.056537,0.273940
0.056483,0.274130
0.056428,0.274321
0.056374,0.274512
0.056319,0.274703
0.056265,0.274893
0.056211,0.275084
0.056156,0.275275
0.056102,0.275466
0.056047,0.275656
0.055993,0.275847
0.055938,0.276038
0.055884,0.276229
0.055829,0.276419
0.055775,0.276610
0.055721,0.276801
0.055666,0.276992
0.055612,0.277183
0.055557,0.277564
0.055503,0.277755
0.055448,0.277946
0.055394,0.278136
0.055340,0.278327
0.055285,0.278518
0.055231,0.278709
0.055176,0.278899
0.055122,0.279090
0.055067,0.279281
0.055013,0.279472
0.054958,0.279662
0.054904,0.279853
0.054850,0.280044
0.054795,0.280235
0.054741,0.280616
0.054686,0.280807
0.054632,0.280998
0.054577,0.281189
0.054523,0.281379
0.054468,0.281761
0.054414,0.281761
0.054360,0.282142
0.054305,0.282142
0.054251,0.282333
0.054196,0.282524
0.054142,0.282906
0.054087,0.283096
0.054033,0.283287
0.053979,0.283478
0.053924,0.283669
0.053870,0.283859
0.053815,0.284241
0.053761,0.284432
0.053706,0.284622
0.053652,0.284813
0.053597,0.285004
0.053543,0.285195
0.053489,0.285385
0.053434,0.285576
0.053380,0.285767
0.053325,0.285958
0.053271,0.286339
0.053216,0.286339
0.053162,0.286721
0.053107,0.286912
0.053053,0.287102
0.052999,0.287293
0.052944,0.287484
0.052890,0.287865
0.052835,0.288056
0.052781,0.288247
0.052726,0.288438
0.052672,0.288628
0.052617,0.288819
0.052563,0.289010
0.052509,0.289201
0.052454,0.289392
0.052400,0.289773
0.052345,0.289964
0.052291,0.290155
0.052236,0.290345
0.052182,0.290536
0.052128,0.290727
0.052073,0.290918
0.052019,0.291299
0.051964,0.291490
0.051910,0.291681
0.051855,0.291871
0.051801,0.292062
0.051746,0.292253
0.051692,0.292444
0.051638,0.292825
0.051583,0.293016
0.051529,0.293207
0.051474,0.293588
0.051420,0.293588
0.051365,0.293970
0.051311,0.294161
0.051257,0.294351
0.051202,0.294542
0.051148,0.294733
0.051093,0.294924
0.051039,0.295115
0.050984,0.295305
0.050930,0.295687
0.050875,0.295878
0.050821,0.296068
0.050767,0.296259
0.050712,0.296450
0.050658,0.296831
0.050603,0.297022
0.050549,0.297213
0.050494,0.297404
0.050440,0.297594
0.050386,0.297785
0.050331,0.298167
0.050277,0.298358
0.050222,0.298548
0.050168,0.298739
0.050113,0.299121
0.050059,0.299311
0.050004,0.299502
0.049950,0.299693
0.049896,0.300074
0.049841,0.300265
0.049787,0.300456
0.049732,0.300647
0.049678,0.300837
0.049623,0.301028
0.049569,0.301219
0.049515,0.301601
0.049460,0.301791
0.049406,0.301982
0.049351,0.302364
0.049297,0.302364
0.049242,0.302745
0.049188,0.302936
0.049133,0.303127
0.049079,0.303508
0.049024,0.303699
0.048970,0.303890
0.048916,0.304080
0.048861,0.304271
0.048807,0.304653
0.048752,0.304844
0.048698,0.305034
0.048643,0.305416
0.048589,0.305607
0.048535,0.305797
0.048480,0.306179
0.048426,0.306179
0.048371,0.306560
0.048317,0.306751
0.048262,0.306942
0.048208,0.307133
0.048154,0.307324
0.048099,0.307705
0.048045,0.307896
0.047990,0.308087
0.047936,0.308468
0.047881,0.308659
0.047827,0.308850
0.047773,0.309231
0.047718,0.309422
0.047664,0.309613
0.047609,0.309803
0.047555,0.309994
0.047500,0.310376
0.047446,0.310567
0.047391,0.310757
0.047337,0.311139
0.047283,0.311330
0.047228,0.311520
0.047174,0.311902
0.047119,0.312093
0.047065,0.312283
0.047010,0.312474
0.046956,0.312665
0.046902,0.313046
0.046847,0.313237
0.046793,0.313428
0.046738,0.313810
0.046684,0.314000
0.046629,0.314191
0.046575,0.314382
0.046521,0.314763
0.046466,0.314954
0.046412,0.315145
0.046357,0.315526
0.046303,0.315717
0.046248,0.315908
0.046194,0.316099
0.046140,0.316480
0.046085,0.316671
0.046031,0.316862
0.045976,0.317243
0.045922,0.317434
0.045867,0.317625
0.045813,0.318006
0.045759,0.318197
0.045704,0.318388
0.045650,0.318769
0.045595,0.318960
0.045541,0.319151
0.045486,0.319342
0.045432,0.319723
0.045377,0.319914
0.045323,0.320296
0.045269,0.320486
0.045214,0.320677
0.045160,0.321059
0.045105,0.321249
0.045051,0.321440
0.044996,0.321822
0.044942,0.322012
0.044888,0.322203
0.044833,0.322394
0.044779,0.322776
0.044724,0.322966
0.044670,0.323348
0.044615,0.323539
0.044561,0.323729
0.044507,0.324111
0.044452,0.324302
0.044398,0.324492
0.044343,0.324874
0.044289,0.325065
0.044234,0.325255
0.044180,0.325637
0.044126,0.325828
0.044071,0.326019
0.044017,0.326400
0.043962,0.326782
0.043908,0.326972
0.043853,0.327163
0.043799,0.327545
0.043745,0.327735
0.043690,0.327926
0.043636,0.328308
0.043581,0.328498
0.043527,0.328689
0.043472,0.329071
0.043418,0.329262
0.043363,0.329643
0.043309,0.329834
0.043255,0.330215
0.043200,0.330406
0.043146,0.330597
0.043091,0.330978
0.043037,0.331169
0.042982,0.331360
0.042928,0.331742
0.042874,0.331932
0.042819,0.332123
0.042765,0.332505
0.042710,0.332695
0.042656,0.333077
0.042601,0.333458
0.042547,0.333649
0.042492,0.333840
0.042438,0.334031
0.042384,0.334412
0.042329,0.334603
0.042275,0.334985
0.042220,0.335175
0.042166,0.335557
0.042111,0.335748
0.042057,0.336129
0.042003,0.336320
0.041948,0.336701
0.041894,0.336892
0.041839,0.337083
0.041785,0.337464
0.041730,0.337655
0.041676,0.337846
0.041622,0.338228
0.041567,0.338609
0.041513,0.338800
0.041458,0.338991
0.041404,0.339372
0.041349,0.339563
0.041295,0.339944
0.041240,0.340135
0.041186,0.340517
0.041132,0.340708
0.041077,0.340898
0.041023,0.341280
0.040968,0.341471
0.040914,0.341852
0.040859,0.342043
0.040805,0.342424
0.040751,0.342615
0.040696,0.342997
0.040642,0.343187
0.040587,0.343569
0.040533,0.343760
0.040478,0.344141
0.040424,0.344332
0.040369,0.344714
0.040315,0.344904
0.040261,0.345286
0.040206,0.345477
0.040152,0.345858
0.040097,0.346049
0.040043,0.346430
0.039988,0.346621
0.039934,0.347003
0.039880,0.347194
0.039825,0.347575
0.039771,0.347766
0.039716,0.348147
0.039662,0.348338
0.039607,0.348720
0.039553,0.348910
0.039499,0.349292
0.039444,0.349483
0.039390,0.349673
0.039335,0.350055
0.039281,0.350437
0.039226,0.350627
0.039172,0.351009
0.039117,0.351200
0.039063,0.351581
0.039009,0.351963
0.038954,0.352153
0.038900,0.352344
0.038845,0.352726
0.038791,0.353107
0.038736,0.353298
0.038682,0.353489
0.038628,0.353870
0.038573,0.354252
0.038519,0.354633
0.038464,0.354824
0.038410,0.355015
0.038355,0.355396
0.038301,0.355778
0.038247,0.355969
0.038192,0.356350
0.038138,0.356541
0.038083,0.356923
0.038029,0.357304
0.037974,0.357686
0.037920,0.358067
0.037866,0.358258
0.037811,0.358449
0.037757,0.358830
0.037702,0.359021
0.037648,0.359403
0.037593,0.359593
0.037539,0.359975
0.037485,0.360356
0.037430,0.360547
0.037376,0.360929
0.037321,0.361119
0.037267,0.361501
0.037212,0.361692
0.037158,0.362073
0.037103,0.362455
0.037049,0.362646
0.036995,0.363027
0.036940,0.363409
0.036886,0.363790
0.036831,0.363981
0.036777,0.364362
0.036722,0.364553
0.036668,0.364935
0.036614,0.365126
0.036559,0.365507
0.036505,0.365698
0.036450,0.366079
0.036396,0.366461
0.036341,0.366842
0.036287,0.367224
0.036233,0.367415
0.036178,0.367605
0.036124,0.367987
0.036069,0.368369
0.036015,0.368750
0.035960,0.368941
0.035906,0.369322
0.035851,0.369704
0.035797,0.369895
0.035743,0.370276
0.035688,0.370658
0.035634,0.370848
0.035579,0.371230
0.035525,0.371612
0.035470,0.371802
0.035416,0.372184
0.035362,0.372565
0.035307,0.372947
0.035253,0.373328
0.035198,0.373519
0.035144,0.373710
0.035089,0.374091
0.035035,0.374473
0.034980,0.374855
0.034926,0.375045
0.034872,0.375427
0.034817,0.375808
0.034763,0.376190
0.034708,0.376381
0.034654,0.376762
0.034599,0.377144
0.034545,0.377335
0.034491,0.377716
0.034436,0.378098
0.034382,0.378288
0.034327,0.378670
0.034273,0.379051
0.034218,0.379433
0.034164,0.379814
0.034110,0.380005
0.034055,0.380387
0.034001,0.380768
0.033946,0.380959
0.033892,0.381341
0.033837,0.381722
0.033783,0.382104
0.033729,0.382485
0.033674,0.382867
0.033620,0.383057
0.033565,0.383439
0.033511,0.383630
0.033456,0.384202
0.033402,0.384393
0.033347,0.384774
0.033293,0.385156
0.033239,0.385537
0.033184,0.385919
0.033130,0.386110
0.033075,0.386491
0.033021,0.386873
0.032966,0.387064
0.032912,0.387445
0.032858,0.387827
0.032803,0.388208
0.032749,0.388590
0.032694,0.388971
0.032640,0.389353
0.032585,0.389544
0.032531,0.389925
0.032477,0.390307
0.032422,0.390688
0.032368,0.391070
0.032313,0.391451
0.032259,0.391642
0.032204,0.392023
0.032150,0.392405
0.032096,0.392787
0.032041,0.393168
0.031987,0.393550
0.031932,0.393550
0.031878,0.394313
0.031823,0.394694
0.031769,0.394885
0.031715,0.395266
0.031660,0.395457
0.031606,0.395839
0.031551,0.396220
0.031497,0.396793
0.031442,0.396983
0.031388,0.397365
0.031333,0.397746
0.031279,0.398128
0.031225,0.398510
0.031170,0.398891
0.031116,0.399273
0.031061,0.399463
0.031007,0.400036
0.030952,0.400417
0.030898,0.400799
0.030844,0.401180
0.030789,0.401371
0.030735,0.401753
0.030680,0.402134
0.030626,0.402516
0.030571,0.402897
0.030517,0.403279
0.030463,0.403660
0.030408,0.404042
0.030354,0.404232
0.030299,0.404805
0.030245,0.404996
0.030190,0.405377
0.030136,0.405949
0.030082,0.406331
0.030027,0.406712
0.029973,0.407094
0.029918,0.407285
0.029864,0.407666
0.029809,0.408048
0.029755,0.408429
0.029701,0.409002
0.029646,0.409383
0.029592,0.409765
0.029537,0.409955
0.029483,0.410337
0.029428,0.410719
0.029374,0.411100
0.029320,0.411482
0.029265,0.411863
0.029211,0.412435
0.029156,0.412817
0.029102,0.413198
0.029047,0.413580
0.028993,0.413771
0.028939,0.414343
0.028884,0.414534
0.028830,0.415106
0.028775,0.415488
0.028721,0.415869
0.028666,0.416251
0.028612,0.416632
0.028558,0.417014
0.028503,0.417395
0.028449,0.417777
0.028394,0.418349
0.028340,0.418731
0.028285,0.419112
0.028231,0.419494
0.028177,0.419875
0.028122,0.420257
0.028068,0.420638
0.028013,0.421020
0.027959,0.421401
0.027904,0.421783
0.027850,0.422164
0.027796,0.422546
0.027741,0.422928
0.027687,0.423309
0.027632,0.423691
0.027578,0.424263
0.027523,0.424644
0.027469,0.425026
0.027415,0.425407
0.027360,0.425789
0.027306,0.426171
0.027251,0.426743
0.027197,0.427124
0.027142,0.427506
0.027088,0.427887
0.027034,0.428269
0.026979,0.428650
0.026925,0.429032
0.026870,0.429604
0.026816,0.429986
0.026761,0.430367
0.026707,0.430940
0.026653,0.431321
0.026598,0.431703
0.026544,0.432084
0.026489,0.432466
0.026435,0.432847
0.026380,0.433420
0.026326,0.433801
0.026272,0.434183
0.026217,0.434755
0.026163,0.434946
0.026108,0.435518
0.026054,0.435900
0.025999,0.436281
0.025945,0.436853
0.025891,0.437235
0.025836,0.437616
0.025782,0.437998
0.025727,0.438380
0.025673,0.438952
0.025618,0.439333
0.025564,0.439906
0.025510,0.440287
0.025455,0.440669
0.025401,0.441050
0.025346,0.441623
0.025292,0.442004
0.025237,0.442386
0.025183,0.442767
0.025128,0.443339
0.025074,0.443721
0.025020,0.444102
0.024965,0.444675
0.024911,0.445056
0.024856,0.445438
0.024802,0.446010
0.024747,0.446392
0.024693,0.446964
0.024639,0.447155
0.024584,0.447727
0.024530,0.448109
0.024475,0.448681
0.024421,0.449062
0.024366,0.449635
0.024312,0.450016
0.024258,0.450398
0.024203,0.450970
0.024149,0.451352
0.024094,0.451924
0.024040,0.452305
0.023985,0.452687
0.023931,0.453259
0.023877,0.453641
0.023822,0.454213
0.023768,0.454595
0.023713,0.455167
0.023659,0.455739
0.023604,0.456121
0.023550,0.456502
0.023496,0.456884
0.023441,0.457456
0.023387,0.457838
0.023332,0.458410
0.023278,0.458791
0.023223,0.459364
0.023169,0.459745
0.023115,0.460318
0.023060,0.460699
0.023006,0.461271
0.022951,0.461653
0.022897,0.462225
0.022842,0.462607
0.022788,0.463179
0.022734,0.463561
0.022679,0.464133
0.022625,0.464705
0.022570,0.465087
0.022516,0.465659
0.022461,0.466041
0.022407,0.466422
0.022352,0.466994
0.022298,0.467567
0.022244,0.467948
0.022189,0.468521
0.022135,0.468902
0.022080,0.469474
0.022026,0.470047
0.021971,0.470428
0.021917,0.471000
0.021863,0.471382
0.021808,0.471954
0.021754,0.472527
0.021699,0.472908
0.021645,0.473480
0.021590,0.474053
0.021536,0.474434
0.021482,0.475007
0.021427,0.475579
0.021373,0.475960
0.021318,0.476533
0.021264,0.477105
0.021209,0.477486
0.021155,0.478059
0.021101,0.478631
0.021046,0.479013
0.020992,0.479776
0.020937,0.480157
0.020883,0.480730
0.020828,0.481302
0.020774,0.481683
0.020720,0.482256
0.020665,0.482828
0.020611,0.483400
0.020556,0.483782
0.020502,0.484354
0.020447,0.484926
0.020393,0.485499
0.020339,0.485880
0.020284,0.486452
0.020230,0.487025
0.020175,0.487597
0.020121,0.488169
0.020066,0.488742
0.020012,0.489314
0.019958,0.489695
0.019903,0.490268
0.019849,0.490840
0.019794,0.491412
0.019740,0.491985
0.019685,0.492557
0.019631,0.493129
0.019576,0.493511
0.019522,0.494083
0.019468,0.494655
0.019413,0.495228
0.019359,0.495800
0.019304,0.496372
0.019250,0.496945
0.019195,0.497517
0.019141,0.498089
0.019087,0.498661
0.019032,0.499234
0.018978,0.499615
0.018923,0.500378
0.018869,0.500951
0.018814,0.501523
0.018760,0.502095
0.018706,0.502668
0.018651,0.503049
0.018597,0.503812
0.018542,0.504384
0.018488,0.504957
0.018433,0.505529
0.018379,0.506101
0.018324,0.506674
0.018270,0.507246
0.018216,0.508009
0.018161,0.508391
0.018107,0.509154
0.018052,0.509535
0.017998,0.510298
0.017943,0.510870
0.017889,0.511443
0.017835,0.512015
0.017780,0.512587
0.017726,0.513350
0.017671,0.513923
0.017617,0.514495
0.017562,0.515067
0.017508,0.515640
0.017454,0.516403
0.017399,0.516975
0.017345,0.517547
0.017290,0.518120
0.017236,0.518883
0.017181,0.519455
0.017127,0.520218
0.017073,0.520600
0.017018,0.521363
0.016964,0.521935
0.016909,0.522507
0.016855,0.523270
0.016800,0.523843
0.016746,0.524415
0.016692,0.525178
0.016637,0.525750
0.016583,0.526323
0.016528,0.527086
0.016474,0.527658
0.016419,0.528421
0.016365,0.528993
0.016311,0.529756
0.016256,0.530329
0.016202,0.531092
0.016147,0.531664
0.016093,0.532427
0.016038,0.532999
0.015984,0.533572
0.015929,0.534335
0.015875,0.535098
0.015821,0.535670
0.015766,0.536242
0.015712,0.537005
0.015657,0.537768
0.015603,0.538341
0.015548,0.538913
0.015494,0.539676
0.015440,0.540439
0.015385,0.541202
0.015331,0.541775
0.015276,0.542347
0.015222,0.543301
0.015167,0.543873
0.015113,0.544636
0.015058,0.545208
0.015004,0.545971
0.014950,0.546734
0.014895,0.547307
0.014841,0.548070
0.014786,0.548833
0.014732,0.549596
0.014677,0.550359
0.014623,0.551122
0.014569,0.551694
0.014514,0.552457
0.014460,0.553220
0.014405,0.553984
0.014351,0.554747
0.014296,0.555319
0.014242,0.556273
0.014187,0.556845
0.014133,0.557608
0.014079,0.558371
0.014024,0.559134
0.013970,0.559897
0.013915,0.560660
0.013861,0.561423
0.013806,0.562186
0.013752,0.562950
0.013698,0.563713
0.013643,0.564476
0.013589,0.565239
0.013534,0.566002
0.013480,0.566765
0.013425,0.567528
0.013371,0.568482
0.013317,0.569054
0.013262,0.570008
0.013208,0.570771
0.013153,0.571725
0.013099,0.572297
0.013044,0.573251
0.012990,0.574014
0.012936,0.574777
0.012881,0.575540
0.012827,0.576303
0.012772,0.577257
0.012718,0.578211
0.012663,0.578974
0.012609,0.579737
0.012555,0.580691
0.012500,0.581263
0.012446,0.582217
0.012391,0.583171
0.012337,0.583934
0.012282,0.584697
0.012228,0.585651
0.012173,0.586414
0.012119,0.587368
0.012065,0.588131
0.012010,0.588894
0.011956,0.590038
0.011901,0.590801
0.011847,0.591564
0.011792,0.592518
0.011738,0.593472
0.011684,0.594235
0.011629,0.595189
0.011575,0.596143
0.011520,0.596906
0.011466,0.597860
0.011411,0.598813
0.011357,0.599767
0.011302,0.600530
0.011248,0.601675
0.011194,0.602629
0.011139,0.603392
0.011085,0.604536
0.011030,0.605299
0.010976,0.606253
0.010921,0.607207
0.010867,0.608161
0.010813,0.609115
0.010758,0.610069
0.010704,0.611022
0.010649,0.611976
0.010595,0.612930
0.010540,0.613884
0.010486,0.614838
0.010431,0.615792
0.010377,0.616936
0.010323,0.617890
0.010268,0.618844
0.010214,0.619798
0.010159,0.620942
0.010105,0.621896
0.010050,0.622850
0.009996,0.623995
0.009942,0.624948
0.009887,0.626093
0.009833,0.627047
0.009778,0.628191
0.009724,0.629145
0.009669,0.630099
0.009615,0.631244
0.009560,0.632388
0.009506,0.633342
0.009452,0.634487
0.009397,0.635631
0.009343,0.636585
0.009288,0.637730
0.009234,0.638874
0.009179,0.639828
0.009125,0.640973
0.009071,0.642117
0.009016,0.643262
0.008962,0.644406
0.008907,0.645551
0.008853,0.646696
0.008798,0.647840
0.008744,0.648985
0.008690,0.650129
0.008635,0.651274
0.008581,0.652419
0.008526,0.653754
0.008472,0.654899
0.008417,0.656043
0.008363,0.657188
0.008309,0.658523
0.008254,0.659668
0.008200,0.660812
0.008145,0.662148
0.008091,0.663483
0.008036,0.664628
0.007982,0.665963
0.007927,0.667108
0.007873,0.668443
0.007819,0.669778
0.007764,0.670923
0.007710,0.672258
0.007655,0.673594
0.007601,0.674929
0.007546,0.676264
0.007492,0.677600
0.007438,0.678935
0.007383,0.680270
0.007329,0.681797
0.007274,0.683132
0.007220,0.684658
0.007165,0.685993
0.007111,0.687329
0.007057,0.688664
0.007002,0.690190
0.006948,0.691526
0.006893,0.693052
0.006839,0.694578
0.006784,0.696104
0.006730,0.697630
0.006676,0.699156
0.006621,0.700682
0.006567,0.702208
0.006512,0.703735
0.006458,0.705451
0.006403,0.706978
0.006349,0.708504
0.006295,0.710221
0.006240,0.711938
0.006186,0.713464
0.006131,0.715181
0.006077,0.716897
0.006022,0.718614
0.005968,0.720331
0.005914,0.722048
0.005859,0.723956
0.005805,0.725673
0.005750,0.727580
0.005696,0.729297
0.005641,0.731205
0.005587,0.733113
0.005532,0.735020
0.005478,0.736928
0.005424,0.739026
0.005369,0.740934
0.005315,0.742842
0.005260,0.744940
0.005206,0.746848
0.005151,0.749137
0.005097,0.751235
0.005043,0.753334
0.004988,0.755432
0.004934,0.757721
0.004879,0.759820
0.004825,0.762109
0.004770,0.764398
0.004716,0.766687
0.004661,0.768976
0.004607,0.771456
0.004553,0.773746
0.004498,0.776226
0.004444,0.778705
0.004389,0.781185
0.004335,0.783665
0.004280,0.786336
0.004226,0.788816
0.004172,0.791487
0.004117,0.794158
0.004063,0.797019
0.004008,0.799690
0.003954,0.802360
0.003899,0.805222
0.003845,0.808083
0.003790,0.810945
0.003736,0.813997
0.003682,0.817049
0.003627,0.820102
0.003573,0.823345
0.003518,0.826588
0.003464,0.829831
0.003409,0.833264
0.003355,0.836698
0.003301,0.840323
0.003246,0.843757
0.003192,0.847572
0.003137,0.851387
0.003083,0.855584
0.003028,0.859781
0.002974,0.864169
0.002919,0.868556
0.002865,0.873325
0.002811,0.878285
0.002811,0.878285
0.002759,0.883245
0.002756,0.883436
0.002707,0.888396
0.002702,0.888777
0.002654,0.893737
0.002647,0.894500
0.002602,0.899460
0.002593,0.900414
0.002551,0.905374
0.002538,0.906709
0.002498,0.911669
0.002484,0.913386
0.002445,0.918346
0.002430,0.920254
0.002394,0.925214
0.002375,0.927693
0.002340,0.932653
0.002321,0.935324
0.002288,0.940284
0.002266,0.943527
0.002234,0.948487
0.002212,0.951921
0.002182,0.956881
0.002157,0.960696
0.002130,0.965656
0.002103,0.970234
0.002075,0.975194
0.002048,0.979773
0.002023,0.984732
0.001998,0.989692
0.001994,0.990265
0.001970,0.995225
0.001945,1.000184
0.001940,1.001329
0.001916,1.006289
0.001892,1.011249
0.001885,1.012584
0.001864,1.017544
0.001841,1.022504
0.001831,1.024793
0.001810,1.029753
0.001789,1.034713
0.001776,1.037575
0.001757,1.042534
0.001737,1.047494
0.001722,1.051310
0.001703,1.056270
0.001683,1.061229
0.001667,1.065617
0.001649,1.070577
0.001631,1.075537
0.001613,1.080497
0.001613,1.080497
0.001595,1.085457
0.001579,1.090417
0.001561,1.095377
0.001558,1.096140
0.001542,1.101099
0.001525,1.106059
0.001509,1.111019
0.001504,1.112355
0.001488,1.117315
0.001471,1.122274
0.001455,1.127234
0.001450,1.128951
0.001434,1.133911
0.001418,1.138871
0.001401,1.143831
0.001395,1.145739
0.001380,1.150699
0.001364,1.155658
0.001348,1.160618
0.001341,1.162717
0.001325,1.167677
0.001310,1.172637
0.001293,1.177597
0.001286,1.179695
0.001271,1.184655
0.001255,1.189615
0.001239,1.194575
0.001232,1.196673
0.001216,1.201633
0.001200,1.206593
0.001184,1.211553
0.001177,1.213460
0.001162,1.218420
0.001145,1.223380
0.001129,1.228340
0.001123,1.229866
0.001107,1.234826
0.001090,1.239786
0.001073,1.244746
0.001069,1.246272
0.001052,1.251232
0.001035,1.256192
0.001018,1.261152
0.001014,1.262106
0.000997,1.267066
0.000980,1.272026
0.000963,1.276985
0.000960,1.277749
0.000942,1.282708
0.000924,1.287668
0.000907,1.292628
0.000905,1.293010
0.000888,1.297970
0.000869,1.302930
0.000851,1.307889
0.000833,1.312849
0.000815,1.317809
0.000796,1.322578
0.000778,1.327538
0.000759,1.332498
0.000742,1.336886
0.000723,1.341846
0.000704,1.346806
0.000687,1.350812
0.000669,1.355772
0.000649,1.360732
0.000633,1.364738
0.000613,1.369698
0.000592,1.374657
0.000579,1.377900
0.000558,1.382860
0.000538,1.387820
0.000524,1.390873
0.000504,1.395832
0.000482,1.400792
0.000470,1.403654
0.000449,1.408614
0.000427,1.413574
0.000415,1.416054
0.000394,1.421014
0.000371,1.425973
0.000361,1.428072
0.000339,1.433032
0.000316,1.437992
0.000306,1.439899
0.000284,1.444859
0.000260,1.449819
0.000252,1.451345
0.000229,1.456305
0.000205,1.461265
0.000197,1.462791
0.000173,1.467751
0.000148,1.472711
0.000143,1.473665
0.000118,1.478625
0.000093,1.483585
0.000089,1.484348
0.000063,1.489308
0.000037,1.494268
0.000034,1.494840
0.000008,1.499800
0.000000,1.501135
