# OCP data for Sony LFP positive electrode, lithiation
# sto,ocp
0.000000,3.798353
0.000008,3.793398
0.000020,3.788443
0.000033,3.783488
0.000048,3.778533
0.000055,3.776246
0.000073,3.771291
0.000092,3.766336
0.000111,3.761953
0.000133,3.756998
0.000157,3.752043
0.000166,3.750328
0.000192,3.745373
0.000220,3.740418
0.000222,3.740227
0.000250,3.735272
0.000277,3.731080
0.000308,3.726125
0.000333,3.722694
0.000367,3.717739
0.000388,3.714881
0.000425,3.709926
0.000444,3.707448
0.000486,3.702493
0.000499,3.701159
0.000540,3.696204
0.000554,3.694870
0.000597,3.689915
0.000610,3.688772
0.000656,3.683817
0.000665,3.683055
0.000714,3.678100
0.000721,3.677719
0.000772,3.672764
0.000776,3.672383
0.000832,3.667618
0.000887,3.662854
0.000943,3.658471
0.000998,3.653897
0.001053,3.649704
0.001109,3.645893
0.001164,3.641890
0.001220,3.638079
0.001275,3.634267
0.001331,3.631028
0.001386,3.627597
0.001442,3.624167
0.001497,3.620927
0.001552,3.617687
0.001608,3.614448
0.001663,3.611398
0.001719,3.608349
0.001774,3.605681
0.001830,3.603013
0.001885,3.600155
0.001941,3.597486
0.001996,3.594628
0.002051,3.592150
0.002107,3.589482
0.002162,3.587005
0.002218,3.584718
0.002273,3.582240
0.002329,3.579763
0.002384,3.577476
0.002439,3.575189
0.002495,3.572902
0.002550,3.570615
0.002606,3.568519
0.002661,3.566423
0.002717,3.564136
0.002772,3.562040
0.002828,3.560134
0.002883,3.558037
0.002938,3.556132
0.002994,3.554226
0.003049,3.552130
0.003105,3.550414
0.003160,3.548699
0.003216,3.546603
0.003271,3.544888
0.003327,3.542982
0.003382,3.541267
0.003437,3.539742
0.003493,3.538027
0.003548,3.536312
0.003604,3.534597
0.003659,3.533072
0.003715,3.531548
0.003770,3.530023
0.003825,3.528308
0.003881,3.526974
0.003936,3.525259
0.003992,3.523924
0.004047,3.522209
0.004103,3.521066
0.004158,3.519541
0.004214,3.518207
0.004269,3.516683
0.004324,3.515349
0.004380,3.514015
0.004435,3.512681
0.004491,3.510965
0.004546,3.510203
0.004602,3.509060
0.004657,3.507726
0.004713,3.506392
0.004768,3.505248
0.004823,3.504105
0.004879,3.502961
0.004934,3.501627
0.004990,3.500484
0.005045,3.499531
0.005101,3.498197
0.005156,3.497053
0.005212,3.496101
0.005267,3.494957
0.005322,3.494004
0.005378,3.492861
0.005433,3.491717
0.005489,3.490764
0.005544,3.489621
0.005600,3.488668
0.005655,3.487715
0.005710,3.486953
0.005766,3.485809
0.005821,3.484857
0.005877,3.483904
0.005932,3.482951
0.005988,3.481807
0.006043,3.481045
0.006099,3.480092
0.006154,3.479330
0.006209,3.478568
0.006265,3.477424
0.006320,3.476662
0.006376,3.475709
0.006431,3.475137
0.006487,3.474184
0.006542,3.473232
0.006598,3.472469
0.006653,3.471707
0.006708,3.470754
0.006764,3.469992
0.006819,3.469420
0.006875,3.468467
0.006930,3.467705
0.006986,3.466943
0.007041,3.466371
0.007097,3.465609
0.007152,3.464846
0.007207,3.464084
0.007263,3.463512
0.007318,3.462750
0.007374,3.462178
0.007429,3.461225
0.007485,3.460463
0.007540,3.460082
0.007596,3.458938
0.007651,3.458557
0.007706,3.457795
0.007762,3.457414
0.007817,3.456842
0.007873,3.455889
0.007928,3.455317
0.007984,3.454746
0.008039,3.454174
0.008095,3.453602
0.008150,3.452840
0.008205,3.452459
0.008261,3.451887
0.008316,3.451315
0.008372,3.450744
0.008427,3.450172
0.008483,3.449410
0.008538,3.448838
0.008594,3.448266
0.008649,3.447885
0.008704,3.447504
0.008760,3.446742
0.008815,3.446360
0.008871,3.445789
0.008926,3.445217
0.008982,3.444836
0.009037,3.444455
0.009093,3.443692
0.009148,3.443311
0.009203,3.442739
0.009259,3.442168
0.009314,3.441977
0.009370,3.441596
0.009425,3.441024
0.009481,3.440453
0.009536,3.440071
0.009592,3.439690
0.009647,3.439119
0.009702,3.438928
0.009758,3.438547
0.009813,3.438166
0.009869,3.437785
0.009924,3.437213
0.009980,3.436641
0.010035,3.436260
0.010091,3.435879
0.010146,3.435688
0.010201,3.435307
0.010257,3.434735
0.010312,3.434354
0.010368,3.433973
0.010423,3.433592
0.010479,3.433211
0.010534,3.433020
0.010590,3.432639
0.010645,3.432258
0.010700,3.432067
0.010756,3.431496
0.010811,3.431305
0.010867,3.430924
0.010922,3.430543
0.010978,3.430162
0.011033,3.429971
0.011088,3.429780
0.011144,3.429399
0.011199,3.429018
0.011255,3.428637
0.011310,3.428446
0.011366,3.428065
0.011421,3.427875
0.011477,3.427493
0.011532,3.427303
0.011587,3.426922
0.011643,3.426731
0.011698,3.426541
0.011754,3.426350
0.011809,3.425969
0.011865,3.425588
0.011920,3.425397
0.011976,3.425016
0.012031,3.424825
0.012086,3.424635
0.012142,3.424254
0.012197,3.424063
0.012253,3.423873
0.012308,3.423682
0.012364,3.423491
0.012419,3.423301
0.012475,3.422920
0.012530,3.422539
0.012585,3.422348
0.012641,3.422157
0.012696,3.421967
0.012752,3.421776
0.012807,3.421586
0.012863,3.421395
0.012918,3.421205
0.012973,3.421014
0.013029,3.420823
0.013084,3.420633
0.013140,3.420442
0.013195,3.420252
0.013251,3.420252
0.013306,3.419870
0.013362,3.419680
0.013417,3.419489
0.013472,3.419299
0.013528,3.419108
0.013583,3.418918
0.013639,3.418727
0.013694,3.418536
0.013750,3.418346
0.013805,3.418155
0.013861,3.417965
0.013916,3.417774
0.013971,3.417774
0.014027,3.417584
0.014082,3.417584
0.014138,3.417393
0.014193,3.417202
0.014249,3.417202
0.014304,3.417012
0.014360,3.416821
0.014415,3.416631
0.014470,3.416250
0.014526,3.416250
0.014581,3.416250
0.014637,3.416059
0.014692,3.415868
0.014748,3.415868
0.014803,3.415678
0.014859,3.415487
0.014914,3.415297
0.014969,3.415297
0.015025,3.415106
0.015080,3.414916
0.015136,3.414916
0.015191,3.414725
0.015247,3.414725
0.015302,3.414725
0.015357,3.414534
0.015413,3.414534
0.015468,3.414344
0.015524,3.414344
0.015579,3.414153
0.015635,3.413963
0.015690,3.413963
0.015746,3.413772
0.015801,3.413391
0.015856,3.413391
0.015912,3.413200
0.015967,3.413200
0.016023,3.413200
0.016078,3.413200
0.016134,3.413200
0.016189,3.413010
0.016245,3.413010
0.016300,3.412819
0.016355,3.412819
0.016411,3.412629
0.016466,3.412629
0.016522,3.412629
0.016577,3.412438
0.016633,3.412438
0.016688,3.412247
0.016744,3.412247
0.016799,3.412247
0.016854,3.412057
0.016910,3.412057
0.016965,3.411866
0.017021,3.411866
0.017076,3.411676
0.017132,3.411676
0.017187,3.411676
0.017242,3.411676
0.017298,3.411676
0.017353,3.411676
0.017409,3.411485
0.017464,3.411485
0.017520,3.411485
0.017575,3.411295
0.017631,3.411295
0.017686,3.411295
0.017741,3.411295
0.017797,3.411295
0.017852,3.411104
0.017908,3.411104
0.017963,3.411104
0.018019,3.411104
0.018074,3.410913
0.018130,3.410913
0.018185,3.410913
0.018240,3.410723
0.018296,3.410723
0.018351,3.410532
0.018407,3.410723
0.018462,3.410532
0.018518,3.410532
0.018573,3.410342
0.018629,3.410342
0.018684,3.410342
0.018739,3.410151
0.018795,3.410151
0.018850,3.410151
0.018906,3.410151
0.018961,3.410151
0.019017,3.410151
0.019072,3.410151
0.019127,3.410151
0.019183,3.409961
0.019238,3.409961
0.019294,3.409961
0.019349,3.409961
0.019405,3.409961
0.019460,3.409961
0.019516,3.409961
0.019571,3.409961
0.019626,3.409961
0.019682,3.409770
0.019737,3.409770
0.019793,3.409770
0.019848,3.409770
0.019904,3.409770
0.019959,3.409770
0.020015,3.409770
0.020070,3.409579
0.020125,3.409770
0.020181,3.409579
0.020236,3.409579
0.020292,3.409579
0.020347,3.409579
0.020403,3.409579
0.020458,3.409579
0.020513,3.409579
0.020569,3.409579
0.020624,3.409389
0.020680,3.409579
0.020735,3.409389
0.020791,3.409389
0.020846,3.409389
0.020902,3.409389
0.020957,3.409389
0.021012,3.409389
0.021068,3.409389
0.021123,3.409389
0.021179,3.409389
0.021234,3.409389
0.021290,3.409389
0.021345,3.409389
0.021401,3.409389
0.021456,3.409389
0.021511,3.409389
0.021567,3.409389
0.021622,3.409389
0.021678,3.409198
0.021733,3.409198
0.021789,3.409198
0.021844,3.409198
0.021900,3.409198
0.021955,3.409198
0.022010,3.409198
0.022066,3.409198
0.022121,3.409198
0.022177,3.409198
0.022232,3.409198
0.022288,3.409198
0.022343,3.409198
0.022399,3.409198
0.022454,3.409198
0.022509,3.409198
0.022565,3.409198
0.022620,3.409198
0.022676,3.409198
0.022731,3.409198
0.022787,3.409198
0.022842,3.409198
0.022898,3.409008
0.022953,3.409198
0.023008,3.409198
0.023064,3.409198
0.023119,3.409198
0.023175,3.409198
0.023230,3.409198
0.023286,3.409198
0.023341,3.409198
0.023397,3.409198
0.023452,3.409198
0.023507,3.409198
0.023563,3.409198
0.023618,3.409198
0.023674,3.409198
0.023729,3.409008
0.023785,3.409008
0.023840,3.409198
0.023896,3.409008
0.023951,3.409198
0.024006,3.409008
0.024062,3.409198
0.024117,3.409198
0.024173,3.409198
0.024228,3.409008
0.024284,3.409008
0.024339,3.409008
0.024395,3.409008
0.024450,3.409008
0.024505,3.409008
0.024561,3.409008
0.024616,3.409008
0.024672,3.409198
0.024727,3.409008
0.024783,3.409198
0.024838,3.409008
0.024894,3.409198
0.024949,3.409008
0.025004,3.409008
0.025060,3.409198
0.025115,3.409008
0.025171,3.409008
0.025226,3.409008
0.025282,3.409198
0.025337,3.409008
0.025393,3.409198
0.025448,3.409198
0.025503,3.409198
0.025559,3.409008
0.025614,3.409198
0.025670,3.409198
0.025725,3.409198
0.025781,3.409008
0.025836,3.409198
0.025892,3.409198
0.025947,3.409198
0.026002,3.409198
0.026058,3.409008
0.026113,3.409198
0.026169,3.409198
0.026224,3.409198
0.026280,3.409198
0.026335,3.409008
0.026391,3.409198
0.026446,3.409008
0.026501,3.409198
0.026557,3.409198
0.026612,3.409198
0.026668,3.409198
0.026723,3.409198
0.026779,3.409198
0.026834,3.409198
0.026890,3.409198
0.026945,3.409198
0.027000,3.409198
0.027056,3.409198
0.027111,3.409198
0.027167,3.409198
0.027222,3.409198
0.027278,3.409198
0.027333,3.409198
0.027389,3.409198
0.027444,3.409198
0.027499,3.409198
0.027555,3.409198
0.027610,3.409198
0.027666,3.409198
0.027721,3.409198
0.027777,3.409198
0.027832,3.409198
0.027888,3.409198
0.027943,3.409198
0.027998,3.409198
0.028054,3.409198
0.028109,3.409198
0.028165,3.409198
0.028220,3.409198
0.028276,3.409198
0.028331,3.409198
0.028386,3.409389
0.028442,3.409198
0.028497,3.409198
0.028553,3.409198
0.028608,3.409198
0.028664,3.409198
0.028719,3.409198
0.028775,3.409198
0.028830,3.409198
0.028885,3.409198
0.028941,3.409389
0.028996,3.409198
0.029052,3.409389
0.029107,3.409198
0.029163,3.409389
0.029218,3.409198
0.029274,3.409389
0.029329,3.409389
0.029384,3.409198
0.029440,3.409389
0.029495,3.409198
0.029551,3.409389
0.029606,3.409198
0.029662,3.409198
0.029717,3.409389
0.029772,3.409389
0.029828,3.409389
0.029883,3.409389
0.029939,3.409389
0.029994,3.409389
0.030050,3.409389
0.030105,3.409389
0.030161,3.409389
0.030216,3.409389
0.030271,3.409389
0.030327,3.409389
0.030382,3.409389
0.030438,3.409389
0.030493,3.409389
0.030549,3.409389
0.030604,3.409389
0.030660,3.409389
0.030715,3.409389
0.030770,3.409389
0.030826,3.409389
0.030881,3.409389
0.030937,3.409389
0.030992,3.409389
0.031048,3.409389
0.031103,3.409389
0.031159,3.409389
0.031214,3.409389
0.031269,3.409389
0.031325,3.409389
0.031380,3.409389
0.031436,3.409389
0.031491,3.409389
0.031547,3.409389
0.031602,3.409389
0.031658,3.409389
0.031713,3.409389
0.031768,3.409389
0.031824,3.409389
0.031879,3.409389
0.031935,3.409389
0.031990,3.409389
0.032046,3.409389
0.032101,3.409389
0.032156,3.409389
0.032212,3.409389
0.032267,3.409389
0.032323,3.409389
0.032378,3.409389
0.032434,3.409389
0.032489,3.409579
0.032545,3.409389
0.032600,3.409579
0.032655,3.409389
0.032711,3.409389
0.032766,3.409579
0.032822,3.409579
0.032877,3.409579
0.032933,3.409389
0.032988,3.409579
0.033044,3.409579
0.033099,3.409579
0.033154,3.409579
0.033210,3.409389
0.033265,3.409389
0.033321,3.409579
0.033376,3.409579
0.033432,3.409579
0.033487,3.409579
0.033543,3.409579
0.033598,3.409389
0.033653,3.409579
0.033709,3.409579
0.033764,3.409579
0.033820,3.409579
0.033875,3.409579
0.033931,3.409389
0.033986,3.409579
0.034042,3.409579
0.034097,3.409579
0.034152,3.409579
0.034208,3.409579
0.034263,3.409579
0.034319,3.409579
0.034374,3.409579
0.034430,3.409579
0.034485,3.409579
0.034540,3.409579
0.034596,3.409579
0.034651,3.409579
0.034707,3.409579
0.034762,3.409579
0.034818,3.409579
0.034873,3.409579
0.034929,3.409579
0.034984,3.409579
0.035039,3.409579
0.035095,3.409579
0.035150,3.409579
0.035206,3.409579
0.035261,3.409579
0.035317,3.409579
0.035372,3.409579
0.035428,3.409579
0.035483,3.409579
0.035538,3.409579
0.035594,3.409579
0.035649,3.409579
0.035705,3.409579
0.035760,3.409579
0.035816,3.409579
0.035871,3.409579
0.035927,3.409579
0.035982,3.409579
0.036037,3.409579
0.036093,3.409579
0.036148,3.409579
0.036204,3.409579
0.036259,3.409579
0.036315,3.409579
0.036370,3.409579
0.036426,3.409579
0.036481,3.409579
0.036536,3.409579
0.036592,3.409579
0.036647,3.409579
0.036703,3.409579
0.036758,3.409579
0.036814,3.409579
0.036869,3.409579
0.036925,3.409579
0.036980,3.409579
0.037035,3.409579
0.037091,3.409579
0.037146,3.409579
0.037202,3.409579
0.037257,3.409579
0.037313,3.409770
0.037368,3.409770
0.037424,3.409770
0.037479,3.409770
0.037534,3.409770
0.037590,3.409770
0.037645,3.409770
0.037701,3.409770
0.037756,3.409770
0.037812,3.409770
0.037867,3.409770
0.037923,3.409770
0.037978,3.409770
0.038034,3.409770
0.038089,3.409770
0.038144,3.409770
0.038200,3.409770
0.038255,3.409770
0.038311,3.409770
0.038366,3.409770
0.038422,3.409770
0.038477,3.409770
0.038533,3.409770
0.038588,3.409770
0.038643,3.409770
0.038699,3.409770
0.038754,3.409770
0.038810,3.409770
0.038865,3.409770
0.038921,3.409770
0.038976,3.409770
0.039032,3.409770
0.039087,3.409770
0.039142,3.409770
0.039198,3.409770
0.039253,3.409770
0.039309,3.409770
0.039364,3.409770
0.039420,3.409770
0.039475,3.409770
0.039531,3.409770
0.039586,3.409770
0.039641,3.409770
0.039697,3.409770
0.039752,3.409770
0.039808,3.409770
0.039863,3.409770
0.039919,3.409770
0.039974,3.409770
0.040030,3.409770
0.040085,3.409770
0.040140,3.409770
0.040196,3.409770
0.040251,3.409770
0.040307,3.409770
0.040362,3.409770
0.040418,3.409770
0.040473,3.409770
0.040529,3.409770
0.040584,3.409770
0.040639,3.409770
0.040695,3.409770
0.040750,3.409770
0.040806,3.409770
0.040861,3.409770
0.040917,3.409770
0.040972,3.409770
0.041028,3.409770
0.041083,3.409770
0.041138,3.409770
0.041194,3.409770
0.041249,3.409770
0.041305,3.409770
0.041360,3.409770
0.041416,3.409770
0.041471,3.409770
0.041527,3.409770
0.041582,3.409770
0.041637,3.409770
0.041693,3.409770
0.041748,3.409770
0.041804,3.409770
0.041859,3.409770
0.041915,3.409770
0.041970,3.409770
0.042026,3.409770
0.042081,3.409770
0.042137,3.409770
0.042192,3.409770
0.042247,3.409770
0.042303,3.409770
0.042358,3.409770
0.042414,3.409961
0.042469,3.409770
0.042525,3.409770
0.042580,3.409770
0.042636,3.409770
0.042691,3.409770
0.042746,3.409770
0.042802,3.409770
0.042857,3.409770
0.042913,3.409770
0.042968,3.409770
0.043024,3.409770
0.043079,3.409770
0.043135,3.409770
0.043190,3.409961
0.043245,3.409770
0.043301,3.409770
0.043356,3.409770
0.043412,3.409770
0.043467,3.409770
0.043523,3.409770
0.043578,3.409770
0.043634,3.409770
0.043689,3.409770
0.043744,3.409770
0.043800,3.409961
0.043855,3.409961
0.043911,3.409961
0.043966,3.409961
0.044022,3.409961
0.044077,3.409961
0.044133,3.409770
0.044188,3.409770
0.044243,3.409770
0.044299,3.409961
0.044354,3.409961
0.044410,3.409961
0.044465,3.409770
0.044521,3.409770
0.044576,3.409961
0.044632,3.409961
0.044687,3.409961
0.044742,3.409770
0.044798,3.409961
0.044853,3.409961
0.044909,3.409961
0.044964,3.409770
0.045020,3.409961
0.045075,3.409961
0.045131,3.409770
0.045186,3.409961
0.045241,3.409770
0.045297,3.409961
0.045352,3.409770
0.045408,3.409961
0.045463,3.409770
0.045519,3.409961
0.045574,3.409770
0.045630,3.409770
0.045685,3.409770
0.045740,3.409961
0.045796,3.409961
0.045851,3.409961
0.045907,3.409961
0.045962,3.409961
0.046018,3.409961
0.046073,3.409961
0.046129,3.409961
0.046184,3.409961
0.046239,3.409961
0.046295,3.409770
0.046350,3.409961
0.046406,3.409961
0.046461,3.409961
0.046517,3.409961
0.046572,3.409770
0.046628,3.409961
0.046683,3.409961
0.046739,3.409961
0.046794,3.409961
0.046849,3.409961
0.046905,3.409961
0.046960,3.409961
0.047016,3.409961
0.047071,3.409961
0.047127,3.409961
0.047182,3.409961
0.047238,3.409961
0.047293,3.409961
0.047348,3.409961
0.047404,3.409961
0.047459,3.409961
0.047515,3.409961
0.047570,3.409961
0.047626,3.409961
0.047681,3.409961
0.047737,3.409961
0.047792,3.409961
0.047847,3.409961
0.047903,3.409961
0.047958,3.409961
0.048014,3.409961
0.048069,3.409961
0.048125,3.409961
0.048180,3.409961
0.048236,3.409961
0.048291,3.409961
0.048346,3.409961
0.048402,3.409961
0.048457,3.409961
0.048513,3.409961
0.048568,3.409961
0.048624,3.409961
0.048679,3.409961
0.048735,3.409961
0.048790,3.409961
0.048845,3.409961
0.048901,3.409961
0.048956,3.409961
0.049012,3.409961
0.049067,3.409961
0.049123,3.409961
0.049178,3.409961
0.049234,3.409961
0.049289,3.409961
0.049344,3.409961
0.049400,3.409961
0.049455,3.409961
0.049511,3.409961
0.049566,3.409961
0.049622,3.409961
0.049677,3.409961
0.049733,3.409961
0.049788,3.409961
0.049843,3.409961
0.049899,3.409961
0.049954,3.409961
0.050010,3.409961
0.050065,3.409961
0.050121,3.409961
0.050176,3.409961
0.050232,3.409961
0.050287,3.409961
0.050342,3.409961
0.050398,3.409961
0.050453,3.409961
0.050509,3.409961
0.050564,3.409961
0.050620,3.409961
0.050675,3.409961
0.050731,3.409961
0.050786,3.409961
0.050841,3.409961
0.050897,3.409961
0.050952,3.409961
0.051008,3.409961
0.051063,3.409961
0.051119,3.409961
0.051174,3.409961
0.051230,3.409961
0.051285,3.409961
0.051340,3.409961
0.051396,3.409961
0.051451,3.409961
0.051507,3.409961
0.051562,3.409961
0.051618,3.409961
0.051673,3.409961
0.051729,3.409961
0.051784,3.409961
0.051839,3.409961
0.051895,3.409961
0.051950,3.409961
0.052006,3.409961
0.052061,3.409961
0.052117,3.409961
0.052172,3.409961
0.052228,3.409961
0.052283,3.409961
0.052338,3.409961
0.052394,3.409961
0.052449,3.409961
0.052505,3.409961
0.052560,3.409961
0.052616,3.409961
0.052671,3.409961
0.052727,3.409961
0.052782,3.409961
0.052837,3.409961
0.052893,3.409961
0.052948,3.409961
0.053004,3.409961
0.053059,3.409961
0.053115,3.409961
0.053170,3.409961
0.053226,3.409961
0.053281,3.410151
0.053336,3.409961
0.053392,3.409961
0.053447,3.409961
0.053503,3.409961
0.053558,3.409961
0.053614,3.409961
0.053669,3.409961
0.053725,3.409961
0.053780,3.409961
0.053835,3.409961
0.053891,3.409961
0.053946,3.409961
0.054002,3.409961
0.054057,3.409961
0.054113,3.410151
0.054168,3.409961
0.054224,3.409961
0.054279,3.409961
0.054334,3.409961
0.054390,3.409961
0.054445,3.409961
0.054501,3.409961
0.054556,3.409961
0.054612,3.409961
0.054667,3.409961
0.054723,3.409961
0.054778,3.409961
0.054834,3.409961
0.054889,3.409961
0.054944,3.409961
0.055000,3.409961
0.055055,3.409961
0.055111,3.410151
0.055166,3.409961
0.055222,3.409961
0.055277,3.409961
0.055333,3.409961
0.055388,3.409961
0.055443,3.409961
0.055499,3.409961
0.055554,3.409961
0.055610,3.409961
0.055665,3.409961
0.055721,3.409961
0.055776,3.409961
0.055832,3.409961
0.055887,3.409961
0.055942,3.409961
0.055998,3.409961
0.056053,3.409961
0.056109,3.409961
0.056164,3.409961
0.056220,3.409961
0.056275,3.409961
0.056331,3.409961
0.056386,3.409961
0.056441,3.409961
0.056497,3.409961
0.056552,3.410151
0.056608,3.409961
0.056663,3.409961
0.056719,3.409961
0.056774,3.409961
0.056830,3.409961
0.056885,3.409961
0.056940,3.409961
0.056996,3.409961
0.057051,3.409961
0.057107,3.409961
0.057162,3.409961
0.057218,3.409961
0.057273,3.409961
0.057329,3.409961
0.057384,3.409961
0.057439,3.409961
0.057495,3.410151
0.057550,3.409961
0.057606,3.409961
0.057661,3.409961
0.057717,3.410151
0.057772,3.409961
0.057828,3.409961
0.057883,3.409961
0.057938,3.409961
0.057994,3.409961
0.058049,3.409961
0.058105,3.409961
0.058160,3.409961
0.058216,3.410151
0.058271,3.409961
0.058327,3.409961
0.058382,3.409961
0.058437,3.410151
0.058493,3.409961
0.058548,3.410151
0.058604,3.409961
0.058659,3.409961
0.058715,3.410151
0.058770,3.409961
0.058826,3.409961
0.058881,3.409961
0.058936,3.409961
0.058992,3.410151
0.059047,3.409961
0.059103,3.409961
0.059158,3.409961
0.059214,3.410151
0.059269,3.409961
0.059325,3.410151
0.059380,3.410151
0.059435,3.410151
0.059491,3.410151
0.059546,3.410151
0.059602,3.409961
0.059657,3.409961
0.059713,3.410151
0.059768,3.409961
0.059824,3.409961
0.059879,3.410151
0.059934,3.410151
0.059990,3.409961
0.060045,3.410151
0.060101,3.409961
0.060156,3.409961
0.060212,3.409961
0.060267,3.410151
0.060323,3.410151
0.060378,3.410151
0.060433,3.410151
0.060489,3.410151
0.060544,3.410151
0.060600,3.410151
0.060655,3.409961
0.060711,3.410151
0.060766,3.410151
0.060822,3.410151
0.060877,3.410151
0.060932,3.410151
0.060988,3.409961
0.061043,3.410151
0.061099,3.409961
0.061154,3.409961
0.061210,3.410151
0.061265,3.410151
0.061321,3.409961
0.061376,3.410151
0.061431,3.410151
0.061487,3.409961
0.061542,3.409961
0.061598,3.409961
0.061653,3.410151
0.061709,3.409961
0.061764,3.409961
0.061820,3.409961
0.061875,3.409961
0.061930,3.410151
0.061986,3.409961
0.062041,3.409961
0.062097,3.410151
0.062152,3.410151
0.062208,3.410151
0.062263,3.409961
0.062319,3.410151
0.062374,3.410151
0.062429,3.409961
0.062485,3.410151
0.062540,3.410151
0.062596,3.410151
0.062651,3.410151
0.062707,3.409961
0.062762,3.410151
0.062818,3.410151
0.062873,3.410151
0.062928,3.410151
0.062984,3.410151
0.063039,3.409961
0.063095,3.410151
0.063150,3.410151
0.063206,3.409961
0.063261,3.410151
0.063317,3.410151
0.063372,3.410151
0.063427,3.410151
0.063483,3.410151
0.063538,3.410151
0.063594,3.410151
0.063649,3.410151
0.063705,3.410151
0.063760,3.410151
0.063816,3.410151
0.063871,3.410151
0.063926,3.410151
0.063982,3.410151
0.064037,3.410151
0.064093,3.409961
0.064148,3.410151
0.064204,3.410151
0.064259,3.409961
0.064315,3.409961
0.064370,3.410151
0.064425,3.410151
0.064481,3.410151
0.064536,3.410151
0.064592,3.410151
0.064647,3.410151
0.064703,3.409961
0.064758,3.410151
0.064814,3.410151
0.064869,3.410151
0.064924,3.410151
0.064980,3.410151
0.065035,3.410151
0.065091,3.410151
0.065146,3.409961
0.065202,3.410151
0.065257,3.409961
0.065313,3.410151
0.065368,3.410151
0.065423,3.410151
0.065479,3.410151
0.065534,3.409961
0.065590,3.409961
0.065645,3.410151
0.065701,3.409961
0.065756,3.410151
0.065812,3.410151
0.065867,3.410151
0.065922,3.410151
0.065978,3.410151
0.066033,3.410151
0.066089,3.410151
0.066144,3.409961
0.066200,3.410151
0.066255,3.410151
0.066311,3.410151
0.066366,3.410151
0.066421,3.410151
0.066477,3.410151
0.066532,3.409961
0.066588,3.410151
0.066643,3.410151
0.066699,3.410151
0.066754,3.410151
0.066810,3.410151
0.066865,3.410151
0.066920,3.409961
0.066976,3.410151
0.067031,3.410151
0.067087,3.410151
0.067142,3.410151
0.067198,3.410151
0.067253,3.409961
0.067309,3.410151
0.067364,3.410151
0.067419,3.410151
0.067475,3.410151
0.067530,3.410151
0.067586,3.410151
0.067641,3.409961
0.067697,3.410151
0.067752,3.410151
0.067808,3.410151
0.067863,3.410151
0.067918,3.410151
0.067974,3.409961
0.068029,3.410151
0.068085,3.409961
0.068140,3.410151
0.068196,3.409961
0.068251,3.410151
0.068307,3.410151
0.068362,3.410151
0.068417,3.410151
0.068473,3.410151
0.068528,3.410151
0.068584,3.410151
0.068639,3.410151
0.068695,3.410151
0.068750,3.409961
0.068806,3.410151
0.068861,3.410151
0.068916,3.410151
0.068972,3.410151
0.069027,3.409961
0.069083,3.410151
0.069138,3.410151
0.069194,3.410151
0.069249,3.410151
0.069305,3.409961
0.069360,3.410151
0.069415,3.410151
0.069471,3.410151
0.069526,3.410151
0.069582,3.410151
0.069637,3.410151
0.069693,3.410151
0.069748,3.410151
0.069804,3.410151
0.069859,3.410151
0.069914,3.410151
0.069970,3.410151
0.070025,3.410151
0.070081,3.410151
0.070136,3.410151
0.070192,3.410151
0.070247,3.410151
0.070303,3.410151
0.070358,3.410151
0.070413,3.409961
0.070469,3.410151
0.070524,3.410151
0.070580,3.410151
0.070635,3.410151
0.070691,3.409961
0.070746,3.410151
0.070802,3.410151
0.070857,3.410151
0.070912,3.410151
0.070968,3.410151
0.071023,3.410151
0.071079,3.409961
0.071134,3.410151
0.071190,3.410151
0.071245,3.410151
0.071300,3.410151
0.071356,3.410151
0.071411,3.409961
0.071467,3.410151
0.071522,3.410151
0.071578,3.410151
0.071633,3.410151
0.071689,3.410151
0.071744,3.410151
0.071799,3.410151
0.071855,3.410151
0.071910,3.410151
0.071966,3.410151
0.072021,3.410151
0.072077,3.409961
0.072132,3.410151
0.072188,3.410151
0.072243,3.410151
0.072298,3.410151
0.072354,3.410151
0.072409,3.410151
0.072465,3.409961
0.072520,3.410151
0.072576,3.410151
0.072631,3.410151
0.072687,3.410151
0.072742,3.410151
0.072797,3.410151
0.072853,3.410151
0.072908,3.410151
0.072964,3.410151
0.073019,3.410151
0.073075,3.410151
0.073130,3.410151
0.073186,3.410151
0.073241,3.410151
0.073296,3.410151
0.073352,3.410151
0.073407,3.410151
0.073463,3.410151
0.073518,3.410151
0.073574,3.410151
0.073629,3.410151
0.073684,3.410151
0.073740,3.409961
0.073795,3.410151
0.073851,3.410151
0.073906,3.410151
0.073962,3.410151
0.074017,3.410151
0.074073,3.410151
0.074128,3.410151
0.074183,3.410151
0.074239,3.410151
0.074294,3.410151
0.074350,3.410151
0.074405,3.410151
0.074461,3.410151
0.074516,3.410151
0.074572,3.410151
0.074627,3.410151
0.074682,3.410151
0.074738,3.410151
0.074793,3.410151
0.074849,3.410151
0.074904,3.410151
0.074960,3.410151
0.075015,3.409961
0.075071,3.409961
0.075126,3.409961
0.075181,3.410151
0.075237,3.410151
0.075292,3.409961
0.075348,3.410151
0.075403,3.410151
0.075459,3.410151
0.075514,3.410151
0.075570,3.410151
0.075625,3.409961
0.075680,3.410151
0.075736,3.410151
0.075791,3.410151
0.075847,3.410151
0.075902,3.409961
0.075958,3.410151
0.076013,3.410151
0.076069,3.410151
0.076124,3.410151
0.076179,3.410151
0.076235,3.409961
0.076290,3.410151
0.076346,3.410151
0.076401,3.410151
0.076457,3.410151
0.076512,3.409961
0.076568,3.409961
0.076623,3.410151
0.076678,3.410151
0.076734,3.410151
0.076789,3.410151
0.076845,3.410151
0.076900,3.410151
0.076956,3.410151
0.077011,3.409961
0.077066,3.410151
0.077122,3.410151
0.077177,3.410151
0.077233,3.410151
0.077288,3.410151
0.077344,3.410151
0.077399,3.410151
0.077455,3.410151
0.077510,3.409961
0.077565,3.410151
0.077621,3.409961
0.077676,3.409961
0.077732,3.409961
0.077787,3.410151
0.077843,3.410151
0.077898,3.410151
0.077954,3.410151
0.078009,3.410151
0.078064,3.410151
0.078120,3.410151
0.078175,3.409961
0.078231,3.410151
0.078286,3.410151
0.078342,3.409961
0.078397,3.410151
0.078453,3.410151
0.078508,3.409961
0.078563,3.409961
0.078619,3.409961
0.078674,3.410151
0.078730,3.410151
0.078785,3.410151
0.078841,3.410151
0.078896,3.410151
0.078952,3.410151
0.079007,3.410151
0.079062,3.410151
0.079118,3.410151
0.079173,3.410151
0.079229,3.410151
0.079284,3.410151
0.079340,3.410151
0.079395,3.409961
0.079451,3.410151
0.079506,3.409961
0.079561,3.410151
0.079617,3.410151
0.079672,3.409961
0.079728,3.410151
0.079783,3.410151
0.079839,3.410151
0.079894,3.410151
0.079950,3.409961
0.080005,3.410151
0.080060,3.410151
0.080116,3.409961
0.080171,3.410151
0.080227,3.410151
0.080282,3.410151
0.080338,3.410151
0.080393,3.410151
0.080449,3.410151
0.080504,3.409961
0.080559,3.410151
0.080615,3.409961
0.080670,3.409961
0.080726,3.410151
0.080781,3.410151
0.080837,3.409961
0.080892,3.410151
0.080948,3.410151
0.081003,3.410151
0.081058,3.410151
0.081114,3.409961
0.081169,3.410151
0.081225,3.410151
0.081280,3.409961
0.081336,3.409961
0.081391,3.410151
0.081447,3.410151
0.081502,3.410151
0.081557,3.409961
0.081613,3.410151
0.081668,3.410151
0.081724,3.410151
0.081779,3.410151
0.081835,3.410151
0.081890,3.409961
0.081946,3.410151
0.082001,3.410151
0.082056,3.410151
0.082112,3.410151
0.082167,3.409961
0.082223,3.410151
0.082278,3.410151
0.082334,3.409961
0.082389,3.410151
0.082445,3.410151
0.082500,3.410151
0.082555,3.409961
0.082611,3.409961
0.082666,3.409961
0.082722,3.409961
0.082777,3.409961
0.082833,3.409961
0.082888,3.410151
0.082944,3.409961
0.082999,3.410151
0.083054,3.409961
0.083110,3.410151
0.083165,3.410151
0.083221,3.409961
0.083276,3.409961
0.083332,3.410151
0.083387,3.410151
0.083443,3.409961
0.083498,3.409961
0.083553,3.410151
0.083609,3.409961
0.083664,3.409961
0.083720,3.409961
0.083775,3.410151
0.083831,3.410151
0.083886,3.410151
0.083942,3.410151
0.083997,3.410151
0.084052,3.410151
0.084108,3.410151
0.084163,3.410151
0.084219,3.410151
0.084274,3.410151
0.084330,3.409961
0.084385,3.410151
0.084441,3.410151
0.084496,3.410151
0.084551,3.410151
0.084607,3.410151
0.084662,3.410151
0.084718,3.409961
0.084773,3.409961
0.084829,3.410151
0.084884,3.409961
0.084940,3.410151
0.084995,3.410151
0.085050,3.410151
0.085106,3.409961
0.085161,3.409961
0.085217,3.410151
0.085272,3.409961
0.085328,3.410151
0.085383,3.410151
0.085439,3.410151
0.085494,3.410151
0.085549,3.410151
0.085605,3.409961
0.085660,3.409961
0.085716,3.410151
0.085771,3.410151
0.085827,3.410151
0.085882,3.409961
0.085938,3.410151
0.085993,3.410151
0.086048,3.409961
0.086104,3.409961
0.086159,3.410151
0.086215,3.410151
0.086270,3.409961
0.086326,3.409961
0.086381,3.410151
0.086437,3.409961
0.086492,3.410151
0.086547,3.409961
0.086603,3.410151
0.086658,3.410151
0.086714,3.410151
0.086769,3.410151
0.086825,3.410151
0.086880,3.409961
0.086936,3.409961
0.086991,3.409961
0.087046,3.410151
0.087102,3.409961
0.087157,3.410151
0.087213,3.409961
0.087268,3.410151
0.087324,3.410151
0.087379,3.409961
0.087435,3.410151
0.087490,3.410151
0.087545,3.410151
0.087601,3.409961
0.087656,3.410151
0.087712,3.409961
0.087767,3.409961
0.087823,3.409961
0.087878,3.409961
0.087933,3.409961
0.087989,3.409961
0.088044,3.410151
0.088100,3.410151
0.088155,3.409961
0.088211,3.409961
0.088266,3.409961
0.088322,3.410151
0.088377,3.410151
0.088432,3.409961
0.088488,3.409961
0.088543,3.409961
0.088599,3.410151
0.088654,3.410151
0.088710,3.409961
0.088765,3.410151
0.088821,3.410151
0.088876,3.410151
0.088931,3.410151
0.088987,3.410151
0.089042,3.409961
0.089098,3.410151
0.089153,3.409961
0.089209,3.409961
0.089264,3.410151
0.089320,3.410151
0.089375,3.409961
0.089430,3.409961
0.089486,3.409961
0.089541,3.410151
0.089597,3.409961
0.089652,3.409961
0.089708,3.410151
0.089763,3.409961
0.089818,3.410151
0.089874,3.409961
0.089929,3.409961
0.089985,3.409961
0.090040,3.409961
0.090096,3.410151
0.090151,3.409961
0.090207,3.410151
0.090262,3.409961
0.090317,3.410151
0.090373,3.409961
0.090428,3.410151
0.090484,3.409961
0.090539,3.410151
0.090595,3.409961
0.090650,3.410151
0.090706,3.410151
0.090761,3.409961
0.090816,3.409961
0.090872,3.409961
0.090927,3.409961
0.090983,3.410151
0.091038,3.409961
0.091094,3.409961
0.091149,3.410151
0.091204,3.409961
0.091260,3.409961
0.091315,3.409961
0.091371,3.410151
0.091426,3.409961
0.091482,3.409961
0.091537,3.410151
0.091593,3.410151
0.091648,3.409961
0.091703,3.409961
0.091759,3.409961
0.091814,3.410151
0.091870,3.410151
0.091925,3.409961
0.091981,3.409961
0.092036,3.410151
0.092092,3.410151
0.092147,3.409961
0.092202,3.410151
0.092258,3.409961
0.092313,3.409961
0.092369,3.410151
0.092424,3.409961
0.092480,3.409961
0.092535,3.409961
0.092591,3.410151
0.092646,3.409961
0.092701,3.409961
0.092757,3.409961
0.092812,3.409961
0.092868,3.410151
0.092923,3.409961
0.092979,3.409961
0.093034,3.409961
0.093089,3.409961
0.093145,3.409961
0.093200,3.409961
0.093256,3.410151
0.093311,3.409961
0.093367,3.409961
0.093422,3.409961
0.093478,3.409961
0.093533,3.409961
0.093588,3.409961
0.093644,3.409961
0.093699,3.409961
0.093755,3.409961
0.093810,3.409961
0.093866,3.410151
0.093921,3.409961
0.093977,3.410151
0.094032,3.410151
0.094087,3.409961
0.094143,3.409961
0.094198,3.409961
0.094254,3.409961
0.094309,3.409961
0.094365,3.409961
0.094420,3.409961
0.094475,3.409961
0.094531,3.410151
0.094586,3.410151
0.094642,3.409961
0.094697,3.409961
0.094753,3.409961
0.094808,3.409961
0.094864,3.409961
0.094919,3.409961
0.094974,3.409961
0.095030,3.409961
0.095085,3.409961
0.095141,3.409961
0.095196,3.409961
0.095252,3.409961
0.095307,3.410151
0.095363,3.409961
0.095418,3.409961
0.095473,3.409961
0.095529,3.409961
0.095584,3.409961
0.095640,3.409961
0.095695,3.409961
0.095751,3.409961
0.095806,3.409961
0.095862,3.409961
0.095917,3.409961
0.095972,3.409961
0.096028,3.409961
0.096083,3.409961
0.096139,3.409961
0.096194,3.409961
0.096250,3.410151
0.096305,3.409961
0.096360,3.409961
0.096416,3.409961
0.096471,3.409961
0.096527,3.409961
0.096582,3.409961
0.096638,3.409961
0.096693,3.409961
0.096749,3.409961
0.096804,3.409961
0.096859,3.409961
0.096915,3.409961
0.096970,3.409961
0.097026,3.409961
0.097081,3.409961
0.097137,3.410151
0.097192,3.409961
0.097248,3.409961
0.097303,3.409961
0.097358,3.409961
0.097414,3.409961
0.097469,3.409961
0.097525,3.410151
0.097580,3.409961
0.097636,3.409961
0.097691,3.409961
0.097746,3.409961
0.097802,3.409961
0.097857,3.409961
0.097913,3.409961
0.097968,3.409961
0.098024,3.409961
0.098079,3.409961
0.098135,3.409961
0.098190,3.409961
0.098245,3.409961
0.098301,3.409961
0.098356,3.410151
0.098412,3.409961
0.098467,3.409961
0.098523,3.409961
0.098578,3.409961
0.098634,3.409961
0.098689,3.410151
0.098744,3.409961
0.098800,3.409961
0.098855,3.409961
0.098911,3.409961
0.098966,3.409961
0.099022,3.409961
0.099077,3.409961
0.099133,3.409961
0.099188,3.410151
0.099243,3.409961
0.099299,3.409961
0.099354,3.409961
0.099410,3.409961
0.099465,3.409961
0.099521,3.409961
0.099576,3.409961
0.099631,3.409961
0.099687,3.409961
0.099742,3.409961
0.099798,3.409961
0.099853,3.409961
0.099909,3.409961
0.099964,3.409961
0.100020,3.409961
0.100075,3.409961
0.100130,3.409961
0.100186,3.409961
0.100241,3.409961
0.100297,3.409961
0.100352,3.409961
0.100408,3.410151
0.100463,3.409961
0.100518,3.409961
0.100574,3.409961
0.100629,3.409961
0.100685,3.409961
0.100740,3.409961
0.100796,3.409961
0.100851,3.409961
0.100907,3.409961
0.100962,3.409961
0.101017,3.409961
0.101073,3.409961
0.101128,3.409961
0.101184,3.409961
0.101239,3.409961
0.101295,3.409961
0.101350,3.409961
0.101406,3.409961
0.101461,3.409961
0.101516,3.409961
0.101572,3.409961
0.101627,3.409961
0.101683,3.409961
0.101738,3.409961
0.101794,3.409961
0.101849,3.409961
0.101905,3.409961
0.101960,3.409961
0.102015,3.409961
0.102071,3.409961
0.102126,3.409961
0.102182,3.409961
0.102237,3.409961
0.102293,3.409961
0.102348,3.409961
0.102403,3.409961
0.102459,3.409961
0.102514,3.409961
0.102570,3.409961
0.102625,3.409961
0.102681,3.409961
0.102736,3.409961
0.102792,3.409961
0.102847,3.409961
0.102902,3.409961
0.102958,3.409961
0.103013,3.409961
0.103069,3.409961
0.103124,3.409961
0.103180,3.409961
0.103235,3.409961
0.103291,3.409961
0.103346,3.409961
0.103401,3.409961
0.103457,3.409961
0.103512,3.409961
0.103568,3.409961
0.103623,3.409961
0.103679,3.409961
0.103734,3.409961
0.103789,3.409961
0.103845,3.409961
0.103900,3.409961
0.103956,3.409961
0.104011,3.409961
0.104067,3.409961
0.104122,3.409961
0.104178,3.409961
0.104233,3.409961
0.104288,3.409961
0.104344,3.409961
0.104399,3.409961
0.104455,3.409961
0.104510,3.409961
0.104566,3.409961
0.104621,3.409961
0.104677,3.409961
0.104732,3.409961
0.104787,3.409961
0.104843,3.409961
0.104898,3.409961
0.104954,3.409961
0.105009,3.409961
0.105065,3.409961
0.105120,3.410151
0.105175,3.409961
0.105231,3.409961
0.105286,3.409961
0.105342,3.409961
0.105397,3.409961
0.105453,3.409961
0.105508,3.409961
0.105564,3.409961
0.105619,3.409961
0.105674,3.409961
0.105730,3.409961
0.105785,3.409961
0.105841,3.409961
0.105896,3.409961
0.105952,3.409961
0.106007,3.409961
0.106063,3.409961
0.106118,3.409961
0.106173,3.409961
0.106229,3.409961
0.106284,3.409961
0.106340,3.409961
0.106395,3.409961
0.106451,3.409961
0.106506,3.409961
0.106561,3.409961
0.106617,3.409961
0.106672,3.409961
0.106728,3.409961
0.106783,3.409961
0.106839,3.409961
0.106894,3.409961
0.106950,3.409961
0.107005,3.409961
0.107060,3.409961
0.107116,3.409961
0.107171,3.409961
0.107227,3.409961
0.107282,3.409961
0.107338,3.409961
0.107393,3.409961
0.107449,3.409961
0.107504,3.409961
0.107559,3.409961
0.107615,3.409961
0.107670,3.409961
0.107726,3.409961
0.107781,3.409961
0.107837,3.409961
0.107892,3.409961
0.107948,3.409961
0.108003,3.409961
0.108058,3.409961
0.108114,3.409961
0.108169,3.409961
0.108225,3.409961
0.108280,3.409961
0.108336,3.409961
0.108391,3.409961
0.108447,3.409961
0.108502,3.409961
0.108557,3.409961
0.108613,3.409961
0.108668,3.409961
0.108724,3.409961
0.108779,3.409961
0.108835,3.409961
0.108890,3.409961
0.108946,3.409961
0.109001,3.409961
0.109056,3.409961
0.109112,3.409961
0.109167,3.409961
0.109223,3.409961
0.109278,3.409961
0.109334,3.409961
0.109389,3.409961
0.109445,3.409961
0.109500,3.409961
0.109555,3.409961
0.109611,3.409961
0.109666,3.409961
0.109722,3.409961
0.109777,3.409961
0.109833,3.409961
0.109888,3.409961
0.109944,3.409961
0.109999,3.409770
0.110054,3.409961
0.110110,3.409961
0.110165,3.409961
0.110221,3.409961
0.110276,3.409961
0.110332,3.409961
0.110387,3.409961
0.110443,3.409961
0.110498,3.409961
0.110553,3.409961
0.110609,3.409961
0.110664,3.409961
0.110720,3.409961
0.110775,3.409961
0.110831,3.409961
0.110886,3.409961
0.110942,3.409961
0.110997,3.409961
0.111052,3.409961
0.111108,3.409961
0.111163,3.409961
0.111219,3.409961
0.111274,3.409961
0.111330,3.409961
0.111385,3.409961
0.111441,3.409961
0.111496,3.409961
0.111551,3.409961
0.111607,3.409961
0.111662,3.409961
0.111718,3.409961
0.111773,3.409961
0.111829,3.409961
0.111884,3.409961
0.111940,3.409961
0.111995,3.409961
0.112050,3.409961
0.112106,3.409961
0.112161,3.409961
0.112217,3.409961
0.112272,3.409961
0.112328,3.409961
0.112383,3.409961
0.112439,3.409961
0.112494,3.409961
0.112549,3.409961
0.112605,3.409961
0.112660,3.409961
0.112716,3.409961
0.112771,3.409961
0.112827,3.409770
0.112882,3.409961
0.112938,3.409961
0.112993,3.409961
0.113048,3.409961
0.113104,3.409961
0.113159,3.409961
0.113215,3.409961
0.113270,3.409770
0.113326,3.409961
0.113381,3.409961
0.113437,3.409961
0.113492,3.409961
0.113547,3.409961
0.113603,3.409961
0.113658,3.409961
0.113714,3.409961
0.113769,3.409770
0.113825,3.409961
0.113880,3.409961
0.113936,3.409961
0.113991,3.409961
0.114046,3.409961
0.114102,3.409961
0.114157,3.409961
0.114213,3.409961
0.114268,3.409961
0.114324,3.409961
0.114379,3.409961
0.114435,3.409961
0.114490,3.409961
0.114545,3.409961
0.114601,3.409961
0.114656,3.409961
0.114712,3.409961
0.114767,3.409961
0.114823,3.409961
0.114878,3.409961
0.114934,3.409770
0.114989,3.409961
0.115044,3.409961
0.115100,3.409961
0.115155,3.409961
0.115211,3.409961
0.115266,3.409961
0.115322,3.409770
0.115377,3.409961
0.115433,3.409961
0.115488,3.409961
0.115543,3.409961
0.115599,3.409961
0.115654,3.409770
0.115710,3.409961
0.115765,3.409961
0.115821,3.409770
0.115876,3.409961
0.115932,3.409961
0.115987,3.409961
0.116042,3.409961
0.116098,3.409961
0.116153,3.409770
0.116209,3.409770
0.116264,3.409961
0.116320,3.409770
0.116375,3.409961
0.116431,3.409961
0.116486,3.409770
0.116541,3.409961
0.116597,3.409770
0.116652,3.409770
0.116708,3.409961
0.116763,3.409961
0.116819,3.409961
0.116874,3.409961
0.116930,3.409961
0.116985,3.409961
0.117040,3.409961
0.117096,3.409961
0.117151,3.409770
0.117207,3.409961
0.117262,3.409770
0.117318,3.409961
0.117373,3.409770
0.117428,3.409961
0.117484,3.409770
0.117539,3.409961
0.117595,3.409770
0.117650,3.409961
0.117706,3.409770
0.117761,3.409961
0.117817,3.409961
0.117872,3.409770
0.117928,3.409961
0.117983,3.409770
0.118038,3.409961
0.118094,3.409961
0.118149,3.409961
0.118205,3.409770
0.118260,3.409961
0.118316,3.409961
0.118371,3.409770
0.118426,3.409770
0.118482,3.409770
0.118537,3.409961
0.118593,3.409770
0.118648,3.409770
0.118704,3.409770
0.118759,3.409770
0.118815,3.409770
0.118870,3.409961
0.118925,3.409770
0.118981,3.409770
0.119036,3.409961
0.119092,3.409770
0.119147,3.409961
0.119203,3.409770
0.119258,3.409770
0.119314,3.409770
0.119369,3.409770
0.119424,3.409770
0.119480,3.409770
0.119535,3.409961
0.119591,3.409770
0.119646,3.409770
0.119702,3.409770
0.119757,3.409770
0.119813,3.409770
0.119868,3.409961
0.119923,3.409961
0.119979,3.409770
0.120034,3.409961
0.120090,3.409770
0.120145,3.409770
0.120201,3.409770
0.120256,3.409961
0.120312,3.409770
0.120367,3.409770
0.120422,3.409770
0.120478,3.409770
0.120533,3.409961
0.120589,3.409770
0.120644,3.409770
0.120700,3.409770
0.120755,3.409770
0.120811,3.409770
0.120866,3.409961
0.120921,3.409961
0.120977,3.409770
0.121032,3.409770
0.121088,3.409770
0.121143,3.409961
0.121199,3.409770
0.121254,3.409770
0.121310,3.409961
0.121365,3.409770
0.121420,3.409961
0.121476,3.409770
0.121531,3.409961
0.121587,3.409961
0.121642,3.409770
0.121698,3.409770
0.121753,3.409770
0.121809,3.409770
0.121864,3.409770
0.121919,3.409770
0.121975,3.409770
0.122030,3.409770
0.122086,3.409961
0.122141,3.409770
0.122197,3.409770
0.122252,3.409770
0.122308,3.409770
0.122363,3.409961
0.122418,3.409770
0.122474,3.409770
0.122529,3.409770
0.122585,3.409770
0.122640,3.409770
0.122696,3.409770
0.122751,3.409961
0.122807,3.409770
0.122862,3.409770
0.122917,3.409770
0.122973,3.409770
0.123028,3.409961
0.123084,3.409770
0.123139,3.409961
0.123195,3.409770
0.123250,3.409961
0.123306,3.409770
0.123361,3.409770
0.123416,3.409770
0.123472,3.409770
0.123527,3.409770
0.123583,3.409770
0.123638,3.409770
0.123694,3.409770
0.123749,3.409770
0.123805,3.409770
0.123860,3.409770
0.123915,3.409770
0.123971,3.409770
0.124026,3.409770
0.124082,3.409770
0.124137,3.409770
0.124193,3.409770
0.124248,3.409770
0.124304,3.409770
0.124359,3.409770
0.124414,3.409770
0.124470,3.409961
0.124525,3.409770
0.124581,3.409770
0.124636,3.409770
0.124692,3.409770
0.124747,3.409770
0.124802,3.409770
0.124858,3.409770
0.124913,3.409770
0.124969,3.409770
0.125024,3.409770
0.125080,3.409770
0.125135,3.409770
0.125191,3.409770
0.125246,3.409770
0.125301,3.409770
0.125357,3.409770
0.125412,3.409770
0.125468,3.409770
0.125523,3.409770
0.125579,3.409770
0.125634,3.409770
0.125690,3.409770
0.125745,3.409770
0.125800,3.409770
0.125856,3.409770
0.125911,3.409770
0.125967,3.409961
0.126022,3.409770
0.126078,3.409770
0.126133,3.409770
0.126189,3.409770
0.126244,3.409770
0.126299,3.409770
0.126355,3.409770
0.126410,3.409770
0.126466,3.409770
0.126521,3.409770
0.126577,3.409770
0.126632,3.409770
0.126688,3.409961
0.126743,3.409770
0.126798,3.409770
0.126854,3.409770
0.126909,3.409770
0.126965,3.409770
0.127020,3.409770
0.127076,3.409770
0.127131,3.409770
0.127187,3.409770
0.127242,3.409770
0.127297,3.409770
0.127353,3.409770
0.127408,3.409770
0.127464,3.409770
0.127519,3.409770
0.127575,3.409770
0.127630,3.409770
0.127686,3.409770
0.127741,3.409770
0.127796,3.409770
0.127852,3.409770
0.127907,3.409770
0.127963,3.409770
0.128018,3.409770
0.128074,3.409770
0.128129,3.409770
0.128185,3.409770
0.128240,3.409770
0.128295,3.409770
0.128351,3.409770
0.128406,3.409770
0.128462,3.409770
0.128517,3.409770
0.128573,3.409770
0.128628,3.409770
0.128684,3.409770
0.128739,3.409770
0.128794,3.409770
0.128850,3.409770
0.128905,3.409770
0.128961,3.409770
0.129016,3.409770
0.129072,3.409770
0.129127,3.409770
0.129183,3.409770
0.129238,3.409770
0.129293,3.409770
0.129349,3.409770
0.129404,3.409770
0.129460,3.409770
0.129515,3.409770
0.129571,3.409770
0.129626,3.409770
0.129682,3.409770
0.129737,3.409770
0.129792,3.409770
0.129848,3.409770
0.129903,3.409770
0.129959,3.409770
0.130014,3.409770
0.130070,3.409770
0.130125,3.409770
0.130181,3.409770
0.130236,3.409770
0.130291,3.409770
0.130347,3.409770
0.130402,3.409770
0.130458,3.409770
0.130513,3.409770
0.130569,3.409770
0.130624,3.409770
0.130680,3.409770
0.130735,3.409770
0.130790,3.409770
0.130846,3.409770
0.130901,3.409770
0.130957,3.409770
0.131012,3.409770
0.131068,3.409770
0.131123,3.409770
0.131178,3.409770
0.131234,3.409770
0.131289,3.409770
0.131345,3.409770
0.131400,3.409770
0.131456,3.409770
0.131511,3.409770
0.131567,3.409770
0.131622,3.409770
0.131677,3.409770
0.131733,3.409770
0.131788,3.409770
0.131844,3.409770
0.131899,3.409770
0.131955,3.409770
0.132010,3.409770
0.132066,3.409770
0.132121,3.409770
0.132176,3.409770
0.132232,3.409770
0.132287,3.409770
0.132343,3.409770
0.132398,3.409770
0.132454,3.409770
0.132509,3.409770
0.132565,3.409770
0.132620,3.409770
0.132675,3.409770
0.132731,3.409770
0.132786,3.409770
0.132842,3.409770
0.132897,3.409770
0.132953,3.409770
0.133008,3.409770
0.133064,3.409770
0.133119,3.409770
0.133174,3.409770
0.133230,3.409770
0.133285,3.409770
0.133341,3.409770
0.133396,3.409770
0.133452,3.409770
0.133507,3.409770
0.133563,3.409770
0.133618,3.409770
0.133673,3.409770
0.133729,3.409770
0.133784,3.409770
0.133840,3.409770
0.133895,3.409770
0.133951,3.409770
0.134006,3.409770
0.134062,3.409770
0.134117,3.409770
0.134172,3.409770
0.134228,3.409770
0.134283,3.409770
0.134339,3.409770
0.134394,3.409770
0.134450,3.409770
0.134505,3.409770
0.134561,3.409770
0.134616,3.409770
0.134671,3.409770
0.134727,3.409770
0.134782,3.409770
0.134838,3.409770
0.134893,3.409770
0.134949,3.409770
0.135004,3.409770
0.135060,3.409770
0.135115,3.409770
0.135170,3.409770
0.135226,3.409770
0.135281,3.409770
0.135337,3.409579
0.135392,3.409770
0.135448,3.409770
0.135503,3.409770
0.135559,3.409770
0.135614,3.409770
0.135669,3.409770
0.135725,3.409770
0.135780,3.409770
0.135836,3.409770
0.135891,3.409770
0.135947,3.409579
0.136002,3.409770
0.136057,3.409770
0.136113,3.409770
0.136168,3.409579
0.136224,3.409770
0.136279,3.409770
0.136335,3.409770
0.136390,3.409770
0.136446,3.409770
0.136501,3.409770
0.136556,3.409770
0.136612,3.409579
0.136667,3.409770
0.136723,3.409770
0.136778,3.409770
0.136834,3.409770
0.136889,3.409770
0.136945,3.409770
0.137000,3.409770
0.137055,3.409770
0.137111,3.409770
0.137166,3.409770
0.137222,3.409579
0.137277,3.409579
0.137333,3.409770
0.137388,3.409770
0.137444,3.409770
0.137499,3.409770
0.137554,3.409770
0.137610,3.409770
0.137665,3.409770
0.137721,3.409770
0.137776,3.409770
0.137832,3.409770
0.137887,3.409579
0.137943,3.409770
0.137998,3.409579
0.138053,3.409770
0.138109,3.409770
0.138164,3.409770
0.138220,3.409770
0.138275,3.409770
0.138331,3.409579
0.138386,3.409579
0.138442,3.409579
0.138497,3.409579
0.138552,3.409770
0.138608,3.409770
0.138663,3.409579
0.138719,3.409770
0.138774,3.409579
0.138830,3.409770
0.138885,3.409579
0.138941,3.409770
0.138996,3.409579
0.139051,3.409770
0.139107,3.409770
0.139162,3.409770
0.139218,3.409579
0.139273,3.409579
0.139329,3.409770
0.139384,3.409770
0.139440,3.409770
0.139495,3.409579
0.139550,3.409579
0.139606,3.409770
0.139661,3.409770
0.139717,3.409770
0.139772,3.409579
0.139828,3.409770
0.139883,3.409579
0.139939,3.409770
0.139994,3.409770
0.140049,3.409770
0.140105,3.409770
0.140160,3.409579
0.140216,3.409770
0.140271,3.409579
0.140327,3.409579
0.140382,3.409579
0.140438,3.409770
0.140493,3.409579
0.140548,3.409579
0.140604,3.409579
0.140659,3.409579
0.140715,3.409579
0.140770,3.409770
0.140826,3.409579
0.140881,3.409579
0.140937,3.409579
0.140992,3.409770
0.141047,3.409579
0.141103,3.409770
0.141158,3.409579
0.141214,3.409579
0.141269,3.409579
0.141325,3.409770
0.141380,3.409579
0.141436,3.409579
0.141491,3.409579
0.141546,3.409579
0.141602,3.409579
0.141657,3.409579
0.141713,3.409579
0.141768,3.409579
0.141824,3.409579
0.141879,3.409579
0.141935,3.409579
0.141990,3.409770
0.142045,3.409579
0.142101,3.409579
0.142156,3.409579
0.142212,3.409579
0.142267,3.409579
0.142323,3.409770
0.142378,3.409579
0.142434,3.409579
0.142489,3.409579
0.142544,3.409579
0.142600,3.409579
0.142655,3.409770
0.142711,3.409579
0.142766,3.409579
0.142822,3.409579
0.142877,3.409579
0.142933,3.409579
0.142988,3.409579
0.143043,3.409579
0.143099,3.409579
0.143154,3.409579
0.143210,3.409579
0.143265,3.409579
0.143321,3.409579
0.143376,3.409579
0.143432,3.409579
0.143487,3.409770
0.143542,3.409579
0.143598,3.409579
0.143653,3.409579
0.143709,3.409579
0.143764,3.409579
0.143820,3.409579
0.143875,3.409579
0.143931,3.409579
0.143986,3.409579
0.144041,3.409579
0.144097,3.409579
0.144152,3.409579
0.144208,3.409579
0.144263,3.409579
0.144319,3.409579
0.144374,3.409579
0.144430,3.409579
0.144485,3.409579
0.144540,3.409579
0.144596,3.409579
0.144651,3.409579
0.144707,3.409579
0.144762,3.409579
0.144818,3.409579
0.144873,3.409579
0.144928,3.409579
0.144984,3.409579
0.145039,3.409579
0.145095,3.409579
0.145150,3.409579
0.145206,3.409579
0.145261,3.409579
0.145317,3.409770
0.145372,3.409579
0.145427,3.409579
0.145483,3.409579
0.145538,3.409579
0.145594,3.409579
0.145649,3.409579
0.145705,3.409770
0.145760,3.409579
0.145816,3.409579
0.145871,3.409579
0.145926,3.409579
0.145982,3.409579
0.146037,3.409579
0.146093,3.409579
0.146148,3.409770
0.146204,3.409579
0.146259,3.409579
0.146315,3.409579
0.146370,3.409579
0.146425,3.409579
0.146481,3.409579
0.146536,3.409579
0.146592,3.409579
0.146647,3.409579
0.146703,3.409579
0.146758,3.409579
0.146814,3.409579
0.146869,3.409579
0.146924,3.409579
0.146980,3.409579
0.147035,3.409579
0.147091,3.409579
0.147146,3.409579
0.147202,3.409579
0.147257,3.409579
0.147313,3.409579
0.147368,3.409579
0.147423,3.409579
0.147479,3.409579
0.147534,3.409579
0.147590,3.409579
0.147645,3.409579
0.147701,3.409579
0.147756,3.409579
0.147812,3.409579
0.147867,3.409579
0.147922,3.409579
0.147978,3.409579
0.148033,3.409579
0.148089,3.409579
0.148144,3.409579
0.148200,3.409579
0.148255,3.409579
0.148311,3.409579
0.148366,3.409579
0.148421,3.409579
0.148477,3.409579
0.148532,3.409579
0.148588,3.409579
0.148643,3.409579
0.148699,3.409579
0.148754,3.409579
0.148810,3.409579
0.148865,3.409579
0.148920,3.409579
0.148976,3.409579
0.149031,3.409579
0.149087,3.409579
0.149142,3.409579
0.149198,3.409579
0.149253,3.409579
0.149309,3.409579
0.149364,3.409579
0.149419,3.409579
0.149475,3.409579
0.149530,3.409579
0.149586,3.409579
0.149641,3.409579
0.149697,3.409579
0.149752,3.409579
0.149808,3.409579
0.149863,3.409579
0.149918,3.409579
0.149974,3.409579
0.150029,3.409579
0.150085,3.409579
0.150140,3.409579
0.150196,3.409579
0.150251,3.409579
0.150307,3.409579
0.150362,3.409579
0.150417,3.409579
0.150473,3.409579
0.150528,3.409579
0.150584,3.409579
0.150639,3.409579
0.150695,3.409579
0.150750,3.409389
0.150806,3.409579
0.150861,3.409579
0.150916,3.409579
0.150972,3.409579
0.151027,3.409579
0.151083,3.409579
0.151138,3.409579
0.151194,3.409579
0.151249,3.409579
0.151305,3.409579
0.151360,3.409579
0.151415,3.409579
0.151471,3.409579
0.151526,3.409579
0.151582,3.409579
0.151637,3.409579
0.151693,3.409579
0.151748,3.409579
0.151804,3.409579
0.151859,3.409579
0.151914,3.409579
0.151970,3.409579
0.152025,3.409579
0.152081,3.409579
0.152136,3.409579
0.152192,3.409579
0.152247,3.409579
0.152303,3.409579
0.152358,3.409579
0.152413,3.409579
0.152469,3.409579
0.152524,3.409579
0.152580,3.409389
0.152635,3.409579
0.152691,3.409579
0.152746,3.409579
0.152802,3.409579
0.152857,3.409579
0.152912,3.409579
0.152968,3.409579
0.153023,3.409579
0.153079,3.409579
0.153134,3.409579
0.153190,3.409579
0.153245,3.409579
0.153301,3.409579
0.153356,3.409579
0.153411,3.409579
0.153467,3.409579
0.153522,3.409579
0.153578,3.409579
0.153633,3.409579
0.153689,3.409579
0.153744,3.409579
0.153800,3.409579
0.153855,3.409579
0.153910,3.409579
0.153966,3.409579
0.154021,3.409579
0.154077,3.409579
0.154132,3.409389
0.154188,3.409579
0.154243,3.409579
0.154299,3.409579
0.154354,3.409579
0.154409,3.409579
0.154465,3.409579
0.154520,3.409579
0.154576,3.409579
0.154631,3.409579
0.154687,3.409579
0.154742,3.409579
0.154797,3.409579
0.154853,3.409389
0.154908,3.409579
0.154964,3.409579
0.155019,3.409579
0.155075,3.409579
0.155130,3.409579
0.155186,3.409579
0.155241,3.409579
0.155297,3.409579
0.155352,3.409579
0.155407,3.409389
0.155463,3.409579
0.155518,3.409579
0.155574,3.409579
0.155629,3.409579
0.155685,3.409389
0.155740,3.409579
0.155795,3.409389
0.155851,3.409579
0.155906,3.409389
0.155962,3.409579
0.156017,3.409579
0.156073,3.409579
0.156128,3.409579
0.156184,3.409389
0.156239,3.409389
0.156295,3.409579
0.156350,3.409579
0.156405,3.409579
0.156461,3.409579
0.156516,3.409579
0.156572,3.409579
0.156627,3.409579
0.156683,3.409389
0.156738,3.409579
0.156793,3.409389
0.156849,3.409389
0.156904,3.409579
0.156960,3.409389
0.157015,3.409579
0.157071,3.409579
0.157126,3.409579
0.157182,3.409579
0.157237,3.409579
0.157292,3.409579
0.157348,3.409579
0.157403,3.409579
0.157459,3.409389
0.157514,3.409579
0.157570,3.409579
0.157625,3.409579
0.157681,3.409579
0.157736,3.409579
0.157791,3.409389
0.157847,3.409579
0.157902,3.409389
0.157958,3.409579
0.158013,3.409389
0.158069,3.409579
0.158124,3.409579
0.158180,3.409389
0.158235,3.409389
0.158290,3.409389
0.158346,3.409389
0.158401,3.409389
0.158457,3.409579
0.158512,3.409579
0.158568,3.409579
0.158623,3.409579
0.158679,3.409389
0.158734,3.409579
0.158789,3.409579
0.158845,3.409389
0.158900,3.409579
0.158956,3.409389
0.159011,3.409579
0.159067,3.409579
0.159122,3.409579
0.159178,3.409579
0.159233,3.409579
0.159288,3.409389
0.159344,3.409579
0.159399,3.409389
0.159455,3.409579
0.159510,3.409579
0.159566,3.409389
0.159621,3.409579
0.159677,3.409389
0.159732,3.409389
0.159787,3.409389
0.159843,3.409389
0.159898,3.409389
0.159954,3.409579
0.160009,3.409389
0.160065,3.409389
0.160120,3.409389
0.160176,3.409579
0.160231,3.409389
0.160286,3.409389
0.160342,3.409389
0.160397,3.409579
0.160453,3.409389
0.160508,3.409389
0.160564,3.409579
0.160619,3.409579
0.160675,3.409389
0.160730,3.409579
0.160785,3.409579
0.160841,3.409389
0.160896,3.409389
0.160952,3.409579
0.161007,3.409579
0.161063,3.409579
0.161118,3.409579
0.161173,3.409389
0.161229,3.409389
0.161284,3.409579
0.161340,3.409579
0.161395,3.409579
0.161451,3.409389
0.161506,3.409389
0.161562,3.409389
0.161617,3.409389
0.161672,3.409579
0.161728,3.409389
0.161783,3.409389
0.161839,3.409389
0.161894,3.409579
0.161950,3.409389
0.162005,3.409389
0.162061,3.409389
0.162116,3.409389
0.162171,3.409389
0.162227,3.409389
0.162282,3.409389
0.162338,3.409389
0.162393,3.409579
0.162449,3.409389
0.162504,3.409389
0.162560,3.409389
0.162615,3.409389
0.162670,3.409389
0.162726,3.409389
0.162781,3.409579
0.162837,3.409389
0.162892,3.409389
0.162948,3.409579
0.163003,3.409389
0.163059,3.409389
0.163114,3.409389
0.163169,3.409389
0.163225,3.409389
0.163280,3.409579
0.163336,3.409389
0.163391,3.409389
0.163447,3.409389
0.163502,3.409389
0.163558,3.409389
0.163613,3.409389
0.163668,3.409579
0.163724,3.409389
0.163779,3.409389
0.163835,3.409389
0.163890,3.409389
0.163946,3.409579
0.164001,3.409389
0.164057,3.409389
0.164112,3.409389
0.164167,3.409389
0.164223,3.409389
0.164278,3.409389
0.164334,3.409389
0.164389,3.409389
0.164445,3.409579
0.164500,3.409389
0.164556,3.409389
0.164611,3.409579
0.164666,3.409389
0.164722,3.409389
0.164777,3.409389
0.164833,3.409389
0.164888,3.409389
0.164944,3.409389
0.164999,3.409389
0.165055,3.409579
0.165110,3.409579
0.165165,3.409389
0.165221,3.409389
0.165276,3.409389
0.165332,3.409579
0.165387,3.409389
0.165443,3.409389
0.165498,3.409389
0.165554,3.409389
0.165609,3.409579
0.165664,3.409389
0.165720,3.409579
0.165775,3.409389
0.165831,3.409389
0.165886,3.409389
0.165942,3.409579
0.165997,3.409389
0.166053,3.409579
0.166108,3.409389
0.166163,3.409389
0.166219,3.409389
0.166274,3.409389
0.166330,3.409389
0.166385,3.409579
0.166441,3.409389
0.166496,3.409389
0.166552,3.409389
0.166607,3.409389
0.166662,3.409389
0.166718,3.409389
0.166773,3.409389
0.166829,3.409389
0.166884,3.409389
0.166940,3.409389
0.166995,3.409389
0.167051,3.409389
0.167106,3.409389
0.167161,3.409389
0.167217,3.409389
0.167272,3.409579
0.167328,3.409389
0.167383,3.409389
0.167439,3.409389
0.167494,3.409389
0.167550,3.409389
0.167605,3.409389
0.167660,3.409389
0.167716,3.409389
0.167771,3.409389
0.167827,3.409389
0.167882,3.409389
0.167938,3.409389
0.167993,3.409389
0.168049,3.409389
0.168104,3.409389
0.168159,3.409389
0.168215,3.409389
0.168270,3.409389
0.168326,3.409389
0.168381,3.409389
0.168437,3.409389
0.168492,3.409389
0.168548,3.409389
0.168603,3.409389
0.168658,3.409389
0.168714,3.409389
0.168769,3.409389
0.168825,3.409389
0.168880,3.409389
0.168936,3.409389
0.168991,3.409389
0.169047,3.409389
0.169102,3.409389
0.169157,3.409389
0.169213,3.409389
0.169268,3.409389
0.169324,3.409389
0.169379,3.409389
0.169435,3.409389
0.169490,3.409389
0.169546,3.409389
0.169601,3.409389
0.169656,3.409389
0.169712,3.409389
0.169767,3.409389
0.169823,3.409389
0.169878,3.409389
0.169934,3.409389
0.169989,3.409389
0.170045,3.409389
0.170100,3.409389
0.170155,3.409389
0.170211,3.409389
0.170266,3.409389
0.170322,3.409389
0.170377,3.409389
0.170433,3.409389
0.170488,3.409389
0.170543,3.409389
0.170599,3.409389
0.170654,3.409389
0.170710,3.409389
0.170765,3.409389
0.170821,3.409389
0.170876,3.409389
0.170932,3.409389
0.170987,3.409389
0.171042,3.409389
0.171098,3.409389
0.171153,3.409389
0.171209,3.409389
0.171264,3.409389
0.171320,3.409389
0.171375,3.409389
0.171431,3.409389
0.171486,3.409389
0.171541,3.409389
0.171597,3.409389
0.171652,3.409389
0.171708,3.409389
0.171763,3.409389
0.171819,3.409389
0.171874,3.409389
0.171930,3.409389
0.171985,3.409389
0.172040,3.409389
0.172096,3.409389
0.172151,3.409389
0.172207,3.409389
0.172262,3.409389
0.172318,3.409389
0.172373,3.409389
0.172429,3.409389
0.172484,3.409389
0.172539,3.409389
0.172595,3.409389
0.172650,3.409389
0.172706,3.409389
0.172761,3.409389
0.172817,3.409389
0.172872,3.409389
0.172928,3.409389
0.172983,3.409389
0.173038,3.409389
0.173094,3.409389
0.173149,3.409389
0.173205,3.409389
0.173260,3.409389
0.173316,3.409389
0.173371,3.409389
0.173427,3.409389
0.173482,3.409389
0.173537,3.409389
0.173593,3.409389
0.173648,3.409389
0.173704,3.409389
0.173759,3.409389
0.173815,3.409389
0.173870,3.409389
0.173926,3.409389
0.173981,3.409389
0.174036,3.409389
0.174092,3.409389
0.174147,3.409389
0.174203,3.409389
0.174258,3.409389
0.174314,3.409389
0.174369,3.409389
0.174425,3.409389
0.174480,3.409389
0.174535,3.409389
0.174591,3.409389
0.174646,3.409389
0.174702,3.409389
0.174757,3.409389
0.174813,3.409389
0.174868,3.409389
0.174924,3.409389
0.174979,3.409389
0.175034,3.409389
0.175090,3.409389
0.175145,3.409389
0.175201,3.409198
0.175256,3.409389
0.175312,3.409389
0.175367,3.409389
0.175423,3.409389
0.175478,3.409389
0.175533,3.409389
0.175589,3.409389
0.175644,3.409389
0.175700,3.409389
0.175755,3.409389
0.175811,3.409389
0.175866,3.409389
0.175922,3.409389
0.175977,3.409389
0.176032,3.409389
0.176088,3.409389
0.176143,3.409389
0.176199,3.409198
0.176254,3.409389
0.176310,3.409389
0.176365,3.409389
0.176421,3.409389
0.176476,3.409389
0.176531,3.409389
0.176587,3.409389
0.176642,3.409389
0.176698,3.409389
0.176753,3.409389
0.176809,3.409389
0.176864,3.409389
0.176920,3.409389
0.176975,3.409389
0.177030,3.409389
0.177086,3.409389
0.177141,3.409198
0.177197,3.409389
0.177252,3.409389
0.177308,3.409389
0.177363,3.409389
0.177419,3.409389
0.177474,3.409389
0.177529,3.409389
0.177585,3.409198
0.177640,3.409389
0.177696,3.409389
0.177751,3.409389
0.177807,3.409198
0.177862,3.409389
0.177918,3.409389
0.177973,3.409389
0.178028,3.409389
0.178084,3.409198
0.178139,3.409389
0.178195,3.409389
0.178250,3.409389
0.178306,3.409389
0.178361,3.409389
0.178417,3.409389
0.178472,3.409389
0.178527,3.409389
0.178583,3.409198
0.178638,3.409389
0.178694,3.409389
0.178749,3.409389
0.178805,3.409389
0.178860,3.409389
0.178916,3.409389
0.178971,3.409389
0.179026,3.409389
0.179082,3.409389
0.179137,3.409389
0.179193,3.409198
0.179248,3.409389
0.179304,3.409389
0.179359,3.409198
0.179414,3.409389
0.179470,3.409198
0.179525,3.409389
0.179581,3.409389
0.179636,3.409389
0.179692,3.409198
0.179747,3.409389
0.179803,3.409389
0.179858,3.409198
0.179914,3.409198
0.179969,3.409198
0.180024,3.409389
0.180080,3.409389
0.180135,3.409198
0.180191,3.409198
0.180246,3.409198
0.180302,3.409389
0.180357,3.409389
0.180413,3.409389
0.180468,3.409389
0.180523,3.409198
0.180579,3.409198
0.180634,3.409389
0.180690,3.409389
0.180745,3.409198
0.180801,3.409198
0.180856,3.409198
0.180912,3.409198
0.180967,3.409389
0.181022,3.409198
0.181078,3.409198
0.181133,3.409198
0.181189,3.409389
0.181244,3.409389
0.181300,3.409389
0.181355,3.409389
0.181411,3.409198
0.181466,3.409389
0.181521,3.409198
0.181577,3.409389
0.181632,3.409198
0.181688,3.409389
0.181743,3.409198
0.181799,3.409389
0.181854,3.409389
0.181910,3.409198
0.181965,3.409198
0.182020,3.409389
0.182076,3.409198
0.182131,3.409389
0.182187,3.409198
0.182242,3.409198
0.182298,3.409198
0.182353,3.409198
0.182409,3.409198
0.182464,3.409198
0.182519,3.409198
0.182575,3.409389
0.182630,3.409198
0.182686,3.409198
0.182741,3.409198
0.182797,3.409198
0.182852,3.409389
0.182908,3.409389
0.182963,3.409198
0.183018,3.409198
0.183074,3.409198
0.183129,3.409198
0.183185,3.409198
0.183240,3.409198
0.183296,3.409198
0.183351,3.409198
0.183407,3.409198
0.183462,3.409198
0.183517,3.409198
0.183573,3.409198
0.183628,3.409198
0.183684,3.409198
0.183739,3.409198
0.183795,3.409198
0.183850,3.409198
0.183906,3.409198
0.183961,3.409198
0.184016,3.409198
0.184072,3.409198
0.184127,3.409198
0.184183,3.409198
0.184238,3.409198
0.184294,3.409198
0.184349,3.409198
0.184405,3.409198
0.184460,3.409389
0.184515,3.409198
0.184571,3.409198
0.184626,3.409389
0.184682,3.409198
0.184737,3.409198
0.184793,3.409198
0.184848,3.409198
0.184904,3.409198
0.184959,3.409198
0.185014,3.409389
0.185070,3.409198
0.185125,3.409198
0.185181,3.409198
0.185236,3.409198
0.185292,3.409198
0.185347,3.409389
0.185403,3.409198
0.185458,3.409198
0.185513,3.409198
0.185569,3.409198
0.185624,3.409198
0.185680,3.409198
0.185735,3.409198
0.185791,3.409198
0.185846,3.409198
0.185902,3.409198
0.185957,3.409198
0.186012,3.409198
0.186068,3.409198
0.186123,3.409198
0.186179,3.409198
0.186234,3.409198
0.186290,3.409198
0.186345,3.409198
0.186401,3.409198
0.186456,3.409198
0.186511,3.409198
0.186567,3.409198
0.186622,3.409198
0.186678,3.409198
0.186733,3.409198
0.186789,3.409198
0.186844,3.409198
0.186900,3.409198
0.186955,3.409198
0.187010,3.409389
0.187066,3.409198
0.187121,3.409198
0.187177,3.409198
0.187232,3.409198
0.187288,3.409198
0.187343,3.409198
0.187398,3.409198
0.187454,3.409198
0.187509,3.409198
0.187565,3.409198
0.187620,3.409198
0.187676,3.409198
0.187731,3.409198
0.187787,3.409198
0.187842,3.409198
0.187897,3.409198
0.187953,3.409198
0.188008,3.409198
0.188064,3.409198
0.188119,3.409198
0.188175,3.409198
0.188230,3.409198
0.188286,3.409198
0.188341,3.409198
0.188396,3.409198
0.188452,3.409198
0.188507,3.409198
0.188563,3.409198
0.188618,3.409198
0.188674,3.409198
0.188729,3.409198
0.188785,3.409198
0.188840,3.409198
0.188895,3.409198
0.188951,3.409198
0.189006,3.409198
0.189062,3.409198
0.189117,3.409198
0.189173,3.409198
0.189228,3.409198
0.189284,3.409198
0.189339,3.409198
0.189394,3.409198
0.189450,3.409198
0.189505,3.409198
0.189561,3.409198
0.189616,3.409198
0.189672,3.409198
0.189727,3.409198
0.189783,3.409198
0.189838,3.409198
0.189893,3.409198
0.189949,3.409198
0.190004,3.409008
0.190060,3.409198
0.190115,3.409198
0.190171,3.409198
0.190226,3.409198
0.190282,3.409198
0.190337,3.409198
0.190392,3.409198
0.190448,3.409198
0.190503,3.409198
0.190559,3.409198
0.190614,3.409198
0.190670,3.409198
0.190725,3.409198
0.190781,3.409198
0.190836,3.409198
0.190891,3.409198
0.190947,3.409198
0.191002,3.409198
0.191058,3.409198
0.191113,3.409198
0.191169,3.409198
0.191224,3.409198
0.191280,3.409198
0.191335,3.409198
0.191391,3.409198
0.191446,3.409198
0.191501,3.409198
0.191557,3.409198
0.191612,3.409198
0.191668,3.409198
0.191723,3.409198
0.191779,3.409198
0.191834,3.409198
0.191890,3.409198
0.191945,3.409198
0.192000,3.409198
0.192056,3.409198
0.192111,3.409198
0.192167,3.409008
0.192222,3.409198
0.192278,3.409198
0.192333,3.409198
0.192388,3.409198
0.192444,3.409198
0.192499,3.409198
0.192555,3.409198
0.192610,3.409198
0.192666,3.409008
0.192721,3.409198
0.192777,3.409198
0.192832,3.409198
0.192887,3.409198
0.192943,3.409198
0.192998,3.409198
0.193054,3.409198
0.193109,3.409198
0.193165,3.409198
0.193220,3.409198
0.193276,3.409198
0.193331,3.409198
0.193386,3.409198
0.193442,3.409198
0.193497,3.409008
0.193553,3.409198
0.193608,3.409198
0.193664,3.409198
0.193719,3.409198
0.193775,3.409198
0.193830,3.409198
0.193885,3.409198
0.193941,3.409198
0.193996,3.409198
0.194052,3.409198
0.194107,3.409008
0.194163,3.409198
0.194218,3.409198
0.194274,3.409198
0.194329,3.409198
0.194384,3.409198
0.194440,3.409198
0.194495,3.409198
0.194551,3.409198
0.194606,3.409198
0.194662,3.409198
0.194717,3.409198
0.194773,3.409198
0.194828,3.409198
0.194883,3.409198
0.194939,3.409198
0.194994,3.409198
0.195050,3.409198
0.195105,3.409198
0.195161,3.409198
0.195216,3.409198
0.195272,3.409198
0.195327,3.409198
0.195382,3.409198
0.195438,3.409198
0.195493,3.409198
0.195549,3.409198
0.195604,3.409198
0.195660,3.409198
0.195715,3.409198
0.195771,3.409198
0.195826,3.409198
0.195881,3.409198
0.195937,3.409008
0.195992,3.409198
0.196048,3.409198
0.196103,3.409198
0.196159,3.409008
0.196214,3.409198
0.196270,3.409198
0.196325,3.409198
0.196380,3.409198
0.196436,3.409198
0.196491,3.409198
0.196547,3.409198
0.196602,3.409198
0.196658,3.409008
0.196713,3.409198
0.196769,3.409198
0.196824,3.409198
0.196879,3.409198
0.196935,3.409198
0.196990,3.409198
0.197046,3.409198
0.197101,3.409198
0.197157,3.409198
0.197212,3.409198
0.197268,3.409008
0.197323,3.409008
0.197378,3.409198
0.197434,3.409198
0.197489,3.409198
0.197545,3.409008
0.197600,3.409008
0.197656,3.409198
0.197711,3.409198
0.197767,3.409198
0.197822,3.409198
0.197877,3.409008
0.197933,3.409008
0.197988,3.409008
0.198044,3.409008
0.198099,3.409198
0.198155,3.409008
0.198210,3.409008
0.198266,3.409008
0.198321,3.409008
0.198376,3.409198
0.198432,3.409198
0.198487,3.409008
0.198543,3.409008
0.198598,3.409008
0.198654,3.409008
0.198709,3.409008
0.198765,3.409008
0.198820,3.409008
0.198875,3.409008
0.198931,3.409008
0.198986,3.409008
0.199042,3.409198
0.199097,3.409008
0.199153,3.409008
0.199208,3.409008
0.199264,3.409198
0.199319,3.409008
0.199374,3.409008
0.199430,3.409008
0.199485,3.409008
0.199541,3.409008
0.199596,3.409008
0.199652,3.409008
0.199707,3.409008
0.199763,3.409008
0.199818,3.409008
0.199873,3.409008
0.199929,3.409008
0.199984,3.409008
0.200040,3.409008
0.200095,3.409198
0.200151,3.409008
0.200206,3.409008
0.200262,3.409008
0.200317,3.409198
0.200372,3.409008
0.200428,3.409008
0.200483,3.409008
0.200539,3.409008
0.200594,3.409008
0.200650,3.409008
0.200705,3.409008
0.200761,3.409008
0.200816,3.409008
0.200871,3.409008
0.200927,3.409008
0.200982,3.409008
0.201038,3.409008
0.201093,3.409008
0.201149,3.409008
0.201204,3.409008
0.201260,3.409008
0.201315,3.409008
0.201370,3.409008
0.201426,3.409008
0.201481,3.409008
0.201537,3.409008
0.201592,3.409008
0.201648,3.409008
0.201703,3.409008
0.201759,3.409008
0.201814,3.409008
0.201869,3.409008
0.201925,3.409008
0.201980,3.409008
0.202036,3.409008
0.202091,3.409008
0.202147,3.409008
0.202202,3.409008
0.202258,3.409008
0.202313,3.409008
0.202368,3.409008
0.202424,3.409008
0.202479,3.409008
0.202535,3.409008
0.202590,3.409008
0.202646,3.408817
0.202701,3.409008
0.202757,3.409008
0.202812,3.409008
0.202867,3.409008
0.202923,3.409008
0.202978,3.409008
0.203034,3.409008
0.203089,3.409008
0.203145,3.409008
0.203200,3.409008
0.203256,3.409008
0.203311,3.409008
0.203366,3.409008
0.203422,3.409008
0.203477,3.409008
0.203533,3.409008
0.203588,3.409008
0.203644,3.409008
0.203699,3.409008
0.203755,3.409008
0.203810,3.409008
0.203866,3.409008
0.203921,3.408817
0.203976,3.409008
0.204032,3.409008
0.204087,3.409008
0.204143,3.409008
0.204198,3.409008
0.204254,3.409008
0.204309,3.409008
0.204365,3.409008
0.204420,3.409008
0.204475,3.409008
0.204531,3.409008
0.204586,3.409008
0.204642,3.409008
0.204697,3.409008
0.204753,3.409008
0.204808,3.409008
0.204864,3.409008
0.204919,3.409008
0.204974,3.409008
0.205030,3.409008
0.205085,3.409008
0.205141,3.409008
0.205196,3.409008
0.205252,3.409008
0.205307,3.409008
0.205363,3.409008
0.205418,3.409008
0.205473,3.409008
0.205529,3.408817
0.205584,3.409008
0.205640,3.409008
0.205695,3.409008
0.205751,3.409198
0.205806,3.409008
0.205862,3.408817
0.205917,3.409008
0.205972,3.409008
0.206028,3.409008
0.206083,3.409008
0.206139,3.409008
0.206194,3.409008
0.206250,3.408817
0.206305,3.409008
0.206360,3.409008
0.206416,3.409008
0.206471,3.409008
0.206527,3.409008
0.206582,3.408817
0.206638,3.409008
0.206693,3.409008
0.206749,3.409008
0.206804,3.409008
0.206860,3.409008
0.206915,3.409008
0.206970,3.409008
0.207026,3.409008
0.207081,3.409008
0.207137,3.409008
0.207192,3.409008
0.207248,3.409008
0.207303,3.409008
0.207358,3.408817
0.207414,3.409008
0.207469,3.409008
0.207525,3.409008
0.207580,3.408817
0.207636,3.408817
0.207691,3.409008
0.207747,3.408817
0.207802,3.408817
0.207857,3.408817
0.207913,3.409008
0.207968,3.409008
0.208024,3.409008
0.208079,3.409008
0.208135,3.408817
0.208190,3.409008
0.208246,3.409008
0.208301,3.409008
0.208357,3.409008
0.208412,3.409008
0.208467,3.409008
0.208523,3.409008
0.208578,3.409008
0.208634,3.409008
0.208689,3.409008
0.208745,3.408817
0.208800,3.409008
0.208856,3.409008
0.208911,3.408817
0.208966,3.409008
0.209022,3.409008
0.209077,3.409008
0.209133,3.409008
0.209188,3.409008
0.209244,3.409008
0.209299,3.408817
0.209355,3.409008
0.209410,3.409008
0.209465,3.409008
0.209521,3.408817
0.209576,3.408817
0.209632,3.408817
0.209687,3.409008
0.209743,3.408817
0.209798,3.408817
0.209854,3.408817
0.209909,3.408817
0.209964,3.408817
0.210020,3.409008
0.210075,3.408817
0.210131,3.409008
0.210186,3.409008
0.210242,3.409008
0.210297,3.408817
0.210353,3.408817
0.210408,3.408817
0.210463,3.408817
0.210519,3.408817
0.210574,3.408817
0.210630,3.408817
0.210685,3.408817
0.210741,3.409008
0.210796,3.408817
0.210852,3.408817
0.210907,3.408817
0.210962,3.408817
0.211018,3.408817
0.211073,3.408817
0.211129,3.408817
0.211184,3.408817
0.211240,3.408817
0.211295,3.408817
0.211351,3.408817
0.211406,3.408817
0.211461,3.408817
0.211517,3.409008
0.211572,3.408817
0.211628,3.408817
0.211683,3.409008
0.211739,3.409008
0.211794,3.409008
0.211849,3.408817
0.211905,3.408817
0.211960,3.409008
0.212016,3.408817
0.212071,3.408817
0.212127,3.409008
0.212182,3.408817
0.212238,3.409008
0.212293,3.408817
0.212348,3.408817
0.212404,3.408817
0.212459,3.408817
0.212515,3.408817
0.212570,3.408817
0.212626,3.408817
0.212681,3.408817
0.212737,3.408817
0.212792,3.409008
0.212847,3.408817
0.212903,3.408817
0.212958,3.408817
0.213014,3.408817
0.213069,3.408817
0.213125,3.408817
0.213180,3.409008
0.213236,3.408817
0.213291,3.408817
0.213347,3.408817
0.213402,3.408817
0.213457,3.408817
0.213513,3.408817
0.213568,3.408817
0.213624,3.408817
0.213679,3.408817
0.213735,3.408817
0.213790,3.408817
0.213846,3.408817
0.213901,3.408817
0.213956,3.408817
0.214012,3.408817
0.214067,3.408817
0.214123,3.408817
0.214178,3.408817
0.214234,3.408817
0.214289,3.408817
0.214345,3.408817
0.214400,3.408817
0.214455,3.408817
0.214511,3.408817
0.214566,3.408817
0.214622,3.408817
0.214677,3.408817
0.214733,3.408817
0.214788,3.408817
0.214844,3.408817
0.214899,3.408817
0.214954,3.408817
0.215010,3.408817
0.215065,3.408817
0.215121,3.408817
0.215176,3.408817
0.215232,3.408817
0.215287,3.408817
0.215343,3.408817
0.215398,3.408817
0.215453,3.408817
0.215509,3.408817
0.215564,3.408817
0.215620,3.408817
0.215675,3.408817
0.215731,3.408817
0.215786,3.408817
0.215842,3.408817
0.215897,3.408817
0.215952,3.408817
0.216008,3.408817
0.216063,3.408817
0.216119,3.408817
0.216174,3.408817
0.216230,3.408817
0.216285,3.408817
0.216340,3.408817
0.216396,3.408817
0.216451,3.408817
0.216507,3.408817
0.216562,3.408817
0.216618,3.408817
0.216673,3.408817
0.216729,3.408817
0.216784,3.408817
0.216839,3.408817
0.216895,3.408817
0.216950,3.408817
0.217006,3.408817
0.217061,3.408817
0.217117,3.408817
0.217172,3.408817
0.217228,3.408817
0.217283,3.408817
0.217338,3.408817
0.217394,3.408817
0.217449,3.408817
0.217505,3.408817
0.217560,3.408817
0.217616,3.408817
0.217671,3.408817
0.217727,3.408817
0.217782,3.408817
0.217837,3.408817
0.217893,3.408817
0.217948,3.408817
0.218004,3.408817
0.218059,3.408817
0.218115,3.408817
0.218170,3.408817
0.218226,3.408817
0.218281,3.408817
0.218336,3.408817
0.218392,3.408817
0.218447,3.408817
0.218503,3.408627
0.218558,3.408817
0.218614,3.408817
0.218669,3.408817
0.218725,3.408817
0.218780,3.408817
0.218835,3.408817
0.218891,3.408817
0.218946,3.408817
0.219002,3.408817
0.219057,3.408817
0.219113,3.408817
0.219168,3.408817
0.219224,3.408817
0.219279,3.408627
0.219334,3.408817
0.219390,3.408817
0.219445,3.408817
0.219501,3.408817
0.219556,3.408817
0.219612,3.408817
0.219667,3.408817
0.219723,3.408817
0.219778,3.408817
0.219833,3.408817
0.219889,3.408627
0.219944,3.408817
0.220000,3.408817
0.220055,3.408817
0.220111,3.408817
0.220166,3.408817
0.220222,3.408817
0.220277,3.408817
0.220332,3.408627
0.220388,3.408817
0.220443,3.408627
0.220499,3.408817
0.220554,3.408817
0.220610,3.408817
0.220665,3.408627
0.220721,3.408817
0.220776,3.408817
0.220831,3.408627
0.220887,3.408627
0.220942,3.408627
0.220998,3.408817
0.221053,3.408627
0.221109,3.408817
0.221164,3.408817
0.221220,3.408817
0.221275,3.408627
0.221330,3.408817
0.221386,3.408817
0.221441,3.408817
0.221497,3.408627
0.221552,3.408817
0.221608,3.408817
0.221663,3.408817
0.221719,3.408817
0.221774,3.408817
0.221829,3.408627
0.221885,3.408627
0.221940,3.408817
0.221996,3.408817
0.222051,3.408817
0.222107,3.408627
0.222162,3.408817
0.222218,3.408817
0.222273,3.408817
0.222328,3.408817
0.222384,3.408817
0.222439,3.408627
0.222495,3.408627
0.222550,3.408627
0.222606,3.408627
0.222661,3.408817
0.222717,3.408627
0.222772,3.408817
0.222827,3.408817
0.222883,3.408817
0.222938,3.408817
0.222994,3.408817
0.223049,3.408817
0.223105,3.408627
0.223160,3.408817
0.223216,3.408627
0.223271,3.408817
0.223326,3.408817
0.223382,3.408817
0.223437,3.408817
0.223493,3.408627
0.223548,3.408817
0.223604,3.408817
0.223659,3.408627
0.223715,3.408817
0.223770,3.408627
0.223825,3.408817
0.223881,3.408817
0.223936,3.408627
0.223992,3.408817
0.224047,3.408627
0.224103,3.408817
0.224158,3.408627
0.224214,3.408817
0.224269,3.408817
0.224324,3.408627
0.224380,3.408817
0.224435,3.408817
0.224491,3.408627
0.224546,3.408627
0.224602,3.408817
0.224657,3.408627
0.224713,3.408627
0.224768,3.408817
0.224823,3.408817
0.224879,3.408817
0.224934,3.408817
0.224990,3.408817
0.225045,3.408817
0.225101,3.408817
0.225156,3.408627
0.225212,3.408627
0.225267,3.408627
0.225322,3.408627
0.225378,3.408627
0.225433,3.408627
0.225489,3.408627
0.225544,3.408817
0.225600,3.408627
0.225655,3.408627
0.225711,3.408817
0.225766,3.408627
0.225821,3.408627
0.225877,3.408627
0.225932,3.408817
0.225988,3.408627
0.226043,3.408817
0.226099,3.408627
0.226154,3.408627
0.226210,3.408627
0.226265,3.408817
0.226321,3.408627
0.226376,3.408817
0.226431,3.408627
0.226487,3.408627
0.226542,3.408627
0.226598,3.408627
0.226653,3.408627
0.226709,3.408627
0.226764,3.408627
0.226820,3.408627
0.226875,3.408627
0.226930,3.408627
0.226986,3.408627
0.227041,3.408817
0.227097,3.408627
0.227152,3.408627
0.227208,3.408627
0.227263,3.408627
0.227319,3.408627
0.227374,3.408627
0.227429,3.408627
0.227485,3.408627
0.227540,3.408627
0.227596,3.408627
0.227651,3.408627
0.227707,3.408627
0.227762,3.408817
0.227818,3.408627
0.227873,3.408627
0.227928,3.408627
0.227984,3.408627
0.228039,3.408627
0.228095,3.408627
0.228150,3.408627
0.228206,3.408627
0.228261,3.408627
0.228317,3.408627
0.228372,3.408627
0.228427,3.408627
0.228483,3.408627
0.228538,3.408627
0.228594,3.408627
0.228649,3.408817
0.228705,3.408627
0.228760,3.408627
0.228816,3.408627
0.228871,3.408627
0.228926,3.408817
0.228982,3.408627
0.229037,3.408627
0.229093,3.408627
0.229148,3.408627
0.229204,3.408627
0.229259,3.408817
0.229315,3.408627
0.229370,3.408627
0.229425,3.408627
0.229481,3.408627
0.229536,3.408627
0.229592,3.408627
0.229647,3.408627
0.229703,3.408627
0.229758,3.408627
0.229814,3.408627
0.229869,3.408627
0.229924,3.408627
0.229980,3.408627
0.230035,3.408627
0.230091,3.408627
0.230146,3.408627
0.230202,3.408627
0.230257,3.408627
0.230313,3.408627
0.230368,3.408627
0.230423,3.408627
0.230479,3.408627
0.230534,3.408627
0.230590,3.408627
0.230645,3.408627
0.230701,3.408627
0.230756,3.408627
0.230812,3.408627
0.230867,3.408627
0.230922,3.408627
0.230978,3.408627
0.231033,3.408627
0.231089,3.408627
0.231144,3.408627
0.231200,3.408627
0.231255,3.408627
0.231311,3.408627
0.231366,3.408627
0.231421,3.408627
0.231477,3.408627
0.231532,3.408627
0.231588,3.408627
0.231643,3.408627
0.231699,3.408627
0.231754,3.408627
0.231810,3.408627
0.231865,3.408627
0.231920,3.408817
0.231976,3.408627
0.232031,3.408627
0.232087,3.408627
0.232142,3.408627
0.232198,3.408627
0.232253,3.408627
0.232309,3.408627
0.232364,3.408627
0.232419,3.408627
0.232475,3.408627
0.232530,3.408627
0.232586,3.408627
0.232641,3.408627
0.232697,3.408627
0.232752,3.408627
0.232808,3.408627
0.232863,3.408627
0.232919,3.408627
0.232974,3.408627
0.233029,3.408627
0.233085,3.408627
0.233140,3.408627
0.233196,3.408627
0.233251,3.408627
0.233307,3.408627
0.233362,3.408627
0.233418,3.408627
0.233473,3.408627
0.233528,3.408627
0.233584,3.408627
0.233639,3.408627
0.233695,3.408627
0.233750,3.408627
0.233806,3.408627
0.233861,3.408627
0.233917,3.408627
0.233972,3.408627
0.234027,3.408627
0.234083,3.408627
0.234138,3.408627
0.234194,3.408627
0.234249,3.408627
0.234305,3.408627
0.234360,3.408627
0.234416,3.408627
0.234471,3.408627
0.234526,3.408627
0.234582,3.408627
0.234637,3.408627
0.234693,3.408627
0.234748,3.408627
0.234804,3.408627
0.234859,3.408627
0.234915,3.408627
0.234970,3.408627
0.235025,3.408627
0.235081,3.408627
0.235136,3.408627
0.235192,3.408627
0.235247,3.408627
0.235303,3.408627
0.235358,3.408627
0.235414,3.408627
0.235469,3.408627
0.235524,3.408627
0.235580,3.408627
0.235635,3.408627
0.235691,3.408627
0.235746,3.408627
0.235802,3.408627
0.235857,3.408627
0.235913,3.408627
0.235968,3.408627
0.236023,3.408627
0.236079,3.408627
0.236134,3.408627
0.236190,3.408627
0.236245,3.408627
0.236301,3.408627
0.236356,3.408627
0.236412,3.408627
0.236467,3.408627
0.236522,3.408627
0.236578,3.408627
0.236633,3.408627
0.236689,3.408627
0.236744,3.408627
0.236800,3.408627
0.236855,3.408627
0.236911,3.408627
0.236966,3.408627
0.237021,3.408627
0.237077,3.408627
0.237132,3.408627
0.237188,3.408627
0.237243,3.408627
0.237299,3.408627
0.237354,3.408627
0.237409,3.408627
0.237465,3.408627
0.237520,3.408627
0.237576,3.408627
0.237631,3.408627
0.237687,3.408627
0.237742,3.408627
0.237798,3.408627
0.237853,3.408627
0.237908,3.408627
0.237964,3.408627
0.238019,3.408627
0.238075,3.408627
0.238130,3.408627
0.238186,3.408627
0.238241,3.408627
0.238297,3.408627
0.238352,3.408627
0.238407,3.408627
0.238463,3.408627
0.238518,3.408627
0.238574,3.408627
0.238629,3.408627
0.238685,3.408627
0.238740,3.408627
0.238796,3.408627
0.238851,3.408627
0.238906,3.408627
0.238962,3.408627
0.239017,3.408627
0.239073,3.408627
0.239128,3.408627
0.239184,3.408627
0.239239,3.408627
0.239295,3.408627
0.239350,3.408627
0.239405,3.408627
0.239461,3.408627
0.239516,3.408627
0.239572,3.408627
0.239627,3.408627
0.239683,3.408627
0.239738,3.408627
0.239793,3.408627
0.239849,3.408627
0.239904,3.408627
0.239960,3.408627
0.240015,3.408627
0.240071,3.408627
0.240126,3.408627
0.240182,3.408627
0.240237,3.408627
0.240292,3.408627
0.240348,3.408627
0.240403,3.408627
0.240459,3.408627
0.240514,3.408627
0.240570,3.408627
0.240625,3.408627
0.240681,3.408627
0.240736,3.408627
0.240791,3.408627
0.240847,3.408627
0.240902,3.408627
0.240958,3.408627
0.241013,3.408627
0.241069,3.408627
0.241124,3.408627
0.241180,3.408627
0.241235,3.408627
0.241290,3.408627
0.241346,3.408627
0.241401,3.408627
0.241457,3.408627
0.241512,3.408627
0.241568,3.408627
0.241623,3.408627
0.241678,3.408627
0.241734,3.408627
0.241789,3.408627
0.241845,3.408627
0.241900,3.408627
0.241956,3.408627
0.242011,3.408627
0.242067,3.408627
0.242122,3.408627
0.242177,3.408627
0.242233,3.408627
0.242288,3.408627
0.242344,3.408627
0.242399,3.408627
0.242455,3.408627
0.242510,3.408627
0.242566,3.408627
0.242621,3.408627
0.242676,3.408627
0.242732,3.408627
0.242787,3.408627
0.242843,3.408627
0.242898,3.408627
0.242954,3.408627
0.243009,3.408627
0.243064,3.408627
0.243120,3.408627
0.243175,3.408627
0.243231,3.408627
0.243286,3.408627
0.243342,3.408627
0.243397,3.408627
0.243453,3.408627
0.243508,3.408627
0.243563,3.408627
0.243619,3.408627
0.243674,3.408627
0.243730,3.408627
0.243785,3.408627
0.243841,3.408627
0.243896,3.408627
0.243952,3.408627
0.244007,3.408627
0.244062,3.408627
0.244118,3.408627
0.244173,3.408627
0.244229,3.408627
0.244284,3.408627
0.244340,3.408627
0.244395,3.408627
0.244450,3.408627
0.244506,3.408627
0.244561,3.408627
0.244617,3.408627
0.244672,3.408627
0.244728,3.408627
0.244783,3.408627
0.244839,3.408627
0.244894,3.408627
0.244949,3.408627
0.245005,3.408627
0.245060,3.408627
0.245116,3.408627
0.245171,3.408627
0.245227,3.408627
0.245282,3.408627
0.245338,3.408627
0.245393,3.408627
0.245448,3.408627
0.245504,3.408627
0.245559,3.408627
0.245615,3.408627
0.245670,3.408627
0.245726,3.408627
0.245781,3.408627
0.245836,3.408627
0.245892,3.408627
0.245947,3.408627
0.246003,3.408627
0.246058,3.408627
0.246114,3.408627
0.246169,3.408627
0.246225,3.408627
0.246280,3.408627
0.246335,3.408627
0.246391,3.408627
0.246446,3.408627
0.246502,3.408627
0.246557,3.408627
0.246613,3.408627
0.246668,3.408627
0.246724,3.408627
0.246779,3.408627
0.246834,3.408627
0.246890,3.408627
0.246945,3.408627
0.247001,3.408627
0.247056,3.408627
0.247112,3.408627
0.247167,3.408627
0.247222,3.408627
0.247278,3.408627
0.247333,3.408627
0.247389,3.408627
0.247444,3.408627
0.247500,3.408627
0.247555,3.408627
0.247611,3.408627
0.247666,3.408627
0.247721,3.408627
0.247777,3.408627
0.247832,3.408627
0.247888,3.408627
0.247943,3.408627
0.247999,3.408627
0.248054,3.408627
0.248109,3.408627
0.248165,3.408627
0.248220,3.408627
0.248276,3.408627
0.248331,3.408627
0.248387,3.408627
0.248442,3.408627
0.248498,3.408627
0.248553,3.408627
0.248608,3.408627
0.248664,3.408627
0.248719,3.408627
0.248775,3.408627
0.248830,3.408627
0.248886,3.408627
0.248941,3.408627
0.248997,3.408627
0.249052,3.408627
0.249107,3.408627
0.249163,3.408627
0.249218,3.408627
0.249274,3.408627
0.249329,3.408627
0.249385,3.408627
0.249440,3.408627
0.249495,3.408627
0.249551,3.408627
0.249606,3.408627
0.249662,3.408627
0.249717,3.408627
0.249773,3.408627
0.249828,3.408627
0.249884,3.408627
0.249939,3.408627
0.249994,3.408627
0.250050,3.408627
0.250105,3.408627
0.250161,3.408627
0.250216,3.408436
0.250272,3.408627
0.250327,3.408627
0.250383,3.408627
0.250438,3.408436
0.250493,3.408627
0.250549,3.408627
0.250604,3.408436
0.250660,3.408627
0.250715,3.408627
0.250771,3.408627
0.250826,3.408627
0.250882,3.408627
0.250937,3.408627
0.250992,3.408627
0.251048,3.408436
0.251103,3.408436
0.251159,3.408627
0.251214,3.408436
0.251270,3.408436
0.251325,3.408627
0.251380,3.408627
0.251436,3.408627
0.251491,3.408627
0.251547,3.408627
0.251602,3.408627
0.251658,3.408436
0.251713,3.408436
0.251769,3.408627
0.251824,3.408627
0.251879,3.408436
0.251935,3.408627
0.251990,3.408627
0.252046,3.408436
0.252101,3.408436
0.252157,3.408627
0.252212,3.408627
0.252268,3.408627
0.252323,3.408627
0.252378,3.408436
0.252434,3.408627
0.252489,3.408627
0.252545,3.408627
0.252600,3.408627
0.252656,3.408627
0.252711,3.408436
0.252766,3.408436
0.252822,3.408436
0.252877,3.408436
0.252933,3.408436
0.252988,3.408627
0.253044,3.408627
0.253099,3.408436
0.253155,3.408627
0.253210,3.408627
0.253265,3.408436
0.253321,3.408627
0.253376,3.408436
0.253432,3.408627
0.253487,3.408436
0.253543,3.408627
0.253598,3.408436
0.253654,3.408627
0.253709,3.408627
0.253764,3.408436
0.253820,3.408627
0.253875,3.408436
0.253931,3.408627
0.253986,3.408436
0.254042,3.408627
0.254097,3.408436
0.254152,3.408627
0.254208,3.408627
0.254263,3.408436
0.254319,3.408627
0.254374,3.408627
0.254430,3.408627
0.254485,3.408627
0.254541,3.408627
0.254596,3.408436
0.254651,3.408436
0.254707,3.408627
0.254762,3.408436
0.254818,3.408436
0.254873,3.408436
0.254929,3.408436
0.254984,3.408627
0.255040,3.408627
0.255095,3.408627
0.255150,3.408436
0.255206,3.408627
0.255261,3.408436
0.255317,3.408627
0.255372,3.408436
0.255428,3.408627
0.255483,3.408627
0.255538,3.408627
0.255594,3.408436
0.255649,3.408436
0.255705,3.408436
0.255760,3.408436
0.255816,3.408436
0.255871,3.408436
0.255927,3.408436
0.255982,3.408436
0.256037,3.408627
0.256093,3.408436
0.256148,3.408436
0.256204,3.408436
0.256259,3.408436
0.256315,3.408436
0.256370,3.408436
0.256426,3.408436
0.256481,3.408627
0.256536,3.408436
0.256592,3.408436
0.256647,3.408436
0.256703,3.408436
0.256758,3.408436
0.256814,3.408436
0.256869,3.408436
0.256924,3.408436
0.256980,3.408436
0.257035,3.408436
0.257091,3.408436
0.257146,3.408436
0.257202,3.408627
0.257257,3.408436
0.257313,3.408436
0.257368,3.408436
0.257423,3.408436
0.257479,3.408436
0.257534,3.408436
0.257590,3.408627
0.257645,3.408436
0.257701,3.408436
0.257756,3.408436
0.257812,3.408436
0.257867,3.408436
0.257922,3.408436
0.257978,3.408436
0.258033,3.408436
0.258089,3.408436
0.258144,3.408436
0.258200,3.408436
0.258255,3.408436
0.258310,3.408436
0.258366,3.408436
0.258421,3.408436
0.258477,3.408436
0.258532,3.408436
0.258588,3.408436
0.258643,3.408436
0.258699,3.408436
0.258754,3.408436
0.258809,3.408436
0.258865,3.408436
0.258920,3.408436
0.258976,3.408436
0.259031,3.408436
0.259087,3.408436
0.259142,3.408436
0.259198,3.408436
0.259253,3.408436
0.259308,3.408436
0.259364,3.408436
0.259419,3.408436
0.259475,3.408436
0.259530,3.408436
0.259586,3.408436
0.259641,3.408436
0.259696,3.408436
0.259752,3.408436
0.259807,3.408436
0.259863,3.408436
0.259918,3.408436
0.259974,3.408436
0.260029,3.408436
0.260085,3.408436
0.260140,3.408436
0.260195,3.408436
0.260251,3.408436
0.260306,3.408436
0.260362,3.408436
0.260417,3.408436
0.260473,3.408436
0.260528,3.408436
0.260584,3.408436
0.260639,3.408436
0.260694,3.408436
0.260750,3.408436
0.260805,3.408436
0.260861,3.408436
0.260916,3.408436
0.260972,3.408436
0.261027,3.408436
0.261082,3.408436
0.261138,3.408436
0.261193,3.408436
0.261249,3.408436
0.261304,3.408436
0.261360,3.408436
0.261415,3.408436
0.261471,3.408436
0.261526,3.408436
0.261581,3.408436
0.261637,3.408436
0.261692,3.408436
0.261748,3.408436
0.261803,3.408436
0.261859,3.408436
0.261914,3.408436
0.261970,3.408436
0.262025,3.408436
0.262080,3.408436
0.262136,3.408436
0.262191,3.408436
0.262247,3.408436
0.262302,3.408436
0.262358,3.408436
0.262413,3.408436
0.262468,3.408436
0.262524,3.408436
0.262579,3.408436
0.262635,3.408436
0.262690,3.408436
0.262746,3.408436
0.262801,3.408436
0.262857,3.408436
0.262912,3.408436
0.262967,3.408436
0.263023,3.408436
0.263078,3.408436
0.263134,3.408436
0.263189,3.408436
0.263245,3.408436
0.263300,3.408436
0.263356,3.408436
0.263411,3.408436
0.263466,3.408436
0.263522,3.408436
0.263577,3.408436
0.263633,3.408436
0.263688,3.408436
0.263744,3.408436
0.263799,3.408436
0.263855,3.408436
0.263910,3.408436
0.263965,3.408436
0.264021,3.408436
0.264076,3.408436
0.264132,3.408436
0.264187,3.408436
0.264243,3.408436
0.264298,3.408436
0.264354,3.408436
0.264409,3.408436
0.264464,3.408436
0.264520,3.408436
0.264575,3.408436
0.264631,3.408436
0.264686,3.408436
0.264742,3.408436
0.264797,3.408436
0.264852,3.408436
0.264908,3.408436
0.264963,3.408436
0.265019,3.408436
0.265074,3.408436
0.265130,3.408436
0.265185,3.408436
0.265241,3.408436
0.265296,3.408436
0.265351,3.408436
0.265407,3.408436
0.265462,3.408436
0.265518,3.408436
0.265573,3.408436
0.265629,3.408436
0.265684,3.408436
0.265740,3.408245
0.265795,3.408436
0.265850,3.408436
0.265906,3.408436
0.265961,3.408436
0.266017,3.408436
0.266072,3.408436
0.266128,3.408436
0.266183,3.408436
0.266239,3.408436
0.266294,3.408436
0.266349,3.408436
0.266405,3.408245
0.266460,3.408436
0.266516,3.408436
0.266571,3.408436
0.266627,3.408436
0.266682,3.408436
0.266738,3.408436
0.266793,3.408436
0.266848,3.408436
0.266904,3.408436
0.266959,3.408436
0.267015,3.408436
0.267070,3.408245
0.267126,3.408436
0.267181,3.408436
0.267237,3.408436
0.267292,3.408436
0.267347,3.408436
0.267403,3.408436
0.267458,3.408436
0.267514,3.408436
0.267569,3.408436
0.267625,3.408436
0.267680,3.408436
0.267736,3.408436
0.267791,3.408436
0.267846,3.408436
0.267902,3.408245
0.267957,3.408436
0.268013,3.408436
0.268068,3.408436
0.268124,3.408436
0.268179,3.408436
0.268235,3.408436
0.268290,3.408436
0.268345,3.408436
0.268401,3.408436
0.268456,3.408436
0.268512,3.408436
0.268567,3.408436
0.268623,3.408436
0.268678,3.408436
0.268733,3.408436
0.268789,3.408436
0.268844,3.408436
0.268900,3.408436
0.268955,3.408245
0.269011,3.408436
0.269066,3.408436
0.269122,3.408436
0.269177,3.408436
0.269232,3.408436
0.269288,3.408436
0.269343,3.408436
0.269399,3.408436
0.269454,3.408436
0.269510,3.408436
0.269565,3.408436
0.269621,3.408245
0.269676,3.408436
0.269731,3.408436
0.269787,3.408245
0.269842,3.408245
0.269898,3.408245
0.269953,3.408245
0.270009,3.408436
0.270064,3.408245
0.270120,3.408436
0.270175,3.408245
0.270230,3.408436
0.270286,3.408245
0.270341,3.408436
0.270397,3.408245
0.270452,3.408436
0.270508,3.408245
0.270563,3.408245
0.270619,3.408436
0.270674,3.408436
0.270729,3.408436
0.270785,3.408245
0.270840,3.408245
0.270896,3.408436
0.270951,3.408436
0.271007,3.408436
0.271062,3.408436
0.271117,3.408436
0.271173,3.408436
0.271228,3.408436
0.271284,3.408436
0.271339,3.408436
0.271395,3.408436
0.271450,3.408436
0.271506,3.408436
0.271561,3.408436
0.271616,3.408245
0.271672,3.408436
0.271727,3.408436
0.271783,3.408245
0.271838,3.408245
0.271894,3.408436
0.271949,3.408245
0.272005,3.408245
0.272060,3.408436
0.272115,3.408436
0.272171,3.408245
0.272226,3.408245
0.272282,3.408436
0.272337,3.408436
0.272393,3.408436
0.272448,3.408436
0.272504,3.408245
0.272559,3.408245
0.272614,3.408245
0.272670,3.408245
0.272725,3.408245
0.272781,3.408436
0.272836,3.408245
0.272892,3.408245
0.272947,3.408245
0.273003,3.408436
0.273058,3.408245
0.273113,3.408245
0.273169,3.408436
0.273224,3.408245
0.273280,3.408245
0.273335,3.408436
0.273391,3.408245
0.273446,3.408245
0.273502,3.408245
0.273557,3.408436
0.273612,3.408436
0.273668,3.408245
0.273723,3.408436
0.273779,3.408436
0.273834,3.408245
0.273890,3.408245
0.273945,3.408436
0.274000,3.408436
0.274056,3.408436
0.274111,3.408245
0.274167,3.408245
0.274222,3.408245
0.274278,3.408436
0.274333,3.408245
0.274389,3.408245
0.274444,3.408245
0.274499,3.408245
0.274555,3.408245
0.274610,3.408245
0.274666,3.408245
0.274721,3.408436
0.274777,3.408245
0.274832,3.408245
0.274888,3.408245
0.274943,3.408245
0.274998,3.408436
0.275054,3.408245
0.275109,3.408245
0.275165,3.408436
0.275220,3.408245
0.275276,3.408245
0.275331,3.408245
0.275387,3.408436
0.275442,3.408245
0.275497,3.408245
0.275553,3.408245
0.275608,3.408245
0.275664,3.408245
0.275719,3.408245
0.275775,3.408245
0.275830,3.408245
0.275886,3.408245
0.275941,3.408245
0.275996,3.408245
0.276052,3.408245
0.276107,3.408245
0.276163,3.408245
0.276218,3.408245
0.276274,3.408245
0.276329,3.408245
0.276384,3.408245
0.276440,3.408245
0.276495,3.408245
0.276551,3.408245
0.276606,3.408245
0.276662,3.408245
0.276717,3.408245
0.276773,3.408245
0.276828,3.408245
0.276883,3.408436
0.276939,3.408245
0.276994,3.408245
0.277050,3.408245
0.277105,3.408245
0.277161,3.408245
0.277216,3.408245
0.277272,3.408245
0.277327,3.408245
0.277382,3.408245
0.277438,3.408245
0.277493,3.408245
0.277549,3.408245
0.277604,3.408245
0.277660,3.408245
0.277715,3.408245
0.277771,3.408245
0.277826,3.408245
0.277881,3.408245
0.277937,3.408245
0.277992,3.408245
0.278048,3.408245
0.278103,3.408245
0.278159,3.408245
0.278214,3.408245
0.278270,3.408245
0.278325,3.408245
0.278380,3.408245
0.278436,3.408245
0.278491,3.408245
0.278547,3.408245
0.278602,3.408245
0.278658,3.408245
0.278713,3.408245
0.278769,3.408245
0.278824,3.408245
0.278879,3.408245
0.278935,3.408245
0.278990,3.408245
0.279046,3.408245
0.279101,3.408245
0.279157,3.408245
0.279212,3.408245
0.279268,3.408245
0.279323,3.408245
0.279378,3.408245
0.279434,3.408245
0.279489,3.408245
0.279545,3.408245
0.279600,3.408245
0.279656,3.408245
0.279711,3.408245
0.279767,3.408245
0.279822,3.408245
0.279877,3.408245
0.279933,3.408245
0.279988,3.408245
0.280044,3.408245
0.280099,3.408245
0.280155,3.408245
0.280210,3.408245
0.280266,3.408245
0.280321,3.408245
0.280376,3.408245
0.280432,3.408245
0.280487,3.408245
0.280543,3.408245
0.280598,3.408245
0.280654,3.408245
0.280709,3.408245
0.280764,3.408245
0.280820,3.408245
0.280875,3.408245
0.280931,3.408245
0.280986,3.408245
0.281042,3.408245
0.281097,3.408245
0.281153,3.408245
0.281208,3.408245
0.281263,3.408245
0.281319,3.408245
0.281374,3.408245
0.281430,3.408245
0.281485,3.408245
0.281541,3.408245
0.281596,3.408245
0.281652,3.408245
0.281707,3.408245
0.281762,3.408245
0.281818,3.408245
0.281873,3.408245
0.281929,3.408245
0.281984,3.408245
0.282040,3.408245
0.282095,3.408245
0.282151,3.408245
0.282206,3.408245
0.282261,3.408245
0.282317,3.408245
0.282372,3.408245
0.282428,3.408245
0.282483,3.408245
0.282539,3.408245
0.282594,3.408245
0.282650,3.408245
0.282705,3.408245
0.282760,3.408245
0.282816,3.408245
0.282871,3.408055
0.282927,3.408245
0.282982,3.408245
0.283038,3.408245
0.283093,3.408245
0.283149,3.408245
0.283204,3.408245
0.283259,3.408245
0.283315,3.408245
0.283370,3.408245
0.283426,3.408245
0.283481,3.408245
0.283537,3.408245
0.283592,3.408245
0.283647,3.408245
0.283703,3.408245
0.283758,3.408245
0.283814,3.408245
0.283869,3.408245
0.283925,3.408245
0.283980,3.408245
0.284036,3.408245
0.284091,3.408245
0.284146,3.408245
0.284202,3.408245
0.284257,3.408245
0.284313,3.408245
0.284368,3.408245
0.284424,3.408245
0.284479,3.408055
0.284535,3.408245
0.284590,3.408245
0.284645,3.408055
0.284701,3.408245
0.284756,3.408245
0.284812,3.408245
0.284867,3.408245
0.284923,3.408245
0.284978,3.408245
0.285034,3.408245
0.285089,3.408245
0.285144,3.408245
0.285200,3.408245
0.285255,3.408055
0.285311,3.408055
0.285366,3.408245
0.285422,3.408245
0.285477,3.408245
0.285533,3.408245
0.285588,3.408245
0.285643,3.408055
0.285699,3.408245
0.285754,3.408245
0.285810,3.408245
0.285865,3.408245
0.285921,3.408245
0.285976,3.408245
0.286032,3.408245
0.286087,3.408245
0.286142,3.408245
0.286198,3.408055
0.286253,3.408055
0.286309,3.408245
0.286364,3.408245
0.286420,3.408245
0.286475,3.408055
0.286531,3.408055
0.286586,3.408245
0.286641,3.408245
0.286697,3.408055
0.286752,3.408245
0.286808,3.408245
0.286863,3.408055
0.286919,3.408245
0.286974,3.408245
0.287030,3.408245
0.287085,3.408245
0.287140,3.408245
0.287196,3.408055
0.287251,3.408245
0.287307,3.408055
0.287362,3.408245
0.287418,3.408055
0.287473,3.408245
0.287528,3.408245
0.287584,3.408245
0.287639,3.408245
0.287695,3.408245
0.287750,3.408055
0.287806,3.408245
0.287861,3.408055
0.287917,3.408055
0.287972,3.408055
0.288027,3.408245
0.288083,3.408055
0.288138,3.408055
0.288194,3.408055
0.288249,3.408245
0.288305,3.408055
0.288360,3.408055
0.288416,3.408055
0.288471,3.408245
0.288526,3.408245
0.288582,3.408055
0.288637,3.408245
0.288693,3.408245
0.288748,3.408055
0.288804,3.408055
0.288859,3.408055
0.288915,3.408245
0.288970,3.408245
0.289025,3.408055
0.289081,3.408055
0.289136,3.408055
0.289192,3.408055
0.289247,3.408055
0.289303,3.408055
0.289358,3.408245
0.289414,3.408055
0.289469,3.408245
0.289524,3.408055
0.289580,3.408055
0.289635,3.408245
0.289691,3.408055
0.289746,3.408055
0.289802,3.408055
0.289857,3.408055
0.289913,3.408055
0.289968,3.408055
0.290023,3.408055
0.290079,3.408055
0.290134,3.408055
0.290190,3.408055
0.290245,3.408055
0.290301,3.408055
0.290356,3.408055
0.290412,3.408055
0.290467,3.408055
0.290522,3.408055
0.290578,3.408055
0.290633,3.408055
0.290689,3.408055
0.290744,3.408055
0.290800,3.408055
0.290855,3.408055
0.290910,3.408245
0.290966,3.408055
0.291021,3.408055
0.291077,3.408055
0.291132,3.408055
0.291188,3.408055
0.291243,3.408055
0.291299,3.408055
0.291354,3.408055
0.291409,3.408055
0.291465,3.408055
0.291520,3.408055
0.291576,3.408055
0.291631,3.408055
0.291687,3.408055
0.291742,3.408055
0.291798,3.408055
0.291853,3.408055
0.291908,3.408055
0.291964,3.408055
0.292019,3.408055
0.292075,3.408055
0.292130,3.408055
0.292186,3.408055
0.292241,3.408055
0.292297,3.408055
0.292352,3.408055
0.292407,3.408245
0.292463,3.408055
0.292518,3.408055
0.292574,3.408055
0.292629,3.408055
0.292685,3.408055
0.292740,3.408055
0.292795,3.408055
0.292851,3.408055
0.292906,3.408055
0.292962,3.408055
0.293017,3.408055
0.293073,3.408055
0.293128,3.408055
0.293184,3.408055
0.293239,3.408055
0.293294,3.408055
0.293350,3.408055
0.293405,3.408055
0.293461,3.408055
0.293516,3.408055
0.293572,3.408055
0.293627,3.408055
0.293683,3.408055
0.293738,3.408055
0.293793,3.408055
0.293849,3.408055
0.293904,3.408055
0.293960,3.408055
0.294015,3.408055
0.294071,3.408055
0.294126,3.408055
0.294182,3.408055
0.294237,3.408055
0.294292,3.408055
0.294348,3.408055
0.294403,3.408055
0.294459,3.408055
0.294514,3.408055
0.294570,3.408055
0.294625,3.408055
0.294681,3.408055
0.294736,3.408055
0.294791,3.408055
0.294847,3.408055
0.294902,3.408055
0.294958,3.408055
0.295013,3.408055
0.295069,3.408055
0.295124,3.408055
0.295180,3.408055
0.295235,3.408055
0.295290,3.408055
0.295346,3.408055
0.295401,3.408055
0.295457,3.408055
0.295512,3.408055
0.295568,3.408055
0.295623,3.408055
0.295678,3.408055
0.295734,3.408055
0.295789,3.408055
0.295845,3.408055
0.295900,3.408055
0.295956,3.408055
0.296011,3.408055
0.296067,3.408055
0.296122,3.408055
0.296177,3.408055
0.296233,3.408055
0.296288,3.408055
0.296344,3.408055
0.296399,3.408055
0.296455,3.408055
0.296510,3.408055
0.296565,3.408055
0.296621,3.408055
0.296676,3.408055
0.296732,3.408055
0.296787,3.408055
0.296843,3.408055
0.296898,3.408055
0.296954,3.408055
0.297009,3.408055
0.297064,3.408055
0.297120,3.408055
0.297175,3.408055
0.297231,3.408055
0.297286,3.408055
0.297342,3.408055
0.297397,3.408055
0.297453,3.408055
0.297508,3.408055
0.297563,3.408055
0.297619,3.408055
0.297674,3.408055
0.297730,3.408055
0.297785,3.408055
0.297841,3.408055
0.297896,3.408055
0.297952,3.408055
0.298007,3.408055
0.298062,3.408055
0.298118,3.408055
0.298173,3.408055
0.298229,3.408055
0.298284,3.408055
0.298340,3.408055
0.298395,3.408055
0.298450,3.408055
0.298506,3.408055
0.298561,3.408055
0.298617,3.408055
0.298672,3.408055
0.298728,3.408055
0.298783,3.408055
0.298839,3.408055
0.298894,3.408055
0.298949,3.408055
0.299005,3.408055
0.299060,3.408055
0.299116,3.408055
0.299171,3.408055
0.299227,3.408055
0.299282,3.408055
0.299338,3.408055
0.299393,3.408055
0.299448,3.408055
0.299504,3.408055
0.299559,3.408055
0.299615,3.408055
0.299670,3.408055
0.299726,3.408055
0.299781,3.408055
0.299836,3.408055
0.299892,3.408055
0.299947,3.408055
0.300003,3.408055
0.300058,3.408055
0.300114,3.408055
0.300169,3.408055
0.300225,3.408055
0.300280,3.408055
0.300335,3.408055
0.300391,3.408055
0.300446,3.408055
0.300502,3.408055
0.300557,3.408055
0.300613,3.408055
0.300668,3.408055
0.300723,3.408055
0.300779,3.408055
0.300834,3.408055
0.300890,3.408055
0.300945,3.408055
0.301001,3.408055
0.301056,3.408055
0.301112,3.408055
0.301167,3.408055
0.301222,3.408055
0.301278,3.408055
0.301333,3.408055
0.301389,3.408055
0.301444,3.408055
0.301500,3.408055
0.301555,3.408055
0.301611,3.408055
0.301666,3.408055
0.301721,3.408055
0.301777,3.408055
0.301832,3.408055
0.301888,3.408055
0.301943,3.408055
0.301999,3.408055
0.302054,3.408055
0.302109,3.408055
0.302165,3.408055
0.302220,3.408055
0.302276,3.408055
0.302331,3.408055
0.302387,3.408055
0.302442,3.408055
0.302498,3.408055
0.302553,3.408055
0.302608,3.408055
0.302664,3.408055
0.302719,3.408055
0.302775,3.408055
0.302830,3.408055
0.302886,3.408055
0.302941,3.408055
0.302997,3.408055
0.303052,3.408055
0.303107,3.408055
0.303163,3.408055
0.303218,3.408055
0.303274,3.408055
0.303329,3.408055
0.303385,3.408055
0.303440,3.408055
0.303495,3.408055
0.303551,3.408055
0.303606,3.408055
0.303662,3.408055
0.303717,3.408055
0.303773,3.408055
0.303828,3.408055
0.303884,3.408055
0.303939,3.408055
0.303994,3.408055
0.304050,3.408055
0.304105,3.408055
0.304161,3.408055
0.304216,3.408055
0.304272,3.408055
0.304327,3.408055
0.304383,3.408055
0.304438,3.408055
0.304493,3.408055
0.304549,3.408055
0.304604,3.408055
0.304660,3.408055
0.304715,3.408055
0.304771,3.408055
0.304826,3.408055
0.304882,3.408055
0.304937,3.408055
0.304992,3.408055
0.305048,3.408055
0.305103,3.408055
0.305159,3.408055
0.305214,3.408055
0.305270,3.408055
0.305325,3.408055
0.305380,3.408055
0.305436,3.408055
0.305491,3.408055
0.305547,3.408055
0.305602,3.408055
0.305658,3.408055
0.305713,3.408055
0.305769,3.408055
0.305824,3.408055
0.305879,3.408055
0.305935,3.408055
0.305990,3.407864
0.306046,3.408055
0.306101,3.407864
0.306157,3.408055
0.306212,3.408055
0.306268,3.407864
0.306323,3.408055
0.306378,3.408055
0.306434,3.408055
0.306489,3.408055
0.306545,3.408055
0.306600,3.408055
0.306656,3.408055
0.306711,3.408055
0.306766,3.408055
0.306822,3.408055
0.306877,3.408055
0.306933,3.408055
0.306988,3.408055
0.307044,3.408055
0.307099,3.407864
0.307155,3.408055
0.307210,3.408055
0.307265,3.408055
0.307321,3.408055
0.307376,3.408055
0.307432,3.408055
0.307487,3.407864
0.307543,3.408055
0.307598,3.408055
0.307654,3.407864
0.307709,3.408055
0.307764,3.408055
0.307820,3.407864
0.307875,3.408055
0.307931,3.408055
0.307986,3.408055
0.308042,3.408055
0.308097,3.408055
0.308152,3.408055
0.308208,3.407864
0.308263,3.407864
0.308319,3.408055
0.308374,3.408055
0.308430,3.408055
0.308485,3.408055
0.308541,3.408055
0.308596,3.408055
0.308651,3.407864
0.308707,3.407864
0.308762,3.408055
0.308818,3.407864
0.308873,3.408055
0.308929,3.408055
0.308984,3.408055
0.309040,3.407864
0.309095,3.408055
0.309150,3.407864
0.309206,3.408055
0.309261,3.407864
0.309317,3.407864
0.309372,3.408055
0.309428,3.408055
0.309483,3.408055
0.309538,3.407864
0.309594,3.408055
0.309649,3.407864
0.309705,3.407864
0.309760,3.408055
0.309816,3.407864
0.309871,3.407864
0.309927,3.408055
0.309982,3.407864
0.310037,3.407864
0.310093,3.407864
0.310148,3.407864
0.310204,3.407864
0.310259,3.407864
0.310315,3.407864
0.310370,3.407864
0.310426,3.407864
0.310481,3.407864
0.310536,3.407864
0.310592,3.407864
0.310647,3.407864
0.310703,3.407864
0.310758,3.407864
0.310814,3.408055
0.310869,3.407864
0.310924,3.407864
0.310980,3.407864
0.311035,3.407864
0.311091,3.407864
0.311146,3.407864
0.311202,3.408055
0.311257,3.407864
0.311313,3.408055
0.311368,3.407864
0.311423,3.408055
0.311479,3.407864
0.311534,3.408055
0.311590,3.408055
0.311645,3.408055
0.311701,3.407864
0.311756,3.407864
0.311812,3.408055
0.311867,3.407864
0.311922,3.407864
0.311978,3.407864
0.312033,3.407864
0.312089,3.407864
0.312144,3.407864
0.312200,3.408055
0.312255,3.407864
0.312310,3.407864
0.312366,3.407864
0.312421,3.408055
0.312477,3.407864
0.312532,3.408055
0.312588,3.407864
0.312643,3.407864
0.312699,3.407864
0.312754,3.407864
0.312809,3.407864
0.312865,3.408055
0.312920,3.407864
0.312976,3.407864
0.313031,3.407864
0.313087,3.407864
0.313142,3.407864
0.313197,3.407864
0.313253,3.407864
0.313308,3.407864
0.313364,3.407864
0.313419,3.407864
0.313475,3.407864
0.313530,3.407864
0.313586,3.407864
0.313641,3.407864
0.313696,3.407864
0.313752,3.407864
0.313807,3.407864
0.313863,3.407864
0.313918,3.407864
0.313974,3.407864
0.314029,3.407864
0.314085,3.407864
0.314140,3.407864
0.314195,3.407864
0.314251,3.407864
0.314306,3.407864
0.314362,3.407864
0.314417,3.407864
0.314473,3.407864
0.314528,3.407864
0.314583,3.407864
0.314639,3.407864
0.314694,3.407864
0.314750,3.407864
0.314805,3.407864
0.314861,3.407864
0.314916,3.407864
0.314972,3.407864
0.315027,3.407864
0.315082,3.407864
0.315138,3.407864
0.315193,3.407864
0.315249,3.407864
0.315304,3.407864
0.315360,3.407864
0.315415,3.407864
0.315470,3.407864
0.315526,3.407864
0.315581,3.407864
0.315637,3.407864
0.315692,3.407864
0.315748,3.407864
0.315803,3.407864
0.315859,3.407864
0.315914,3.407864
0.315969,3.407864
0.316025,3.407864
0.316080,3.407864
0.316136,3.407864
0.316191,3.407864
0.316247,3.407864
0.316302,3.407864
0.316358,3.407864
0.316413,3.407864
0.316468,3.407864
0.316524,3.407864
0.316579,3.407864
0.316635,3.407864
0.316690,3.407864
0.316746,3.407864
0.316801,3.407864
0.316856,3.407864
0.316912,3.407864
0.316967,3.407864
0.317023,3.407864
0.317078,3.407864
0.317134,3.407864
0.317189,3.407864
0.317245,3.407864
0.317300,3.407864
0.317355,3.407864
0.317411,3.407674
0.317466,3.407864
0.317522,3.407864
0.317577,3.407864
0.317633,3.407864
0.317688,3.407864
0.317744,3.407864
0.317799,3.407864
0.317854,3.407864
0.317910,3.407864
0.317965,3.407864
0.318021,3.407864
0.318076,3.407864
0.318132,3.407864
0.318187,3.407864
0.318242,3.407864
0.318298,3.407864
0.318353,3.407864
0.318409,3.407864
0.318464,3.407864
0.318520,3.407864
0.318575,3.407864
0.318631,3.407864
0.318686,3.407864
0.318741,3.407864
0.318797,3.407864
0.318852,3.407864
0.318908,3.407864
0.318963,3.407864
0.319019,3.407864
0.319074,3.407864
0.319129,3.407864
0.319185,3.407864
0.319240,3.407674
0.319296,3.407864
0.319351,3.407864
0.319407,3.407864
0.319462,3.407864
0.319518,3.407864
0.319573,3.407864
0.319628,3.407864
0.319684,3.407864
0.319739,3.407864
0.319795,3.407864
0.319850,3.407864
0.319906,3.407864
0.319961,3.407674
0.320017,3.407864
0.320072,3.407864
0.320127,3.407864
0.320183,3.407864
0.320238,3.407864
0.320294,3.407674
0.320349,3.407864
0.320405,3.407864
0.320460,3.407864
0.320515,3.407864
0.320571,3.407864
0.320626,3.407864
0.320682,3.407864
0.320737,3.407674
0.320793,3.407864
0.320848,3.407864
0.320904,3.407864
0.320959,3.407864
0.321014,3.407864
0.321070,3.407864
0.321125,3.407864
0.321181,3.407864
0.321236,3.407864
0.321292,3.407864
0.321347,3.407674
0.321402,3.407674
0.321458,3.407674
0.321513,3.407864
0.321569,3.407864
0.321624,3.407864
0.321680,3.407864
0.321735,3.407674
0.321791,3.407864
0.321846,3.407864
0.321901,3.407674
0.321957,3.407864
0.322012,3.407674
0.322068,3.407864
0.322123,3.407674
0.322179,3.407674
0.322234,3.407674
0.322290,3.407864
0.322345,3.407674
0.322400,3.407864
0.322456,3.407864
0.322511,3.407864
0.322567,3.407674
0.322622,3.407864
0.322678,3.407674
0.322733,3.407864
0.322789,3.407674
0.322844,3.407864
0.322899,3.407864
0.322955,3.407864
0.323010,3.407674
0.323066,3.407864
0.323121,3.407864
0.323177,3.407674
0.323232,3.407864
0.323287,3.407674
0.323343,3.407674
0.323398,3.407674
0.323454,3.407674
0.323509,3.407864
0.323565,3.407674
0.323620,3.407864
0.323676,3.407864
0.323731,3.407864
0.323786,3.407674
0.323842,3.407864
0.323897,3.407864
0.323953,3.407864
0.324008,3.407864
0.324064,3.407864
0.324119,3.407674
0.324174,3.407674
0.324230,3.407674
0.324285,3.407674
0.324341,3.407674
0.324396,3.407864
0.324452,3.407674
0.324507,3.407674
0.324563,3.407674
0.324618,3.407674
0.324673,3.407674
0.324729,3.407864
0.324784,3.407674
0.324840,3.407674
0.324895,3.407674
0.324951,3.407674
0.325006,3.407674
0.325062,3.407674
0.325117,3.407674
0.325172,3.407674
0.325228,3.407674
0.325283,3.407674
0.325339,3.407674
0.325394,3.407674
0.325450,3.407674
0.325505,3.407674
0.325560,3.407674
0.325616,3.407674
0.325671,3.407674
0.325727,3.407674
0.325782,3.407674
0.325838,3.407674
0.325893,3.407674
0.325949,3.407674
0.326004,3.407674
0.326059,3.407674
0.326115,3.407674
0.326170,3.407674
0.326226,3.407674
0.326281,3.407674
0.326337,3.407674
0.326392,3.407674
0.326448,3.407674
0.326503,3.407674
0.326558,3.407674
0.326614,3.407674
0.326669,3.407674
0.326725,3.407674
0.326780,3.407674
0.326836,3.407674
0.326891,3.407674
0.326947,3.407674
0.327002,3.407674
0.327057,3.407674
0.327113,3.407674
0.327168,3.407674
0.327224,3.407674
0.327279,3.407674
0.327335,3.407674
0.327390,3.407674
0.327445,3.407674
0.327501,3.407674
0.327556,3.407674
0.327612,3.407674
0.327667,3.407674
0.327723,3.407674
0.327778,3.407674
0.327834,3.407674
0.327889,3.407674
0.327944,3.407674
0.328000,3.407674
0.328055,3.407674
0.328111,3.407674
0.328166,3.407674
0.328222,3.407674
0.328277,3.407674
0.328333,3.407674
0.328388,3.407674
0.328443,3.407674
0.328499,3.407674
0.328554,3.407674
0.328610,3.407674
0.328665,3.407674
0.328721,3.407674
0.328776,3.407674
0.328832,3.407674
0.328887,3.407674
0.328942,3.407674
0.328998,3.407674
0.329053,3.407674
0.329109,3.407674
0.329164,3.407674
0.329220,3.407674
0.329275,3.407674
0.329330,3.407674
0.329386,3.407674
0.329441,3.407674
0.329497,3.407674
0.329552,3.407674
0.329608,3.407864
0.329663,3.407483
0.329719,3.407674
0.329774,3.407674
0.329829,3.407674
0.329885,3.407674
0.329940,3.407674
0.329996,3.407674
0.330051,3.407674
0.330107,3.407674
0.330162,3.407674
0.330218,3.407674
0.330273,3.407674
0.330328,3.407674
0.330384,3.407674
0.330439,3.407674
0.330495,3.407674
0.330550,3.407674
0.330606,3.407674
0.330661,3.407674
0.330716,3.407674
0.330772,3.407674
0.330827,3.407674
0.330883,3.407674
0.330938,3.407674
0.330994,3.407674
0.331049,3.407674
0.331105,3.407674
0.331160,3.407674
0.331215,3.407483
0.331271,3.407674
0.331326,3.407674
0.331382,3.407674
0.331437,3.407674
0.331493,3.407674
0.331548,3.407674
0.331603,3.407674
0.331659,3.407674
0.331714,3.407674
0.331770,3.407674
0.331825,3.407674
0.331881,3.407674
0.331936,3.407674
0.331992,3.407674
0.332047,3.407674
0.332102,3.407674
0.332158,3.407674
0.332213,3.407483
0.332269,3.407674
0.332324,3.407674
0.332380,3.407674
0.332435,3.407674
0.332491,3.407674
0.332546,3.407674
0.332601,3.407674
0.332657,3.407483
0.332712,3.407483
0.332768,3.407674
0.332823,3.407674
0.332879,3.407674
0.332934,3.407483
0.332989,3.407674
0.333045,3.407674
0.333100,3.407674
0.333156,3.407674
0.333211,3.407483
0.333267,3.407483
0.333322,3.407674
0.333378,3.407483
0.333433,3.407483
0.333488,3.407483
0.333544,3.407483
0.333599,3.407674
0.333655,3.407674
0.333710,3.407674
0.333766,3.407483
0.333821,3.407674
0.333877,3.407674
0.333932,3.407483
0.333987,3.407483
0.334043,3.407674
0.334098,3.407483
0.334154,3.407674
0.334209,3.407674
0.334265,3.407674
0.334320,3.407674
0.334375,3.407674
0.334431,3.407483
0.334486,3.407674
0.334542,3.407674
0.334597,3.407483
0.334653,3.407674
0.334708,3.407674
0.334764,3.407674
0.334819,3.407674
0.334874,3.407674
0.334930,3.407674
0.334985,3.407483
0.335041,3.407674
0.335096,3.407483
0.335152,3.407674
0.335207,3.407674
0.335262,3.407674
0.335318,3.407674
0.335373,3.407483
0.335429,3.407674
0.335484,3.407674
0.335540,3.407674
0.335595,3.407483
0.335651,3.407674
0.335706,3.407483
0.335761,3.407483
0.335817,3.407483
0.335872,3.407483
0.335928,3.407483
0.335983,3.407674
0.336039,3.407483
0.336094,3.407483
0.336150,3.407483
0.336205,3.407483
0.336260,3.407483
0.336316,3.407483
0.336371,3.407483
0.336427,3.407483
0.336482,3.407483
0.336538,3.407674
0.336593,3.407674
0.336648,3.407483
0.336704,3.407483
0.336759,3.407483
0.336815,3.407483
0.336870,3.407483
0.336926,3.407483
0.336981,3.407483
0.337037,3.407483
0.337092,3.407483
0.337147,3.407483
0.337203,3.407483
0.337258,3.407483
0.337314,3.407483
0.337369,3.407483
0.337425,3.407483
0.337480,3.407483
0.337536,3.407483
0.337591,3.407483
0.337646,3.407483
0.337702,3.407483
0.337757,3.407483
0.337813,3.407483
0.337868,3.407483
0.337924,3.407483
0.337979,3.407483
0.338034,3.407483
0.338090,3.407483
0.338145,3.407483
0.338201,3.407483
0.338256,3.407483
0.338312,3.407483
0.338367,3.407483
0.338423,3.407483
0.338478,3.407483
0.338533,3.407483
0.338589,3.407483
0.338644,3.407483
0.338700,3.407483
0.338755,3.407483
0.338811,3.407483
0.338866,3.407483
0.338921,3.407483
0.338977,3.407483
0.339032,3.407483
0.339088,3.407483
0.339143,3.407483
0.339199,3.407483
0.339254,3.407483
0.339310,3.407483
0.339365,3.407483
0.339420,3.407483
0.339476,3.407483
0.339531,3.407483
0.339587,3.407483
0.339642,3.407483
0.339698,3.407483
0.339753,3.407483
0.339809,3.407483
0.339864,3.407483
0.339919,3.407483
0.339975,3.407483
0.340030,3.407483
0.340086,3.407483
0.340141,3.407483
0.340197,3.407483
0.340252,3.407483
0.340307,3.407293
0.340363,3.407483
0.340418,3.407483
0.340474,3.407483
0.340529,3.407483
0.340585,3.407483
0.340640,3.407483
0.340696,3.407483
0.340751,3.407293
0.340806,3.407293
0.340862,3.407483
0.340917,3.407483
0.340973,3.407483
0.341028,3.407483
0.341084,3.407483
0.341139,3.407483
0.341195,3.407483
0.341250,3.407293
0.341305,3.407483
0.341361,3.407483
0.341416,3.407483
0.341472,3.407483
0.341527,3.407483
0.341583,3.407293
0.341638,3.407293
0.341693,3.407483
0.341749,3.407483
0.341804,3.407293
0.341860,3.407483
0.341915,3.407293
0.341971,3.407483
0.342026,3.407483
0.342082,3.407293
0.342137,3.407483
0.342192,3.407293
0.342248,3.407483
0.342303,3.407293
0.342359,3.407483
0.342414,3.407293
0.342470,3.407483
0.342525,3.407293
0.342581,3.407483
0.342636,3.407483
0.342691,3.407483
0.342747,3.407483
0.342802,3.407483
0.342858,3.407483
0.342913,3.407293
0.342969,3.407483
0.343024,3.407483
0.343079,3.407293
0.343135,3.407293
0.343190,3.407483
0.343246,3.407483
0.343301,3.407293
0.343357,3.407293
0.343412,3.407293
0.343468,3.407293
0.343523,3.407483
0.343578,3.407483
0.343634,3.407293
0.343689,3.407293
0.343745,3.407293
0.343800,3.407293
0.343856,3.407293
0.343911,3.407293
0.343967,3.407293
0.344022,3.407293
0.344077,3.407483
0.344133,3.407293
0.344188,3.407293
0.344244,3.407293
0.344299,3.407293
0.344355,3.407293
0.344410,3.407293
0.344465,3.407293
0.344521,3.407293
0.344576,3.407293
0.344632,3.407293
0.344687,3.407483
0.344743,3.407293
0.344798,3.407293
0.344854,3.407483
0.344909,3.407293
0.344964,3.407293
0.345020,3.407293
0.345075,3.407293
0.345131,3.407293
0.345186,3.407293
0.345242,3.407293
0.345297,3.407293
0.345353,3.407293
0.345408,3.407483
0.345463,3.407293
0.345519,3.407293
0.345574,3.407293
0.345630,3.407293
0.345685,3.407293
0.345741,3.407293
0.345796,3.407293
0.345851,3.407293
0.345907,3.407293
0.345962,3.407293
0.346018,3.407483
0.346073,3.407293
0.346129,3.407293
0.346184,3.407293
0.346240,3.407293
0.346295,3.407293
0.346350,3.407293
0.346406,3.407293
0.346461,3.407293
0.346517,3.407293
0.346572,3.407293
0.346628,3.407293
0.346683,3.407293
0.346739,3.407293
0.346794,3.407293
0.346849,3.407293
0.346905,3.407293
0.346960,3.407293
0.347016,3.407293
0.347071,3.407293
0.347127,3.407293
0.347182,3.407293
0.347237,3.407293
0.347293,3.407293
0.347348,3.407293
0.347404,3.407293
0.347459,3.407293
0.347515,3.407293
0.347570,3.407293
0.347626,3.407293
0.347681,3.407293
0.347736,3.407293
0.347792,3.407293
0.347847,3.407293
0.347903,3.407293
0.347958,3.407293
0.348014,3.407293
0.348069,3.407293
0.348125,3.407293
0.348180,3.407293
0.348235,3.407293
0.348291,3.407293
0.348346,3.407293
0.348402,3.407293
0.348457,3.407293
0.348513,3.407293
0.348568,3.407293
0.348623,3.407293
0.348679,3.407293
0.348734,3.407293
0.348790,3.407102
0.348845,3.407293
0.348901,3.407293
0.348956,3.407293
0.349012,3.407293
0.349067,3.407293
0.349122,3.407293
0.349178,3.407102
0.349233,3.407293
0.349289,3.407293
0.349344,3.407293
0.349400,3.407293
0.349455,3.407293
0.349511,3.407102
0.349566,3.407102
0.349621,3.407102
0.349677,3.407293
0.349732,3.407293
0.349788,3.407102
0.349843,3.407293
0.349899,3.407293
0.349954,3.407293
0.350010,3.407293
0.350065,3.407293
0.350120,3.407293
0.350176,3.407293
0.350231,3.407102
0.350287,3.407293
0.350342,3.407293
0.350398,3.407293
0.350453,3.407293
0.350508,3.407293
0.350564,3.407293
0.350619,3.407293
0.350675,3.407293
0.350730,3.407293
0.350786,3.407293
0.350841,3.407293
0.350897,3.407102
0.350952,3.407293
0.351007,3.407102
0.351063,3.407293
0.351118,3.407102
0.351174,3.407102
0.351229,3.407102
0.351285,3.407293
0.351340,3.407102
0.351396,3.407483
0.351451,3.407293
0.351506,3.407293
0.351562,3.407102
0.351617,3.407293
0.351673,3.407102
0.351728,3.407293
0.351784,3.407293
0.351839,3.407293
0.351894,3.407293
0.351950,3.407293
0.352005,3.407102
0.352061,3.407293
0.352116,3.407102
0.352172,3.407102
0.352227,3.407102
0.352283,3.407102
0.352338,3.407102
0.352393,3.407102
0.352449,3.407102
0.352504,3.407102
0.352560,3.407293
0.352615,3.407293
0.352671,3.407102
0.352726,3.407102
0.352782,3.407293
0.352837,3.407293
0.352892,3.407102
0.352948,3.407102
0.353003,3.407102
0.353059,3.407293
0.353114,3.407102
0.353170,3.407293
0.353225,3.407293
0.353281,3.407293
0.353336,3.407293
0.353391,3.407102
0.353447,3.407102
0.353502,3.407102
0.353558,3.407102
0.353613,3.407102
0.353669,3.407102
0.353724,3.407102
0.353779,3.407102
0.353835,3.407102
0.353890,3.407102
0.353946,3.407293
0.354001,3.407102
0.354057,3.407102
0.354112,3.407102
0.354168,3.407102
0.354223,3.407102
0.354278,3.407102
0.354334,3.407102
0.354389,3.407102
0.354445,3.407102
0.354500,3.407102
0.354556,3.407102
0.354611,3.407102
0.354667,3.407102
0.354722,3.407102
0.354777,3.407102
0.354833,3.407102
0.354888,3.407102
0.354944,3.407293
0.354999,3.407102
0.355055,3.407102
0.355110,3.407293
0.355166,3.407102
0.355221,3.407102
0.355276,3.407102
0.355332,3.407102
0.355387,3.407102
0.355443,3.407102
0.355498,3.407102
0.355554,3.407102
0.355609,3.407102
0.355665,3.407102
0.355720,3.407102
0.355775,3.407102
0.355831,3.407102
0.355886,3.407102
0.355942,3.407102
0.355997,3.407102
0.356053,3.407102
0.356108,3.407102
0.356163,3.407102
0.356219,3.407102
0.356274,3.407102
0.356330,3.407102
0.356385,3.407102
0.356441,3.407102
0.356496,3.407102
0.356552,3.407102
0.356607,3.407102
0.356662,3.407102
0.356718,3.407102
0.356773,3.407102
0.356829,3.407102
0.356884,3.407293
0.356940,3.407102
0.356995,3.407102
0.357051,3.407102
0.357106,3.407102
0.357161,3.407102
0.357217,3.407102
0.357272,3.407102
0.357328,3.407102
0.357383,3.407102
0.357439,3.407102
0.357494,3.407102
0.357550,3.407102
0.357605,3.407102
0.357660,3.407102
0.357716,3.407102
0.357771,3.407102
0.357827,3.407102
0.357882,3.407102
0.357938,3.407102
0.357993,3.407102
0.358049,3.407102
0.358104,3.407102
0.358159,3.407102
0.358215,3.407102
0.358270,3.407102
0.358326,3.407102
0.358381,3.407102
0.358437,3.407102
0.358492,3.407102
0.358548,3.407102
0.358603,3.407102
0.358658,3.407102
0.358714,3.407102
0.358769,3.407102
0.358825,3.407102
0.358880,3.407102
0.358936,3.407102
0.358991,3.407102
0.359047,3.407102
0.359102,3.407102
0.359157,3.407102
0.359213,3.407102
0.359268,3.407102
0.359324,3.407102
0.359379,3.407102
0.359435,3.407102
0.359490,3.407102
0.359546,3.407102
0.359601,3.407102
0.359656,3.407102
0.359712,3.407102
0.359767,3.407102
0.359823,3.407102
0.359878,3.407102
0.359934,3.407102
0.359989,3.407102
0.360045,3.407102
0.360100,3.407102
0.360155,3.407102
0.360211,3.407102
0.360266,3.407102
0.360322,3.407102
0.360377,3.407102
0.360433,3.407102
0.360488,3.407102
0.360543,3.407102
0.360599,3.407102
0.360654,3.407102
0.360710,3.407102
0.360765,3.407102
0.360821,3.407102
0.360876,3.407102
0.360932,3.407102
0.360987,3.407102
0.361042,3.407102
0.361098,3.407102
0.361153,3.407102
0.361209,3.407102
0.361264,3.407102
0.361320,3.407102
0.361375,3.407102
0.361431,3.407102
0.361486,3.407102
0.361541,3.407102
0.361597,3.407102
0.361652,3.407102
0.361708,3.407102
0.361763,3.407102
0.361819,3.407102
0.361874,3.407102
0.361930,3.407102
0.361985,3.407102
0.362040,3.407102
0.362096,3.407102
0.362151,3.407102
0.362207,3.407102
0.362262,3.407102
0.362318,3.407102
0.362373,3.407102
0.362429,3.407102
0.362484,3.407102
0.362539,3.407102
0.362595,3.407102
0.362650,3.407102
0.362706,3.407102
0.362761,3.407102
0.362817,3.407102
0.362872,3.407102
0.362928,3.407102
0.362983,3.407102
0.363038,3.407102
0.363094,3.407102
0.363149,3.407102
0.363205,3.407102
0.363260,3.407102
0.363316,3.407102
0.363371,3.407102
0.363427,3.407102
0.363482,3.407102
0.363537,3.407102
0.363593,3.407102
0.363648,3.407102
0.363704,3.407102
0.363759,3.407102
0.363815,3.407102
0.363870,3.407102
0.363925,3.407102
0.363981,3.407102
0.364036,3.407102
0.364092,3.407102
0.364147,3.407102
0.364203,3.407102
0.364258,3.407102
0.364314,3.407102
0.364369,3.407102
0.364424,3.407102
0.364480,3.407102
0.364535,3.407102
0.364591,3.407102
0.364646,3.407102
0.364702,3.407102
0.364757,3.407102
0.364813,3.407102
0.364868,3.407102
0.364923,3.407102
0.364979,3.407102
0.365034,3.407102
0.365090,3.407102
0.365145,3.407102
0.365201,3.407102
0.365256,3.407102
0.365312,3.407102
0.365367,3.407102
0.365422,3.407102
0.365478,3.407102
0.365533,3.407102
0.365589,3.407102
0.365644,3.407102
0.365700,3.407102
0.365755,3.407102
0.365811,3.407102
0.365866,3.407102
0.365921,3.407102
0.365977,3.407102
0.366032,3.407102
0.366088,3.407102
0.366143,3.407102
0.366199,3.407102
0.366254,3.407102
0.366310,3.407102
0.366365,3.407102
0.366420,3.407102
0.366476,3.407102
0.366531,3.407102
0.366587,3.407102
0.366642,3.407102
0.366698,3.407102
0.366753,3.407102
0.366808,3.407102
0.366864,3.407102
0.366919,3.407102
0.366975,3.407102
0.367030,3.407102
0.367086,3.407102
0.367141,3.407102
0.367197,3.407102
0.367252,3.407102
0.367307,3.407102
0.367363,3.407102
0.367418,3.406911
0.367474,3.406911
0.367529,3.407102
0.367585,3.406911
0.367640,3.407102
0.367696,3.406911
0.367751,3.407102
0.367806,3.407102
0.367862,3.407102
0.367917,3.407102
0.367973,3.407102
0.368028,3.406911
0.368084,3.407102
0.368139,3.407102
0.368195,3.407102
0.368250,3.407102
0.368305,3.406911
0.368361,3.407102
0.368416,3.406911
0.368472,3.406911
0.368527,3.407102
0.368583,3.407102
0.368638,3.406911
0.368694,3.406911
0.368749,3.407102
0.368804,3.407102
0.368860,3.407102
0.368915,3.407102
0.368971,3.407102
0.369026,3.407102
0.369082,3.407102
0.369137,3.407102
0.369192,3.406911
0.369248,3.406911
0.369303,3.407102
0.369359,3.407102
0.369414,3.407102
0.369470,3.406911
0.369525,3.407102
0.369581,3.407102
0.369636,3.407102
0.369691,3.406911
0.369747,3.407102
0.369802,3.407102
0.369858,3.406911
0.369913,3.407102
0.369969,3.407102
0.370024,3.406911
0.370080,3.407102
0.370135,3.406911
0.370190,3.406911
0.370246,3.406911
0.370301,3.406911
0.370357,3.406911
0.370412,3.406911
0.370468,3.406911
0.370523,3.407102
0.370579,3.406911
0.370634,3.407102
0.370689,3.406911
0.370745,3.407102
0.370800,3.406911
0.370856,3.407102
0.370911,3.406911
0.370967,3.407102
0.371022,3.406911
0.371078,3.407102
0.371133,3.407102
0.371188,3.407102
0.371244,3.406911
0.371299,3.407102
0.371355,3.406911
0.371410,3.406911
0.371466,3.406911
0.371521,3.406911
0.371576,3.407102
0.371632,3.406911
0.371687,3.407102
0.371743,3.406911
0.371798,3.406911
0.371854,3.406911
0.371909,3.406911
0.371965,3.406911
0.372020,3.406911
0.372075,3.406911
0.372131,3.406911
0.372186,3.406911
0.372242,3.406911
0.372297,3.406911
0.372353,3.406911
0.372408,3.406911
0.372464,3.406911
0.372519,3.406911
0.372574,3.406911
0.372630,3.406911
0.372685,3.406911
0.372741,3.406911
0.372796,3.406911
0.372852,3.407102
0.372907,3.406911
0.372963,3.406911
0.373018,3.406911
0.373073,3.406911
0.373129,3.406911
0.373184,3.406911
0.373240,3.406911
0.373295,3.407102
0.373351,3.406911
0.373406,3.406911
0.373461,3.406911
0.373517,3.406911
0.373572,3.406911
0.373628,3.407102
0.373683,3.406911
0.373739,3.407102
0.373794,3.406911
0.373850,3.406911
0.373905,3.406911
0.373960,3.406911
0.374016,3.406911
0.374071,3.406911
0.374127,3.406911
0.374182,3.406911
0.374238,3.406911
0.374293,3.406911
0.374349,3.406911
0.374404,3.406911
0.374459,3.406911
0.374515,3.406911
0.374570,3.406911
0.374626,3.406911
0.374681,3.406911
0.374737,3.406911
0.374792,3.406911
0.374848,3.406911
0.374903,3.406911
0.374958,3.406911
0.375014,3.406911
0.375069,3.406911
0.375125,3.406911
0.375180,3.406911
0.375236,3.406911
0.375291,3.406911
0.375347,3.406911
0.375402,3.406911
0.375457,3.406911
0.375513,3.406911
0.375568,3.406911
0.375624,3.406911
0.375679,3.406911
0.375735,3.406911
0.375790,3.406911
0.375846,3.406911
0.375901,3.406911
0.375956,3.406911
0.376012,3.406911
0.376067,3.406911
0.376123,3.406911
0.376178,3.406911
0.376234,3.406911
0.376289,3.406911
0.376344,3.406911
0.376400,3.406911
0.376455,3.406911
0.376511,3.406911
0.376566,3.406911
0.376622,3.406911
0.376677,3.406911
0.376733,3.406911
0.376788,3.406911
0.376843,3.406911
0.376899,3.406911
0.376954,3.406911
0.377010,3.406911
0.377065,3.406911
0.377121,3.406911
0.377176,3.406911
0.377232,3.406911
0.377287,3.406911
0.377342,3.406911
0.377398,3.406911
0.377453,3.406911
0.377509,3.406911
0.377564,3.406911
0.377620,3.406911
0.377675,3.406911
0.377731,3.406911
0.377786,3.406911
0.377841,3.406911
0.377897,3.406911
0.377952,3.406911
0.378008,3.406911
0.378063,3.406911
0.378119,3.406911
0.378174,3.406911
0.378229,3.406911
0.378285,3.406911
0.378340,3.406911
0.378396,3.406911
0.378451,3.406911
0.378507,3.406911
0.378562,3.406911
0.378618,3.406911
0.378673,3.406911
0.378728,3.406911
0.378784,3.406911
0.378839,3.406911
0.378895,3.406911
0.378950,3.406911
0.379006,3.406911
0.379061,3.406911
0.379117,3.406911
0.379172,3.406911
0.379227,3.406911
0.379283,3.406911
0.379338,3.406911
0.379394,3.406911
0.379449,3.406911
0.379505,3.406911
0.379560,3.406911
0.379616,3.406911
0.379671,3.406911
0.379726,3.406911
0.379782,3.406911
0.379837,3.406911
0.379893,3.406911
0.379948,3.406911
0.380004,3.406911
0.380059,3.406911
0.380115,3.406911
0.380170,3.406911
0.380225,3.406911
0.380281,3.406911
0.380336,3.406911
0.380392,3.406911
0.380447,3.406911
0.380503,3.406911
0.380558,3.406911
0.380613,3.406911
0.380669,3.406911
0.380724,3.406911
0.380780,3.406911
0.380835,3.406721
0.380891,3.406911
0.380946,3.406911
0.381002,3.406911
0.381057,3.406911
0.381112,3.406911
0.381168,3.406911
0.381223,3.406911
0.381279,3.406911
0.381334,3.406911
0.381390,3.406911
0.381445,3.406911
0.381501,3.406911
0.381556,3.406911
0.381611,3.406911
0.381667,3.406911
0.381722,3.406911
0.381778,3.406911
0.381833,3.406721
0.381889,3.406911
0.381944,3.406911
0.382000,3.406911
0.382055,3.406911
0.382110,3.406721
0.382166,3.406911
0.382221,3.406911
0.382277,3.406721
0.382332,3.406911
0.382388,3.406911
0.382443,3.406911
0.382499,3.406911
0.382554,3.406911
0.382609,3.406721
0.382665,3.406911
0.382720,3.406911
0.382776,3.406721
0.382831,3.406911
0.382887,3.406911
0.382942,3.406911
0.382997,3.406911
0.383053,3.406911
0.383108,3.406721
0.383164,3.406911
0.383219,3.406721
0.383275,3.406721
0.383330,3.406911
0.383386,3.406911
0.383441,3.406911
0.383496,3.406721
0.383552,3.406911
0.383607,3.406911
0.383663,3.406911
0.383718,3.406721
0.383774,3.406721
0.383829,3.406911
0.383885,3.406721
0.383940,3.406721
0.383995,3.406721
0.384051,3.406721
0.384106,3.406721
0.384162,3.406721
0.384217,3.406911
0.384273,3.406721
0.384328,3.406911
0.384384,3.406721
0.384439,3.406721
0.384494,3.406721
0.384550,3.406721
0.384605,3.406911
0.384661,3.406911
0.384716,3.406911
0.384772,3.406721
0.384827,3.406721
0.384883,3.406721
0.384938,3.406721
0.384993,3.406911
0.385049,3.406911
0.385104,3.406721
0.385160,3.406721
0.385215,3.406721
0.385271,3.406721
0.385326,3.406721
0.385381,3.406911
0.385437,3.406721
0.385492,3.406721
0.385548,3.406721
0.385603,3.406721
0.385659,3.406721
0.385714,3.406911
0.385770,3.406721
0.385825,3.406911
0.385880,3.406721
0.385936,3.406721
0.385991,3.406721
0.386047,3.406721
0.386102,3.406721
0.386158,3.406721
0.386213,3.406721
0.386269,3.406721
0.386324,3.406721
0.386379,3.406721
0.386435,3.406721
0.386490,3.406721
0.386546,3.406911
0.386601,3.406911
0.386657,3.406911
0.386712,3.406721
0.386768,3.406721
0.386823,3.406911
0.386878,3.406721
0.386934,3.406721
0.386989,3.406721
0.387045,3.406721
0.387100,3.406721
0.387156,3.406721
0.387211,3.406721
0.387267,3.406721
0.387322,3.406721
0.387377,3.406721
0.387433,3.406721
0.387488,3.406721
0.387544,3.406721
0.387599,3.406721
0.387655,3.406721
0.387710,3.406721
0.387765,3.406721
0.387821,3.406721
0.387876,3.406721
0.387932,3.406911
0.387987,3.406721
0.388043,3.406721
0.388098,3.406721
0.388154,3.406721
0.388209,3.406721
0.388264,3.406721
0.388320,3.406721
0.388375,3.406721
0.388431,3.406721
0.388486,3.406721
0.388542,3.406721
0.388597,3.406721
0.388653,3.406721
0.388708,3.406721
0.388763,3.406721
0.388819,3.406721
0.388874,3.406721
0.388930,3.406721
0.388985,3.406721
0.389041,3.406721
0.389096,3.406911
0.389152,3.406721
0.389207,3.406721
0.389262,3.406721
0.389318,3.406721
0.389373,3.406721
0.389429,3.406721
0.389484,3.406721
0.389540,3.406721
0.389595,3.406721
0.389651,3.406721
0.389706,3.406721
0.389761,3.406721
0.389817,3.406721
0.389872,3.406721
0.389928,3.406721
0.389983,3.406721
0.390039,3.406911
0.390094,3.406721
0.390150,3.406721
0.390205,3.406721
0.390260,3.406721
0.390316,3.406721
0.390371,3.406721
0.390427,3.406721
0.390482,3.406721
0.390538,3.406721
0.390593,3.406721
0.390648,3.406721
0.390704,3.406721
0.390759,3.406721
0.390815,3.406721
0.390870,3.406721
0.390926,3.406721
0.390981,3.406721
0.391037,3.406721
0.391092,3.406721
0.391147,3.406721
0.391203,3.406721
0.391258,3.406721
0.391314,3.406721
0.391369,3.406721
0.391425,3.406721
0.391480,3.406721
0.391536,3.406721
0.391591,3.406721
0.391646,3.406721
0.391702,3.406721
0.391757,3.406721
0.391813,3.406721
0.391868,3.406721
0.391924,3.406721
0.391979,3.406721
0.392035,3.406721
0.392090,3.406721
0.392145,3.406721
0.392201,3.406721
0.392256,3.406721
0.392312,3.406721
0.392367,3.406721
0.392423,3.406721
0.392478,3.406721
0.392534,3.406721
0.392589,3.406721
0.392644,3.406721
0.392700,3.406721
0.392755,3.406721
0.392811,3.406721
0.392866,3.406721
0.392922,3.406721
0.392977,3.406721
0.393032,3.406721
0.393088,3.406721
0.393143,3.406721
0.393199,3.406721
0.393254,3.406721
0.393310,3.406721
0.393365,3.406721
0.393421,3.406721
0.393476,3.406721
0.393531,3.406530
0.393587,3.406721
0.393642,3.406721
0.393698,3.406721
0.393753,3.406721
0.393809,3.406721
0.393864,3.406721
0.393920,3.406721
0.393975,3.406721
0.394030,3.406721
0.394086,3.406721
0.394141,3.406721
0.394197,3.406721
0.394252,3.406721
0.394308,3.406721
0.394363,3.406721
0.394419,3.406721
0.394474,3.406721
0.394529,3.406721
0.394585,3.406721
0.394640,3.406721
0.394696,3.406721
0.394751,3.406721
0.394807,3.406721
0.394862,3.406721
0.394917,3.406721
0.394973,3.406721
0.395028,3.406721
0.395084,3.406721
0.395139,3.406721
0.395195,3.406721
0.395250,3.406721
0.395306,3.406721
0.395361,3.406721
0.395416,3.406721
0.395472,3.406721
0.395527,3.406721
0.395583,3.406721
0.395638,3.406530
0.395694,3.406721
0.395749,3.406721
0.395805,3.406721
0.395860,3.406721
0.395915,3.406721
0.395971,3.406721
0.396026,3.406721
0.396082,3.406721
0.396137,3.406530
0.396193,3.406721
0.396248,3.406721
0.396304,3.406721
0.396359,3.406721
0.396414,3.406530
0.396470,3.406721
0.396525,3.406530
0.396581,3.406721
0.396636,3.406530
0.396692,3.406530
0.396747,3.406530
0.396802,3.406530
0.396858,3.406721
0.396913,3.406721
0.396969,3.406530
0.397024,3.406721
0.397080,3.406721
0.397135,3.406721
0.397191,3.406721
0.397246,3.406530
0.397301,3.406530
0.397357,3.406721
0.397412,3.406721
0.397468,3.406530
0.397523,3.406530
0.397579,3.406530
0.397634,3.406530
0.397690,3.406721
0.397745,3.406530
0.397800,3.406721
0.397856,3.406530
0.397911,3.406721
0.397967,3.406721
0.398022,3.406721
0.398078,3.406530
0.398133,3.406530
0.398189,3.406721
0.398244,3.406530
0.398299,3.406530
0.398355,3.406530
0.398410,3.406721
0.398466,3.406721
0.398521,3.406530
0.398577,3.406721
0.398632,3.406530
0.398688,3.406721
0.398743,3.406530
0.398798,3.406530
0.398854,3.406530
0.398909,3.406721
0.398965,3.406530
0.399020,3.406530
0.399076,3.406530
0.399131,3.406530
0.399186,3.406530
0.399242,3.406721
0.399297,3.406530
0.399353,3.406530
0.399408,3.406530
0.399464,3.406721
0.399519,3.406721
0.399575,3.406721
0.399630,3.406530
0.399685,3.406530
0.399741,3.406530
0.399796,3.406530
0.399852,3.406530
0.399907,3.406721
0.399963,3.406530
0.400018,3.406530
0.400074,3.406530
0.400129,3.406530
0.400184,3.406530
0.400240,3.406530
0.400295,3.406530
0.400351,3.406530
0.400406,3.406530
0.400462,3.406530
0.400517,3.406530
0.400573,3.406530
0.400628,3.406530
0.400683,3.406530
0.400739,3.406530
0.400794,3.406530
0.400850,3.406530
0.400905,3.406530
0.400961,3.406530
0.401016,3.406530
0.401071,3.406530
0.401127,3.406530
0.401182,3.406721
0.401238,3.406530
0.401293,3.406530
0.401349,3.406530
0.401404,3.406530
0.401460,3.406530
0.401515,3.406530
0.401570,3.406530
0.401626,3.406530
0.401681,3.406530
0.401737,3.406530
0.401792,3.406530
0.401848,3.406530
0.401903,3.406530
0.401959,3.406530
0.402014,3.406530
0.402069,3.406530
0.402125,3.406530
0.402180,3.406530
0.402236,3.406530
0.402291,3.406530
0.402347,3.406530
0.402402,3.406530
0.402458,3.406530
0.402513,3.406530
0.402568,3.406530
0.402624,3.406530
0.402679,3.406530
0.402735,3.406530
0.402790,3.406530
0.402846,3.406530
0.402901,3.406530
0.402956,3.406530
0.403012,3.406530
0.403067,3.406530
0.403123,3.406530
0.403178,3.406530
0.403234,3.406530
0.403289,3.406530
0.403345,3.406530
0.403400,3.406530
0.403455,3.406530
0.403511,3.406530
0.403566,3.406721
0.403622,3.406530
0.403677,3.406530
0.403733,3.406530
0.403788,3.406530
0.403844,3.406530
0.403899,3.406530
0.403954,3.406530
0.404010,3.406530
0.404065,3.406530
0.404121,3.406530
0.404176,3.406530
0.404232,3.406530
0.404287,3.406530
0.404343,3.406530
0.404398,3.406530
0.404453,3.406530
0.404509,3.406530
0.404564,3.406530
0.404620,3.406530
0.404675,3.406530
0.404731,3.406530
0.404786,3.406530
0.404842,3.406530
0.404897,3.406530
0.404952,3.406530
0.405008,3.406530
0.405063,3.406530
0.405119,3.406530
0.405174,3.406530
0.405230,3.406530
0.405285,3.406530
0.405341,3.406530
0.405396,3.406530
0.405451,3.406530
0.405507,3.406530
0.405562,3.406530
0.405618,3.406530
0.405673,3.406340
0.405729,3.406530
0.405784,3.406530
0.405839,3.406530
0.405895,3.406530
0.405950,3.406530
0.406006,3.406530
0.406061,3.406530
0.406117,3.406530
0.406172,3.406340
0.406228,3.406530
0.406283,3.406530
0.406338,3.406530
0.406394,3.406530
0.406449,3.406530
0.406505,3.406530
0.406560,3.406530
0.406616,3.406530
0.406671,3.406530
0.406727,3.406340
0.406782,3.406530
0.406837,3.406530
0.406893,3.406530
0.406948,3.406530
0.407004,3.406530
0.407059,3.406530
0.407115,3.406530
0.407170,3.406530
0.407226,3.406530
0.407281,3.406530
0.407336,3.406530
0.407392,3.406530
0.407447,3.406530
0.407503,3.406530
0.407558,3.406530
0.407614,3.406530
0.407669,3.406530
0.407724,3.406530
0.407780,3.406530
0.407835,3.406530
0.407891,3.406530
0.407946,3.406530
0.408002,3.406530
0.408057,3.406530
0.408113,3.406530
0.408168,3.406530
0.408223,3.406530
0.408279,3.406530
0.408334,3.406530
0.408390,3.406530
0.408445,3.406530
0.408501,3.406530
0.408556,3.406530
0.408612,3.406530
0.408667,3.406530
0.408722,3.406530
0.408778,3.406530
0.408833,3.406530
0.408889,3.406530
0.408944,3.406340
0.409000,3.406530
0.409055,3.406340
0.409111,3.406340
0.409166,3.406530
0.409221,3.406530
0.409277,3.406340
0.409332,3.406530
0.409388,3.406530
0.409443,3.406530
0.409499,3.406530
0.409554,3.406340
0.409610,3.406530
0.409665,3.406530
0.409720,3.406340
0.409776,3.406530
0.409831,3.406530
0.409887,3.406530
0.409942,3.406530
0.409998,3.406530
0.410053,3.406340
0.410109,3.406340
0.410164,3.406340
0.410219,3.406530
0.410275,3.406530
0.410330,3.406340
0.410386,3.406340
0.410441,3.406340
0.410497,3.406340
0.410552,3.406530
0.410607,3.406340
0.410663,3.406530
0.410718,3.406340
0.410774,3.406530
0.410829,3.406530
0.410885,3.406340
0.410940,3.406530
0.410996,3.406530
0.411051,3.406340
0.411106,3.406340
0.411162,3.406340
0.411217,3.406530
0.411273,3.406340
0.411328,3.406340
0.411384,3.406530
0.411439,3.406530
0.411495,3.406340
0.411550,3.406340
0.411605,3.406340
0.411661,3.406340
0.411716,3.406530
0.411772,3.406530
0.411827,3.406340
0.411883,3.406340
0.411938,3.406340
0.411994,3.406340
0.412049,3.406530
0.412104,3.406340
0.412160,3.406340
0.412215,3.406530
0.412271,3.406530
0.412326,3.406340
0.412382,3.406530
0.412437,3.406340
0.412492,3.406340
0.412548,3.406340
0.412603,3.406530
0.412659,3.406530
0.412714,3.406340
0.412770,3.406340
0.412825,3.406340
0.412881,3.406340
0.412936,3.406340
0.412991,3.406530
0.413047,3.406340
0.413102,3.406340
0.413158,3.406340
0.413213,3.406530
0.413269,3.406340
0.413324,3.406340
0.413380,3.406340
0.413435,3.406340
0.413490,3.406340
0.413546,3.406340
0.413601,3.406340
0.413657,3.406340
0.413712,3.406340
0.413768,3.406340
0.413823,3.406340
0.413878,3.406340
0.413934,3.406340
0.413989,3.406340
0.414045,3.406340
0.414100,3.406340
0.414156,3.406340
0.414211,3.406340
0.414267,3.406340
0.414322,3.406340
0.414377,3.406340
0.414433,3.406340
0.414488,3.406340
0.414544,3.406340
0.414599,3.406340
0.414655,3.406340
0.414710,3.406340
0.414766,3.406340
0.414821,3.406340
0.414876,3.406340
0.414932,3.406340
0.414987,3.406340
0.415043,3.406530
0.415098,3.406340
0.415154,3.406340
0.415209,3.406340
0.415265,3.406340
0.415320,3.406340
0.415375,3.406340
0.415431,3.406340
0.415486,3.406340
0.415542,3.406340
0.415597,3.406340
0.415653,3.406340
0.415708,3.406340
0.415763,3.406340
0.415819,3.406340
0.415874,3.406340
0.415930,3.406340
0.415985,3.406340
0.416041,3.406340
0.416096,3.406340
0.416152,3.406340
0.416207,3.406340
0.416262,3.406340
0.416318,3.406340
0.416373,3.406340
0.416429,3.406340
0.416484,3.406340
0.416540,3.406340
0.416595,3.406340
0.416651,3.406340
0.416706,3.406340
0.416761,3.406340
0.416817,3.406340
0.416872,3.406340
0.416928,3.406340
0.416983,3.406340
0.417039,3.406340
0.417094,3.406340
0.417150,3.406340
0.417205,3.406340
0.417260,3.406340
0.417316,3.406340
0.417371,3.406340
0.417427,3.406340
0.417482,3.406340
0.417538,3.406340
0.417593,3.406340
0.417648,3.406340
0.417704,3.406340
0.417759,3.406340
0.417815,3.406340
0.417870,3.406340
0.417926,3.406340
0.417981,3.406340
0.418037,3.406340
0.418092,3.406340
0.418147,3.406340
0.418203,3.406340
0.418258,3.406340
0.418314,3.406340
0.418369,3.406340
0.418425,3.406340
0.418480,3.406340
0.418536,3.406340
0.418591,3.406340
0.418646,3.406340
0.418702,3.406340
0.418757,3.406340
0.418813,3.406340
0.418868,3.406340
0.418924,3.406340
0.418979,3.406340
0.419035,3.406340
0.419090,3.406340
0.419145,3.406340
0.419201,3.406340
0.419256,3.406340
0.419312,3.406340
0.419367,3.406340
0.419423,3.406340
0.419478,3.406340
0.419534,3.406340
0.419589,3.406340
0.419644,3.406340
0.419700,3.406340
0.419755,3.406340
0.419811,3.406340
0.419866,3.406340
0.419922,3.406340
0.419977,3.406340
0.420032,3.406340
0.420088,3.406340
0.420143,3.406340
0.420199,3.406340
0.420254,3.406340
0.420310,3.406340
0.420365,3.406340
0.420421,3.406340
0.420476,3.406340
0.420531,3.406340
0.420587,3.406340
0.420642,3.406340
0.420698,3.406340
0.420753,3.406340
0.420809,3.406340
0.420864,3.406340
0.420920,3.406340
0.420975,3.406340
0.421030,3.406340
0.421086,3.406340
0.421141,3.406340
0.421197,3.406340
0.421252,3.406340
0.421308,3.406340
0.421363,3.406340
0.421419,3.406340
0.421474,3.406340
0.421529,3.406340
0.421585,3.406340
0.421640,3.406340
0.421696,3.406340
0.421751,3.406340
0.421807,3.406340
0.421862,3.406340
0.421918,3.406340
0.421973,3.406149
0.422028,3.406149
0.422084,3.406149
0.422139,3.406340
0.422195,3.406149
0.422250,3.406149
0.422306,3.406149
0.422361,3.406340
0.422417,3.406340
0.422472,3.406149
0.422527,3.406149
0.422583,3.406340
0.422638,3.406340
0.422694,3.406340
0.422749,3.406149
0.422805,3.406340
0.422860,3.406149
0.422915,3.406149
0.422971,3.406149
0.423026,3.406340
0.423082,3.406149
0.423137,3.406340
0.423193,3.406149
0.423248,3.406340
0.423304,3.406149
0.423359,3.406340
0.423414,3.406340
0.423470,3.406149
0.423525,3.406149
0.423581,3.406149
0.423636,3.406149
0.423692,3.406340
0.423747,3.406149
0.423803,3.406340
0.423858,3.406340
0.423913,3.406340
0.423969,3.406149
0.424024,3.406149
0.424080,3.406149
0.424135,3.406149
0.424191,3.406149
0.424246,3.406149
0.424302,3.406149
0.424357,3.406149
0.424412,3.406340
0.424468,3.406149
0.424523,3.406340
0.424579,3.406149
0.424634,3.406149
0.424690,3.406149
0.424745,3.406149
0.424800,3.406340
0.424856,3.406149
0.424911,3.406149
0.424967,3.406340
0.425022,3.406149
0.425078,3.406149
0.425133,3.406149
0.425189,3.406149
0.425244,3.406149
0.425299,3.406149
0.425355,3.406149
0.425410,3.406149
0.425466,3.406149
0.425521,3.406149
0.425577,3.406149
0.425632,3.406149
0.425688,3.406149
0.425743,3.406340
0.425798,3.406149
0.425854,3.406149
0.425909,3.406149
0.425965,3.406149
0.426020,3.406149
0.426076,3.406149
0.426131,3.406149
0.426187,3.406149
0.426242,3.406149
0.426297,3.406149
0.426353,3.406149
0.426408,3.406149
0.426464,3.406340
0.426519,3.406340
0.426575,3.406149
0.426630,3.406149
0.426685,3.406340
0.426741,3.406340
0.426796,3.406149
0.426852,3.406149
0.426907,3.406149
0.426963,3.406149
0.427018,3.406149
0.427074,3.406149
0.427129,3.406149
0.427184,3.406149
0.427240,3.406149
0.427295,3.406149
0.427351,3.406149
0.427406,3.406149
0.427462,3.406149
0.427517,3.406149
0.427573,3.406149
0.427628,3.406149
0.427683,3.406149
0.427739,3.406149
0.427794,3.406149
0.427850,3.406149
0.427905,3.406149
0.427961,3.406149
0.428016,3.406149
0.428072,3.406149
0.428127,3.406149
0.428182,3.406149
0.428238,3.406149
0.428293,3.406149
0.428349,3.406149
0.428404,3.406149
0.428460,3.406149
0.428515,3.406149
0.428571,3.406149
0.428626,3.406149
0.428681,3.406149
0.428737,3.406149
0.428792,3.406149
0.428848,3.406149
0.428903,3.406149
0.428959,3.406149
0.429014,3.406149
0.429069,3.406149
0.429125,3.406149
0.429180,3.406149
0.429236,3.406149
0.429291,3.406149
0.429347,3.406149
0.429402,3.406149
0.429458,3.406149
0.429513,3.406149
0.429568,3.406149
0.429624,3.406149
0.429679,3.406149
0.429735,3.406149
0.429790,3.406149
0.429846,3.406149
0.429901,3.406149
0.429957,3.406149
0.430012,3.406149
0.430067,3.406149
0.430123,3.406149
0.430178,3.406149
0.430234,3.406149
0.430289,3.406149
0.430345,3.406149
0.430400,3.406149
0.430456,3.406149
0.430511,3.406149
0.430566,3.406149
0.430622,3.406149
0.430677,3.406149
0.430733,3.406149
0.430788,3.406149
0.430844,3.406149
0.430899,3.406149
0.430955,3.406149
0.431010,3.406149
0.431065,3.406149
0.431121,3.406149
0.431176,3.406149
0.431232,3.406149
0.431287,3.406149
0.431343,3.406149
0.431398,3.406149
0.431454,3.406149
0.431509,3.406149
0.431564,3.406149
0.431620,3.406149
0.431675,3.406149
0.431731,3.406149
0.431786,3.406149
0.431842,3.406149
0.431897,3.406149
0.431952,3.406149
0.432008,3.406149
0.432063,3.406149
0.432119,3.406149
0.432174,3.406149
0.432230,3.406149
0.432285,3.406149
0.432341,3.406149
0.432396,3.406149
0.432451,3.406149
0.432507,3.406149
0.432562,3.405959
0.432618,3.406149
0.432673,3.406149
0.432729,3.406149
0.432784,3.406149
0.432840,3.406149
0.432895,3.406149
0.432950,3.406149
0.433006,3.406149
0.433061,3.406149
0.433117,3.406149
0.433172,3.406149
0.433228,3.406149
0.433283,3.406149
0.433338,3.406149
0.433394,3.406149
0.433449,3.406149
0.433505,3.406149
0.433560,3.406149
0.433616,3.406149
0.433671,3.406149
0.433727,3.406149
0.433782,3.406149
0.433837,3.406149
0.433893,3.406149
0.433948,3.406149
0.434004,3.406149
0.434059,3.406149
0.434115,3.406149
0.434170,3.406149
0.434226,3.405959
0.434281,3.405959
0.434336,3.405959
0.434392,3.406149
0.434447,3.406149
0.434503,3.405959
0.434558,3.406149
0.434614,3.406149
0.434669,3.406149
0.434725,3.406149
0.434780,3.406149
0.434835,3.406149
0.434891,3.405959
0.434946,3.406149
0.435002,3.406149
0.435057,3.405959
0.435113,3.405959
0.435168,3.406149
0.435224,3.406149
0.435279,3.406149
0.435334,3.405959
0.435390,3.406149
0.435445,3.405959
0.435501,3.406149
0.435556,3.406149
0.435612,3.405959
0.435667,3.405959
0.435722,3.405959
0.435778,3.405959
0.435833,3.405959
0.435889,3.405959
0.435944,3.405959
0.436000,3.405959
0.436055,3.405959
0.436111,3.405959
0.436166,3.406149
0.436221,3.405959
0.436277,3.406149
0.436332,3.406149
0.436388,3.405959
0.436443,3.405959
0.436499,3.406149
0.436554,3.405959
0.436610,3.405959
0.436665,3.405959
0.436720,3.405959
0.436776,3.405959
0.436831,3.405959
0.436887,3.405959
0.436942,3.405959
0.436998,3.405959
0.437053,3.405959
0.437109,3.405959
0.437164,3.405959
0.437219,3.406149
0.437275,3.405959
0.437330,3.405959
0.437386,3.405959
0.437441,3.405959
0.437497,3.405959
0.437552,3.405959
0.437607,3.405959
0.437663,3.406149
0.437718,3.406149
0.437774,3.405959
0.437829,3.405959
0.437885,3.405959
0.437940,3.405959
0.437996,3.405959
0.438051,3.405959
0.438106,3.406149
0.438162,3.405959
0.438217,3.406149
0.438273,3.405959
0.438328,3.405959
0.438384,3.405959
0.438439,3.405959
0.438495,3.405959
0.438550,3.405959
0.438605,3.405959
0.438661,3.405959
0.438716,3.405959
0.438772,3.405959
0.438827,3.405959
0.438883,3.405959
0.438938,3.405959
0.438994,3.405959
0.439049,3.405959
0.439104,3.405959
0.439160,3.405959
0.439215,3.405959
0.439271,3.405959
0.439326,3.405959
0.439382,3.405959
0.439437,3.405959
0.439492,3.405959
0.439548,3.405959
0.439603,3.405959
0.439659,3.405959
0.439714,3.405959
0.439770,3.405959
0.439825,3.405959
0.439881,3.405959
0.439936,3.405959
0.439991,3.405959
0.440047,3.405959
0.440102,3.405959
0.440158,3.405959
0.440213,3.405959
0.440269,3.405959
0.440324,3.405959
0.440380,3.405959
0.440435,3.405959
0.440490,3.405959
0.440546,3.405959
0.440601,3.405959
0.440657,3.405959
0.440712,3.405959
0.440768,3.405959
0.440823,3.405959
0.440879,3.405959
0.440934,3.405959
0.440989,3.405959
0.441045,3.405959
0.441100,3.405959
0.441156,3.405959
0.441211,3.405959
0.441267,3.405959
0.441322,3.405959
0.441378,3.405959
0.441433,3.405959
0.441488,3.405959
0.441544,3.405959
0.441599,3.405959
0.441655,3.405959
0.441710,3.405959
0.441766,3.405959
0.441821,3.405959
0.441877,3.405959
0.441932,3.405959
0.441987,3.405959
0.442043,3.405959
0.442098,3.405959
0.442154,3.405959
0.442209,3.405959
0.442265,3.405959
0.442320,3.405959
0.442375,3.405959
0.442431,3.405959
0.442486,3.405959
0.442542,3.405959
0.442597,3.405959
0.442653,3.405959
0.442708,3.405959
0.442764,3.405959
0.442819,3.405768
0.442874,3.405959
0.442930,3.405768
0.442985,3.405959
0.443041,3.405959
0.443096,3.405959
0.443152,3.405959
0.443207,3.405959
0.443263,3.405959
0.443318,3.405959
0.443373,3.405959
0.443429,3.405959
0.443484,3.405959
0.443540,3.405959
0.443595,3.405959
0.443651,3.405959
0.443706,3.405768
0.443762,3.405959
0.443817,3.405959
0.443872,3.405959
0.443928,3.405959
0.443983,3.405768
0.444039,3.405959
0.444094,3.405959
0.444150,3.405768
0.444205,3.405959
0.444261,3.405959
0.444316,3.405768
0.444371,3.405959
0.444427,3.405959
0.444482,3.405768
0.444538,3.405959
0.444593,3.405768
0.444649,3.405959
0.444704,3.405959
0.444759,3.405959
0.444815,3.405959
0.444870,3.405959
0.444926,3.405768
0.444981,3.405768
0.445037,3.405768
0.445092,3.405959
0.445148,3.405959
0.445203,3.405768
0.445258,3.405959
0.445314,3.405768
0.445369,3.405768
0.445425,3.405768
0.445480,3.405959
0.445536,3.405768
0.445591,3.405959
0.445647,3.405768
0.445702,3.405959
0.445757,3.405959
0.445813,3.405768
0.445868,3.405768
0.445924,3.405959
0.445979,3.405959
0.446035,3.405959
0.446090,3.405959
0.446146,3.405768
0.446201,3.405768
0.446256,3.405959
0.446312,3.405768
0.446367,3.405959
0.446423,3.405768
0.446478,3.405768
0.446534,3.405768
0.446589,3.405768
0.446645,3.405768
0.446700,3.405768
0.446755,3.405959
0.446811,3.405768
0.446866,3.405959
0.446922,3.405768
0.446977,3.405959
0.447033,3.405768
0.447088,3.405768
0.447143,3.405768
0.447199,3.405768
0.447254,3.405768
0.447310,3.405768
0.447365,3.405768
0.447421,3.405768
0.447476,3.405768
0.447532,3.405768
0.447587,3.405768
0.447642,3.405768
0.447698,3.405768
0.447753,3.405768
0.447809,3.405768
0.447864,3.405768
0.447920,3.405768
0.447975,3.405768
0.448031,3.405768
0.448086,3.405768
0.448141,3.405768
0.448197,3.405768
0.448252,3.405768
0.448308,3.405768
0.448363,3.405768
0.448419,3.405768
0.448474,3.405768
0.448529,3.405768
0.448585,3.405768
0.448640,3.405768
0.448696,3.405768
0.448751,3.405768
0.448807,3.405768
0.448862,3.405768
0.448918,3.405768
0.448973,3.405768
0.449028,3.405768
0.449084,3.405768
0.449139,3.405768
0.449195,3.405768
0.449250,3.405768
0.449306,3.405768
0.449361,3.405768
0.449417,3.405768
0.449472,3.405768
0.449527,3.405768
0.449583,3.405768
0.449638,3.405768
0.449694,3.405768
0.449749,3.405768
0.449805,3.405768
0.449860,3.405768
0.449916,3.405768
0.449971,3.405768
0.450026,3.405768
0.450082,3.405768
0.450137,3.405768
0.450193,3.405768
0.450248,3.405768
0.450304,3.405768
0.450359,3.405768
0.450414,3.405768
0.450470,3.405768
0.450525,3.405768
0.450581,3.405768
0.450636,3.405768
0.450692,3.405768
0.450747,3.405768
0.450803,3.405768
0.450858,3.405768
0.450913,3.405768
0.450969,3.405768
0.451024,3.405768
0.451080,3.405768
0.451135,3.405768
0.451191,3.405768
0.451246,3.405768
0.451302,3.405768
0.451357,3.405768
0.451412,3.405768
0.451468,3.405768
0.451523,3.405577
0.451579,3.405768
0.451634,3.405768
0.451690,3.405768
0.451745,3.405577
0.451801,3.405768
0.451856,3.405768
0.451911,3.405768
0.451967,3.405768
0.452022,3.405768
0.452078,3.405768
0.452133,3.405768
0.452189,3.405768
0.452244,3.405768
0.452299,3.405768
0.452355,3.405768
0.452410,3.405768
0.452466,3.405768
0.452521,3.405768
0.452577,3.405768
0.452632,3.405768
0.452688,3.405768
0.452743,3.405768
0.452798,3.405768
0.452854,3.405768
0.452909,3.405577
0.452965,3.405768
0.453020,3.405768
0.453076,3.405577
0.453131,3.405768
0.453187,3.405577
0.453242,3.405768
0.453297,3.405768
0.453353,3.405577
0.453408,3.405768
0.453464,3.405577
0.453519,3.405768
0.453575,3.405768
0.453630,3.405768
0.453686,3.405768
0.453741,3.405768
0.453796,3.405577
0.453852,3.405768
0.453907,3.405577
0.453963,3.405768
0.454018,3.405768
0.454074,3.405577
0.454129,3.405768
0.454185,3.405577
0.454240,3.405577
0.454295,3.405768
0.454351,3.405577
0.454406,3.405577
0.454462,3.405577
0.454517,3.405768
0.454573,3.405768
0.454628,3.405577
0.454684,3.405577
0.454739,3.405577
0.454794,3.405577
0.454850,3.405577
0.454905,3.405577
0.454961,3.405577
0.455016,3.405577
0.455072,3.405577
0.455127,3.405577
0.455182,3.405577
0.455238,3.405768
0.455293,3.405577
0.455349,3.405577
0.455404,3.405577
0.455460,3.405577
0.455515,3.405577
0.455571,3.405577
0.455626,3.405577
0.455681,3.405577
0.455737,3.405577
0.455792,3.405577
0.455848,3.405577
0.455903,3.405577
0.455959,3.405577
0.456014,3.405577
0.456070,3.405577
0.456125,3.405577
0.456180,3.405577
0.456236,3.405577
0.456291,3.405577
0.456347,3.405577
0.456402,3.405577
0.456458,3.405577
0.456513,3.405577
0.456569,3.405577
0.456624,3.405577
0.456679,3.405577
0.456735,3.405577
0.456790,3.405577
0.456846,3.405577
0.456901,3.405577
0.456957,3.405577
0.457012,3.405577
0.457068,3.405577
0.457123,3.405577
0.457178,3.405577
0.457234,3.405577
0.457289,3.405577
0.457345,3.405577
0.457400,3.405577
0.457456,3.405577
0.457511,3.405577
0.457567,3.405577
0.457622,3.405577
0.457677,3.405577
0.457733,3.405577
0.457788,3.405577
0.457844,3.405577
0.457899,3.405577
0.457955,3.405577
0.458010,3.405577
0.458065,3.405577
0.458121,3.405577
0.458176,3.405577
0.458232,3.405577
0.458287,3.405577
0.458343,3.405577
0.458398,3.405577
0.458454,3.405577
0.458509,3.405577
0.458564,3.405577
0.458620,3.405577
0.458675,3.405577
0.458731,3.405577
0.458786,3.405577
0.458842,3.405577
0.458897,3.405577
0.458953,3.405577
0.459008,3.405577
0.459063,3.405577
0.459119,3.405577
0.459174,3.405577
0.459230,3.405577
0.459285,3.405577
0.459341,3.405577
0.459396,3.405577
0.459452,3.405577
0.459507,3.405577
0.459562,3.405577
0.459618,3.405577
0.459673,3.405577
0.459729,3.405577
0.459784,3.405577
0.459840,3.405577
0.459895,3.405577
0.459951,3.405577
0.460006,3.405577
0.460061,3.405577
0.460117,3.405577
0.460172,3.405577
0.460228,3.405577
0.460283,3.405577
0.460339,3.405577
0.460394,3.405577
0.460450,3.405577
0.460505,3.405577
0.460560,3.405577
0.460616,3.405577
0.460671,3.405577
0.460727,3.405577
0.460782,3.405577
0.460838,3.405577
0.460893,3.405577
0.460949,3.405577
0.461004,3.405577
0.461059,3.405577
0.461115,3.405577
0.461170,3.405577
0.461226,3.405577
0.461281,3.405577
0.461337,3.405577
0.461392,3.405577
0.461448,3.405577
0.461503,3.405577
0.461558,3.405577
0.461614,3.405577
0.461669,3.405577
0.461725,3.405577
0.461780,3.405577
0.461836,3.405577
0.461891,3.405577
0.461947,3.405577
0.462002,3.405577
0.462057,3.405577
0.462113,3.405577
0.462168,3.405577
0.462224,3.405577
0.462279,3.405577
0.462335,3.405577
0.462390,3.405577
0.462446,3.405577
0.462501,3.405577
0.462556,3.405577
0.462612,3.405577
0.462667,3.405577
0.462723,3.405577
0.462778,3.405577
0.462834,3.405577
0.462889,3.405577
0.462945,3.405577
0.463000,3.405577
0.463055,3.405577
0.463111,3.405577
0.463166,3.405577
0.463222,3.405577
0.463277,3.405577
0.463333,3.405577
0.463388,3.405577
0.463444,3.405577
0.463499,3.405577
0.463554,3.405577
0.463610,3.405577
0.463665,3.405577
0.463721,3.405577
0.463776,3.405577
0.463832,3.405577
0.463887,3.405577
0.463942,3.405577
0.463998,3.405577
0.464053,3.405577
0.464109,3.405577
0.464164,3.405577
0.464220,3.405577
0.464275,3.405577
0.464331,3.405577
0.464386,3.405577
0.464441,3.405577
0.464497,3.405577
0.464552,3.405577
0.464608,3.405577
0.464663,3.405577
0.464719,3.405577
0.464774,3.405577
0.464830,3.405577
0.464885,3.405577
0.464941,3.405577
0.464996,3.405577
0.465051,3.405577
0.465107,3.405577
0.465162,3.405577
0.465218,3.405577
0.465273,3.405577
0.465329,3.405577
0.465384,3.405577
0.465440,3.405577
0.465495,3.405577
0.465550,3.405577
0.465606,3.405577
0.465661,3.405577
0.465717,3.405577
0.465772,3.405577
0.465828,3.405577
0.465883,3.405577
0.465938,3.405577
0.465994,3.405577
0.466049,3.405577
0.466105,3.405577
0.466160,3.405577
0.466216,3.405577
0.466271,3.405577
0.466327,3.405577
0.466382,3.405577
0.466437,3.405577
0.466493,3.405577
0.466548,3.405577
0.466604,3.405577
0.466659,3.405577
0.466715,3.405577
0.466770,3.405577
0.466826,3.405577
0.466881,3.405577
0.466937,3.405577
0.466992,3.405577
0.467047,3.405577
0.467103,3.405577
0.467158,3.405577
0.467214,3.405577
0.467269,3.405577
0.467325,3.405577
0.467380,3.405577
0.467435,3.405577
0.467491,3.405577
0.467546,3.405577
0.467602,3.405577
0.467657,3.405577
0.467713,3.405577
0.467768,3.405577
0.467824,3.405577
0.467879,3.405577
0.467934,3.405577
0.467990,3.405577
0.468045,3.405577
0.468101,3.405577
0.468156,3.405577
0.468212,3.405577
0.468267,3.405577
0.468323,3.405577
0.468378,3.405577
0.468433,3.405577
0.468489,3.405577
0.468544,3.405577
0.468600,3.405577
0.468655,3.405577
0.468711,3.405577
0.468766,3.405577
0.468821,3.405577
0.468877,3.405577
0.468932,3.405577
0.468988,3.405577
0.469043,3.405577
0.469099,3.405577
0.469154,3.405577
0.469210,3.405577
0.469265,3.405577
0.469320,3.405577
0.469376,3.405577
0.469431,3.405577
0.469487,3.405577
0.469542,3.405577
0.469598,3.405577
0.469653,3.405577
0.469709,3.405577
0.469764,3.405577
0.469819,3.405577
0.469875,3.405577
0.469930,3.405577
0.469986,3.405577
0.470041,3.405577
0.470097,3.405577
0.470152,3.405577
0.470208,3.405577
0.470263,3.405577
0.470318,3.405577
0.470374,3.405577
0.470429,3.405577
0.470485,3.405577
0.470540,3.405577
0.470596,3.405577
0.470651,3.405577
0.470706,3.405577
0.470762,3.405577
0.470817,3.405577
0.470873,3.405577
0.470928,3.405577
0.470984,3.405577
0.471039,3.405577
0.471095,3.405577
0.471150,3.405577
0.471205,3.405577
0.471261,3.405577
0.471316,3.405577
0.471372,3.405577
0.471427,3.405577
0.471483,3.405577
0.471538,3.405577
0.471594,3.405577
0.471649,3.405577
0.471704,3.405577
0.471760,3.405577
0.471815,3.405577
0.471871,3.405577
0.471926,3.405577
0.471982,3.405577
0.472037,3.405577
0.472092,3.405577
0.472148,3.405577
0.472203,3.405577
0.472259,3.405577
0.472314,3.405577
0.472370,3.405577
0.472425,3.405577
0.472481,3.405577
0.472536,3.405577
0.472591,3.405577
0.472647,3.405577
0.472702,3.405577
0.472758,3.405577
0.472813,3.405577
0.472869,3.405577
0.472924,3.405577
0.472980,3.405577
0.473035,3.405577
0.473090,3.405577
0.473146,3.405577
0.473201,3.405577
0.473257,3.405577
0.473312,3.405577
0.473368,3.405577
0.473423,3.405577
0.473479,3.405577
0.473534,3.405577
0.473589,3.405577
0.473645,3.405577
0.473700,3.405577
0.473756,3.405577
0.473811,3.405577
0.473867,3.405577
0.473922,3.405577
0.473977,3.405577
0.474033,3.405577
0.474088,3.405577
0.474144,3.405577
0.474199,3.405387
0.474255,3.405577
0.474310,3.405577
0.474366,3.405577
0.474421,3.405577
0.474476,3.405577
0.474532,3.405577
0.474587,3.405387
0.474643,3.405577
0.474698,3.405387
0.474754,3.405577
0.474809,3.405577
0.474865,3.405577
0.474920,3.405577
0.474975,3.405577
0.475031,3.405577
0.475086,3.405577
0.475142,3.405577
0.475197,3.405577
0.475253,3.405577
0.475308,3.405577
0.475363,3.405577
0.475419,3.405387
0.475474,3.405577
0.475530,3.405577
0.475585,3.405577
0.475641,3.405387
0.475696,3.405577
0.475752,3.405577
0.475807,3.405577
0.475862,3.405577
0.475918,3.405387
0.475973,3.405577
0.476029,3.405387
0.476084,3.405577
0.476140,3.405577
0.476195,3.405577
0.476251,3.405387
0.476306,3.405577
0.476361,3.405387
0.476417,3.405387
0.476472,3.405577
0.476528,3.405577
0.476583,3.405387
0.476639,3.405387
0.476694,3.405387
0.476750,3.405577
0.476805,3.405577
0.476860,3.405387
0.476916,3.405387
0.476971,3.405387
0.477027,3.405577
0.477082,3.405387
0.477138,3.405577
0.477193,3.405577
0.477249,3.405577
0.477304,3.405577
0.477359,3.405387
0.477415,3.405577
0.477470,3.405577
0.477526,3.405387
0.477581,3.405577
0.477637,3.405387
0.477692,3.405577
0.477748,3.405387
0.477803,3.405577
0.477858,3.405387
0.477914,3.405387
0.477969,3.405387
0.478025,3.405577
0.478080,3.405387
0.478136,3.405387
0.478191,3.405387
0.478247,3.405387
0.478302,3.405387
0.478357,3.405387
0.478413,3.405387
0.478468,3.405387
0.478524,3.405387
0.478579,3.405387
0.478635,3.405387
0.478690,3.405387
0.478746,3.405387
0.478801,3.405387
0.478856,3.405387
0.478912,3.405577
0.478967,3.405387
0.479023,3.405387
0.479078,3.405387
0.479134,3.405387
0.479189,3.405387
0.479245,3.405387
0.479300,3.405387
0.479355,3.405387
0.479411,3.405387
0.479466,3.405387
0.479522,3.405387
0.479577,3.405387
0.479633,3.405387
0.479688,3.405387
0.479744,3.405387
0.479799,3.405387
0.479854,3.405387
0.479910,3.405387
0.479965,3.405387
0.480021,3.405387
0.480076,3.405387
0.480132,3.405387
0.480187,3.405387
0.480243,3.405577
0.480298,3.405387
0.480353,3.405387
0.480409,3.405387
0.480464,3.405387
0.480520,3.405387
0.480575,3.405387
0.480631,3.405387
0.480686,3.405387
0.480742,3.405387
0.480797,3.405387
0.480852,3.405387
0.480908,3.405387
0.480963,3.405387
0.481019,3.405387
0.481074,3.405387
0.481130,3.405387
0.481185,3.405387
0.481240,3.405387
0.481296,3.405387
0.481351,3.405387
0.481407,3.405387
0.481462,3.405387
0.481518,3.405387
0.481573,3.405387
0.481629,3.405387
0.481684,3.405387
0.481739,3.405387
0.481795,3.405387
0.481850,3.405387
0.481906,3.405387
0.481961,3.405387
0.482017,3.405387
0.482072,3.405387
0.482128,3.405387
0.482183,3.405387
0.482238,3.405387
0.482294,3.405387
0.482349,3.405387
0.482405,3.405387
0.482460,3.405387
0.482516,3.405387
0.482571,3.405387
0.482627,3.405387
0.482682,3.405387
0.482737,3.405387
0.482793,3.405387
0.482848,3.405387
0.482904,3.405387
0.482959,3.405387
0.483015,3.405387
0.483070,3.405387
0.483126,3.405387
0.483181,3.405387
0.483236,3.405387
0.483292,3.405387
0.483347,3.405387
0.483403,3.405387
0.483458,3.405387
0.483514,3.405387
0.483569,3.405387
0.483625,3.405387
0.483680,3.405196
0.483735,3.405387
0.483791,3.405387
0.483846,3.405387
0.483902,3.405387
0.483957,3.405387
0.484013,3.405387
0.484068,3.405387
0.484124,3.405387
0.484179,3.405387
0.484234,3.405387
0.484290,3.405387
0.484345,3.405387
0.484401,3.405387
0.484456,3.405387
0.484512,3.405387
0.484567,3.405387
0.484623,3.405387
0.484678,3.405387
0.484733,3.405387
0.484789,3.405387
0.484844,3.405387
0.484900,3.405387
0.484955,3.405387
0.485011,3.405387
0.485066,3.405387
0.485122,3.405387
0.485177,3.405387
0.485232,3.405387
0.485288,3.405196
0.485343,3.405387
0.485399,3.405387
0.485454,3.405387
0.485510,3.405387
0.485565,3.405387
0.485621,3.405387
0.485676,3.405387
0.485731,3.405387
0.485787,3.405387
0.485842,3.405387
0.485898,3.405387
0.485953,3.405387
0.486009,3.405387
0.486064,3.405387
0.486120,3.405387
0.486175,3.405387
0.486230,3.405387
0.486286,3.405387
0.486341,3.405196
0.486397,3.405387
0.486452,3.405387
0.486508,3.405387
0.486563,3.405387
0.486619,3.405387
0.486674,3.405387
0.486729,3.405387
0.486785,3.405387
0.486840,3.405387
0.486896,3.405387
0.486951,3.405387
0.487007,3.405387
0.487062,3.405387
0.487118,3.405387
0.487173,3.405387
0.487228,3.405196
0.487284,3.405196
0.487339,3.405387
0.487395,3.405387
0.487450,3.405196
0.487506,3.405196
0.487561,3.405196
0.487617,3.405196
0.487672,3.405387
0.487727,3.405387
0.487783,3.405387
0.487838,3.405196
0.487894,3.405196
0.487949,3.405387
0.488005,3.405196
0.488060,3.405387
0.488116,3.405387
0.488171,3.405387
0.488226,3.405387
0.488282,3.405196
0.488337,3.405387
0.488393,3.405196
0.488448,3.405387
0.488504,3.405196
0.488559,3.405387
0.488614,3.405387
0.488670,3.405387
0.488725,3.405196
0.488781,3.405387
0.488836,3.405196
0.488892,3.405387
0.488947,3.405387
0.489003,3.405196
0.489058,3.405387
0.489113,3.405387
0.489169,3.405387
0.489224,3.405387
0.489280,3.405196
0.489335,3.405196
0.489391,3.405196
0.489446,3.405387
0.489502,3.405387
0.489557,3.405196
0.489612,3.405196
0.489668,3.405196
0.489723,3.405387
0.489779,3.405387
0.489834,3.405196
0.489890,3.405196
0.489945,3.405196
0.490001,3.405196
0.490056,3.405196
0.490111,3.405387
0.490167,3.405196
0.490222,3.405196
0.490278,3.405196
0.490333,3.405196
0.490389,3.405196
0.490444,3.405387
0.490500,3.405387
0.490555,3.405196
0.490610,3.405196
0.490666,3.405196
0.490721,3.405196
0.490777,3.405196
0.490832,3.405196
0.490888,3.405196
0.490943,3.405196
0.490999,3.405196
0.491054,3.405196
0.491109,3.405196
0.491165,3.405196
0.491220,3.405196
0.491276,3.405196
0.491331,3.405196
0.491387,3.405196
0.491442,3.405196
0.491498,3.405196
0.491553,3.405196
0.491608,3.405196
0.491664,3.405196
0.491719,3.405196
0.491775,3.405196
0.491830,3.405196
0.491886,3.405196
0.491941,3.405196
0.491996,3.405196
0.492052,3.405196
0.492107,3.405196
0.492163,3.405196
0.492218,3.405196
0.492274,3.405196
0.492329,3.405196
0.492385,3.405387
0.492440,3.405196
0.492495,3.405196
0.492551,3.405196
0.492606,3.405196
0.492662,3.405196
0.492717,3.405196
0.492773,3.405196
0.492828,3.405196
0.492884,3.405196
0.492939,3.405196
0.492994,3.405196
0.493050,3.405196
0.493105,3.405196
0.493161,3.405196
0.493216,3.405196
0.493272,3.405196
0.493327,3.405196
0.493383,3.405196
0.493438,3.405196
0.493493,3.405196
0.493549,3.405196
0.493604,3.405196
0.493660,3.405196
0.493715,3.405196
0.493771,3.405196
0.493826,3.405196
0.493882,3.405196
0.493937,3.405196
0.493992,3.405196
0.494048,3.405196
0.494103,3.405196
0.494159,3.405196
0.494214,3.405196
0.494270,3.405196
0.494325,3.405196
0.494380,3.405196
0.494436,3.405196
0.494491,3.405196
0.494547,3.405196
0.494602,3.405196
0.494658,3.405196
0.494713,3.405196
0.494769,3.405196
0.494824,3.405196
0.494879,3.405196
0.494935,3.405196
0.494990,3.405196
0.495046,3.405196
0.495101,3.405196
0.495157,3.405196
0.495212,3.405196
0.495268,3.405196
0.495323,3.405196
0.495378,3.405196
0.495434,3.405196
0.495489,3.405196
0.495545,3.405196
0.495600,3.405196
0.495656,3.405196
0.495711,3.405196
0.495767,3.405196
0.495822,3.405196
0.495877,3.405196
0.495933,3.405196
0.495988,3.405196
0.496044,3.405196
0.496099,3.405196
0.496155,3.405196
0.496210,3.405196
0.496265,3.405196
0.496321,3.405196
0.496376,3.405196
0.496432,3.405196
0.496487,3.405196
0.496543,3.405196
0.496598,3.405196
0.496654,3.405006
0.496709,3.405196
0.496764,3.405196
0.496820,3.405196
0.496875,3.405006
0.496931,3.405196
0.496986,3.405196
0.497042,3.405196
0.497097,3.405196
0.497153,3.405006
0.497208,3.405196
0.497263,3.405196
0.497319,3.405196
0.497374,3.405196
0.497430,3.405006
0.497485,3.405196
0.497541,3.405196
0.497596,3.405196
0.497652,3.405196
0.497707,3.405196
0.497762,3.405196
0.497818,3.405196
0.497873,3.405196
0.497929,3.405196
0.497984,3.405196
0.498040,3.405196
0.498095,3.405196
0.498150,3.405196
0.498206,3.405196
0.498261,3.405196
0.498317,3.405006
0.498372,3.405006
0.498428,3.405196
0.498483,3.405196
0.498539,3.405196
0.498594,3.405196
0.498649,3.405196
0.498705,3.405196
0.498760,3.405196
0.498816,3.405196
0.498871,3.405196
0.498927,3.405196
0.498982,3.405196
0.499038,3.405196
0.499093,3.405196
0.499148,3.405006
0.499204,3.405196
0.499259,3.405196
0.499315,3.405196
0.499370,3.405006
0.499426,3.405196
0.499481,3.405006
0.499537,3.405196
0.499592,3.405196
0.499647,3.405196
0.499703,3.405006
0.499758,3.405006
0.499814,3.405196
0.499869,3.405006
0.499925,3.405006
0.499980,3.405196
0.500035,3.405196
0.500091,3.405196
0.500146,3.405006
0.500202,3.405196
0.500257,3.405006
0.500313,3.405196
0.500368,3.405196
0.500424,3.405006
0.500479,3.405006
0.500534,3.405196
0.500590,3.405196
0.500645,3.405006
0.500701,3.405006
0.500756,3.405006
0.500812,3.405196
0.500867,3.405006
0.500923,3.405006
0.500978,3.405006
0.501033,3.405196
0.501089,3.405196
0.501144,3.405006
0.501200,3.405006
0.501255,3.405006
0.501311,3.405006
0.501366,3.405006
0.501422,3.405006
0.501477,3.405196
0.501532,3.405006
0.501588,3.405006
0.501643,3.405006
0.501699,3.405196
0.501754,3.405006
0.501810,3.405006
0.501865,3.405006
0.501921,3.405006
0.501976,3.405006
0.502031,3.405196
0.502087,3.405006
0.502142,3.405006
0.502198,3.405006
0.502253,3.405006
0.502309,3.405006
0.502364,3.405006
0.502419,3.405006
0.502475,3.405196
0.502530,3.405006
0.502586,3.405196
0.502641,3.405006
0.502697,3.405006
0.502752,3.405006
0.502808,3.405006
0.502863,3.405006
0.502918,3.405006
0.502974,3.405006
0.503029,3.405006
0.503085,3.405006
0.503140,3.405006
0.503196,3.405006
0.503251,3.405006
0.503307,3.405006
0.503362,3.405006
0.503417,3.405006
0.503473,3.405006
0.503528,3.405006
0.503584,3.405006
0.503639,3.405006
0.503695,3.405006
0.503750,3.405006
0.503806,3.405006
0.503861,3.405006
0.503916,3.405006
0.503972,3.405006
0.504027,3.405006
0.504083,3.405006
0.504138,3.405006
0.504194,3.405006
0.504249,3.405006
0.504305,3.405006
0.504360,3.405006
0.504415,3.405006
0.504471,3.405006
0.504526,3.405006
0.504582,3.405006
0.504637,3.405006
0.504693,3.405006
0.504748,3.405006
0.504803,3.405006
0.504859,3.405006
0.504914,3.405006
0.504970,3.405006
0.505025,3.404815
0.505081,3.405006
0.505136,3.405006
0.505192,3.405006
0.505247,3.405006
0.505302,3.405006
0.505358,3.405006
0.505413,3.405006
0.505469,3.405006
0.505524,3.405006
0.505580,3.405006
0.505635,3.405006
0.505691,3.405006
0.505746,3.405006
0.505801,3.405006
0.505857,3.405006
0.505912,3.405006
0.505968,3.405006
0.506023,3.405006
0.506079,3.405006
0.506134,3.405006
0.506190,3.405006
0.506245,3.405006
0.506300,3.405006
0.506356,3.405006
0.506411,3.405006
0.506467,3.405006
0.506522,3.405006
0.506578,3.405006
0.506633,3.405006
0.506688,3.405006
0.506744,3.405006
0.506799,3.405006
0.506855,3.405006
0.506910,3.405006
0.506966,3.405006
0.507021,3.405006
0.507077,3.405006
0.507132,3.405006
0.507187,3.405006
0.507243,3.405006
0.507298,3.405006
0.507354,3.405006
0.507409,3.405006
0.507465,3.405006
0.507520,3.405006
0.507576,3.405006
0.507631,3.405006
0.507686,3.405006
0.507742,3.405006
0.507797,3.405006
0.507853,3.405006
0.507908,3.405006
0.507964,3.405006
0.508019,3.405006
0.508075,3.405006
0.508130,3.405006
0.508185,3.405006
0.508241,3.405006
0.508296,3.405006
0.508352,3.405006
0.508407,3.405006
0.508463,3.405006
0.508518,3.405006
0.508573,3.405006
0.508629,3.405006
0.508684,3.405006
0.508740,3.405006
0.508795,3.404815
0.508851,3.405006
0.508906,3.405006
0.508962,3.405006
0.509017,3.404815
0.509072,3.405006
0.509128,3.405006
0.509183,3.405006
0.509239,3.405006
0.509294,3.405006
0.509350,3.405006
0.509405,3.404815
0.509461,3.405006
0.509516,3.405006
0.509571,3.405006
0.509627,3.405006
0.509682,3.405006
0.509738,3.405006
0.509793,3.404815
0.509849,3.405006
0.509904,3.404815
0.509960,3.404815
0.510015,3.405006
0.510070,3.404815
0.510126,3.405006
0.510181,3.405006
0.510237,3.404815
0.510292,3.405006
0.510348,3.405006
0.510403,3.405006
0.510458,3.404815
0.510514,3.404815
0.510569,3.405006
0.510625,3.404815
0.510680,3.404815
0.510736,3.404815
0.510791,3.404815
0.510847,3.404815
0.510902,3.404815
0.510957,3.404815
0.511013,3.404815
0.511068,3.405006
0.511124,3.404815
0.511179,3.405006
0.511235,3.405006
0.511290,3.404815
0.511346,3.405006
0.511401,3.404815
0.511456,3.404815
0.511512,3.404815
0.511567,3.404815
0.511623,3.404815
0.511678,3.404815
0.511734,3.404815
0.511789,3.405006
0.511845,3.404815
0.511900,3.404815
0.511955,3.404815
0.512011,3.404815
0.512066,3.404815
0.512122,3.404815
0.512177,3.404815
0.512233,3.404815
0.512288,3.404815
0.512343,3.404815
0.512399,3.404815
0.512454,3.404815
0.512510,3.404815
0.512565,3.404815
0.512621,3.404815
0.512676,3.404815
0.512732,3.404815
0.512787,3.405006
0.512842,3.404815
0.512898,3.405006
0.512953,3.404815
0.513009,3.405006
0.513064,3.404815
0.513120,3.404815
0.513175,3.404815
0.513231,3.404815
0.513286,3.404815
0.513341,3.404815
0.513397,3.404815
0.513452,3.404815
0.513508,3.404815
0.513563,3.404815
0.513619,3.404815
0.513674,3.404815
0.513729,3.405006
0.513785,3.404815
0.513840,3.404815
0.513896,3.404815
0.513951,3.404815
0.514007,3.404815
0.514062,3.404815
0.514118,3.404815
0.514173,3.404815
0.514228,3.404815
0.514284,3.404815
0.514339,3.404815
0.514395,3.404815
0.514450,3.404815
0.514506,3.404815
0.514561,3.404815
0.514617,3.404815
0.514672,3.404815
0.514727,3.404815
0.514783,3.404815
0.514838,3.404815
0.514894,3.404815
0.514949,3.404815
0.515005,3.404815
0.515060,3.404815
0.515116,3.404815
0.515171,3.404815
0.515226,3.404815
0.515282,3.404815
0.515337,3.404815
0.515393,3.404815
0.515448,3.404815
0.515504,3.404815
0.515559,3.404815
0.515615,3.404815
0.515670,3.404815
0.515725,3.404815
0.515781,3.404815
0.515836,3.404815
0.515892,3.404815
0.515947,3.404815
0.516003,3.404815
0.516058,3.404815
0.516114,3.404815
0.516169,3.404815
0.516225,3.404815
0.516280,3.404815
0.516335,3.404815
0.516391,3.404815
0.516446,3.404815
0.516502,3.404815
0.516557,3.404815
0.516613,3.404815
0.516668,3.404815
0.516724,3.404815
0.516779,3.404815
0.516834,3.404815
0.516890,3.404815
0.516945,3.404815
0.517001,3.404815
0.517056,3.404815
0.517112,3.404815
0.517167,3.404815
0.517223,3.404815
0.517278,3.404815
0.517333,3.404815
0.517389,3.404815
0.517444,3.404815
0.517500,3.404815
0.517555,3.404815
0.517611,3.404815
0.517666,3.404815
0.517722,3.404815
0.517777,3.404815
0.517832,3.404815
0.517888,3.404815
0.517943,3.404815
0.517999,3.404815
0.518054,3.404815
0.518110,3.404815
0.518165,3.404815
0.518221,3.404815
0.518276,3.404815
0.518331,3.404815
0.518387,3.404815
0.518442,3.404815
0.518498,3.404815
0.518553,3.404815
0.518609,3.404815
0.518664,3.404815
0.518719,3.404815
0.518775,3.404815
0.518830,3.404815
0.518886,3.404815
0.518941,3.404815
0.518997,3.404624
0.519052,3.404815
0.519108,3.404815
0.519163,3.404624
0.519218,3.404624
0.519274,3.404624
0.519329,3.404815
0.519385,3.404624
0.519440,3.404624
0.519496,3.404815
0.519551,3.404815
0.519607,3.404815
0.519662,3.404815
0.519717,3.404624
0.519773,3.404815
0.519828,3.404624
0.519884,3.404815
0.519939,3.404815
0.519995,3.404815
0.520050,3.404815
0.520105,3.404815
0.520161,3.404624
0.520216,3.404815
0.520272,3.404815
0.520327,3.404624
0.520383,3.404624
0.520438,3.404815
0.520494,3.404624
0.520549,3.404815
0.520604,3.404815
0.520660,3.404624
0.520715,3.404624
0.520771,3.404624
0.520826,3.404624
0.520882,3.404624
0.520937,3.404815
0.520993,3.404624
0.521048,3.404815
0.521103,3.404815
0.521159,3.404624
0.521214,3.404624
0.521270,3.404815
0.521325,3.404624
0.521381,3.404624
0.521436,3.404624
0.521492,3.404815
0.521547,3.404624
0.521602,3.404624
0.521658,3.404624
0.521713,3.404624
0.521769,3.404815
0.521824,3.404624
0.521880,3.404815
0.521935,3.404624
0.521990,3.404624
0.522046,3.404624
0.522101,3.404624
0.522157,3.404624
0.522212,3.404624
0.522268,3.404624
0.522323,3.404815
0.522379,3.404624
0.522434,3.404624
0.522489,3.404624
0.522545,3.404624
0.522600,3.404624
0.522656,3.404624
0.522711,3.404815
0.522767,3.404624
0.522822,3.404624
0.522877,3.404624
0.522933,3.404624
0.522988,3.404624
0.523044,3.404624
0.523099,3.404624
0.523155,3.404624
0.523210,3.404624
0.523266,3.404624
0.523321,3.404624
0.523376,3.404624
0.523432,3.404624
0.523487,3.404624
0.523543,3.404624
0.523598,3.404624
0.523654,3.404624
0.523709,3.404624
0.523765,3.404624
0.523820,3.404624
0.523875,3.404624
0.523931,3.404624
0.523986,3.404624
0.524042,3.404624
0.524097,3.404624
0.524153,3.404624
0.524208,3.404624
0.524264,3.404624
0.524319,3.404624
0.524374,3.404624
0.524430,3.404624
0.524485,3.404624
0.524541,3.404624
0.524596,3.404624
0.524652,3.404624
0.524707,3.404624
0.524762,3.404624
0.524818,3.404624
0.524873,3.404624
0.524929,3.404624
0.524984,3.404624
0.525040,3.404624
0.525095,3.404624
0.525151,3.404624
0.525206,3.404624
0.525261,3.404624
0.525317,3.404624
0.525372,3.404624
0.525428,3.404624
0.525483,3.404624
0.525539,3.404624
0.525594,3.404624
0.525650,3.404624
0.525705,3.404624
0.525760,3.404624
0.525816,3.404624
0.525871,3.404624
0.525927,3.404624
0.525982,3.404624
0.526038,3.404624
0.526093,3.404624
0.526149,3.404624
0.526204,3.404624
0.526259,3.404624
0.526315,3.404624
0.526370,3.404624
0.526426,3.404624
0.526481,3.404624
0.526537,3.404624
0.526592,3.404624
0.526648,3.404624
0.526703,3.404624
0.526758,3.404434
0.526814,3.404624
0.526869,3.404624
0.526925,3.404624
0.526980,3.404624
0.527036,3.404624
0.527091,3.404624
0.527147,3.404624
0.527202,3.404624
0.527257,3.404624
0.527313,3.404624
0.527368,3.404624
0.527424,3.404624
0.527479,3.404624
0.527535,3.404434
0.527590,3.404624
0.527645,3.404434
0.527701,3.404624
0.527756,3.404624
0.527812,3.404624
0.527867,3.404624
0.527923,3.404624
0.527978,3.404434
0.528034,3.404624
0.528089,3.404624
0.528144,3.404434
0.528200,3.404624
0.528255,3.404434
0.528311,3.404434
0.528366,3.404434
0.528422,3.404624
0.528477,3.404434
0.528533,3.404434
0.528588,3.404624
0.528643,3.404434
0.528699,3.404624
0.528754,3.404434
0.528810,3.404434
0.528865,3.404434
0.528921,3.404434
0.528976,3.404624
0.529032,3.404434
0.529087,3.404434
0.529142,3.404624
0.529198,3.404434
0.529253,3.404434
0.529309,3.404434
0.529364,3.404434
0.529420,3.404434
0.529475,3.404624
0.529531,3.404624
0.529586,3.404434
0.529641,3.404434
0.529697,3.404434
0.529752,3.404434
0.529808,3.404434
0.529863,3.404434
0.529919,3.404434
0.529974,3.404624
0.530030,3.404434
0.530085,3.404434
0.530140,3.404434
0.530196,3.404434
0.530251,3.404624
0.530307,3.404434
0.530362,3.404434
0.530418,3.404434
0.530473,3.404434
0.530529,3.404434
0.530584,3.404434
0.530639,3.404243
0.530695,3.404434
0.530750,3.404434
0.530806,3.404434
0.530861,3.404434
0.530917,3.404434
0.530972,3.404434
0.531028,3.404243
0.531083,3.404434
0.531138,3.404434
0.531194,3.404434
0.531249,3.404434
0.531305,3.404434
0.531360,3.404434
0.531416,3.404434
0.531471,3.404434
0.531527,3.404434
0.531582,3.404434
0.531637,3.404434
0.531693,3.404434
0.531748,3.404434
0.531804,3.404243
0.531859,3.404434
0.531915,3.404434
0.531970,3.404434
0.532026,3.404434
0.532081,3.404434
0.532136,3.404434
0.532192,3.404243
0.532247,3.404434
0.532303,3.404434
0.532358,3.404434
0.532414,3.404434
0.532469,3.404434
0.532524,3.404434
0.532580,3.404243
0.532635,3.404434
0.532691,3.404434
0.532746,3.404243
0.532802,3.404434
0.532857,3.404434
0.532913,3.404434
0.532968,3.404434
0.533023,3.404434
0.533079,3.404243
0.533134,3.404434
0.533190,3.404434
0.533245,3.404434
0.533301,3.404243
0.533356,3.404434
0.533412,3.404434
0.533467,3.404434
0.533522,3.404243
0.533578,3.404243
0.533633,3.404434
0.533689,3.404434
0.533744,3.404434
0.533800,3.404243
0.533855,3.404243
0.533911,3.404434
0.533966,3.404434
0.534021,3.404434
0.534077,3.404434
0.534132,3.404243
0.534188,3.404243
0.534243,3.404434
0.534299,3.404434
0.534354,3.404243
0.534410,3.404434
0.534465,3.404243
0.534520,3.404243
0.534576,3.404434
0.534631,3.404434
0.534687,3.404434
0.534742,3.404243
0.534798,3.404434
0.534853,3.404243
0.534908,3.404243
0.534964,3.404243
0.535019,3.404434
0.535075,3.404243
0.535130,3.404243
0.535186,3.404243
0.535241,3.404243
0.535297,3.404243
0.535352,3.404243
0.535407,3.404434
0.535463,3.404243
0.535518,3.404243
0.535574,3.404243
0.535629,3.404243
0.535685,3.404243
0.535740,3.404243
0.535796,3.404243
0.535851,3.404243
0.535906,3.404243
0.535962,3.404434
0.536017,3.404243
0.536073,3.404243
0.536128,3.404434
0.536184,3.404243
0.536239,3.404243
0.536295,3.404243
0.536350,3.404243
0.536405,3.404243
0.536461,3.404434
0.536516,3.404243
0.536572,3.404243
0.536627,3.404434
0.536683,3.404243
0.536738,3.404243
0.536794,3.404243
0.536849,3.404243
0.536904,3.404243
0.536960,3.404243
0.537015,3.404243
0.537071,3.404243
0.537126,3.404243
0.537182,3.404243
0.537237,3.404243
0.537293,3.404243
0.537348,3.404053
0.537403,3.404243
0.537459,3.404243
0.537514,3.404243
0.537570,3.404243
0.537625,3.404243
0.537681,3.404243
0.537736,3.404243
0.537792,3.404243
0.537847,3.404243
0.537902,3.404243
0.537958,3.404243
0.538013,3.404243
0.538069,3.404053
0.538124,3.404243
0.538180,3.404243
0.538235,3.404243
0.538291,3.404243
0.538346,3.404243
0.538401,3.404243
0.538457,3.404243
0.538512,3.404243
0.538568,3.404243
0.538623,3.404243
0.538679,3.404243
0.538734,3.404243
0.538790,3.404243
0.538845,3.404243
0.538900,3.404243
0.538956,3.404243
0.539011,3.404243
0.539067,3.404243
0.539122,3.404243
0.539178,3.404243
0.539233,3.404053
0.539289,3.404243
0.539344,3.404243
0.539399,3.404243
0.539455,3.404243
0.539510,3.404053
0.539566,3.404243
0.539621,3.404053
0.539677,3.404243
0.539732,3.404243
0.539788,3.404243
0.539843,3.404243
0.539898,3.404053
0.539954,3.404243
0.540009,3.404053
0.540065,3.404243
0.540120,3.404243
0.540176,3.404053
0.540231,3.404243
0.540286,3.404243
0.540342,3.404243
0.540397,3.404243
0.540453,3.404053
0.540508,3.404053
0.540564,3.404053
0.540619,3.404053
0.540675,3.404053
0.540730,3.404243
0.540786,3.404053
0.540841,3.404053
0.540896,3.404243
0.540952,3.404243
0.541007,3.404243
0.541063,3.404243
0.541118,3.404243
0.541174,3.404053
0.541229,3.404243
0.541284,3.404053
0.541340,3.404053
0.541395,3.404053
0.541451,3.404053
0.541506,3.404053
0.541562,3.404053
0.541617,3.404053
0.541673,3.404053
0.541728,3.404243
0.541783,3.404243
0.541839,3.404053
0.541894,3.404053
0.541950,3.404053
0.542005,3.404053
0.542061,3.404053
0.542116,3.404053
0.542172,3.404053
0.542227,3.404053
0.542282,3.404053
0.542338,3.404053
0.542393,3.404053
0.542449,3.404243
0.542504,3.404053
0.542560,3.404053
0.542615,3.404053
0.542671,3.404053
0.542726,3.404053
0.542781,3.404053
0.542837,3.404053
0.542892,3.404053
0.542948,3.404053
0.543003,3.404053
0.543059,3.404053
0.543114,3.404053
0.543170,3.404053
0.543225,3.404053
0.543280,3.404053
0.543336,3.404053
0.543391,3.404053
0.543447,3.404053
0.543502,3.404053
0.543558,3.404053
0.543613,3.404053
0.543668,3.404053
0.543724,3.404053
0.543779,3.404053
0.543835,3.404053
0.543890,3.404053
0.543946,3.404243
0.544001,3.404053
0.544057,3.404243
0.544112,3.404053
0.544167,3.404053
0.544223,3.404053
0.544278,3.404053
0.544334,3.404053
0.544389,3.404053
0.544445,3.404053
0.544500,3.404053
0.544556,3.404053
0.544611,3.404053
0.544666,3.404053
0.544722,3.404053
0.544777,3.404053
0.544833,3.404053
0.544888,3.404053
0.544944,3.404053
0.544999,3.404053
0.545055,3.404053
0.545110,3.404053
0.545165,3.404053
0.545221,3.404053
0.545276,3.404053
0.545332,3.404053
0.545387,3.404053
0.545443,3.404053
0.545498,3.404053
0.545554,3.404053
0.545609,3.404053
0.545664,3.404053
0.545720,3.404053
0.545775,3.404053
0.545831,3.404053
0.545886,3.404053
0.545942,3.404053
0.545997,3.404053
0.546053,3.404053
0.546108,3.404053
0.546163,3.404053
0.546219,3.404053
0.546274,3.404053
0.546330,3.404053
0.546385,3.404053
0.546441,3.404053
0.546496,3.404053
0.546552,3.404053
0.546607,3.404053
0.546662,3.404053
0.546718,3.404053
0.546773,3.404053
0.546829,3.404053
0.546884,3.404053
0.546940,3.404053
0.546995,3.404053
0.547051,3.404053
0.547106,3.404053
0.547161,3.404053
0.547217,3.404053
0.547272,3.404053
0.547328,3.404053
0.547383,3.404053
0.547439,3.404053
0.547494,3.404053
0.547549,3.404053
0.547605,3.404053
0.547660,3.404053
0.547716,3.404053
0.547771,3.404053
0.547827,3.404053
0.547882,3.404053
0.547938,3.404053
0.547993,3.404053
0.548048,3.404053
0.548104,3.404053
0.548159,3.404053
0.548215,3.404053
0.548270,3.404053
0.548326,3.404053
0.548381,3.404053
0.548437,3.404053
0.548492,3.404053
0.548547,3.404053
0.548603,3.404053
0.548658,3.404053
0.548714,3.404053
0.548769,3.404053
0.548825,3.404053
0.548880,3.404053
0.548936,3.404053
0.548991,3.404053
0.549046,3.404053
0.549102,3.404053
0.549157,3.404053
0.549213,3.404053
0.549268,3.404053
0.549324,3.404053
0.549379,3.404053
0.549435,3.404053
0.549490,3.404053
0.549545,3.404053
0.549601,3.404053
0.549656,3.404053
0.549712,3.404053
0.549767,3.404053
0.549823,3.404053
0.549878,3.404053
0.549934,3.404053
0.549989,3.403862
0.550044,3.404053
0.550100,3.404053
0.550155,3.404053
0.550211,3.404053
0.550266,3.404053
0.550322,3.404053
0.550377,3.404053
0.550432,3.404053
0.550488,3.404053
0.550543,3.404053
0.550599,3.404053
0.550654,3.404053
0.550710,3.404053
0.550765,3.404053
0.550821,3.404053
0.550876,3.404053
0.550931,3.404053
0.550987,3.404053
0.551042,3.404053
0.551098,3.404053
0.551153,3.404053
0.551209,3.404053
0.551264,3.403862
0.551320,3.404053
0.551375,3.404053
0.551430,3.404053
0.551486,3.404053
0.551541,3.404053
0.551597,3.404053
0.551652,3.404053
0.551708,3.403862
0.551763,3.403862
0.551819,3.404053
0.551874,3.404053
0.551929,3.404053
0.551985,3.404053
0.552040,3.404053
0.552096,3.404053
0.552151,3.404053
0.552207,3.404053
0.552262,3.404053
0.552318,3.404053
0.552373,3.404053
0.552428,3.404053
0.552484,3.404053
0.552539,3.404053
0.552595,3.404053
0.552650,3.404053
0.552706,3.404053
0.552761,3.404053
0.552817,3.404053
0.552872,3.404053
0.552927,3.404053
0.552983,3.403862
0.553038,3.403862
0.553094,3.403862
0.553149,3.404053
0.553205,3.404053
0.553260,3.404053
0.553316,3.403862
0.553371,3.403862
0.553426,3.404053
0.553482,3.404053
0.553537,3.404053
0.553593,3.404053
0.553648,3.404053
0.553704,3.404053
0.553759,3.403862
0.553815,3.403862
0.553870,3.404053
0.553925,3.403862
0.553981,3.403862
0.554036,3.404053
0.554092,3.404053
0.554147,3.404053
0.554203,3.404053
0.554258,3.404053
0.554314,3.403862
0.554369,3.404053
0.554424,3.404053
0.554480,3.404053
0.554535,3.403862
0.554591,3.403862
0.554646,3.403862
0.554702,3.403862
0.554757,3.404053
0.554812,3.403862
0.554868,3.404053
0.554923,3.404053
0.554979,3.404053
0.555034,3.404053
0.555090,3.403862
0.555145,3.403862
0.555201,3.403862
0.555256,3.404053
0.555311,3.403862
0.555367,3.404053
0.555422,3.403862
0.555478,3.403862
0.555533,3.403862
0.555589,3.403862
0.555644,3.403862
0.555700,3.403862
0.555755,3.403862
0.555810,3.403862
0.555866,3.403862
0.555921,3.403862
0.555977,3.403862
0.556032,3.403862
0.556088,3.403862
0.556143,3.403862
0.556199,3.403862
0.556254,3.403862
0.556309,3.403862
0.556365,3.403862
0.556420,3.403862
0.556476,3.403862
0.556531,3.403862
0.556587,3.403862
0.556642,3.403862
0.556698,3.403862
0.556753,3.403862
0.556808,3.403862
0.556864,3.403862
0.556919,3.403862
0.556975,3.403862
0.557030,3.403862
0.557086,3.403862
0.557141,3.403862
0.557197,3.403862
0.557252,3.403862
0.557307,3.403862
0.557363,3.403862
0.557418,3.403862
0.557474,3.403862
0.557529,3.403862
0.557585,3.403862
0.557640,3.403862
0.557696,3.403862
0.557751,3.403862
0.557806,3.403862
0.557862,3.403862
0.557917,3.403862
0.557973,3.403862
0.558028,3.403862
0.558084,3.403862
0.558139,3.403862
0.558195,3.403862
0.558250,3.403862
0.558305,3.403862
0.558361,3.403862
0.558416,3.403862
0.558472,3.403862
0.558527,3.403862
0.558583,3.403862
0.558638,3.403862
0.558693,3.403862
0.558749,3.403862
0.558804,3.403862
0.558860,3.403862
0.558915,3.403862
0.558971,3.403862
0.559026,3.403862
0.559082,3.403862
0.559137,3.403862
0.559192,3.403862
0.559248,3.403862
0.559303,3.403862
0.559359,3.403862
0.559414,3.403862
0.559470,3.403862
0.559525,3.403862
0.559581,3.403862
0.559636,3.403862
0.559691,3.403862
0.559747,3.403862
0.559802,3.403862
0.559858,3.403862
0.559913,3.403862
0.559969,3.403862
0.560024,3.403862
0.560080,3.403862
0.560135,3.403862
0.560190,3.403862
0.560246,3.403862
0.560301,3.403862
0.560357,3.403862
0.560412,3.403862
0.560468,3.403862
0.560523,3.403862
0.560579,3.403862
0.560634,3.403862
0.560689,3.403862
0.560745,3.403862
0.560800,3.403862
0.560856,3.403862
0.560911,3.403862
0.560967,3.403862
0.561022,3.403862
0.561078,3.403862
0.561133,3.403862
0.561188,3.403862
0.561244,3.403862
0.561299,3.403862
0.561355,3.403862
0.561410,3.403862
0.561466,3.403862
0.561521,3.403862
0.561577,3.403862
0.561632,3.403862
0.561687,3.403862
0.561743,3.403862
0.561798,3.403862
0.561854,3.403862
0.561909,3.403862
0.561965,3.403862
0.562020,3.403862
0.562076,3.403672
0.562131,3.403862
0.562186,3.403862
0.562242,3.403862
0.562297,3.403862
0.562353,3.403862
0.562408,3.403862
0.562464,3.403862
0.562519,3.403862
0.562575,3.403862
0.562630,3.403862
0.562685,3.403862
0.562741,3.403862
0.562796,3.403862
0.562852,3.403672
0.562907,3.403672
0.562963,3.403862
0.563018,3.403862
0.563074,3.403862
0.563129,3.403862
0.563184,3.403862
0.563240,3.403862
0.563295,3.403862
0.563351,3.403862
0.563406,3.403672
0.563462,3.403862
0.563517,3.403672
0.563573,3.403862
0.563628,3.403672
0.563683,3.403862
0.563739,3.403862
0.563794,3.403672
0.563850,3.403672
0.563905,3.403862
0.563961,3.403672
0.564016,3.403672
0.564072,3.403672
0.564127,3.403672
0.564182,3.403862
0.564238,3.403862
0.564293,3.403672
0.564349,3.403672
0.564404,3.403862
0.564460,3.403672
0.564515,3.403862
0.564571,3.403862
0.564626,3.403672
0.564681,3.403672
0.564737,3.403672
0.564792,3.403862
0.564848,3.403672
0.564903,3.403672
0.564959,3.403862
0.565014,3.403672
0.565070,3.403672
0.565125,3.403862
0.565180,3.403672
0.565236,3.403862
0.565291,3.403862
0.565347,3.403862
0.565402,3.403862
0.565458,3.403672
0.565513,3.403672
0.565569,3.403672
0.565624,3.403672
0.565679,3.403672
0.565735,3.403672
0.565790,3.403672
0.565846,3.403672
0.565901,3.403672
0.565957,3.403672
0.566012,3.403672
0.566068,3.403672
0.566123,3.403672
0.566178,3.403672
0.566234,3.403672
0.566289,3.403672
0.566345,3.403672
0.566400,3.403672
0.566456,3.403672
0.566511,3.403672
0.566567,3.403672
0.566622,3.403672
0.566678,3.403672
0.566733,3.403672
0.566788,3.403672
0.566844,3.403672
0.566899,3.403672
0.566955,3.403672
0.567010,3.403862
0.567066,3.403672
0.567121,3.403672
0.567177,3.403672
0.567232,3.403672
0.567287,3.403672
0.567343,3.403672
0.567398,3.403672
0.567454,3.403672
0.567509,3.403672
0.567565,3.403672
0.567620,3.403672
0.567675,3.403672
0.567731,3.403672
0.567786,3.403672
0.567842,3.403672
0.567897,3.403672
0.567953,3.403672
0.568008,3.403672
0.568064,3.403672
0.568119,3.403672
0.568175,3.403672
0.568230,3.403672
0.568285,3.403672
0.568341,3.403672
0.568396,3.403672
0.568452,3.403672
0.568507,3.403672
0.568563,3.403672
0.568618,3.403672
0.568674,3.403672
0.568729,3.403672
0.568784,3.403672
0.568840,3.403672
0.568895,3.403672
0.568951,3.403672
0.569006,3.403672
0.569062,3.403672
0.569117,3.403672
0.569172,3.403672
0.569228,3.403672
0.569283,3.403672
0.569339,3.403672
0.569394,3.403672
0.569450,3.403672
0.569505,3.403481
0.569561,3.403672
0.569616,3.403672
0.569671,3.403672
0.569727,3.403672
0.569782,3.403481
0.569838,3.403672
0.569893,3.403672
0.569949,3.403672
0.570004,3.403672
0.570060,3.403672
0.570115,3.403672
0.570170,3.403672
0.570226,3.403672
0.570281,3.403672
0.570337,3.403672
0.570392,3.403672
0.570448,3.403672
0.570503,3.403672
0.570559,3.403672
0.570614,3.403672
0.570669,3.403672
0.570725,3.403481
0.570780,3.403672
0.570836,3.403672
0.570891,3.403672
0.570947,3.403672
0.571002,3.403672
0.571058,3.403672
0.571113,3.403672
0.571168,3.403672
0.571224,3.403672
0.571279,3.403672
0.571335,3.403672
0.571390,3.403672
0.571446,3.403672
0.571501,3.403481
0.571557,3.403481
0.571612,3.403672
0.571667,3.403672
0.571723,3.403672
0.571778,3.403672
0.571834,3.403672
0.571889,3.403672
0.571945,3.403672
0.572000,3.403672
0.572056,3.403672
0.572111,3.403672
0.572166,3.403672
0.572222,3.403672
0.572277,3.403672
0.572333,3.403672
0.572388,3.403481
0.572444,3.403672
0.572499,3.403672
0.572555,3.403672
0.572610,3.403481
0.572665,3.403672
0.572721,3.403672
0.572776,3.403672
0.572832,3.403672
0.572887,3.403481
0.572943,3.403672
0.572998,3.403672
0.573054,3.403672
0.573109,3.403672
0.573164,3.403672
0.573220,3.403672
0.573275,3.403672
0.573331,3.403672
0.573386,3.403672
0.573442,3.403481
0.573497,3.403672
0.573553,3.403672
0.573608,3.403672
0.573663,3.403672
0.573719,3.403481
0.573774,3.403672
0.573830,3.403672
0.573885,3.403481
0.573941,3.403672
0.573996,3.403481
0.574052,3.403672
0.574107,3.403481
0.574162,3.403481
0.574218,3.403672
0.574273,3.403481
0.574329,3.403481
0.574384,3.403481
0.574440,3.403481
0.574495,3.403481
0.574551,3.403672
0.574606,3.403672
0.574661,3.403481
0.574717,3.403672
0.574772,3.403481
0.574828,3.403481
0.574883,3.403481
0.574939,3.403672
0.574994,3.403481
0.575050,3.403481
0.575105,3.403481
0.575160,3.403672
0.575216,3.403481
0.575271,3.403481
0.575327,3.403481
0.575382,3.403481
0.575438,3.403481
0.575493,3.403481
0.575549,3.403481
0.575604,3.403481
0.575659,3.403481
0.575715,3.403481
0.575770,3.403481
0.575826,3.403481
0.575881,3.403481
0.575937,3.403481
0.575992,3.403481
0.576048,3.403481
0.576103,3.403481
0.576158,3.403481
0.576214,3.403481
0.576269,3.403481
0.576325,3.403481
0.576380,3.403481
0.576436,3.403481
0.576491,3.403481
0.576547,3.403481
0.576602,3.403481
0.576657,3.403481
0.576713,3.403481
0.576768,3.403481
0.576824,3.403672
0.576879,3.403481
0.576935,3.403481
0.576990,3.403481
0.577046,3.403481
0.577101,3.403481
0.577156,3.403481
0.577212,3.403481
0.577267,3.403481
0.577323,3.403481
0.577378,3.403481
0.577434,3.403481
0.577489,3.403481
0.577545,3.403481
0.577600,3.403481
0.577655,3.403481
0.577711,3.403481
0.577766,3.403481
0.577822,3.403481
0.577877,3.403481
0.577933,3.403481
0.577988,3.403481
0.578044,3.403481
0.578099,3.403481
0.578154,3.403481
0.578210,3.403481
0.578265,3.403481
0.578321,3.403481
0.578376,3.403481
0.578432,3.403481
0.578487,3.403481
0.578543,3.403481
0.578598,3.403481
0.578653,3.403481
0.578709,3.403481
0.578764,3.403481
0.578820,3.403481
0.578875,3.403481
0.578931,3.403481
0.578986,3.403481
0.579042,3.403481
0.579097,3.403481
0.579152,3.403481
0.579208,3.403481
0.579263,3.403481
0.579319,3.403481
0.579374,3.403481
0.579430,3.403481
0.579485,3.403481
0.579541,3.403481
0.579596,3.403481
0.579651,3.403481
0.579707,3.403481
0.579762,3.403481
0.579818,3.403481
0.579873,3.403481
0.579929,3.403481
0.579984,3.403481
0.580039,3.403481
0.580095,3.403481
0.580150,3.403481
0.580206,3.403481
0.580261,3.403481
0.580317,3.403481
0.580372,3.403481
0.580428,3.403481
0.580483,3.403481
0.580538,3.403481
0.580594,3.403481
0.580649,3.403481
0.580705,3.403481
0.580760,3.403481
0.580816,3.403481
0.580871,3.403481
0.580927,3.403481
0.580982,3.403481
0.581038,3.403481
0.581093,3.403481
0.581148,3.403481
0.581204,3.403481
0.581259,3.403481
0.581315,3.403290
0.581370,3.403290
0.581426,3.403481
0.581481,3.403290
0.581537,3.403481
0.581592,3.403481
0.581647,3.403481
0.581703,3.403481
0.581758,3.403481
0.581814,3.403481
0.581869,3.403481
0.581925,3.403481
0.581980,3.403481
0.582036,3.403481
0.582091,3.403290
0.582146,3.403481
0.582202,3.403290
0.582257,3.403481
0.582313,3.403290
0.582368,3.403290
0.582424,3.403290
0.582479,3.403481
0.582535,3.403481
0.582590,3.403481
0.582645,3.403290
0.582701,3.403290
0.582756,3.403290
0.582812,3.403481
0.582867,3.403481
0.582923,3.403481
0.582978,3.403481
0.583034,3.403481
0.583089,3.403481
0.583144,3.403481
0.583200,3.403290
0.583255,3.403481
0.583311,3.403290
0.583366,3.403290
0.583422,3.403290
0.583477,3.403481
0.583533,3.403481
0.583588,3.403481
0.583643,3.403290
0.583699,3.403290
0.583754,3.403290
0.583810,3.403481
0.583865,3.403481
0.583921,3.403481
0.583976,3.403290
0.584032,3.403290
0.584087,3.403481
0.584142,3.403481
0.584198,3.403290
0.584253,3.403481
0.584309,3.403290
0.584364,3.403481
0.584420,3.403290
0.584475,3.403290
0.584531,3.403481
0.584586,3.403290
0.584641,3.403290
0.584697,3.403290
0.584752,3.403290
0.584808,3.403481
0.584863,3.403290
0.584919,3.403290
0.584974,3.403290
0.585030,3.403290
0.585085,3.403290
0.585140,3.403290
0.585196,3.403290
0.585251,3.403290
0.585307,3.403290
0.585362,3.403290
0.585418,3.403290
0.585473,3.403290
0.585529,3.403290
0.585584,3.403290
0.585639,3.403290
0.585695,3.403290
0.585750,3.403290
0.585806,3.403290
0.585861,3.403290
0.585917,3.403290
0.585972,3.403290
0.586028,3.403290
0.586083,3.403290
0.586138,3.403290
0.586194,3.403290
0.586249,3.403290
0.586305,3.403290
0.586360,3.403290
0.586416,3.403290
0.586471,3.403290
0.586527,3.403290
0.586582,3.403290
0.586637,3.403290
0.586693,3.403290
0.586748,3.403290
0.586804,3.403290
0.586859,3.403290
0.586915,3.403290
0.586970,3.403290
0.587026,3.403290
0.587081,3.403290
0.587136,3.403290
0.587192,3.403290
0.587247,3.403290
0.587303,3.403290
0.587358,3.403290
0.587414,3.403290
0.587469,3.403290
0.587525,3.403290
0.587580,3.403290
0.587635,3.403290
0.587691,3.403290
0.587746,3.403290
0.587802,3.403290
0.587857,3.403290
0.587913,3.403290
0.587968,3.403290
0.588024,3.403290
0.588079,3.403290
0.588134,3.403290
0.588190,3.403290
0.588245,3.403290
0.588301,3.403290
0.588356,3.403290
0.588412,3.403290
0.588467,3.403290
0.588523,3.403290
0.588578,3.403290
0.588633,3.403290
0.588689,3.403290
0.588744,3.403290
0.588800,3.403290
0.588855,3.403290
0.588911,3.403290
0.588966,3.403290
0.589022,3.403290
0.589077,3.403290
0.589132,3.403290
0.589188,3.403290
0.589243,3.403290
0.589299,3.403290
0.589354,3.403290
0.589410,3.403290
0.589465,3.403290
0.589521,3.403290
0.589576,3.403290
0.589631,3.403290
0.589687,3.403290
0.589742,3.403290
0.589798,3.403290
0.589853,3.403290
0.589909,3.403290
0.589964,3.403290
0.590020,3.403100
0.590075,3.403100
0.590130,3.403290
0.590186,3.403100
0.590241,3.403290
0.590297,3.403290
0.590352,3.403290
0.590408,3.403290
0.590463,3.403100
0.590519,3.403290
0.590574,3.403290
0.590629,3.403290
0.590685,3.403290
0.590740,3.403100
0.590796,3.403290
0.590851,3.403290
0.590907,3.403100
0.590962,3.403290
0.591018,3.403290
0.591073,3.403290
0.591128,3.403290
0.591184,3.403100
0.591239,3.403290
0.591295,3.403290
0.591350,3.403290
0.591406,3.403290
0.591461,3.403290
0.591517,3.403100
0.591572,3.403100
0.591627,3.403290
0.591683,3.403290
0.591738,3.403290
0.591794,3.403290
0.591849,3.403100
0.591905,3.403290
0.591960,3.403100
0.592016,3.403100
0.592071,3.403100
0.592127,3.403100
0.592182,3.403100
0.592237,3.403290
0.592293,3.403100
0.592348,3.403290
0.592404,3.403100
0.592459,3.403100
0.592515,3.403100
0.592570,3.403100
0.592626,3.403100
0.592681,3.403100
0.592736,3.403290
0.592792,3.403100
0.592847,3.403100
0.592903,3.403100
0.592958,3.403100
0.593014,3.403100
0.593069,3.403100
0.593125,3.403100
0.593180,3.403290
0.593235,3.403100
0.593291,3.403100
0.593346,3.403100
0.593402,3.403100
0.593457,3.403100
0.593513,3.403290
0.593568,3.403100
0.593624,3.403100
0.593679,3.403100
0.593734,3.403100
0.593790,3.403100
0.593845,3.403100
0.593901,3.403100
0.593956,3.403100
0.594012,3.403100
0.594067,3.403100
0.594123,3.403100
0.594178,3.403100
0.594233,3.403100
0.594289,3.403100
0.594344,3.403100
0.594400,3.403100
0.594455,3.403100
0.594511,3.403100
0.594566,3.403100
0.594622,3.403100
0.594677,3.403100
0.594732,3.403100
0.594788,3.403100
0.594843,3.403100
0.594899,3.403100
0.594954,3.403100
0.595010,3.403100
0.595065,3.403100
0.595121,3.403100
0.595176,3.403100
0.595231,3.403100
0.595287,3.403100
0.595342,3.403100
0.595398,3.403100
0.595453,3.403100
0.595509,3.403100
0.595564,3.403100
0.595620,3.403100
0.595675,3.403100
0.595730,3.403100
0.595786,3.403100
0.595841,3.403100
0.595897,3.403100
0.595952,3.403100
0.596008,3.403100
0.596063,3.403100
0.596119,3.403100
0.596174,3.403100
0.596229,3.403100
0.596285,3.403100
0.596340,3.403100
0.596396,3.403100
0.596451,3.403100
0.596507,3.403100
0.596562,3.403100
0.596618,3.403100
0.596673,3.403100
0.596728,3.403100
0.596784,3.403100
0.596839,3.403100
0.596895,3.403100
0.596950,3.403100
0.597006,3.403100
0.597061,3.403100
0.597117,3.403100
0.597172,3.403100
0.597228,3.403100
0.597283,3.403100
0.597338,3.403100
0.597394,3.403100
0.597449,3.403100
0.597505,3.403100
0.597560,3.403100
0.597616,3.403100
0.597671,3.403100
0.597727,3.403100
0.597782,3.403100
0.597837,3.403100
0.597893,3.403100
0.597948,3.403100
0.598004,3.403100
0.598059,3.403100
0.598115,3.403100
0.598170,3.403100
0.598226,3.403100
0.598281,3.403100
0.598336,3.403100
0.598392,3.403100
0.598447,3.403100
0.598503,3.403100
0.598558,3.403100
0.598614,3.403100
0.598669,3.403100
0.598725,3.403100
0.598780,3.402909
0.598835,3.403100
0.598891,3.403100
0.598946,3.403100
0.599002,3.403100
0.599057,3.403100
0.599113,3.403100
0.599168,3.403100
0.599224,3.403100
0.599279,3.403100
0.599334,3.403100
0.599390,3.403100
0.599445,3.403100
0.599501,3.403100
0.599556,3.402909
0.599612,3.403100
0.599667,3.403100
0.599723,3.402909
0.599778,3.403100
0.599833,3.402909
0.599889,3.403100
0.599944,3.402909
0.600000,3.403100
0.600055,3.402909
0.600111,3.402909
0.600166,3.402909
0.600222,3.402909
0.600277,3.402909
0.600332,3.402909
0.600388,3.402909
0.600443,3.402909
0.600499,3.403100
0.600554,3.402909
0.600610,3.402909
0.600665,3.403100
0.600721,3.402909
0.600776,3.402909
0.600831,3.402909
0.600887,3.402909
0.600942,3.402909
0.600998,3.402909
0.601053,3.402909
0.601109,3.402909
0.601164,3.403100
0.601220,3.403100
0.601275,3.402909
0.601330,3.402909
0.601386,3.403100
0.601441,3.402909
0.601497,3.402909
0.601552,3.402909
0.601608,3.402909
0.601663,3.402909
0.601719,3.402909
0.601774,3.402909
0.601830,3.402909
0.601885,3.402909
0.601940,3.402909
0.601996,3.402909
0.602051,3.402909
0.602107,3.402909
0.602162,3.402909
0.602218,3.402909
0.602273,3.402909
0.602329,3.402909
0.602384,3.402909
0.602439,3.402909
0.602495,3.402909
0.602550,3.402909
0.602606,3.402909
0.602661,3.402909
0.602717,3.402909
0.602772,3.402909
0.602828,3.402909
0.602883,3.402909
0.602938,3.402909
0.602994,3.402909
0.603049,3.402909
0.603105,3.402909
0.603160,3.402909
0.603216,3.402909
0.603271,3.402909
0.603327,3.402909
0.603382,3.402909
0.603437,3.402909
0.603493,3.402909
0.603548,3.402909
0.603604,3.402909
0.603659,3.402909
0.603715,3.402909
0.603770,3.402909
0.603826,3.402909
0.603881,3.402909
0.603936,3.402909
0.603992,3.402909
0.604047,3.402909
0.604103,3.402909
0.604158,3.402909
0.604214,3.402909
0.604269,3.402909
0.604325,3.402909
0.604380,3.402909
0.604435,3.402909
0.604491,3.402909
0.604546,3.402909
0.604602,3.402909
0.604657,3.402909
0.604713,3.402909
0.604768,3.402909
0.604824,3.402909
0.604879,3.402909
0.604934,3.402909
0.604990,3.402909
0.605045,3.402909
0.605101,3.402909
0.605156,3.402909
0.605212,3.402909
0.605267,3.402909
0.605323,3.402909
0.605378,3.402909
0.605433,3.402909
0.605489,3.402909
0.605544,3.402909
0.605600,3.402909
0.605655,3.402909
0.605711,3.402909
0.605766,3.402909
0.605822,3.402909
0.605877,3.402909
0.605932,3.402909
0.605988,3.402909
0.606043,3.402909
0.606099,3.402909
0.606154,3.402909
0.606210,3.402719
0.606265,3.402909
0.606321,3.402719
0.606376,3.402909
0.606431,3.402719
0.606487,3.402909
0.606542,3.402719
0.606598,3.402719
0.606653,3.402909
0.606709,3.402909
0.606764,3.402719
0.606820,3.402909
0.606875,3.402909
0.606930,3.402909
0.606986,3.402719
0.607041,3.402909
0.607097,3.402719
0.607152,3.402719
0.607208,3.402909
0.607263,3.402719
0.607319,3.402909
0.607374,3.402909
0.607429,3.402719
0.607485,3.402719
0.607540,3.402719
0.607596,3.402719
0.607651,3.402719
0.607707,3.402719
0.607762,3.402909
0.607818,3.402719
0.607873,3.402719
0.607928,3.402909
0.607984,3.402719
0.608039,3.402719
0.608095,3.402909
0.608150,3.402719
0.608206,3.402909
0.608261,3.402719
0.608317,3.402719
0.608372,3.402719
0.608428,3.402719
0.608483,3.402719
0.608538,3.402719
0.608594,3.402719
0.608649,3.402719
0.608705,3.402719
0.608760,3.402719
0.608816,3.402909
0.608871,3.402719
0.608927,3.402719
0.608982,3.402719
0.609037,3.402719
0.609093,3.402719
0.609148,3.402719
0.609204,3.402719
0.609259,3.402719
0.609315,3.402719
0.609370,3.402719
0.609426,3.402719
0.609481,3.402909
0.609536,3.402719
0.609592,3.402719
0.609647,3.402719
0.609703,3.402719
0.609758,3.402719
0.609814,3.402719
0.609869,3.402719
0.609925,3.402719
0.609980,3.402719
0.610035,3.402719
0.610091,3.402719
0.610146,3.402719
0.610202,3.402719
0.610257,3.402719
0.610313,3.402719
0.610368,3.402719
0.610424,3.402719
0.610479,3.402719
0.610534,3.402719
0.610590,3.402719
0.610645,3.402719
0.610701,3.402719
0.610756,3.402719
0.610812,3.402719
0.610867,3.402719
0.610923,3.402719
0.610978,3.402719
0.611033,3.402719
0.611089,3.402719
0.611144,3.402719
0.611200,3.402719
0.611255,3.402719
0.611311,3.402719
0.611366,3.402719
0.611421,3.402719
0.611477,3.402719
0.611532,3.402719
0.611588,3.402719
0.611643,3.402719
0.611699,3.402719
0.611754,3.402719
0.611810,3.402719
0.611865,3.402719
0.611920,3.402528
0.611976,3.402719
0.612031,3.402719
0.612087,3.402719
0.612142,3.402719
0.612198,3.402719
0.612253,3.402719
0.612309,3.402528
0.612364,3.402528
0.612419,3.402719
0.612475,3.402719
0.612530,3.402719
0.612586,3.402719
0.612641,3.402719
0.612697,3.402719
0.612752,3.402719
0.612807,3.402719
0.612863,3.402719
0.612918,3.402719
0.612974,3.402719
0.613029,3.402528
0.613085,3.402719
0.613140,3.402528
0.613196,3.402719
0.613251,3.402719
0.613306,3.402719
0.613362,3.402528
0.613417,3.402528
0.613473,3.402528
0.613528,3.402528
0.613584,3.402528
0.613639,3.402719
0.613695,3.402719
0.613750,3.402528
0.613805,3.402719
0.613861,3.402528
0.613916,3.402719
0.613972,3.402719
0.614027,3.402719
0.614083,3.402528
0.614138,3.402528
0.614194,3.402528
0.614249,3.402719
0.614304,3.402528
0.614360,3.402528
0.614415,3.402528
0.614471,3.402528
0.614526,3.402528
0.614582,3.402528
0.614637,3.402528
0.614693,3.402528
0.614748,3.402528
0.614803,3.402528
0.614859,3.402719
0.614914,3.402528
0.614970,3.402528
0.615025,3.402528
0.615081,3.402528
0.615136,3.402528
0.615192,3.402528
0.615247,3.402528
0.615302,3.402528
0.615358,3.402528
0.615413,3.402528
0.615469,3.402528
0.615524,3.402528
0.615580,3.402528
0.615635,3.402528
0.615691,3.402528
0.615746,3.402528
0.615801,3.402528
0.615857,3.402528
0.615912,3.402528
0.615968,3.402528
0.616023,3.402528
0.616079,3.402528
0.616134,3.402528
0.616190,3.402528
0.616245,3.402528
0.616300,3.402528
0.616356,3.402719
0.616411,3.402528
0.616467,3.402528
0.616522,3.402528
0.616578,3.402528
0.616633,3.402528
0.616689,3.402528
0.616744,3.402528
0.616799,3.402528
0.616855,3.402528
0.616910,3.402528
0.616966,3.402528
0.617021,3.402528
0.617077,3.402528
0.617132,3.402528
0.617188,3.402528
0.617243,3.402528
0.617298,3.402528
0.617354,3.402528
0.617409,3.402528
0.617465,3.402528
0.617520,3.402528
0.617576,3.402528
0.617631,3.402528
0.617687,3.402528
0.617742,3.402528
0.617797,3.402528
0.617853,3.402528
0.617908,3.402528
0.617964,3.402528
0.618019,3.402528
0.618075,3.402528
0.618130,3.402528
0.618186,3.402528
0.618241,3.402528
0.618296,3.402528
0.618352,3.402528
0.618407,3.402528
0.618463,3.402528
0.618518,3.402528
0.618574,3.402528
0.618629,3.402528
0.618685,3.402528
0.618740,3.402528
0.618796,3.402528
0.618851,3.402528
0.618906,3.402528
0.618962,3.402528
0.619017,3.402528
0.619073,3.402528
0.619128,3.402528
0.619184,3.402528
0.619239,3.402528
0.619295,3.402528
0.619350,3.402528
0.619405,3.402528
0.619461,3.402528
0.619516,3.402528
0.619572,3.402528
0.619627,3.402528
0.619683,3.402528
0.619738,3.402528
0.619794,3.402528
0.619849,3.402528
0.619904,3.402528
0.619960,3.402528
0.620015,3.402528
0.620071,3.402528
0.620126,3.402528
0.620182,3.402528
0.620237,3.402528
0.620293,3.402528
0.620348,3.402528
0.620403,3.402528
0.620459,3.402528
0.620514,3.402528
0.620570,3.402528
0.620625,3.402528
0.620681,3.402528
0.620736,3.402528
0.620792,3.402528
0.620847,3.402528
0.620902,3.402528
0.620958,3.402528
0.621013,3.402528
0.621069,3.402528
0.621124,3.402528
0.621180,3.402528
0.621235,3.402528
0.621291,3.402528
0.621346,3.402528
0.621401,3.402528
0.621457,3.402528
0.621512,3.402528
0.621568,3.402528
0.621623,3.402528
0.621679,3.402528
0.621734,3.402528
0.621790,3.402528
0.621845,3.402528
0.621900,3.402528
0.621956,3.402528
0.622011,3.402528
0.622067,3.402528
0.622122,3.402528
0.622178,3.402528
0.622233,3.402528
0.622289,3.402528
0.622344,3.402528
0.622399,3.402528
0.622455,3.402528
0.622510,3.402528
0.622566,3.402528
0.622621,3.402528
0.622677,3.402528
0.622732,3.402528
0.622787,3.402528
0.622843,3.402528
0.622898,3.402528
0.622954,3.402528
0.623009,3.402528
0.623065,3.402528
0.623120,3.402528
0.623176,3.402528
0.623231,3.402528
0.623286,3.402528
0.623342,3.402528
0.623397,3.402528
0.623453,3.402528
0.623508,3.402528
0.623564,3.402528
0.623619,3.402528
0.623675,3.402528
0.623730,3.402528
0.623785,3.402528
0.623841,3.402528
0.623896,3.402528
0.623952,3.402528
0.624007,3.402528
0.624063,3.402528
0.624118,3.402528
0.624174,3.402528
0.624229,3.402528
0.624284,3.402528
0.624340,3.402528
0.624395,3.402528
0.624451,3.402528
0.624506,3.402528
0.624562,3.402528
0.624617,3.402528
0.624673,3.402528
0.624728,3.402528
0.624783,3.402528
0.624839,3.402528
0.624894,3.402338
0.624950,3.402528
0.625005,3.402528
0.625061,3.402528
0.625116,3.402528
0.625172,3.402528
0.625227,3.402528
0.625282,3.402528
0.625338,3.402338
0.625393,3.402528
0.625449,3.402528
0.625504,3.402338
0.625560,3.402528
0.625615,3.402528
0.625671,3.402528
0.625726,3.402528
0.625781,3.402528
0.625837,3.402528
0.625892,3.402338
0.625948,3.402528
0.626003,3.402528
0.626059,3.402528
0.626114,3.402528
0.626170,3.402528
0.626225,3.402528
0.626280,3.402528
0.626336,3.402528
0.626391,3.402528
0.626447,3.402528
0.626502,3.402528
0.626558,3.402528
0.626613,3.402528
0.626668,3.402528
0.626724,3.402528
0.626779,3.402528
0.626835,3.402528
0.626890,3.402528
0.626946,3.402528
0.627001,3.402528
0.627057,3.402338
0.627112,3.402528
0.627167,3.402528
0.627223,3.402528
0.627278,3.402528
0.627334,3.402338
0.627389,3.402528
0.627445,3.402528
0.627500,3.402528
0.627556,3.402528
0.627611,3.402528
0.627666,3.402528
0.627722,3.402528
0.627777,3.402528
0.627833,3.402528
0.627888,3.402528
0.627944,3.402338
0.627999,3.402528
0.628054,3.402528
0.628110,3.402338
0.628165,3.402338
0.628221,3.402338
0.628276,3.402338
0.628332,3.402528
0.628387,3.402528
0.628443,3.402528
0.628498,3.402528
0.628553,3.402528
0.628609,3.402338
0.628664,3.402528
0.628720,3.402338
0.628775,3.402528
0.628831,3.402528
0.628886,3.402338
0.628941,3.402338
0.628997,3.402338
0.629052,3.402338
0.629108,3.402338
0.629163,3.402338
0.629219,3.402338
0.629274,3.402528
0.629330,3.402338
0.629385,3.402338
0.629440,3.402528
0.629496,3.402338
0.629551,3.402528
0.629607,3.402338
0.629662,3.402338
0.629718,3.402338
0.629773,3.402338
0.629829,3.402338
0.629884,3.402338
0.629939,3.402338
0.629995,3.402338
0.630050,3.402338
0.630106,3.402338
0.630161,3.402528
0.630217,3.402338
0.630272,3.402338
0.630328,3.402338
0.630383,3.402338
0.630438,3.402338
0.630494,3.402338
0.630549,3.402338
0.630605,3.402338
0.630660,3.402338
0.630716,3.402338
0.630771,3.402338
0.630826,3.402338
0.630882,3.402338
0.630937,3.402338
0.630993,3.402338
0.631048,3.402338
0.631104,3.402338
0.631159,3.402338
0.631215,3.402338
0.631270,3.402338
0.631325,3.402338
0.631381,3.402338
0.631436,3.402338
0.631492,3.402338
0.631547,3.402338
0.631603,3.402338
0.631658,3.402338
0.631714,3.402338
0.631769,3.402338
0.631824,3.402338
0.631880,3.402338
0.631935,3.402338
0.631991,3.402338
0.632046,3.402338
0.632102,3.402338
0.632157,3.402338
0.632212,3.402338
0.632268,3.402338
0.632323,3.402338
0.632379,3.402338
0.632434,3.402338
0.632490,3.402338
0.632545,3.402338
0.632601,3.402338
0.632656,3.402338
0.632711,3.402338
0.632767,3.402338
0.632822,3.402338
0.632878,3.402338
0.632933,3.402338
0.632989,3.402338
0.633044,3.402338
0.633099,3.402338
0.633155,3.402338
0.633210,3.402338
0.633266,3.402338
0.633321,3.402338
0.633377,3.402338
0.633432,3.402338
0.633488,3.402338
0.633543,3.402338
0.633598,3.402338
0.633654,3.402338
0.633709,3.402338
0.633765,3.402338
0.633820,3.402338
0.633876,3.402338
0.633931,3.402338
0.633987,3.402338
0.634042,3.402338
0.634097,3.402338
0.634153,3.402338
0.634208,3.402338
0.634264,3.402338
0.634319,3.402338
0.634375,3.402338
0.634430,3.402338
0.634486,3.402338
0.634541,3.402338
0.634596,3.402338
0.634652,3.402338
0.634707,3.402338
0.634763,3.402338
0.634818,3.402338
0.634874,3.402338
0.634929,3.402338
0.634984,3.402338
0.635040,3.402338
0.635095,3.402338
0.635151,3.402338
0.635206,3.402338
0.635262,3.402338
0.635317,3.402338
0.635373,3.402338
0.635428,3.402147
0.635483,3.402338
0.635539,3.402147
0.635594,3.402338
0.635650,3.402147
0.635705,3.402338
0.635761,3.402147
0.635816,3.402338
0.635872,3.402147
0.635927,3.402338
0.635983,3.402338
0.636038,3.402147
0.636093,3.402147
0.636149,3.402338
0.636204,3.402147
0.636260,3.402147
0.636315,3.402147
0.636371,3.402147
0.636426,3.402147
0.636482,3.402147
0.636537,3.402147
0.636592,3.402147
0.636648,3.402147
0.636703,3.402147
0.636759,3.402147
0.636814,3.402338
0.636870,3.402338
0.636925,3.402338
0.636981,3.402147
0.637036,3.402338
0.637091,3.402147
0.637147,3.402338
0.637202,3.402147
0.637258,3.402147
0.637313,3.402147
0.637369,3.402147
0.637424,3.402147
0.637480,3.402147
0.637535,3.402147
0.637590,3.402147
0.637646,3.402338
0.637701,3.402147
0.637757,3.402147
0.637812,3.402147
0.637868,3.402147
0.637923,3.402147
0.637979,3.402147
0.638034,3.402147
0.638089,3.402147
0.638145,3.402147
0.638200,3.402147
0.638256,3.402147
0.638311,3.402147
0.638367,3.402147
0.638422,3.402147
0.638478,3.402147
0.638533,3.402147
0.638588,3.402338
0.638644,3.402147
0.638699,3.402147
0.638755,3.402147
0.638810,3.402147
0.638866,3.402147
0.638921,3.402147
0.638977,3.402147
0.639032,3.402147
0.639087,3.402147
0.639143,3.402147
0.639198,3.402147
0.639254,3.402147
0.639309,3.402147
0.639365,3.402147
0.639420,3.402147
0.639476,3.402147
0.639531,3.402147
0.639586,3.402147
0.639642,3.402147
0.639697,3.402147
0.639753,3.402147
0.639808,3.402147
0.639864,3.402147
0.639919,3.402147
0.639975,3.402147
0.640030,3.402147
0.640085,3.402147
0.640141,3.402147
0.640196,3.402147
0.640252,3.402147
0.640307,3.402147
0.640363,3.402147
0.640418,3.402147
0.640474,3.402147
0.640529,3.402147
0.640584,3.402147
0.640640,3.402147
0.640695,3.402147
0.640751,3.402147
0.640806,3.402147
0.640862,3.402147
0.640917,3.402147
0.640973,3.402147
0.641028,3.402147
0.641083,3.402147
0.641139,3.402147
0.641194,3.402147
0.641250,3.402147
0.641305,3.402147
0.641361,3.402147
0.641416,3.402147
0.641472,3.402147
0.641527,3.402147
0.641582,3.402147
0.641638,3.402147
0.641693,3.402147
0.641749,3.402147
0.641804,3.402147
0.641860,3.402147
0.641915,3.402147
0.641971,3.402147
0.642026,3.402147
0.642081,3.402147
0.642137,3.402147
0.642192,3.402147
0.642248,3.402147
0.642303,3.402147
0.642359,3.402147
0.642414,3.402147
0.642470,3.402147
0.642525,3.402147
0.642580,3.402147
0.642636,3.402147
0.642691,3.402147
0.642747,3.402147
0.642802,3.402147
0.642858,3.402147
0.642913,3.402147
0.642969,3.402147
0.643024,3.402147
0.643079,3.401956
0.643135,3.402147
0.643190,3.401956
0.643246,3.402147
0.643301,3.402147
0.643357,3.402147
0.643412,3.402147
0.643467,3.402147
0.643523,3.402147
0.643578,3.402147
0.643634,3.402147
0.643689,3.402147
0.643745,3.402147
0.643800,3.402147
0.643856,3.401956
0.643911,3.402147
0.643966,3.401956
0.644022,3.402147
0.644077,3.402147
0.644133,3.402147
0.644188,3.402147
0.644244,3.402147
0.644299,3.401956
0.644355,3.402147
0.644410,3.401956
0.644466,3.401956
0.644521,3.402147
0.644576,3.401956
0.644632,3.402147
0.644687,3.401956
0.644743,3.401956
0.644798,3.401956
0.644854,3.401956
0.644909,3.401956
0.644965,3.402147
0.645020,3.402147
0.645075,3.402147
0.645131,3.402147
0.645186,3.401956
0.645242,3.401956
0.645297,3.401956
0.645353,3.401956
0.645408,3.401956
0.645464,3.401956
0.645519,3.401956
0.645574,3.401956
0.645630,3.401956
0.645685,3.402147
0.645741,3.401956
0.645796,3.401956
0.645852,3.401956
0.645907,3.401956
0.645963,3.401956
0.646018,3.402147
0.646073,3.402147
0.646129,3.401956
0.646184,3.401956
0.646240,3.401956
0.646295,3.401956
0.646351,3.401956
0.646406,3.401956
0.646461,3.401956
0.646517,3.401956
0.646572,3.401956
0.646628,3.401956
0.646683,3.401956
0.646739,3.401956
0.646794,3.401956
0.646850,3.401956
0.646905,3.401956
0.646960,3.401956
0.647016,3.401956
0.647071,3.401956
0.647127,3.401956
0.647182,3.401956
0.647238,3.401956
0.647293,3.401956
0.647349,3.401956
0.647404,3.401956
0.647459,3.401956
0.647515,3.402147
0.647570,3.401956
0.647626,3.401956
0.647681,3.401956
0.647737,3.401956
0.647792,3.401956
0.647848,3.401956
0.647903,3.401956
0.647958,3.401956
0.648014,3.401956
0.648069,3.401956
0.648125,3.401956
0.648180,3.401956
0.648236,3.401956
0.648291,3.401956
0.648347,3.401956
0.648402,3.401956
0.648457,3.401956
0.648513,3.401956
0.648568,3.401956
0.648624,3.401956
0.648679,3.401956
0.648735,3.401956
0.648790,3.401956
0.648845,3.401956
0.648901,3.401956
0.648956,3.401956
0.649012,3.401956
0.649067,3.401956
0.649123,3.401956
0.649178,3.401956
0.649234,3.401956
0.649289,3.401956
0.649344,3.401956
0.649400,3.401956
0.649455,3.401956
0.649511,3.401956
0.649566,3.401956
0.649622,3.401956
0.649677,3.401956
0.649733,3.401956
0.649788,3.401956
0.649843,3.401956
0.649899,3.401956
0.649954,3.401956
0.650010,3.401956
0.650065,3.401956
0.650121,3.401956
0.650176,3.401956
0.650232,3.401956
0.650287,3.401956
0.650342,3.401956
0.650398,3.401956
0.650453,3.401956
0.650509,3.401956
0.650564,3.401956
0.650620,3.401956
0.650675,3.401956
0.650731,3.401956
0.650786,3.401956
0.650841,3.401956
0.650897,3.401956
0.650952,3.401956
0.651008,3.401956
0.651063,3.401956
0.651119,3.401956
0.651174,3.401956
0.651230,3.401956
0.651285,3.401956
0.651340,3.401956
0.651396,3.401956
0.651451,3.401956
0.651507,3.401956
0.651562,3.401956
0.651618,3.401766
0.651673,3.401956
0.651728,3.401956
0.651784,3.401766
0.651839,3.401956
0.651895,3.401956
0.651950,3.401956
0.652006,3.401956
0.652061,3.401956
0.652117,3.401956
0.652172,3.401956
0.652227,3.401766
0.652283,3.401956
0.652338,3.401956
0.652394,3.401956
0.652449,3.401956
0.652505,3.401956
0.652560,3.401956
0.652616,3.401766
0.652671,3.401956
0.652726,3.401956
0.652782,3.401956
0.652837,3.401766
0.652893,3.401766
0.652948,3.401956
0.653004,3.401956
0.653059,3.401766
0.653114,3.401766
0.653170,3.401956
0.653225,3.401956
0.653281,3.401766
0.653336,3.401956
0.653392,3.401956
0.653447,3.401956
0.653503,3.401766
0.653558,3.401956
0.653613,3.401766
0.653669,3.401766
0.653724,3.401766
0.653780,3.401766
0.653835,3.401766
0.653891,3.401766
0.653946,3.401766
0.654002,3.401766
0.654057,3.401766
0.654112,3.401766
0.654168,3.401766
0.654223,3.401956
0.654279,3.401766
0.654334,3.401766
0.654390,3.401956
0.654445,3.401766
0.654501,3.401766
0.654556,3.401766
0.654611,3.401766
0.654667,3.401766
0.654722,3.401766
0.654778,3.401766
0.654833,3.401956
0.654889,3.401766
0.654944,3.401956
0.655000,3.401766
0.655055,3.401766
0.655110,3.401766
0.655166,3.401766
0.655221,3.401766
0.655277,3.401766
0.655332,3.401766
0.655388,3.401766
0.655443,3.401766
0.655499,3.401766
0.655554,3.401766
0.655609,3.401766
0.655665,3.401766
0.655720,3.401766
0.655776,3.401766
0.655831,3.401766
0.655887,3.401766
0.655942,3.401766
0.655998,3.401766
0.656053,3.401766
0.656108,3.401766
0.656164,3.401766
0.656219,3.401766
0.656275,3.401766
0.656330,3.401766
0.656386,3.401766
0.656441,3.401766
0.656496,3.401766
0.656552,3.401766
0.656607,3.401766
0.656663,3.401766
0.656718,3.401766
0.656774,3.401766
0.656829,3.401766
0.656885,3.401766
0.656940,3.401766
0.656995,3.401766
0.657051,3.401766
0.657106,3.401766
0.657162,3.401766
0.657217,3.401766
0.657273,3.401766
0.657328,3.401766
0.657384,3.401766
0.657439,3.401766
0.657494,3.401766
0.657550,3.401766
0.657605,3.401766
0.657661,3.401766
0.657716,3.401766
0.657772,3.401766
0.657827,3.401766
0.657883,3.401766
0.657938,3.401766
0.657993,3.401766
0.658049,3.401766
0.658104,3.401766
0.658160,3.401766
0.658215,3.401766
0.658271,3.401766
0.658326,3.401766
0.658382,3.401766
0.658437,3.401766
0.658492,3.401766
0.658548,3.401766
0.658603,3.401766
0.658659,3.401766
0.658714,3.401766
0.658770,3.401766
0.658825,3.401575
0.658880,3.401766
0.658936,3.401766
0.658991,3.401766
0.659047,3.401766
0.659102,3.401766
0.659158,3.401766
0.659213,3.401766
0.659269,3.401766
0.659324,3.401575
0.659379,3.401766
0.659435,3.401766
0.659490,3.401766
0.659546,3.401575
0.659601,3.401766
0.659657,3.401766
0.659712,3.401766
0.659768,3.401575
0.659823,3.401766
0.659878,3.401766
0.659934,3.401575
0.659989,3.401766
0.660045,3.401766
0.660100,3.401766
0.660156,3.401575
0.660211,3.401575
0.660267,3.401766
0.660322,3.401766
0.660377,3.401575
0.660433,3.401766
0.660488,3.401766
0.660544,3.401766
0.660599,3.401575
0.660655,3.401575
0.660710,3.401766
0.660766,3.401575
0.660821,3.401766
0.660876,3.401766
0.660932,3.401766
0.660987,3.401575
0.661043,3.401575
0.661098,3.401575
0.661154,3.401575
0.661209,3.401575
0.661264,3.401575
0.661320,3.401575
0.661375,3.401575
0.661431,3.401766
0.661486,3.401766
0.661542,3.401766
0.661597,3.401575
0.661653,3.401575
0.661708,3.401575
0.661763,3.401575
0.661819,3.401575
0.661874,3.401575
0.661930,3.401575
0.661985,3.401575
0.662041,3.401575
0.662096,3.401575
0.662152,3.401575
0.662207,3.401575
0.662262,3.401575
0.662318,3.401575
0.662373,3.401575
0.662429,3.401575
0.662484,3.401575
0.662540,3.401575
0.662595,3.401575
0.662651,3.401575
0.662706,3.401575
0.662761,3.401575
0.662817,3.401575
0.662872,3.401575
0.662928,3.401575
0.662983,3.401575
0.663039,3.401575
0.663094,3.401575
0.663149,3.401575
0.663205,3.401575
0.663260,3.401575
0.663316,3.401575
0.663371,3.401575
0.663427,3.401575
0.663482,3.401575
0.663538,3.401575
0.663593,3.401575
0.663648,3.401575
0.663704,3.401575
0.663759,3.401575
0.663815,3.401575
0.663870,3.401575
0.663926,3.401575
0.663981,3.401575
0.664037,3.401575
0.664092,3.401575
0.664147,3.401575
0.664203,3.401575
0.664258,3.401575
0.664314,3.401575
0.664369,3.401575
0.664425,3.401575
0.664480,3.401575
0.664536,3.401575
0.664591,3.401575
0.664646,3.401575
0.664702,3.401575
0.664757,3.401575
0.664813,3.401575
0.664868,3.401575
0.664924,3.401575
0.664979,3.401575
0.665035,3.401575
0.665090,3.401575
0.665145,3.401575
0.665201,3.401575
0.665256,3.401575
0.665312,3.401575
0.665367,3.401575
0.665423,3.401575
0.665478,3.401575
0.665534,3.401575
0.665589,3.401575
0.665644,3.401575
0.665700,3.401575
0.665755,3.401575
0.665811,3.401575
0.665866,3.401575
0.665922,3.401575
0.665977,3.401575
0.666032,3.401575
0.666088,3.401575
0.666143,3.401575
0.666199,3.401575
0.666254,3.401575
0.666310,3.401575
0.666365,3.401575
0.666421,3.401575
0.666476,3.401575
0.666531,3.401575
0.666587,3.401575
0.666642,3.401575
0.666698,3.401575
0.666753,3.401575
0.666809,3.401575
0.666864,3.401575
0.666920,3.401575
0.666975,3.401385
0.667030,3.401385
0.667086,3.401575
0.667141,3.401575
0.667197,3.401575
0.667252,3.401575
0.667308,3.401575
0.667363,3.401575
0.667419,3.401575
0.667474,3.401575
0.667529,3.401575
0.667585,3.401385
0.667640,3.401575
0.667696,3.401575
0.667751,3.401575
0.667807,3.401575
0.667862,3.401575
0.667917,3.401575
0.667973,3.401385
0.668028,3.401385
0.668084,3.401575
0.668139,3.401385
0.668195,3.401385
0.668250,3.401385
0.668306,3.401575
0.668361,3.401385
0.668416,3.401385
0.668472,3.401385
0.668527,3.401575
0.668583,3.401575
0.668638,3.401575
0.668694,3.401385
0.668749,3.401575
0.668805,3.401385
0.668860,3.401385
0.668915,3.401575
0.668971,3.401385
0.669026,3.401385
0.669082,3.401575
0.669137,3.401385
0.669193,3.401385
0.669248,3.401385
0.669304,3.401385
0.669359,3.401385
0.669414,3.401385
0.669470,3.401575
0.669525,3.401385
0.669581,3.401575
0.669636,3.401385
0.669692,3.401385
0.669747,3.401385
0.669802,3.401385
0.669858,3.401575
0.669913,3.401385
0.669969,3.401385
0.670024,3.401385
0.670080,3.401385
0.670135,3.401385
0.670191,3.401385
0.670246,3.401575
0.670301,3.401385
0.670357,3.401575
0.670412,3.401385
0.670468,3.401385
0.670523,3.401385
0.670579,3.401385
0.670634,3.401385
0.670690,3.401385
0.670745,3.401385
0.670800,3.401385
0.670856,3.401385
0.670911,3.401385
0.670967,3.401385
0.671022,3.401385
0.671078,3.401385
0.671133,3.401385
0.671189,3.401385
0.671244,3.401385
0.671299,3.401385
0.671355,3.401385
0.671410,3.401385
0.671466,3.401385
0.671521,3.401385
0.671577,3.401385
0.671632,3.401385
0.671688,3.401385
0.671743,3.401385
0.671798,3.401385
0.671854,3.401385
0.671909,3.401385
0.671965,3.401385
0.672020,3.401385
0.672076,3.401385
0.672131,3.401385
0.672186,3.401385
0.672242,3.401385
0.672297,3.401385
0.672353,3.401385
0.672408,3.401385
0.672464,3.401385
0.672519,3.401385
0.672575,3.401385
0.672630,3.401385
0.672685,3.401385
0.672741,3.401385
0.672796,3.401385
0.672852,3.401385
0.672907,3.401385
0.672963,3.401385
0.673018,3.401385
0.673074,3.401385
0.673129,3.401385
0.673184,3.401385
0.673240,3.401385
0.673295,3.401385
0.673351,3.401385
0.673406,3.401385
0.673462,3.401385
0.673517,3.401385
0.673572,3.401385
0.673628,3.401385
0.673683,3.401385
0.673739,3.401385
0.673794,3.401385
0.673850,3.401385
0.673905,3.401385
0.673961,3.401385
0.674016,3.401385
0.674071,3.401385
0.674127,3.401194
0.674182,3.401385
0.674238,3.401385
0.674293,3.401385
0.674349,3.401385
0.674404,3.401385
0.674460,3.401385
0.674515,3.401385
0.674570,3.401385
0.674626,3.401385
0.674681,3.401385
0.674737,3.401385
0.674792,3.401385
0.674848,3.401385
0.674903,3.401385
0.674959,3.401194
0.675014,3.401385
0.675069,3.401385
0.675125,3.401385
0.675180,3.401385
0.675236,3.401385
0.675291,3.401385
0.675347,3.401385
0.675402,3.401385
0.675458,3.401385
0.675513,3.401385
0.675568,3.401385
0.675624,3.401385
0.675679,3.401385
0.675735,3.401385
0.675790,3.401385
0.675846,3.401385
0.675901,3.401385
0.675957,3.401385
0.676012,3.401385
0.676067,3.401385
0.676123,3.401385
0.676178,3.401385
0.676234,3.401385
0.676289,3.401385
0.676345,3.401385
0.676400,3.401194
0.676456,3.401385
0.676511,3.401385
0.676566,3.401385
0.676622,3.401194
0.676677,3.401385
0.676733,3.401385
0.676788,3.401385
0.676844,3.401194
0.676899,3.401385
0.676955,3.401385
0.677010,3.401194
0.677065,3.401194
0.677121,3.401194
0.677176,3.401194
0.677232,3.401385
0.677287,3.401194
0.677343,3.401194
0.677398,3.401194
0.677454,3.401194
0.677509,3.401194
0.677564,3.401194
0.677620,3.401194
0.677675,3.401194
0.677731,3.401194
0.677786,3.401194
0.677842,3.401194
0.677897,3.401194
0.677953,3.401194
0.678008,3.401194
0.678063,3.401194
0.678119,3.401194
0.678174,3.401194
0.678230,3.401194
0.678285,3.401194
0.678341,3.401194
0.678396,3.401194
0.678452,3.401194
0.678507,3.401194
0.678562,3.401194
0.678618,3.401194
0.678673,3.401194
0.678729,3.401194
0.678784,3.401194
0.678840,3.401194
0.678895,3.401194
0.678951,3.401194
0.679006,3.401194
0.679061,3.401194
0.679117,3.401194
0.679172,3.401194
0.679228,3.401194
0.679283,3.401194
0.679339,3.401194
0.679394,3.401194
0.679450,3.401194
0.679505,3.401194
0.679560,3.401194
0.679616,3.401194
0.679671,3.401194
0.679727,3.401194
0.679782,3.401194
0.679838,3.401194
0.679893,3.401194
0.679949,3.401194
0.680004,3.401194
0.680059,3.401194
0.680115,3.401194
0.680170,3.401194
0.680226,3.401194
0.680281,3.401194
0.680337,3.401194
0.680392,3.401194
0.680448,3.401194
0.680503,3.401194
0.680558,3.401194
0.680614,3.401194
0.680669,3.401194
0.680725,3.401194
0.680780,3.401194
0.680836,3.401194
0.680891,3.401194
0.680947,3.401194
0.681002,3.401194
0.681057,3.401194
0.681113,3.401004
0.681168,3.401194
0.681224,3.401004
0.681279,3.401194
0.681335,3.401194
0.681390,3.401194
0.681445,3.401194
0.681501,3.401194
0.681556,3.401194
0.681612,3.401194
0.681667,3.401004
0.681723,3.401194
0.681778,3.401194
0.681834,3.401194
0.681889,3.401194
0.681944,3.401194
0.682000,3.401004
0.682055,3.401194
0.682111,3.401004
0.682166,3.401194
0.682222,3.401194
0.682277,3.401004
0.682333,3.401004
0.682388,3.401004
0.682443,3.401004
0.682499,3.401194
0.682554,3.401004
0.682610,3.401004
0.682665,3.401194
0.682721,3.401004
0.682776,3.401004
0.682832,3.401004
0.682887,3.401194
0.682942,3.401004
0.682998,3.401004
0.683053,3.401004
0.683109,3.401194
0.683164,3.401004
0.683220,3.401004
0.683275,3.401004
0.683331,3.401004
0.683386,3.401004
0.683441,3.401004
0.683497,3.401194
0.683552,3.401004
0.683608,3.401004
0.683663,3.401004
0.683719,3.401194
0.683774,3.401004
0.683830,3.401004
0.683885,3.401004
0.683940,3.401194
0.683996,3.401194
0.684051,3.401004
0.684107,3.401004
0.684162,3.401004
0.684218,3.401194
0.684273,3.401004
0.684329,3.401004
0.684384,3.401004
0.684439,3.401004
0.684495,3.401004
0.684550,3.401004
0.684606,3.401004
0.684661,3.401004
0.684717,3.401004
0.684772,3.401004
0.684827,3.401004
0.684883,3.401004
0.684938,3.401004
0.684994,3.401004
0.685049,3.401004
0.685105,3.400813
0.685160,3.401004
0.685216,3.401004
0.685271,3.400813
0.685326,3.401004
0.685382,3.401004
0.685437,3.401004
0.685493,3.400813
0.685548,3.401004
0.685604,3.401004
0.685659,3.400813
0.685715,3.400813
0.685770,3.401004
0.685825,3.401004
0.685881,3.400813
0.685936,3.400813
0.685992,3.401004
0.686047,3.401004
0.686103,3.401004
0.686158,3.401004
0.686214,3.400813
0.686269,3.401004
0.686324,3.401004
0.686380,3.401004
0.686435,3.401004
0.686491,3.401004
0.686546,3.400813
0.686602,3.401004
0.686657,3.401004
0.686713,3.400813
0.686768,3.401004
0.686823,3.401004
0.686879,3.400813
0.686934,3.400813
0.686990,3.400813
0.687045,3.400813
0.687101,3.401004
0.687156,3.400813
0.687211,3.400813
0.687267,3.400813
0.687322,3.400813
0.687378,3.401004
0.687433,3.400813
0.687489,3.401004
0.687544,3.400813
0.687600,3.400813
0.687655,3.400813
0.687710,3.400813
0.687766,3.401004
0.687821,3.400813
0.687877,3.400813
0.687932,3.400813
0.687988,3.400813
0.688043,3.400813
0.688099,3.400813
0.688154,3.400813
0.688209,3.400813
0.688265,3.400813
0.688320,3.400813
0.688376,3.400813
0.688431,3.400813
0.688487,3.400813
0.688542,3.401004
0.688598,3.400813
0.688653,3.401004
0.688708,3.400813
0.688764,3.400813
0.688819,3.400813
0.688875,3.400813
0.688930,3.400813
0.688986,3.400813
0.689041,3.400813
0.689097,3.400813
0.689152,3.400813
0.689207,3.400813
0.689263,3.400813
0.689318,3.400813
0.689374,3.400813
0.689429,3.400813
0.689485,3.400813
0.689540,3.400813
0.689595,3.400813
0.689651,3.400813
0.689706,3.400813
0.689762,3.400813
0.689817,3.400813
0.689873,3.400813
0.689928,3.400813
0.689984,3.400813
0.690039,3.400813
0.690094,3.400813
0.690150,3.400813
0.690205,3.400813
0.690261,3.400813
0.690316,3.400813
0.690372,3.400813
0.690427,3.400813
0.690483,3.400813
0.690538,3.400813
0.690593,3.400813
0.690649,3.400813
0.690704,3.400813
0.690760,3.400813
0.690815,3.400813
0.690871,3.400813
0.690926,3.400813
0.690982,3.400813
0.691037,3.400813
0.691092,3.400813
0.691148,3.400813
0.691203,3.400813
0.691259,3.400813
0.691314,3.400813
0.691370,3.400813
0.691425,3.400622
0.691481,3.400813
0.691536,3.400813
0.691591,3.400813
0.691647,3.400813
0.691702,3.400622
0.691758,3.400813
0.691813,3.400813
0.691869,3.400813
0.691924,3.400813
0.691979,3.400622
0.692035,3.400813
0.692090,3.400622
0.692146,3.400813
0.692201,3.400622
0.692257,3.400622
0.692312,3.400813
0.692368,3.400813
0.692423,3.400622
0.692478,3.400813
0.692534,3.400813
0.692589,3.400622
0.692645,3.400813
0.692700,3.400813
0.692756,3.400813
0.692811,3.400622
0.692867,3.400813
0.692922,3.400813
0.692977,3.400813
0.693033,3.400813
0.693088,3.400622
0.693144,3.400813
0.693199,3.400813
0.693255,3.400813
0.693310,3.400622
0.693366,3.400813
0.693421,3.400622
0.693476,3.400813
0.693532,3.400622
0.693587,3.400813
0.693643,3.400622
0.693698,3.400622
0.693754,3.400813
0.693809,3.400813
0.693865,3.400622
0.693920,3.400622
0.693975,3.400622
0.694031,3.400622
0.694086,3.400813
0.694142,3.400622
0.694197,3.400622
0.694253,3.400622
0.694308,3.400622
0.694364,3.400622
0.694419,3.400622
0.694474,3.400813
0.694530,3.400622
0.694585,3.400622
0.694641,3.400622
0.694696,3.400622
0.694752,3.400622
0.694807,3.400622
0.694862,3.400622
0.694918,3.400622
0.694973,3.400813
0.695029,3.400622
0.695084,3.400622
0.695140,3.400622
0.695195,3.400622
0.695251,3.400622
0.695306,3.400622
0.695361,3.400622
0.695417,3.400622
0.695472,3.400622
0.695528,3.400622
0.695583,3.400622
0.695639,3.400622
0.695694,3.400622
0.695750,3.400622
0.695805,3.400622
0.695860,3.400622
0.695916,3.400622
0.695971,3.400622
0.696027,3.400622
0.696082,3.400622
0.696138,3.400622
0.696193,3.400622
0.696249,3.400622
0.696304,3.400622
0.696359,3.400622
0.696415,3.400622
0.696470,3.400622
0.696526,3.400622
0.696581,3.400622
0.696637,3.400622
0.696692,3.400622
0.696747,3.400622
0.696803,3.400622
0.696858,3.400622
0.696914,3.400622
0.696969,3.400622
0.697025,3.400622
0.697080,3.400622
0.697136,3.400622
0.697191,3.400622
0.697246,3.400622
0.697302,3.400622
0.697357,3.400622
0.697413,3.400622
0.697468,3.400622
0.697524,3.400622
0.697579,3.400622
0.697635,3.400622
0.697690,3.400622
0.697745,3.400622
0.697801,3.400622
0.697856,3.400622
0.697912,3.400622
0.697967,3.400622
0.698023,3.400622
0.698078,3.400622
0.698134,3.400622
0.698189,3.400622
0.698244,3.400622
0.698300,3.400432
0.698355,3.400622
0.698411,3.400622
0.698466,3.400622
0.698522,3.400622
0.698577,3.400622
0.698633,3.400622
0.698688,3.400622
0.698743,3.400622
0.698799,3.400622
0.698854,3.400622
0.698910,3.400622
0.698965,3.400432
0.699021,3.400622
0.699076,3.400622
0.699132,3.400622
0.699187,3.400622
0.699242,3.400622
0.699298,3.400622
0.699353,3.400622
0.699409,3.400622
0.699464,3.400622
0.699520,3.400432
0.699575,3.400622
0.699630,3.400622
0.699686,3.400622
0.699741,3.400622
0.699797,3.400622
0.699852,3.400622
0.699908,3.400622
0.699963,3.400622
0.700019,3.400622
0.700074,3.400432
0.700129,3.400622
0.700185,3.400622
0.700240,3.400622
0.700296,3.400432
0.700351,3.400622
0.700407,3.400622
0.700462,3.400622
0.700518,3.400622
0.700573,3.400622
0.700628,3.400622
0.700684,3.400432
0.700739,3.400432
0.700795,3.400622
0.700850,3.400432
0.700906,3.400432
0.700961,3.400622
0.701017,3.400432
0.701072,3.400432
0.701127,3.400622
0.701183,3.400622
0.701238,3.400432
0.701294,3.400432
0.701349,3.400432
0.701405,3.400432
0.701460,3.400622
0.701516,3.400432
0.701571,3.400622
0.701626,3.400432
0.701682,3.400432
0.701737,3.400622
0.701793,3.400622
0.701848,3.400432
0.701904,3.400432
0.701959,3.400432
0.702015,3.400432
0.702070,3.400432
0.702125,3.400432
0.702181,3.400432
0.702236,3.400622
0.702292,3.400432
0.702347,3.400432
0.702403,3.400432
0.702458,3.400432
0.702513,3.400432
0.702569,3.400432
0.702624,3.400432
0.702680,3.400432
0.702735,3.400432
0.702791,3.400432
0.702846,3.400432
0.702902,3.400432
0.702957,3.400432
0.703012,3.400432
0.703068,3.400432
0.703123,3.400432
0.703179,3.400432
0.703234,3.400432
0.703290,3.400432
0.703345,3.400432
0.703401,3.400432
0.703456,3.400432
0.703511,3.400432
0.703567,3.400432
0.703622,3.400432
0.703678,3.400432
0.703733,3.400432
0.703789,3.400432
0.703844,3.400432
0.703900,3.400432
0.703955,3.400432
0.704010,3.400432
0.704066,3.400432
0.704121,3.400432
0.704177,3.400432
0.704232,3.400432
0.704288,3.400432
0.704343,3.400432
0.704399,3.400432
0.704454,3.400432
0.704509,3.400432
0.704565,3.400432
0.704620,3.400432
0.704676,3.400432
0.704731,3.400432
0.704787,3.400432
0.704842,3.400432
0.704898,3.400432
0.704953,3.400432
0.705008,3.400432
0.705064,3.400432
0.705119,3.400432
0.705175,3.400432
0.705230,3.400432
0.705286,3.400432
0.705341,3.400432
0.705397,3.400432
0.705452,3.400432
0.705507,3.400241
0.705563,3.400432
0.705618,3.400432
0.705674,3.400241
0.705729,3.400432
0.705785,3.400432
0.705840,3.400432
0.705896,3.400432
0.705951,3.400432
0.706006,3.400432
0.706062,3.400432
0.706117,3.400432
0.706173,3.400432
0.706228,3.400432
0.706284,3.400432
0.706339,3.400432
0.706395,3.400432
0.706450,3.400432
0.706505,3.400432
0.706561,3.400432
0.706616,3.400432
0.706672,3.400241
0.706727,3.400432
0.706783,3.400432
0.706838,3.400432
0.706894,3.400241
0.706949,3.400432
0.707004,3.400432
0.707060,3.400432
0.707115,3.400432
0.707171,3.400432
0.707226,3.400432
0.707282,3.400241
0.707337,3.400432
0.707392,3.400241
0.707448,3.400432
0.707503,3.400432
0.707559,3.400432
0.707614,3.400241
0.707670,3.400432
0.707725,3.400241
0.707781,3.400432
0.707836,3.400241
0.707891,3.400432
0.707947,3.400241
0.708002,3.400432
0.708058,3.400432
0.708113,3.400432
0.708169,3.400432
0.708224,3.400432
0.708280,3.400432
0.708335,3.400432
0.708390,3.400241
0.708446,3.400432
0.708501,3.400432
0.708557,3.400432
0.708612,3.400432
0.708668,3.400241
0.708723,3.400241
0.708779,3.400241
0.708834,3.400241
0.708889,3.400241
0.708945,3.400432
0.709000,3.400432
0.709056,3.400432
0.709111,3.400241
0.709167,3.400241
0.709222,3.400241
0.709278,3.400241
0.709333,3.400241
0.709388,3.400241
0.709444,3.400241
0.709499,3.400432
0.709555,3.400241
0.709610,3.400241
0.709666,3.400241
0.709721,3.400241
0.709777,3.400241
0.709832,3.400241
0.709887,3.400241
0.709943,3.400432
0.709998,3.400432
0.710054,3.400241
0.710109,3.400241
0.710165,3.400241
0.710220,3.400241
0.710275,3.400241
0.710331,3.400241
0.710386,3.400241
0.710442,3.400241
0.710497,3.400241
0.710553,3.400241
0.710608,3.400241
0.710664,3.400241
0.710719,3.400241
0.710774,3.400241
0.710830,3.400241
0.710885,3.400241
0.710941,3.400241
0.710996,3.400241
0.711052,3.400241
0.711107,3.400241
0.711163,3.400241
0.711218,3.400241
0.711273,3.400241
0.711329,3.400241
0.711384,3.400241
0.711440,3.400241
0.711495,3.400241
0.711551,3.400241
0.711606,3.400241
0.711662,3.400241
0.711717,3.400241
0.711772,3.400241
0.711828,3.400241
0.711883,3.400241
0.711939,3.400241
0.711994,3.400241
0.712050,3.400241
0.712105,3.400241
0.712161,3.400241
0.712216,3.400241
0.712271,3.400241
0.712327,3.400241
0.712382,3.400241
0.712438,3.400241
0.712493,3.400241
0.712549,3.400241
0.712604,3.400241
0.712660,3.400241
0.712715,3.400241
0.712770,3.400241
0.712826,3.400241
0.712881,3.400241
0.712937,3.400241
0.712992,3.400241
0.713048,3.400241
0.713103,3.400241
0.713158,3.400241
0.713214,3.400241
0.713269,3.400241
0.713325,3.400241
0.713380,3.400241
0.713436,3.400241
0.713491,3.400241
0.713547,3.400241
0.713602,3.400241
0.713657,3.400241
0.713713,3.400241
0.713768,3.400241
0.713824,3.400241
0.713879,3.400241
0.713935,3.400241
0.713990,3.400241
0.714046,3.400241
0.714101,3.400241
0.714156,3.400241
0.714212,3.400241
0.714267,3.400241
0.714323,3.400241
0.714378,3.400241
0.714434,3.400241
0.714489,3.400241
0.714545,3.400241
0.714600,3.400241
0.714655,3.400241
0.714711,3.400241
0.714766,3.400241
0.714822,3.400241
0.714877,3.400241
0.714933,3.400241
0.714988,3.400241
0.715044,3.400241
0.715099,3.400241
0.715154,3.400241
0.715210,3.400241
0.715265,3.400241
0.715321,3.400051
0.715376,3.400241
0.715432,3.400051
0.715487,3.400241
0.715543,3.400241
0.715598,3.400051
0.715653,3.400241
0.715709,3.400241
0.715764,3.400241
0.715820,3.400051
0.715875,3.400241
0.715931,3.400241
0.715986,3.400051
0.716042,3.400241
0.716097,3.400241
0.716152,3.400241
0.716208,3.400241
0.716263,3.400051
0.716319,3.400241
0.716374,3.400051
0.716430,3.400051
0.716485,3.400051
0.716541,3.400241
0.716596,3.400051
0.716651,3.400051
0.716707,3.400241
0.716762,3.400051
0.716818,3.400241
0.716873,3.400051
0.716929,3.400241
0.716984,3.400241
0.717040,3.400241
0.717095,3.400051
0.717150,3.400051
0.717206,3.400051
0.717261,3.400051
0.717317,3.400051
0.717372,3.400051
0.717428,3.400051
0.717483,3.400051
0.717539,3.400241
0.717594,3.400051
0.717649,3.400241
0.717705,3.400051
0.717760,3.400051
0.717816,3.400051
0.717871,3.400051
0.717927,3.400051
0.717982,3.400051
0.718037,3.400051
0.718093,3.400051
0.718148,3.400051
0.718204,3.400051
0.718259,3.400051
0.718315,3.400051
0.718370,3.400051
0.718426,3.400051
0.718481,3.400051
0.718536,3.400051
0.718592,3.400051
0.718647,3.400051
0.718703,3.400051
0.718758,3.400051
0.718814,3.400051
0.718869,3.400051
0.718925,3.400051
0.718980,3.400051
0.719035,3.400051
0.719091,3.400051
0.719146,3.400051
0.719202,3.400051
0.719257,3.400051
0.719313,3.400051
0.719368,3.400051
0.719424,3.400051
0.719479,3.400051
0.719534,3.400051
0.719590,3.400051
0.719645,3.400051
0.719701,3.400051
0.719756,3.400051
0.719812,3.400051
0.719867,3.400051
0.719923,3.400051
0.719978,3.400051
0.720033,3.400051
0.720089,3.400051
0.720144,3.400051
0.720200,3.400051
0.720255,3.400051
0.720311,3.400051
0.720366,3.400051
0.720421,3.400051
0.720477,3.400051
0.720532,3.400051
0.720588,3.400051
0.720643,3.400051
0.720699,3.400051
0.720754,3.400051
0.720810,3.400051
0.720865,3.400051
0.720920,3.400051
0.720976,3.400051
0.721031,3.400051
0.721087,3.400051
0.721142,3.400051
0.721198,3.400051
0.721253,3.400051
0.721309,3.400051
0.721364,3.400051
0.721419,3.400051
0.721475,3.400051
0.721530,3.400051
0.721586,3.400051
0.721641,3.400051
0.721697,3.400051
0.721752,3.400051
0.721808,3.400051
0.721863,3.400051
0.721918,3.400051
0.721974,3.400051
0.722029,3.400051
0.722085,3.400051
0.722140,3.399860
0.722196,3.400051
0.722251,3.400051
0.722307,3.400051
0.722362,3.400051
0.722417,3.400051
0.722473,3.399860
0.722528,3.400051
0.722584,3.399860
0.722639,3.400051
0.722695,3.400051
0.722750,3.400051
0.722806,3.400051
0.722861,3.400051
0.722916,3.400051
0.722972,3.400051
0.723027,3.400051
0.723083,3.399860
0.723138,3.400051
0.723194,3.399860
0.723249,3.400051
0.723305,3.399860
0.723360,3.399860
0.723415,3.399860
0.723471,3.399860
0.723526,3.400051
0.723582,3.399860
0.723637,3.399860
0.723693,3.400051
0.723748,3.399860
0.723804,3.399860
0.723859,3.399860
0.723914,3.400051
0.723970,3.400051
0.724025,3.400051
0.724081,3.399860
0.724136,3.400051
0.724192,3.400051
0.724247,3.399860
0.724303,3.399860
0.724358,3.400051
0.724413,3.400051
0.724469,3.399860
0.724524,3.399860
0.724580,3.399860
0.724635,3.400051
0.724691,3.399860
0.724746,3.400051
0.724802,3.399860
0.724857,3.399860
0.724912,3.399860
0.724968,3.399860
0.725023,3.399860
0.725079,3.399860
0.725134,3.399860
0.725190,3.400051
0.725245,3.399860
0.725301,3.399860
0.725356,3.399860
0.725411,3.399860
0.725467,3.399860
0.725522,3.399860
0.725578,3.399860
0.725633,3.399860
0.725689,3.399860
0.725744,3.400051
0.725799,3.399860
0.725855,3.399860
0.725910,3.399860
0.725966,3.400051
0.726021,3.399860
0.726077,3.399860
0.726132,3.399860
0.726188,3.399860
0.726243,3.399860
0.726298,3.399860
0.726354,3.399860
0.726409,3.399860
0.726465,3.399860
0.726520,3.399860
0.726576,3.399860
0.726631,3.399860
0.726687,3.399860
0.726742,3.399860
0.726797,3.399860
0.726853,3.399860
0.726908,3.399860
0.726964,3.399860
0.727019,3.399860
0.727075,3.399860
0.727130,3.399860
0.727186,3.399860
0.727241,3.399860
0.727296,3.399860
0.727352,3.399860
0.727407,3.399860
0.727463,3.399860
0.727518,3.399860
0.727574,3.399860
0.727629,3.399860
0.727685,3.399860
0.727740,3.399860
0.727795,3.399860
0.727851,3.399860
0.727906,3.399860
0.727962,3.399860
0.728017,3.399860
0.728073,3.399860
0.728128,3.399860
0.728184,3.399860
0.728239,3.399860
0.728294,3.399860
0.728350,3.399860
0.728405,3.399860
0.728461,3.399860
0.728516,3.399670
0.728572,3.399860
0.728627,3.399860
0.728683,3.399860
0.728738,3.399860
0.728793,3.399860
0.728849,3.399860
0.728904,3.399860
0.728960,3.399860
0.729015,3.399860
0.729071,3.399860
0.729126,3.399860
0.729182,3.399860
0.729237,3.399860
0.729292,3.399670
0.729348,3.399860
0.729403,3.399860
0.729459,3.399860
0.729514,3.399670
0.729570,3.399860
0.729625,3.399860
0.729681,3.399860
0.729736,3.399860
0.729791,3.399860
0.729847,3.399670
0.729902,3.399860
0.729958,3.399860
0.730013,3.399860
0.730069,3.399860
0.730124,3.399670
0.730180,3.399670
0.730235,3.399670
0.730290,3.399670
0.730346,3.399860
0.730401,3.399860
0.730457,3.399670
0.730512,3.399860
0.730568,3.399670
0.730623,3.399860
0.730679,3.399860
0.730734,3.399670
0.730789,3.399670
0.730845,3.399860
0.730900,3.399860
0.730956,3.399860
0.731011,3.399670
0.731067,3.399670
0.731122,3.399670
0.731178,3.399860
0.731233,3.399860
0.731288,3.399670
0.731344,3.399860
0.731399,3.399670
0.731455,3.399670
0.731510,3.399670
0.731566,3.399670
0.731621,3.399670
0.731677,3.399670
0.731732,3.399670
0.731787,3.399670
0.731843,3.399860
0.731898,3.399670
0.731954,3.399670
0.732009,3.399670
0.732065,3.399670
0.732120,3.399670
0.732176,3.399670
0.732231,3.399670
0.732286,3.399670
0.732342,3.399670
0.732397,3.399670
0.732453,3.399670
0.732508,3.399670
0.732564,3.399670
0.732619,3.399670
0.732674,3.399670
0.732730,3.399670
0.732785,3.399670
0.732841,3.399670
0.732896,3.399670
0.732952,3.399670
0.733007,3.399670
0.733063,3.399670
0.733118,3.399670
0.733173,3.399670
0.733229,3.399670
0.733284,3.399670
0.733340,3.399670
0.733395,3.399670
0.733451,3.399670
0.733506,3.399670
0.733562,3.399670
0.733617,3.399670
0.733672,3.399670
0.733728,3.399670
0.733783,3.399670
0.733839,3.399670
0.733894,3.399670
0.733950,3.399670
0.734005,3.399670
0.734061,3.399670
0.734116,3.399670
0.734171,3.399670
0.734227,3.399670
0.734282,3.399670
0.734338,3.399670
0.734393,3.399670
0.734449,3.399670
0.734504,3.399479
0.734560,3.399670
0.734615,3.399670
0.734670,3.399670
0.734726,3.399479
0.734781,3.399670
0.734837,3.399670
0.734892,3.399670
0.734948,3.399670
0.735003,3.399670
0.735059,3.399670
0.735114,3.399670
0.735169,3.399670
0.735225,3.399670
0.735280,3.399670
0.735336,3.399670
0.735391,3.399479
0.735447,3.399670
0.735502,3.399479
0.735558,3.399670
0.735613,3.399670
0.735668,3.399670
0.735724,3.399670
0.735779,3.399670
0.735835,3.399670
0.735890,3.399670
0.735946,3.399670
0.736001,3.399670
0.736057,3.399670
0.736112,3.399670
0.736167,3.399670
0.736223,3.399670
0.736278,3.399479
0.736334,3.399670
0.736389,3.399479
0.736445,3.399479
0.736500,3.399670
0.736556,3.399479
0.736611,3.399479
0.736666,3.399479
0.736722,3.399670
0.736777,3.399479
0.736833,3.399479
0.736888,3.399670
0.736944,3.399670
0.736999,3.399670
0.737054,3.399479
0.737110,3.399479
0.737165,3.399479
0.737221,3.399670
0.737276,3.399479
0.737332,3.399479
0.737387,3.399479
0.737443,3.399479
0.737498,3.399479
0.737553,3.399479
0.737609,3.399670
0.737664,3.399479
0.737720,3.399479
0.737775,3.399479
0.737831,3.399670
0.737886,3.399670
0.737942,3.399479
0.737997,3.399479
0.738052,3.399479
0.738108,3.399479
0.738163,3.399479
0.738219,3.399479
0.738274,3.399479
0.738330,3.399479
0.738385,3.399479
0.738441,3.399479
0.738496,3.399479
0.738551,3.399479
0.738607,3.399479
0.738662,3.399479
0.738718,3.399479
0.738773,3.399479
0.738829,3.399670
0.738884,3.399479
0.738940,3.399479
0.738995,3.399479
0.739050,3.399479
0.739106,3.399479
0.739161,3.399479
0.739217,3.399479
0.739272,3.399479
0.739328,3.399479
0.739383,3.399479
0.739439,3.399479
0.739494,3.399479
0.739549,3.399479
0.739605,3.399479
0.739660,3.399479
0.739716,3.399479
0.739771,3.399479
0.739827,3.399479
0.739882,3.399479
0.739937,3.399479
0.739993,3.399479
0.740048,3.399479
0.740104,3.399479
0.740159,3.399479
0.740215,3.399479
0.740270,3.399479
0.740326,3.399479
0.740381,3.399479
0.740436,3.399479
0.740492,3.399479
0.740547,3.399479
0.740603,3.399479
0.740658,3.399479
0.740714,3.399479
0.740769,3.399479
0.740825,3.399479
0.740880,3.399479
0.740935,3.399479
0.740991,3.399479
0.741046,3.399479
0.741102,3.399479
0.741157,3.399479
0.741213,3.399479
0.741268,3.399479
0.741324,3.399479
0.741379,3.399479
0.741434,3.399479
0.741490,3.399479
0.741545,3.399479
0.741601,3.399479
0.741656,3.399479
0.741712,3.399479
0.741767,3.399479
0.741823,3.399479
0.741878,3.399479
0.741933,3.399479
0.741989,3.399479
0.742044,3.399479
0.742100,3.399479
0.742155,3.399479
0.742211,3.399479
0.742266,3.399479
0.742321,3.399479
0.742377,3.399479
0.742432,3.399479
0.742488,3.399479
0.742543,3.399479
0.742599,3.399479
0.742654,3.399479
0.742710,3.399479
0.742765,3.399479
0.742820,3.399479
0.742876,3.399479
0.742931,3.399479
0.742987,3.399479
0.743042,3.399479
0.743098,3.399479
0.743153,3.399479
0.743209,3.399479
0.743264,3.399479
0.743319,3.399479
0.743375,3.399479
0.743430,3.399479
0.743486,3.399479
0.743541,3.399479
0.743597,3.399479
0.743652,3.399479
0.743708,3.399479
0.743763,3.399479
0.743818,3.399479
0.743874,3.399479
0.743929,3.399479
0.743985,3.399479
0.744040,3.399479
0.744096,3.399479
0.744151,3.399479
0.744207,3.399479
0.744262,3.399479
0.744317,3.399479
0.744373,3.399479
0.744428,3.399479
0.744484,3.399479
0.744539,3.399479
0.744595,3.399479
0.744650,3.399479
0.744705,3.399479
0.744761,3.399479
0.744816,3.399479
0.744872,3.399479
0.744927,3.399479
0.744983,3.399479
0.745038,3.399479
0.745094,3.399479
0.745149,3.399479
0.745204,3.399479
0.745260,3.399479
0.745315,3.399479
0.745371,3.399479
0.745426,3.399479
0.745482,3.399479
0.745537,3.399479
0.745593,3.399479
0.745648,3.399479
0.745703,3.399479
0.745759,3.399479
0.745814,3.399479
0.745870,3.399479
0.745925,3.399479
0.745981,3.399479
0.746036,3.399479
0.746092,3.399479
0.746147,3.399479
0.746202,3.399479
0.746258,3.399479
0.746313,3.399479
0.746369,3.399479
0.746424,3.399479
0.746480,3.399479
0.746535,3.399479
0.746591,3.399479
0.746646,3.399479
0.746701,3.399479
0.746757,3.399479
0.746812,3.399479
0.746868,3.399479
0.746923,3.399479
0.746979,3.399479
0.747034,3.399479
0.747090,3.399479
0.747145,3.399479
0.747200,3.399479
0.747256,3.399479
0.747311,3.399479
0.747367,3.399479
0.747422,3.399479
0.747478,3.399479
0.747533,3.399479
0.747589,3.399479
0.747644,3.399479
0.747699,3.399479
0.747755,3.399479
0.747810,3.399479
0.747866,3.399479
0.747921,3.399479
0.747977,3.399479
0.748032,3.399479
0.748088,3.399479
0.748143,3.399479
0.748198,3.399479
0.748254,3.399479
0.748309,3.399479
0.748365,3.399479
0.748420,3.399479
0.748476,3.399479
0.748531,3.399479
0.748586,3.399479
0.748642,3.399479
0.748697,3.399479
0.748753,3.399479
0.748808,3.399479
0.748864,3.399479
0.748919,3.399479
0.748975,3.399479
0.749030,3.399479
0.749085,3.399479
0.749141,3.399479
0.749196,3.399479
0.749252,3.399479
0.749307,3.399479
0.749363,3.399479
0.749418,3.399288
0.749474,3.399479
0.749529,3.399479
0.749584,3.399479
0.749640,3.399479
0.749695,3.399479
0.749751,3.399479
0.749806,3.399288
0.749862,3.399479
0.749917,3.399288
0.749972,3.399479
0.750028,3.399479
0.750083,3.399479
0.750139,3.399288
0.750194,3.399479
0.750250,3.399479
0.750305,3.399479
0.750361,3.399479
0.750416,3.399288
0.750471,3.399479
0.750527,3.399479
0.750582,3.399479
0.750638,3.399479
0.750693,3.399288
0.750749,3.399479
0.750804,3.399479
0.750860,3.399479
0.750915,3.399288
0.750970,3.399479
0.751026,3.399288
0.751081,3.399479
0.751137,3.399479
0.751192,3.399288
0.751248,3.399479
0.751303,3.399288
0.751359,3.399479
0.751414,3.399288
0.751469,3.399288
0.751525,3.399288
0.751580,3.399288
0.751636,3.399479
0.751691,3.399288
0.751747,3.399288
0.751802,3.399288
0.751857,3.399479
0.751913,3.399479
0.751968,3.399479
0.752024,3.399479
0.752079,3.399288
0.752135,3.399479
0.752190,3.399288
0.752246,3.399479
0.752301,3.399288
0.752356,3.399288
0.752412,3.399479
0.752467,3.399288
0.752523,3.399288
0.752578,3.399288
0.752634,3.399288
0.752689,3.399288
0.752745,3.399288
0.752800,3.399479
0.752855,3.399288
0.752911,3.399479
0.752966,3.399288
0.753022,3.399288
0.753077,3.399288
0.753133,3.399288
0.753188,3.399288
0.753244,3.399288
0.753299,3.399288
0.753354,3.399288
0.753410,3.399479
0.753465,3.399288
0.753521,3.399288
0.753576,3.399288
0.753632,3.399288
0.753687,3.399288
0.753743,3.399288
0.753798,3.399288
0.753853,3.399288
0.753909,3.399479
0.753964,3.399288
0.754020,3.399288
0.754075,3.399288
0.754131,3.399288
0.754186,3.399288
0.754241,3.399288
0.754297,3.399288
0.754352,3.399288
0.754408,3.399288
0.754463,3.399288
0.754519,3.399288
0.754574,3.399288
0.754630,3.399288
0.754685,3.399288
0.754740,3.399288
0.754796,3.399288
0.754851,3.399288
0.754907,3.399288
0.754962,3.399288
0.755018,3.399288
0.755073,3.399288
0.755129,3.399288
0.755184,3.399288
0.755239,3.399288
0.755295,3.399288
0.755350,3.399288
0.755406,3.399288
0.755461,3.399288
0.755517,3.399288
0.755572,3.399288
0.755628,3.399288
0.755683,3.399288
0.755738,3.399288
0.755794,3.399288
0.755849,3.399288
0.755905,3.399288
0.755960,3.399288
0.756016,3.399288
0.756071,3.399288
0.756127,3.399288
0.756182,3.399288
0.756237,3.399288
0.756293,3.399288
0.756348,3.399288
0.756404,3.399288
0.756459,3.399288
0.756515,3.399288
0.756570,3.399288
0.756626,3.399288
0.756681,3.399288
0.756736,3.399288
0.756792,3.399288
0.756847,3.399288
0.756903,3.399288
0.756958,3.399288
0.757014,3.399288
0.757069,3.399288
0.757125,3.399288
0.757180,3.399288
0.757235,3.399288
0.757291,3.399288
0.757346,3.399288
0.757402,3.399288
0.757457,3.399288
0.757513,3.399288
0.757568,3.399288
0.757624,3.399098
0.757679,3.399288
0.757734,3.399288
0.757790,3.399288
0.757845,3.399288
0.757901,3.399288
0.757956,3.399288
0.758012,3.399288
0.758067,3.399288
0.758123,3.399288
0.758178,3.399288
0.758233,3.399288
0.758289,3.399288
0.758344,3.399288
0.758400,3.399288
0.758455,3.399288
0.758511,3.399288
0.758566,3.399098
0.758622,3.399288
0.758677,3.399288
0.758732,3.399288
0.758788,3.399288
0.758843,3.399288
0.758899,3.399098
0.758954,3.399098
0.759010,3.399288
0.759065,3.399098
0.759120,3.399288
0.759176,3.399098
0.759231,3.399288
0.759287,3.399098
0.759342,3.399288
0.759398,3.399098
0.759453,3.399098
0.759509,3.399098
0.759564,3.399288
0.759619,3.399288
0.759675,3.399098
0.759730,3.399098
0.759786,3.399098
0.759841,3.399288
0.759897,3.399288
0.759952,3.399288
0.760008,3.399098
0.760063,3.399288
0.760118,3.399098
0.760174,3.399288
0.760229,3.399098
0.760285,3.399098
0.760340,3.399098
0.760396,3.399098
0.760451,3.399098
0.760506,3.399098
0.760562,3.399098
0.760617,3.399098
0.760673,3.399098
0.760728,3.399098
0.760784,3.399098
0.760839,3.399098
0.760895,3.399098
0.760950,3.399098
0.761005,3.399098
0.761061,3.399098
0.761116,3.399098
0.761172,3.399098
0.761227,3.399288
0.761283,3.399098
0.761338,3.399098
0.761394,3.399098
0.761449,3.399098
0.761504,3.399098
0.761560,3.399098
0.761615,3.399288
0.761671,3.399098
0.761726,3.399098
0.761782,3.399288
0.761837,3.399098
0.761893,3.399098
0.761948,3.399098
0.762003,3.399098
0.762059,3.399098
0.762114,3.399098
0.762170,3.399098
0.762225,3.399098
0.762281,3.399098
0.762336,3.399098
0.762391,3.399098
0.762447,3.399098
0.762502,3.399098
0.762558,3.399098
0.762613,3.399098
0.762669,3.399098
0.762724,3.399098
0.762780,3.399098
0.762835,3.399098
0.762890,3.399098
0.762946,3.399098
0.763001,3.399098
0.763057,3.399098
0.763112,3.399098
0.763168,3.399098
0.763223,3.399098
0.763279,3.399098
0.763334,3.399098
0.763389,3.399098
0.763445,3.399098
0.763500,3.399098
0.763556,3.399098
0.763611,3.399098
0.763667,3.399098
0.763722,3.399098
0.763778,3.399098
0.763833,3.399098
0.763888,3.399098
0.763944,3.399098
0.763999,3.399098
0.764055,3.399098
0.764110,3.399098
0.764166,3.399098
0.764221,3.399098
0.764277,3.399098
0.764332,3.399098
0.764387,3.399098
0.764443,3.399098
0.764498,3.399098
0.764554,3.399098
0.764609,3.399098
0.764665,3.399098
0.764720,3.399098
0.764776,3.399098
0.764831,3.399098
0.764886,3.399098
0.764942,3.399098
0.764997,3.399098
0.765053,3.399098
0.765108,3.399098
0.765164,3.399098
0.765219,3.399098
0.765275,3.399098
0.765330,3.399098
0.765385,3.399098
0.765441,3.399098
0.765496,3.399098
0.765552,3.399098
0.765607,3.399098
0.765663,3.399098
0.765718,3.399098
0.765774,3.399098
0.765829,3.399098
0.765884,3.399098
0.765940,3.399098
0.765995,3.399098
0.766051,3.399098
0.766106,3.399098
0.766162,3.399098
0.766217,3.399098
0.766273,3.399098
0.766328,3.399098
0.766383,3.399098
0.766439,3.399098
0.766494,3.399098
0.766550,3.399098
0.766605,3.399098
0.766661,3.399098
0.766716,3.398907
0.766771,3.399098
0.766827,3.399098
0.766882,3.399098
0.766938,3.399098
0.766993,3.399098
0.767049,3.398907
0.767104,3.399098
0.767160,3.399098
0.767215,3.399098
0.767270,3.399098
0.767326,3.398907
0.767381,3.398907
0.767437,3.399098
0.767492,3.399098
0.767548,3.398907
0.767603,3.399098
0.767659,3.398907
0.767714,3.399098
0.767769,3.399098
0.767825,3.398907
0.767880,3.399098
0.767936,3.398907
0.767991,3.399098
0.768047,3.399098
0.768102,3.399098
0.768158,3.399098
0.768213,3.399098
0.768268,3.399098
0.768324,3.399098
0.768379,3.399098
0.768435,3.398907
0.768490,3.398907
0.768546,3.398907
0.768601,3.399098
0.768656,3.398907
0.768712,3.399098
0.768767,3.398907
0.768823,3.398907
0.768878,3.399098
0.768934,3.398907
0.768989,3.398907
0.769045,3.398907
0.769100,3.398907
0.769155,3.398907
0.769211,3.398907
0.769266,3.398907
0.769322,3.399098
0.769377,3.398907
0.769433,3.398907
0.769488,3.398907
0.769544,3.398907
0.769599,3.398907
0.769654,3.398907
0.769710,3.398907
0.769765,3.398907
0.769821,3.398907
0.769876,3.398907
0.769932,3.398907
0.769987,3.398907
0.770043,3.398907
0.770098,3.398907
0.770153,3.398907
0.770209,3.398907
0.770264,3.398907
0.770320,3.398907
0.770375,3.398907
0.770431,3.398907
0.770486,3.398907
0.770542,3.398907
0.770597,3.398907
0.770652,3.398907
0.770708,3.398907
0.770763,3.398907
0.770819,3.398907
0.770874,3.398907
0.770930,3.398907
0.770985,3.398907
0.771041,3.398907
0.771096,3.398907
0.771151,3.398907
0.771207,3.398907
0.771262,3.398907
0.771318,3.398907
0.771373,3.398907
0.771429,3.398907
0.771484,3.398907
0.771539,3.398907
0.771595,3.398907
0.771650,3.398907
0.771706,3.398907
0.771761,3.398907
0.771817,3.398907
0.771872,3.398907
0.771928,3.398907
0.771983,3.398907
0.772038,3.398907
0.772094,3.398907
0.772149,3.398907
0.772205,3.398907
0.772260,3.398907
0.772316,3.398907
0.772371,3.398907
0.772427,3.398907
0.772482,3.398907
0.772537,3.398907
0.772593,3.398907
0.772648,3.398907
0.772704,3.398907
0.772759,3.398907
0.772815,3.398907
0.772870,3.398907
0.772926,3.398907
0.772981,3.398907
0.773036,3.398907
0.773092,3.398907
0.773147,3.398907
0.773203,3.398907
0.773258,3.398907
0.773314,3.398907
0.773369,3.398907
0.773425,3.398907
0.773480,3.398907
0.773535,3.398907
0.773591,3.398907
0.773646,3.398907
0.773702,3.398907
0.773757,3.398907
0.773813,3.398907
0.773868,3.398907
0.773923,3.398717
0.773979,3.398907
0.774034,3.398907
0.774090,3.398907
0.774145,3.398907
0.774201,3.398907
0.774256,3.398907
0.774312,3.398907
0.774367,3.398907
0.774422,3.398907
0.774478,3.398907
0.774533,3.398907
0.774589,3.398907
0.774644,3.398907
0.774700,3.398907
0.774755,3.398907
0.774811,3.398907
0.774866,3.398907
0.774921,3.398717
0.774977,3.398907
0.775032,3.398907
0.775088,3.398907
0.775143,3.398907
0.775199,3.398907
0.775254,3.398907
0.775310,3.398907
0.775365,3.398907
0.775420,3.398717
0.775476,3.398907
0.775531,3.398907
0.775587,3.398907
0.775642,3.398717
0.775698,3.398717
0.775753,3.398907
0.775808,3.398717
0.775864,3.398907
0.775919,3.398907
0.775975,3.398907
0.776030,3.398907
0.776086,3.398907
0.776141,3.398907
0.776197,3.398907
0.776252,3.398907
0.776307,3.398717
0.776363,3.398717
0.776418,3.398907
0.776474,3.398907
0.776529,3.398907
0.776585,3.398717
0.776640,3.398717
0.776696,3.398907
0.776751,3.398907
0.776806,3.398717
0.776862,3.398907
0.776917,3.398717
0.776973,3.398717
0.777028,3.398907
0.777084,3.398907
0.777139,3.398907
0.777194,3.398717
0.777250,3.398907
0.777305,3.398717
0.777361,3.398717
0.777416,3.398907
0.777472,3.398717
0.777527,3.398717
0.777583,3.398907
0.777638,3.398907
0.777693,3.398717
0.777749,3.398907
0.777804,3.398717
0.777860,3.398907
0.777915,3.398717
0.777971,3.398717
0.778026,3.398717
0.778082,3.398717
0.778137,3.398717
0.778192,3.398717
0.778248,3.398907
0.778303,3.398717
0.778359,3.398907
0.778414,3.398907
0.778470,3.398717
0.778525,3.398717
0.778580,3.398717
0.778636,3.398717
0.778691,3.398907
0.778747,3.398717
0.778802,3.398717
0.778858,3.398717
0.778913,3.398907
0.778969,3.398717
0.779024,3.398717
0.779079,3.398907
0.779135,3.398717
0.779190,3.398717
0.779246,3.398907
0.779301,3.398717
0.779357,3.398717
0.779412,3.398907
0.779468,3.398717
0.779523,3.398717
0.779578,3.398717
0.779634,3.398717
0.779689,3.398717
0.779745,3.398717
0.779800,3.398717
0.779856,3.398717
0.779911,3.398717
0.779966,3.398717
0.780022,3.398717
0.780077,3.398717
0.780133,3.398717
0.780188,3.398717
0.780244,3.398717
0.780299,3.398717
0.780355,3.398717
0.780410,3.398717
0.780465,3.398717
0.780521,3.398717
0.780576,3.398717
0.780632,3.398717
0.780687,3.398717
0.780743,3.398717
0.780798,3.398717
0.780854,3.398717
0.780909,3.398717
0.780964,3.398717
0.781020,3.398717
0.781075,3.398717
0.781131,3.398717
0.781186,3.398717
0.781242,3.398717
0.781297,3.398717
0.781352,3.398717
0.781408,3.398717
0.781463,3.398717
0.781519,3.398717
0.781574,3.398717
0.781630,3.398717
0.781685,3.398717
0.781741,3.398717
0.781796,3.398717
0.781851,3.398717
0.781907,3.398717
0.781962,3.398717
0.782018,3.398717
0.782073,3.398717
0.782129,3.398717
0.782184,3.398717
0.782240,3.398717
0.782295,3.398717
0.782350,3.398717
0.782406,3.398717
0.782461,3.398717
0.782517,3.398717
0.782572,3.398717
0.782628,3.398717
0.782683,3.398717
0.782738,3.398717
0.782794,3.398717
0.782849,3.398717
0.782905,3.398717
0.782960,3.398717
0.783016,3.398717
0.783071,3.398717
0.783127,3.398526
0.783182,3.398717
0.783237,3.398717
0.783293,3.398526
0.783348,3.398717
0.783404,3.398717
0.783459,3.398717
0.783515,3.398717
0.783570,3.398717
0.783626,3.398717
0.783681,3.398717
0.783736,3.398717
0.783792,3.398717
0.783847,3.398717
0.783903,3.398717
0.783958,3.398526
0.784014,3.398526
0.784069,3.398526
0.784124,3.398526
0.784180,3.398526
0.784235,3.398717
0.784291,3.398717
0.784346,3.398717
0.784402,3.398526
0.784457,3.398526
0.784513,3.398717
0.784568,3.398717
0.784623,3.398526
0.784679,3.398526
0.784734,3.398526
0.784790,3.398526
0.784845,3.398717
0.784901,3.398526
0.784956,3.398526
0.785012,3.398526
0.785067,3.398717
0.785122,3.398717
0.785178,3.398526
0.785233,3.398526
0.785289,3.398717
0.785344,3.398526
0.785400,3.398717
0.785455,3.398526
0.785510,3.398526
0.785566,3.398526
0.785621,3.398717
0.785677,3.398526
0.785732,3.398526
0.785788,3.398526
0.785843,3.398526
0.785899,3.398717
0.785954,3.398526
0.786009,3.398526
0.786065,3.398526
0.786120,3.398717
0.786176,3.398526
0.786231,3.398717
0.786287,3.398526
0.786342,3.398526
0.786397,3.398526
0.786453,3.398526
0.786508,3.398526
0.786564,3.398526
0.786619,3.398526
0.786675,3.398526
0.786730,3.398526
0.786786,3.398526
0.786841,3.398526
0.786896,3.398526
0.786952,3.398717
0.787007,3.398526
0.787063,3.398526
0.787118,3.398526
0.787174,3.398526
0.787229,3.398526
0.787285,3.398526
0.787340,3.398526
0.787395,3.398526
0.787451,3.398526
0.787506,3.398526
0.787562,3.398526
0.787617,3.398526
0.787673,3.398526
0.787728,3.398526
0.787783,3.398526
0.787839,3.398526
0.787894,3.398526
0.787950,3.398526
0.788005,3.398526
0.788061,3.398526
0.788116,3.398526
0.788172,3.398526
0.788227,3.398526
0.788282,3.398526
0.788338,3.398526
0.788393,3.398526
0.788449,3.398526
0.788504,3.398526
0.788560,3.398526
0.788615,3.398335
0.788671,3.398526
0.788726,3.398526
0.788781,3.398526
0.788837,3.398526
0.788892,3.398526
0.788948,3.398526
0.789003,3.398526
0.789059,3.398526
0.789114,3.398526
0.789169,3.398526
0.789225,3.398526
0.789280,3.398526
0.789336,3.398526
0.789391,3.398526
0.789447,3.398526
0.789502,3.398526
0.789558,3.398526
0.789613,3.398526
0.789668,3.398526
0.789724,3.398335
0.789779,3.398335
0.789835,3.398526
0.789890,3.398526
0.789946,3.398526
0.790001,3.398335
0.790057,3.398526
0.790112,3.398526
0.790167,3.398526
0.790223,3.398526
0.790278,3.398526
0.790334,3.398335
0.790389,3.398526
0.790445,3.398526
0.790500,3.398526
0.790555,3.398335
0.790611,3.398335
0.790666,3.398526
0.790722,3.398526
0.790777,3.398335
0.790833,3.398335
0.790888,3.398526
0.790944,3.398526
0.790999,3.398335
0.791054,3.398526
0.791110,3.398526
0.791165,3.398335
0.791221,3.398335
0.791276,3.398335
0.791332,3.398335
0.791387,3.398335
0.791443,3.398335
0.791498,3.398526
0.791553,3.398335
0.791609,3.398335
0.791664,3.398335
0.791720,3.398335
0.791775,3.398335
0.791831,3.398526
0.791886,3.398335
0.791942,3.398335
0.791997,3.398335
0.792052,3.398335
0.792108,3.398335
0.792163,3.398335
0.792219,3.398335
0.792274,3.398335
0.792330,3.398335
0.792385,3.398335
0.792440,3.398335
0.792496,3.398335
0.792551,3.398335
0.792607,3.398335
0.792662,3.398335
0.792718,3.398335
0.792773,3.398335
0.792829,3.398335
0.792884,3.398335
0.792939,3.398335
0.792995,3.398335
0.793050,3.398335
0.793106,3.398335
0.793161,3.398335
0.793217,3.398335
0.793272,3.398335
0.793328,3.398335
0.793383,3.398335
0.793438,3.398335
0.793494,3.398335
0.793549,3.398335
0.793605,3.398335
0.793660,3.398335
0.793716,3.398145
0.793771,3.398335
0.793826,3.398335
0.793882,3.398335
0.793937,3.398335
0.793993,3.398335
0.794048,3.398335
0.794104,3.398145
0.794159,3.398335
0.794215,3.398335
0.794270,3.398335
0.794325,3.398335
0.794381,3.398335
0.794436,3.398335
0.794492,3.398145
0.794547,3.398335
0.794603,3.398145
0.794658,3.398145
0.794714,3.398335
0.794769,3.398335
0.794824,3.398335
0.794880,3.398145
0.794935,3.398335
0.794991,3.398335
0.795046,3.398145
0.795102,3.398335
0.795157,3.398335
0.795213,3.398335
0.795268,3.398335
0.795323,3.398335
0.795379,3.398145
0.795434,3.398335
0.795490,3.398145
0.795545,3.398145
0.795601,3.398145
0.795656,3.398145
0.795712,3.398145
0.795767,3.398335
0.795822,3.398145
0.795878,3.398145
0.795933,3.398145
0.795989,3.398335
0.796044,3.398145
0.796100,3.398145
0.796155,3.398145
0.796210,3.398145
0.796266,3.398145
0.796321,3.398335
0.796377,3.398145
0.796432,3.398145
0.796488,3.398145
0.796543,3.398145
0.796599,3.398145
0.796654,3.398145
0.796709,3.398145
0.796765,3.398145
0.796820,3.398145
0.796876,3.398145
0.796931,3.398145
0.796987,3.398145
0.797042,3.398145
0.797098,3.398145
0.797153,3.398145
0.797208,3.398145
0.797264,3.398145
0.797319,3.398145
0.797375,3.398145
0.797430,3.398145
0.797486,3.398145
0.797541,3.398145
0.797597,3.398145
0.797652,3.398145
0.797707,3.398145
0.797763,3.398145
0.797818,3.398145
0.797874,3.397954
0.797929,3.398145
0.797985,3.398145
0.798040,3.398145
0.798096,3.398145
0.798151,3.398145
0.798206,3.398145
0.798262,3.398145
0.798317,3.398145
0.798373,3.398145
0.798428,3.398145
0.798484,3.398145
0.798539,3.397954
0.798595,3.398145
0.798650,3.397954
0.798705,3.397954
0.798761,3.397954
0.798816,3.398145
0.798872,3.397954
0.798927,3.398145
0.798983,3.398145
0.799038,3.398145
0.799093,3.398145
0.799149,3.398145
0.799204,3.398145
0.799260,3.398145
0.799315,3.397954
0.799371,3.397954
0.799426,3.398145
0.799482,3.398145
0.799537,3.397954
0.799592,3.397954
0.799648,3.398145
0.799703,3.397954
0.799759,3.397954
0.799814,3.398145
0.799870,3.397954
0.799925,3.397954
0.799981,3.397954
0.800036,3.397954
0.800091,3.397954
0.800147,3.397954
0.800202,3.398145
0.800258,3.398145
0.800313,3.398145
0.800369,3.397954
0.800424,3.397954
0.800479,3.397954
0.800535,3.397954
0.800590,3.398145
0.800646,3.397954
0.800701,3.397954
0.800757,3.397954
0.800812,3.397954
0.800868,3.397954
0.800923,3.398145
0.800978,3.397954
0.801034,3.397954
0.801089,3.397954
0.801145,3.397954
0.801200,3.397954
0.801256,3.397954
0.801311,3.397954
0.801367,3.397954
0.801422,3.397954
0.801477,3.397954
0.801533,3.397954
0.801588,3.397954
0.801644,3.397954
0.801699,3.397954
0.801755,3.397954
0.801810,3.397954
0.801866,3.397954
0.801921,3.397954
0.801976,3.397954
0.802032,3.397954
0.802087,3.397954
0.802143,3.397954
0.802198,3.397954
0.802254,3.397954
0.802309,3.397954
0.802365,3.397954
0.802420,3.397954
0.802475,3.397954
0.802531,3.397954
0.802586,3.397954
0.802642,3.397954
0.802697,3.397954
0.802753,3.397954
0.802808,3.397954
0.802864,3.397954
0.802919,3.397954
0.802974,3.397954
0.803030,3.397954
0.803085,3.397954
0.803141,3.397954
0.803196,3.397954
0.803252,3.397954
0.803307,3.397954
0.803362,3.397954
0.803418,3.397954
0.803473,3.397954
0.803529,3.397954
0.803584,3.397954
0.803640,3.397954
0.803695,3.397954
0.803751,3.397954
0.803806,3.397954
0.803861,3.397954
0.803917,3.397954
0.803972,3.397954
0.804028,3.397954
0.804083,3.397954
0.804139,3.397954
0.804194,3.397954
0.804250,3.397954
0.804305,3.397954
0.804360,3.397954
0.804416,3.397954
0.804471,3.397954
0.804527,3.397954
0.804582,3.397954
0.804638,3.397954
0.804693,3.397954
0.804749,3.397954
0.804804,3.397954
0.804859,3.397954
0.804915,3.397954
0.804970,3.397954
0.805026,3.397954
0.805081,3.397954
0.805137,3.397954
0.805192,3.397954
0.805247,3.397954
0.805303,3.397954
0.805358,3.397954
0.805414,3.397954
0.805469,3.397954
0.805525,3.397954
0.805580,3.397954
0.805636,3.397954
0.805691,3.397954
0.805746,3.397954
0.805802,3.397954
0.805857,3.397954
0.805913,3.397954
0.805968,3.397954
0.806024,3.397954
0.806079,3.397954
0.806135,3.397954
0.806190,3.397954
0.806245,3.397954
0.806301,3.397954
0.806356,3.397954
0.806412,3.397954
0.806467,3.397954
0.806523,3.397954
0.806578,3.397954
0.806634,3.397764
0.806689,3.397954
0.806744,3.397954
0.806800,3.397954
0.806855,3.397954
0.806911,3.397954
0.806966,3.397954
0.807022,3.397954
0.807077,3.397954
0.807132,3.397954
0.807188,3.397764
0.807243,3.397954
0.807299,3.397954
0.807354,3.397954
0.807410,3.397954
0.807465,3.397954
0.807521,3.397954
0.807576,3.397954
0.807631,3.397764
0.807687,3.397954
0.807742,3.397954
0.807798,3.397954
0.807853,3.397954
0.807909,3.397954
0.807964,3.397954
0.808020,3.397764
0.808075,3.397764
0.808130,3.397954
0.808186,3.397954
0.808241,3.397764
0.808297,3.397954
0.808352,3.397764
0.808408,3.397764
0.808463,3.397954
0.808518,3.397954
0.808574,3.397954
0.808629,3.397764
0.808685,3.397954
0.808740,3.397954
0.808796,3.397764
0.808851,3.397764
0.808907,3.397954
0.808962,3.397954
0.809017,3.397764
0.809073,3.397954
0.809128,3.397764
0.809184,3.397764
0.809239,3.397954
0.809295,3.397764
0.809350,3.397764
0.809406,3.397954
0.809461,3.397764
0.809516,3.397954
0.809572,3.397764
0.809627,3.397764
0.809683,3.397954
0.809738,3.397764
0.809794,3.397954
0.809849,3.397764
0.809904,3.397954
0.809960,3.397954
0.810015,3.397764
0.810071,3.397764
0.810126,3.397764
0.810182,3.397764
0.810237,3.397764
0.810293,3.397764
0.810348,3.397764
0.810403,3.397954
0.810459,3.397764
0.810514,3.397764
0.810570,3.397764
0.810625,3.397764
0.810681,3.397764
0.810736,3.397954
0.810792,3.397764
0.810847,3.397764
0.810902,3.397764
0.810958,3.397764
0.811013,3.397764
0.811069,3.397764
0.811124,3.397764
0.811180,3.397764
0.811235,3.397764
0.811290,3.397764
0.811346,3.397764
0.811401,3.397764
0.811457,3.397764
0.811512,3.397764
0.811568,3.397764
0.811623,3.397764
0.811679,3.397764
0.811734,3.397764
0.811789,3.397764
0.811845,3.397764
0.811900,3.397764
0.811956,3.397764
0.812011,3.397764
0.812067,3.397764
0.812122,3.397764
0.812178,3.397764
0.812233,3.397764
0.812288,3.397764
0.812344,3.397764
0.812399,3.397764
0.812455,3.397764
0.812510,3.397764
0.812566,3.397764
0.812621,3.397764
0.812676,3.397764
0.812732,3.397764
0.812787,3.397764
0.812843,3.397764
0.812898,3.397764
0.812954,3.397764
0.813009,3.397764
0.813065,3.397764
0.813120,3.397764
0.813175,3.397764
0.813231,3.397764
0.813286,3.397764
0.813342,3.397764
0.813397,3.397764
0.813453,3.397764
0.813508,3.397764
0.813564,3.397764
0.813619,3.397764
0.813674,3.397764
0.813730,3.397764
0.813785,3.397764
0.813841,3.397764
0.813896,3.397764
0.813952,3.397764
0.814007,3.397764
0.814062,3.397764
0.814118,3.397764
0.814173,3.397764
0.814229,3.397764
0.814284,3.397573
0.814340,3.397764
0.814395,3.397764
0.814451,3.397764
0.814506,3.397764
0.814561,3.397764
0.814617,3.397764
0.814672,3.397573
0.814728,3.397573
0.814783,3.397764
0.814839,3.397764
0.814894,3.397764
0.814950,3.397764
0.815005,3.397573
0.815060,3.397764
0.815116,3.397573
0.815171,3.397764
0.815227,3.397764
0.815282,3.397764
0.815338,3.397764
0.815393,3.397764
0.815448,3.397573
0.815504,3.397764
0.815559,3.397764
0.815615,3.397764
0.815670,3.397764
0.815726,3.397764
0.815781,3.397764
0.815837,3.397764
0.815892,3.397764
0.815947,3.397573
0.816003,3.397764
0.816058,3.397764
0.816114,3.397573
0.816169,3.397573
0.816225,3.397764
0.816280,3.397764
0.816336,3.397764
0.816391,3.397573
0.816446,3.397573
0.816502,3.397573
0.816557,3.397573
0.816613,3.397573
0.816668,3.397764
0.816724,3.397573
0.816779,3.397573
0.816835,3.397764
0.816890,3.397573
0.816945,3.397573
0.817001,3.397573
0.817056,3.397764
0.817112,3.397573
0.817167,3.397573
0.817223,3.397573
0.817278,3.397573
0.817334,3.397573
0.817389,3.397573
0.817444,3.397764
0.817500,3.397573
0.817555,3.397573
0.817611,3.397573
0.817666,3.397573
0.817722,3.397573
0.817777,3.397764
0.817832,3.397573
0.817888,3.397573
0.817943,3.397573
0.817999,3.397573
0.818054,3.397573
0.818110,3.397573
0.818165,3.397573
0.818221,3.397573
0.818276,3.397573
0.818331,3.397573
0.818387,3.397573
0.818442,3.397573
0.818498,3.397573
0.818553,3.397573
0.818609,3.397573
0.818664,3.397573
0.818720,3.397573
0.818775,3.397573
0.818830,3.397573
0.818886,3.397573
0.818941,3.397573
0.818997,3.397573
0.819052,3.397573
0.819108,3.397573
0.819163,3.397573
0.819219,3.397573
0.819274,3.397573
0.819329,3.397573
0.819385,3.397573
0.819440,3.397573
0.819496,3.397573
0.819551,3.397573
0.819607,3.397573
0.819662,3.397573
0.819717,3.397573
0.819773,3.397573
0.819828,3.397573
0.819884,3.397573
0.819939,3.397573
0.819995,3.397573
0.820050,3.397573
0.820106,3.397573
0.820161,3.397573
0.820216,3.397573
0.820272,3.397573
0.820327,3.397573
0.820383,3.397573
0.820438,3.397573
0.820494,3.397573
0.820549,3.397573
0.820604,3.397573
0.820660,3.397573
0.820715,3.397573
0.820771,3.397383
0.820826,3.397573
0.820882,3.397573
0.820937,3.397573
0.820993,3.397573
0.821048,3.397573
0.821103,3.397573
0.821159,3.397573
0.821214,3.397573
0.821270,3.397573
0.821325,3.397573
0.821381,3.397573
0.821436,3.397383
0.821492,3.397573
0.821547,3.397573
0.821602,3.397383
0.821658,3.397573
0.821713,3.397573
0.821769,3.397383
0.821824,3.397573
0.821880,3.397573
0.821935,3.397573
0.821991,3.397383
0.822046,3.397573
0.822101,3.397573
0.822157,3.397383
0.822212,3.397573
0.822268,3.397383
0.822323,3.397383
0.822379,3.397383
0.822434,3.397383
0.822490,3.397573
0.822545,3.397573
0.822600,3.397383
0.822656,3.397383
0.822711,3.397383
0.822767,3.397573
0.822822,3.397383
0.822878,3.397573
0.822933,3.397573
0.822988,3.397383
0.823044,3.397573
0.823099,3.397383
0.823155,3.397383
0.823210,3.397383
0.823266,3.397383
0.823321,3.397383
0.823377,3.397383
0.823432,3.397383
0.823487,3.397573
0.823543,3.397383
0.823598,3.397573
0.823654,3.397383
0.823709,3.397383
0.823765,3.397383
0.823820,3.397383
0.823876,3.397573
0.823931,3.397383
0.823986,3.397383
0.824042,3.397383
0.824097,3.397383
0.824153,3.397383
0.824208,3.397383
0.824264,3.397383
0.824319,3.397383
0.824375,3.397383
0.824430,3.397383
0.824485,3.397383
0.824541,3.397383
0.824596,3.397383
0.824652,3.397383
0.824707,3.397383
0.824763,3.397383
0.824818,3.397383
0.824874,3.397383
0.824929,3.397383
0.824984,3.397383
0.825040,3.397383
0.825095,3.397383
0.825151,3.397383
0.825206,3.397383
0.825262,3.397383
0.825317,3.397383
0.825373,3.397383
0.825428,3.397383
0.825483,3.397383
0.825539,3.397383
0.825594,3.397383
0.825650,3.397383
0.825705,3.397383
0.825761,3.397383
0.825816,3.397383
0.825872,3.397383
0.825927,3.397383
0.825982,3.397383
0.826038,3.397383
0.826093,3.397383
0.826149,3.397383
0.826204,3.397383
0.826260,3.397383
0.826315,3.397383
0.826371,3.397383
0.826426,3.397383
0.826481,3.397383
0.826537,3.397383
0.826592,3.397383
0.826648,3.397383
0.826703,3.397383
0.826759,3.397383
0.826814,3.397383
0.826870,3.397383
0.826925,3.397383
0.826980,3.397383
0.827036,3.397383
0.827091,3.397383
0.827147,3.397383
0.827202,3.397383
0.827258,3.397383
0.827313,3.397192
0.827369,3.397383
0.827424,3.397383
0.827479,3.397383
0.827535,3.397383
0.827590,3.397383
0.827646,3.397383
0.827701,3.397383
0.827757,3.397192
0.827812,3.397192
0.827868,3.397383
0.827923,3.397383
0.827978,3.397383
0.828034,3.397192
0.828089,3.397192
0.828145,3.397383
0.828200,3.397192
0.828256,3.397192
0.828311,3.397383
0.828367,3.397192
0.828422,3.397383
0.828477,3.397192
0.828533,3.397383
0.828588,3.397383
0.828644,3.397383
0.828699,3.397383
0.828755,3.397192
0.828810,3.397383
0.828866,3.397383
0.828921,3.397383
0.828976,3.397383
0.829032,3.397383
0.829087,3.397192
0.829143,3.397192
0.829198,3.397383
0.829254,3.397192
0.829309,3.397192
0.829365,3.397192
0.829420,3.397383
0.829475,3.397192
0.829531,3.397192
0.829586,3.397192
0.829642,3.397192
0.829697,3.397192
0.829753,3.397192
0.829808,3.397192
0.829864,3.397192
0.829919,3.397192
0.829974,3.397192
0.830030,3.397192
0.830085,3.397192
0.830141,3.397192
0.830196,3.397192
0.830252,3.397192
0.830307,3.397192
0.830363,3.397192
0.830418,3.397192
0.830473,3.397192
0.830529,3.397192
0.830584,3.397192
0.830640,3.397192
0.830695,3.397192
0.830751,3.397192
0.830806,3.397192
0.830862,3.397383
0.830917,3.397192
0.830972,3.397192
0.831028,3.397192
0.831083,3.397192
0.831139,3.397192
0.831194,3.397192
0.831250,3.397192
0.831305,3.397192
0.831361,3.397192
0.831416,3.397192
0.831471,3.397192
0.831527,3.397192
0.831582,3.397192
0.831638,3.397192
0.831693,3.397192
0.831749,3.397192
0.831804,3.397192
0.831860,3.397192
0.831915,3.397192
0.831970,3.397192
0.832026,3.397192
0.832081,3.397192
0.832137,3.397192
0.832192,3.397192
0.832248,3.397192
0.832303,3.397192
0.832359,3.397192
0.832414,3.397192
0.832469,3.397192
0.832525,3.397192
0.832580,3.397192
0.832636,3.397192
0.832691,3.397192
0.832747,3.397192
0.832802,3.397192
0.832858,3.397192
0.832913,3.397192
0.832968,3.397192
0.833024,3.397192
0.833079,3.397192
0.833135,3.397192
0.833190,3.397192
0.833246,3.397192
0.833301,3.397192
0.833357,3.397192
0.833412,3.397192
0.833467,3.397192
0.833523,3.397192
0.833578,3.397192
0.833634,3.397192
0.833689,3.397192
0.833745,3.397192
0.833800,3.397192
0.833856,3.397192
0.833911,3.397192
0.833966,3.397192
0.834022,3.397192
0.834077,3.397192
0.834133,3.397192
0.834188,3.397192
0.834244,3.397192
0.834299,3.397192
0.834354,3.397001
0.834410,3.397192
0.834465,3.397192
0.834521,3.397001
0.834576,3.397192
0.834632,3.397192
0.834687,3.397192
0.834743,3.397192
0.834798,3.397192
0.834853,3.397192
0.834909,3.397192
0.834964,3.397001
0.835020,3.397001
0.835075,3.397001
0.835131,3.397192
0.835186,3.397001
0.835242,3.397192
0.835297,3.397192
0.835352,3.397001
0.835408,3.397001
0.835463,3.397192
0.835519,3.397192
0.835574,3.397001
0.835630,3.397001
0.835685,3.397001
0.835741,3.397192
0.835796,3.397001
0.835851,3.397001
0.835907,3.397001
0.835962,3.397001
0.836018,3.397001
0.836073,3.397192
0.836129,3.397001
0.836184,3.397001
0.836240,3.397001
0.836295,3.397001
0.836350,3.397001
0.836406,3.397001
0.836461,3.397001
0.836517,3.397001
0.836572,3.397001
0.836628,3.397001
0.836683,3.397001
0.836739,3.397001
0.836794,3.397001
0.836849,3.397001
0.836905,3.397001
0.836960,3.397001
0.837016,3.397001
0.837071,3.397001
0.837127,3.397001
0.837182,3.397001
0.837238,3.397001
0.837293,3.397001
0.837348,3.397001
0.837404,3.397001
0.837459,3.397001
0.837515,3.397001
0.837570,3.397001
0.837626,3.397001
0.837681,3.397001
0.837737,3.397001
0.837792,3.397001
0.837847,3.397001
0.837903,3.397001
0.837958,3.397001
0.838014,3.397001
0.838069,3.397001
0.838125,3.397001
0.838180,3.397001
0.838236,3.397001
0.838291,3.397001
0.838346,3.397001
0.838402,3.397001
0.838457,3.397001
0.838513,3.397001
0.838568,3.397001
0.838624,3.397001
0.838679,3.397001
0.838735,3.397001
0.838790,3.397001
0.838845,3.397001
0.838901,3.397001
0.838956,3.397001
0.839012,3.397001
0.839067,3.397001
0.839123,3.397001
0.839178,3.397001
0.839234,3.397001
0.839289,3.397001
0.839344,3.397001
0.839400,3.397001
0.839455,3.397001
0.839511,3.397001
0.839566,3.397001
0.839622,3.397001
0.839677,3.397001
0.839733,3.397001
0.839788,3.397001
0.839843,3.397001
0.839899,3.397001
0.839954,3.397001
0.840010,3.397001
0.840065,3.397001
0.840121,3.397001
0.840176,3.397001
0.840232,3.397001
0.840287,3.397001
0.840342,3.397001
0.840398,3.397001
0.840453,3.397001
0.840509,3.397001
0.840564,3.397001
0.840620,3.397001
0.840675,3.396811
0.840731,3.397001
0.840786,3.397001
0.840841,3.397001
0.840897,3.396811
0.840952,3.397001
0.841008,3.397001
0.841063,3.397001
0.841119,3.397001
0.841174,3.397001
0.841230,3.396811
0.841285,3.397001
0.841340,3.396811
0.841396,3.397001
0.841451,3.396811
0.841507,3.396811
0.841562,3.397001
0.841618,3.396811
0.841673,3.396811
0.841729,3.396811
0.841784,3.397001
0.841839,3.396811
0.841895,3.397001
0.841950,3.396811
0.842006,3.397001
0.842061,3.397001
0.842117,3.396811
0.842172,3.396811
0.842228,3.396811
0.842283,3.397001
0.842338,3.396811
0.842394,3.396811
0.842449,3.396811
0.842505,3.396811
0.842560,3.396811
0.842616,3.396811
0.842671,3.396811
0.842727,3.396811
0.842782,3.396811
0.842837,3.396811
0.842893,3.396811
0.842948,3.396811
0.843004,3.396811
0.843059,3.396811
0.843115,3.396811
0.843170,3.396811
0.843226,3.396811
0.843281,3.396811
0.843336,3.396811
0.843392,3.396811
0.843447,3.396811
0.843503,3.396811
0.843558,3.396811
0.843614,3.396811
0.843669,3.396811
0.843725,3.396811
0.843780,3.396811
0.843836,3.396811
0.843891,3.396811
0.843946,3.396811
0.844002,3.396811
0.844057,3.396811
0.844113,3.396811
0.844168,3.396811
0.844224,3.396811
0.844279,3.396811
0.844335,3.396811
0.844390,3.396811
0.844445,3.396811
0.844501,3.396811
0.844556,3.396811
0.844612,3.396811
0.844667,3.396811
0.844723,3.396811
0.844778,3.396811
0.844834,3.396620
0.844889,3.396811
0.844944,3.396811
0.845000,3.396811
0.845055,3.396811
0.845111,3.396811
0.845166,3.396811
0.845222,3.396811
0.845277,3.396811
0.845333,3.396811
0.845388,3.396620
0.845443,3.396620
0.845499,3.396811
0.845554,3.396811
0.845610,3.396811
0.845665,3.396620
0.845721,3.396620
0.845776,3.396811
0.845832,3.396620
0.845887,3.396620
0.845942,3.396620
0.845998,3.396620
0.846053,3.396620
0.846109,3.396620
0.846164,3.396620
0.846220,3.396620
0.846275,3.396811
0.846331,3.396620
0.846386,3.396620
0.846441,3.396620
0.846497,3.396620
0.846552,3.396620
0.846608,3.396620
0.846663,3.396620
0.846719,3.396620
0.846774,3.396620
0.846830,3.396620
0.846885,3.396620
0.846940,3.396620
0.846996,3.396620
0.847051,3.396811
0.847107,3.396620
0.847162,3.396620
0.847218,3.396620
0.847273,3.396620
0.847329,3.396620
0.847384,3.396620
0.847439,3.396620
0.847495,3.396620
0.847550,3.396620
0.847606,3.396620
0.847661,3.396620
0.847717,3.396620
0.847772,3.396620
0.847828,3.396620
0.847883,3.396620
0.847938,3.396620
0.847994,3.396620
0.848049,3.396620
0.848105,3.396620
0.848160,3.396620
0.848216,3.396620
0.848271,3.396620
0.848327,3.396620
0.848382,3.396620
0.848437,3.396620
0.848493,3.396620
0.848548,3.396620
0.848604,3.396620
0.848659,3.396620
0.848715,3.396620
0.848770,3.396430
0.848826,3.396620
0.848881,3.396430
0.848936,3.396620
0.848992,3.396620
0.849047,3.396620
0.849103,3.396620
0.849158,3.396620
0.849214,3.396620
0.849269,3.396430
0.849325,3.396430
0.849380,3.396620
0.849435,3.396620
0.849491,3.396430
0.849546,3.396620
0.849602,3.396620
0.849657,3.396620
0.849713,3.396430
0.849768,3.396430
0.849824,3.396620
0.849879,3.396620
0.849934,3.396430
0.849990,3.396430
0.850045,3.396430
0.850101,3.396430
0.850156,3.396620
0.850212,3.396430
0.850267,3.396430
0.850323,3.396430
0.850378,3.396620
0.850433,3.396620
0.850489,3.396430
0.850544,3.396430
0.850600,3.396620
0.850655,3.396430
0.850711,3.396430
0.850766,3.396620
0.850822,3.396430
0.850877,3.396430
0.850932,3.396430
0.850988,3.396430
0.851043,3.396430
0.851099,3.396430
0.851154,3.396430
0.851210,3.396430
0.851265,3.396430
0.851321,3.396430
0.851376,3.396430
0.851431,3.396430
0.851487,3.396430
0.851542,3.396430
0.851598,3.396430
0.851653,3.396430
0.851709,3.396430
0.851764,3.396430
0.851820,3.396430
0.851875,3.396430
0.851931,3.396430
0.851986,3.396430
0.852041,3.396430
0.852097,3.396430
0.852152,3.396430
0.852208,3.396430
0.852263,3.396430
0.852319,3.396430
0.852374,3.396430
0.852430,3.396430
0.852485,3.396430
0.852540,3.396430
0.852596,3.396430
0.852651,3.396430
0.852707,3.396430
0.852762,3.396430
0.852818,3.396430
0.852873,3.396430
0.852929,3.396430
0.852984,3.396430
0.853039,3.396430
0.853095,3.396430
0.853150,3.396430
0.853206,3.396430
0.853261,3.396430
0.853317,3.396430
0.853372,3.396430
0.853428,3.396430
0.853483,3.396430
0.853538,3.396430
0.853594,3.396430
0.853649,3.396430
0.853705,3.396430
0.853760,3.396430
0.853816,3.396430
0.853871,3.396430
0.853927,3.396430
0.853982,3.396430
0.854037,3.396430
0.854093,3.396430
0.854148,3.396430
0.854204,3.396430
0.854259,3.396430
0.854315,3.396430
0.854370,3.396430
0.854426,3.396430
0.854481,3.396430
0.854536,3.396430
0.854592,3.396430
0.854647,3.396430
0.854703,3.396430
0.854758,3.396430
0.854814,3.396430
0.854869,3.396430
0.854925,3.396430
0.854980,3.396430
0.855035,3.396430
0.855091,3.396430
0.855146,3.396430
0.855202,3.396430
0.855257,3.396430
0.855313,3.396430
0.855368,3.396430
0.855424,3.396430
0.855479,3.396430
0.855534,3.396430
0.855590,3.396430
0.855645,3.396430
0.855701,3.396430
0.855756,3.396430
0.855812,3.396430
0.855867,3.396430
0.855923,3.396430
0.855978,3.396430
0.856033,3.396430
0.856089,3.396430
0.856144,3.396430
0.856200,3.396430
0.856255,3.396430
0.856311,3.396430
0.856366,3.396430
0.856422,3.396430
0.856477,3.396430
0.856532,3.396430
0.856588,3.396430
0.856643,3.396430
0.856699,3.396430
0.856754,3.396430
0.856810,3.396430
0.856865,3.396430
0.856921,3.396430
0.856976,3.396430
0.857031,3.396430
0.857087,3.396430
0.857142,3.396430
0.857198,3.396430
0.857253,3.396430
0.857309,3.396430
0.857364,3.396430
0.857420,3.396430
0.857475,3.396430
0.857530,3.396430
0.857586,3.396430
0.857641,3.396430
0.857697,3.396430
0.857752,3.396430
0.857808,3.396430
0.857863,3.396430
0.857919,3.396430
0.857974,3.396430
0.858029,3.396430
0.858085,3.396430
0.858140,3.396430
0.858196,3.396430
0.858251,3.396430
0.858307,3.396430
0.858362,3.396430
0.858418,3.396430
0.858473,3.396430
0.858528,3.396430
0.858584,3.396430
0.858639,3.396430
0.858695,3.396430
0.858750,3.396239
0.858806,3.396430
0.858861,3.396430
0.858917,3.396430
0.858972,3.396430
0.859027,3.396430
0.859083,3.396430
0.859138,3.396239
0.859194,3.396430
0.859249,3.396430
0.859305,3.396430
0.859360,3.396430
0.859416,3.396430
0.859471,3.396430
0.859526,3.396239
0.859582,3.396430
0.859637,3.396239
0.859693,3.396239
0.859748,3.396430
0.859804,3.396239
0.859859,3.396430
0.859915,3.396430
0.859970,3.396239
0.860025,3.396430
0.860081,3.396430
0.860136,3.396239
0.860192,3.396239
0.860247,3.396239
0.860303,3.396430
0.860358,3.396239
0.860414,3.396239
0.860469,3.396239
0.860524,3.396239
0.860580,3.396430
0.860635,3.396239
0.860691,3.396430
0.860746,3.396239
0.860802,3.396430
0.860857,3.396239
0.860913,3.396239
0.860968,3.396239
0.861023,3.396239
0.861079,3.396239
0.861134,3.396239
0.861190,3.396239
0.861245,3.396239
0.861301,3.396239
0.861356,3.396239
0.861412,3.396239
0.861467,3.396239
0.861522,3.396239
0.861578,3.396239
0.861633,3.396239
0.861689,3.396239
0.861744,3.396239
0.861800,3.396239
0.861855,3.396239
0.861911,3.396239
0.861966,3.396239
0.862021,3.396239
0.862077,3.396239
0.862132,3.396239
0.862188,3.396239
0.862243,3.396239
0.862299,3.396239
0.862354,3.396239
0.862410,3.396239
0.862465,3.396239
0.862520,3.396239
0.862576,3.396239
0.862631,3.396239
0.862687,3.396239
0.862742,3.396239
0.862798,3.396239
0.862853,3.396239
0.862909,3.396239
0.862964,3.396239
0.863019,3.396239
0.863075,3.396239
0.863130,3.396239
0.863186,3.396239
0.863241,3.396239
0.863297,3.396239
0.863352,3.396239
0.863408,3.396239
0.863463,3.396239
0.863518,3.396239
0.863574,3.396239
0.863629,3.396239
0.863685,3.396239
0.863740,3.396239
0.863796,3.396239
0.863851,3.396239
0.863907,3.396239
0.863962,3.396239
0.864017,3.396239
0.864073,3.396239
0.864128,3.396239
0.864184,3.396239
0.864239,3.396239
0.864295,3.396049
0.864350,3.396239
0.864406,3.396239
0.864461,3.396239
0.864516,3.396049
0.864572,3.396049
0.864627,3.396049
0.864683,3.396239
0.864738,3.396049
0.864794,3.396239
0.864849,3.396239
0.864905,3.396049
0.864960,3.396049
0.865015,3.396239
0.865071,3.396049
0.865126,3.396239
0.865182,3.396239
0.865237,3.396049
0.865293,3.396239
0.865348,3.396239
0.865404,3.396239
0.865459,3.396049
0.865514,3.396049
0.865570,3.396239
0.865625,3.396049
0.865681,3.396239
0.865736,3.396239
0.865792,3.396049
0.865847,3.396049
0.865903,3.396049
0.865958,3.396239
0.866013,3.396049
0.866069,3.396049
0.866124,3.396049
0.866180,3.396049
0.866235,3.396049
0.866291,3.396239
0.866346,3.396049
0.866402,3.396049
0.866457,3.396049
0.866512,3.396049
0.866568,3.396049
0.866623,3.396049
0.866679,3.396049
0.866734,3.396049
0.866790,3.396049
0.866845,3.396049
0.866900,3.396049
0.866956,3.396049
0.867011,3.396049
0.867067,3.396049
0.867122,3.396049
0.867178,3.396049
0.867233,3.396049
0.867289,3.396049
0.867344,3.396049
0.867399,3.396049
0.867455,3.396049
0.867510,3.396049
0.867566,3.396049
0.867621,3.396049
0.867677,3.396049
0.867732,3.396049
0.867788,3.396049
0.867843,3.396049
0.867898,3.396049
0.867954,3.396049
0.868009,3.396049
0.868065,3.396049
0.868120,3.396049
0.868176,3.396049
0.868231,3.396049
0.868287,3.396049
0.868342,3.396049
0.868397,3.396049
0.868453,3.396049
0.868508,3.396049
0.868564,3.396049
0.868619,3.396049
0.868675,3.396049
0.868730,3.396049
0.868786,3.396049
0.868841,3.396049
0.868896,3.396049
0.868952,3.396049
0.869007,3.396049
0.869063,3.396049
0.869118,3.396049
0.869174,3.395858
0.869229,3.396049
0.869284,3.396049
0.869340,3.396049
0.869395,3.396049
0.869451,3.395858
0.869506,3.396049
0.869562,3.396049
0.869617,3.396049
0.869673,3.396049
0.869728,3.396049
0.869783,3.396049
0.869839,3.396049
0.869894,3.396049
0.869950,3.396049
0.870005,3.396049
0.870061,3.396049
0.870116,3.396049
0.870171,3.396049
0.870227,3.396049
0.870282,3.395858
0.870338,3.395858
0.870393,3.396049
0.870449,3.395858
0.870504,3.395858
0.870560,3.395858
0.870615,3.395858
0.870670,3.395858
0.870726,3.395858
0.870781,3.396049
0.870837,3.395858
0.870892,3.395858
0.870948,3.396049
0.871003,3.395858
0.871059,3.395858
0.871114,3.395858
0.871169,3.395858
0.871225,3.395858
0.871280,3.395858
0.871336,3.395858
0.871391,3.395858
0.871447,3.395858
0.871502,3.395858
0.871558,3.395858
0.871613,3.395858
0.871668,3.395858
0.871724,3.395858
0.871779,3.395858
0.871835,3.395858
0.871890,3.395858
0.871946,3.395858
0.872001,3.395858
0.872056,3.395858
0.872112,3.395858
0.872167,3.395858
0.872223,3.395858
0.872278,3.395858
0.872334,3.395858
0.872389,3.395858
0.872445,3.395858
0.872500,3.395858
0.872555,3.395858
0.872611,3.395858
0.872666,3.395858
0.872722,3.395858
0.872777,3.395858
0.872833,3.395858
0.872888,3.395858
0.872944,3.395858
0.872999,3.395858
0.873054,3.395858
0.873110,3.395858
0.873165,3.395858
0.873221,3.395858
0.873276,3.395858
0.873332,3.395858
0.873387,3.395858
0.873443,3.395858
0.873498,3.395858
0.873553,3.395858
0.873609,3.395858
0.873664,3.395858
0.873720,3.395858
0.873775,3.395858
0.873831,3.395858
0.873886,3.395858
0.873941,3.395858
0.873997,3.395858
0.874052,3.395858
0.874108,3.395858
0.874163,3.395858
0.874219,3.395858
0.874274,3.395858
0.874330,3.395858
0.874385,3.395858
0.874440,3.395858
0.874496,3.395667
0.874551,3.395858
0.874607,3.395858
0.874662,3.395667
0.874718,3.395667
0.874773,3.395858
0.874829,3.395858
0.874884,3.395858
0.874939,3.395858
0.874995,3.395858
0.875050,3.395858
0.875106,3.395667
0.875161,3.395667
0.875217,3.395858
0.875272,3.395667
0.875328,3.395667
0.875383,3.395667
0.875438,3.395667
0.875494,3.395858
0.875549,3.395667
0.875605,3.395667
0.875660,3.395667
0.875716,3.395667
0.875771,3.395858
0.875826,3.395667
0.875882,3.395667
0.875937,3.395667
0.875993,3.395667
0.876048,3.395667
0.876104,3.395667
0.876159,3.395667
0.876215,3.395667
0.876270,3.395667
0.876325,3.395667
0.876381,3.395667
0.876436,3.395667
0.876492,3.395667
0.876547,3.395667
0.876603,3.395667
0.876658,3.395667
0.876714,3.395667
0.876769,3.395667
0.876824,3.395667
0.876880,3.395667
0.876935,3.395667
0.876991,3.395667
0.877046,3.395667
0.877102,3.395667
0.877157,3.395667
0.877213,3.395667
0.877268,3.395667
0.877323,3.395667
0.877379,3.395667
0.877434,3.395667
0.877490,3.395667
0.877545,3.395667
0.877601,3.395667
0.877656,3.395667
0.877711,3.395667
0.877767,3.395667
0.877822,3.395667
0.877878,3.395667
0.877933,3.395667
0.877989,3.395667
0.878044,3.395667
0.878100,3.395667
0.878155,3.395667
0.878210,3.395477
0.878266,3.395667
0.878321,3.395477
0.878377,3.395667
0.878432,3.395667
0.878488,3.395477
0.878543,3.395667
0.878599,3.395667
0.878654,3.395667
0.878709,3.395667
0.878765,3.395477
0.878820,3.395667
0.878876,3.395667
0.878931,3.395667
0.878987,3.395667
0.879042,3.395477
0.879097,3.395477
0.879153,3.395477
0.879208,3.395667
0.879264,3.395477
0.879319,3.395667
0.879375,3.395477
0.879430,3.395477
0.879486,3.395477
0.879541,3.395477
0.879596,3.395477
0.879652,3.395477
0.879707,3.395477
0.879763,3.395477
0.879818,3.395477
0.879874,3.395477
0.879929,3.395477
0.879985,3.395477
0.880040,3.395477
0.880095,3.395477
0.880151,3.395477
0.880206,3.395477
0.880262,3.395477
0.880317,3.395477
0.880373,3.395477
0.880428,3.395477
0.880483,3.395477
0.880539,3.395477
0.880594,3.395477
0.880650,3.395477
0.880705,3.395477
0.880761,3.395477
0.880816,3.395477
0.880872,3.395477
0.880927,3.395286
0.880982,3.395477
0.881038,3.395477
0.881093,3.395477
0.881149,3.395286
0.881204,3.395477
0.881260,3.395477
0.881315,3.395477
0.881371,3.395477
0.881426,3.395477
0.881481,3.395286
0.881537,3.395477
0.881592,3.395286
0.881648,3.395477
0.881703,3.395286
0.881759,3.395477
0.881814,3.395477
0.881869,3.395286
0.881925,3.395477
0.881980,3.395477
0.882036,3.395477
0.882091,3.395286
0.882147,3.395286
0.882202,3.395286
0.882258,3.395477
0.882313,3.395286
0.882368,3.395286
0.882424,3.395286
0.882479,3.395477
0.882535,3.395477
0.882590,3.395286
0.882646,3.395286
0.882701,3.395286
0.882757,3.395286
0.882812,3.395286
0.882867,3.395286
0.882923,3.395286
0.882978,3.395286
0.883034,3.395286
0.883089,3.395286
0.883145,3.395286
0.883200,3.395286
0.883256,3.395286
0.883311,3.395286
0.883366,3.395286
0.883422,3.395286
0.883477,3.395286
0.883533,3.395096
0.883588,3.395096
0.883644,3.395096
0.883699,3.395286
0.883754,3.395286
0.883810,3.395286
0.883865,3.395096
0.883921,3.395286
0.883976,3.395286
0.884032,3.395286
0.884087,3.395286
0.884143,3.395096
0.884198,3.395096
0.884253,3.395096
0.884309,3.395286
0.884364,3.395286
0.884420,3.395286
0.884475,3.395096
0.884531,3.395286
0.884586,3.395286
0.884642,3.395286
0.884697,3.395096
0.884752,3.395096
0.884808,3.395096
0.884863,3.395286
0.884919,3.395286
0.884974,3.395096
0.885030,3.395096
0.885085,3.395096
0.885141,3.395096
0.885196,3.395096
0.885251,3.395096
0.885307,3.395096
0.885362,3.395096
0.885418,3.395096
0.885473,3.395096
0.885529,3.395096
0.885584,3.394905
0.885639,3.395096
0.885695,3.395096
0.885750,3.395096
0.885806,3.395096
0.885861,3.395096
0.885917,3.395096
0.885972,3.395096
0.886028,3.395096
0.886083,3.395096
0.886138,3.395096
0.886194,3.395096
0.886249,3.395096
0.886305,3.395096
0.886360,3.395096
0.886416,3.395096
0.886471,3.395096
0.886527,3.395096
0.886582,3.395096
0.886637,3.395096
0.886693,3.395096
0.886748,3.395096
0.886804,3.395096
0.886859,3.395096
0.886915,3.395096
0.886970,3.395096
0.887025,3.395096
0.887081,3.394905
0.887136,3.394905
0.887192,3.394905
0.887247,3.394905
0.887303,3.395096
0.887358,3.394905
0.887414,3.394905
0.887469,3.394905
0.887524,3.395096
0.887580,3.394905
0.887635,3.394905
0.887691,3.394905
0.887746,3.394905
0.887802,3.394905
0.887857,3.394905
0.887913,3.394905
0.887968,3.394905
0.888023,3.394905
0.888079,3.394905
0.888134,3.394905
0.888190,3.394905
0.888245,3.394905
0.888301,3.394905
0.888356,3.394905
0.888412,3.394905
0.888467,3.394905
0.888522,3.394905
0.888578,3.394905
0.888633,3.394905
0.888689,3.394905
0.888744,3.394905
0.888800,3.394905
0.888855,3.394905
0.888910,3.394905
0.888966,3.394905
0.889021,3.394905
0.889077,3.394905
0.889132,3.394905
0.889188,3.394905
0.889243,3.394905
0.889299,3.394905
0.889354,3.394905
0.889409,3.394905
0.889465,3.394905
0.889520,3.394905
0.889576,3.394905
0.889631,3.394905
0.889687,3.394905
0.889742,3.394905
0.889798,3.394905
0.889853,3.394905
0.889908,3.394905
0.889964,3.394905
0.890019,3.394905
0.890075,3.394905
0.890130,3.394905
0.890186,3.394905
0.890241,3.394905
0.890296,3.394905
0.890352,3.394905
0.890407,3.394905
0.890463,3.394905
0.890518,3.394905
0.890574,3.394905
0.890629,3.394905
0.890685,3.394905
0.890740,3.394905
0.890795,3.394905
0.890851,3.394905
0.890906,3.394905
0.890962,3.394905
0.891017,3.394905
0.891073,3.394905
0.891128,3.394905
0.891184,3.394905
0.891239,3.394715
0.891294,3.394905
0.891350,3.394905
0.891405,3.394905
0.891461,3.394905
0.891516,3.394905
0.891572,3.394905
0.891627,3.394905
0.891683,3.394905
0.891738,3.394715
0.891793,3.394715
0.891849,3.394715
0.891904,3.394715
0.891960,3.394715
0.892015,3.394715
0.892071,3.394715
0.892126,3.394715
0.892181,3.394715
0.892237,3.394715
0.892292,3.394715
0.892348,3.394715
0.892403,3.394905
0.892459,3.394715
0.892514,3.394715
0.892570,3.394715
0.892625,3.394905
0.892680,3.394715
0.892736,3.394715
0.892791,3.394715
0.892847,3.394715
0.892902,3.394715
0.892958,3.394715
0.893013,3.394715
0.893069,3.394715
0.893124,3.394715
0.893179,3.394715
0.893235,3.394715
0.893290,3.394715
0.893346,3.394715
0.893401,3.394715
0.893457,3.394715
0.893512,3.394715
0.893567,3.394715
0.893623,3.394715
0.893678,3.394715
0.893734,3.394715
0.893789,3.394715
0.893845,3.394715
0.893900,3.394715
0.893956,3.394715
0.894011,3.394715
0.894066,3.394715
0.894122,3.394715
0.894177,3.394715
0.894233,3.394715
0.894288,3.394715
0.894344,3.394715
0.894399,3.394715
0.894455,3.394715
0.894510,3.394715
0.894565,3.394715
0.894621,3.394715
0.894676,3.394524
0.894732,3.394715
0.894787,3.394715
0.894843,3.394715
0.894898,3.394715
0.894953,3.394524
0.895009,3.394715
0.895064,3.394524
0.895120,3.394524
0.895175,3.394524
0.895231,3.394524
0.895286,3.394524
0.895342,3.394715
0.895397,3.394524
0.895452,3.394524
0.895508,3.394524
0.895563,3.394715
0.895619,3.394524
0.895674,3.394524
0.895730,3.394524
0.895785,3.394524
0.895841,3.394524
0.895896,3.394524
0.895951,3.394524
0.896007,3.394524
0.896062,3.394524
0.896118,3.394524
0.896173,3.394524
0.896229,3.394524
0.896284,3.394524
0.896340,3.394715
0.896395,3.394524
0.896450,3.394524
0.896506,3.394524
0.896561,3.394524
0.896617,3.394524
0.896672,3.394524
0.896728,3.394524
0.896783,3.394524
0.896838,3.394524
0.896894,3.394524
0.896949,3.394524
0.897005,3.394524
0.897060,3.394524
0.897116,3.394524
0.897171,3.394524
0.897227,3.394524
0.897282,3.394524
0.897337,3.394524
0.897393,3.394524
0.897448,3.394524
0.897504,3.394524
0.897559,3.394524
0.897615,3.394524
0.897670,3.394524
0.897726,3.394333
0.897781,3.394524
0.897836,3.394524
0.897892,3.394524
0.897947,3.394524
0.898003,3.394524
0.898058,3.394524
0.898114,3.394333
0.898169,3.394524
0.898224,3.394524
0.898280,3.394524
0.898335,3.394524
0.898391,3.394524
0.898446,3.394524
0.898502,3.394524
0.898557,3.394333
0.898613,3.394333
0.898668,3.394524
0.898723,3.394333
0.898779,3.394524
0.898834,3.394333
0.898890,3.394333
0.898945,3.394333
0.899001,3.394333
0.899056,3.394524
0.899112,3.394333
0.899167,3.394333
0.899222,3.394333
0.899278,3.394333
0.899333,3.394333
0.899389,3.394333
0.899444,3.394333
0.899500,3.394333
0.899555,3.394333
0.899611,3.394333
0.899666,3.394333
0.899721,3.394333
0.899777,3.394333
0.899832,3.394333
0.899888,3.394333
0.899943,3.394333
0.899999,3.394333
0.900054,3.394333
0.900109,3.394333
0.900165,3.394333
0.900220,3.394333
0.900276,3.394333
0.900331,3.394333
0.900387,3.394333
0.900442,3.394333
0.900498,3.394333
0.900553,3.394333
0.900608,3.394333
0.900664,3.394333
0.900719,3.394333
0.900775,3.394333
0.900830,3.394333
0.900886,3.394333
0.900941,3.394333
0.900997,3.394143
0.901052,3.394333
0.901107,3.394333
0.901163,3.394333
0.901218,3.394333
0.901274,3.394143
0.901329,3.394143
0.901385,3.394143
0.901440,3.394333
0.901495,3.394143
0.901551,3.394333
0.901606,3.394143
0.901662,3.394143
0.901717,3.394333
0.901773,3.394143
0.901828,3.394333
0.901884,3.394333
0.901939,3.394143
0.901994,3.394143
0.902050,3.394143
0.902105,3.394143
0.902161,3.394143
0.902216,3.394143
0.902272,3.394143
0.902327,3.394143
0.902383,3.394143
0.902438,3.394143
0.902493,3.394143
0.902549,3.394143
0.902604,3.394143
0.902660,3.394143
0.902715,3.394143
0.902771,3.394143
0.902826,3.394143
0.902882,3.394143
0.902937,3.394143
0.902992,3.394143
0.903048,3.394143
0.903103,3.394143
0.903159,3.394143
0.903214,3.394143
0.903270,3.394143
0.903325,3.394143
0.903380,3.394143
0.903436,3.394143
0.903491,3.394143
0.903547,3.394143
0.903602,3.394143
0.903658,3.394143
0.903713,3.394143
0.903769,3.394143
0.903824,3.394143
0.903879,3.394143
0.903935,3.394143
0.903990,3.394143
0.904046,3.394143
0.904101,3.394143
0.904157,3.393952
0.904212,3.394143
0.904268,3.394143
0.904323,3.394143
0.904378,3.394143
0.904434,3.393952
0.904489,3.394143
0.904545,3.393952
0.904600,3.393952
0.904656,3.393952
0.904711,3.393952
0.904766,3.394143
0.904822,3.393952
0.904877,3.393952
0.904933,3.393952
0.904988,3.394143
0.905044,3.393952
0.905099,3.393952
0.905155,3.394143
0.905210,3.394143
0.905265,3.393952
0.905321,3.393952
0.905376,3.393952
0.905432,3.393952
0.905487,3.393952
0.905543,3.393952
0.905598,3.393952
0.905654,3.393952
0.905709,3.393952
0.905764,3.393952
0.905820,3.393952
0.905875,3.393952
0.905931,3.393952
0.905986,3.393952
0.906042,3.393952
0.906097,3.393952
0.906153,3.393952
0.906208,3.393952
0.906263,3.393952
0.906319,3.393952
0.906374,3.393952
0.906430,3.393952
0.906485,3.393952
0.906541,3.393952
0.906596,3.393952
0.906651,3.393952
0.906707,3.393952
0.906762,3.393952
0.906818,3.393952
0.906873,3.393952
0.906929,3.393952
0.906984,3.393762
0.907040,3.393762
0.907095,3.393952
0.907150,3.393952
0.907206,3.393952
0.907261,3.393762
0.907317,3.393762
0.907372,3.393952
0.907428,3.393952
0.907483,3.393762
0.907539,3.393762
0.907594,3.393952
0.907649,3.393762
0.907705,3.393762
0.907760,3.393952
0.907816,3.393762
0.907871,3.393952
0.907927,3.393762
0.907982,3.393762
0.908038,3.393762
0.908093,3.393762
0.908148,3.393762
0.908204,3.393762
0.908259,3.393762
0.908315,3.393762
0.908370,3.393762
0.908426,3.393762
0.908481,3.393762
0.908537,3.393762
0.908592,3.393762
0.908647,3.393762
0.908703,3.393762
0.908758,3.393762
0.908814,3.393762
0.908869,3.393762
0.908925,3.393762
0.908980,3.393762
0.909036,3.393762
0.909091,3.393762
0.909146,3.393762
0.909202,3.393762
0.909257,3.393762
0.909313,3.393762
0.909368,3.393762
0.909424,3.393571
0.909479,3.393571
0.909535,3.393762
0.909590,3.393571
0.909645,3.393571
0.909701,3.393762
0.909756,3.393762
0.909812,3.393571
0.909867,3.393571
0.909923,3.393571
0.909978,3.393571
0.910034,3.393571
0.910089,3.393571
0.910144,3.393571
0.910200,3.393571
0.910255,3.393571
0.910311,3.393571
0.910366,3.393571
0.910422,3.393571
0.910477,3.393571
0.910533,3.393571
0.910588,3.393571
0.910643,3.393571
0.910699,3.393571
0.910754,3.393571
0.910810,3.393571
0.910865,3.393571
0.910921,3.393571
0.910976,3.393381
0.911032,3.393571
0.911087,3.393571
0.911142,3.393381
0.911198,3.393571
0.911253,3.393381
0.911309,3.393381
0.911364,3.393571
0.911420,3.393571
0.911475,3.393381
0.911531,3.393381
0.911586,3.393381
0.911642,3.393571
0.911697,3.393381
0.911752,3.393381
0.911808,3.393381
0.911863,3.393571
0.911919,3.393381
0.911974,3.393381
0.912030,3.393381
0.912085,3.393381
0.912141,3.393381
0.912196,3.393381
0.912251,3.393381
0.912307,3.393381
0.912362,3.393381
0.912418,3.393381
0.912473,3.393381
0.912529,3.393381
0.912584,3.393381
0.912640,3.393381
0.912695,3.393381
0.912750,3.393381
0.912806,3.393381
0.912861,3.393381
0.912917,3.393381
0.912972,3.393381
0.913028,3.393381
0.913083,3.393381
0.913139,3.393381
0.913194,3.393381
0.913249,3.393381
0.913305,3.393381
0.913360,3.393381
0.913416,3.393381
0.913471,3.393381
0.913527,3.393381
0.913582,3.393381
0.913638,3.393381
0.913693,3.393381
0.913748,3.393381
0.913804,3.393381
0.913859,3.393381
0.913915,3.393381
0.913970,3.393381
0.914026,3.393381
0.914081,3.393381
0.914137,3.393381
0.914192,3.393381
0.914247,3.393381
0.914303,3.393381
0.914358,3.393381
0.914414,3.393381
0.914469,3.393381
0.914525,3.393381
0.914580,3.393381
0.914636,3.393381
0.914691,3.393381
0.914746,3.393381
0.914802,3.393381
0.914857,3.393381
0.914913,3.393381
0.914968,3.393381
0.915024,3.393381
0.915079,3.393381
0.915135,3.393381
0.915190,3.393381
0.915245,3.393381
0.915301,3.393381
0.915356,3.393190
0.915412,3.393381
0.915467,3.393381
0.915523,3.393190
0.915578,3.393381
0.915634,3.393190
0.915689,3.393381
0.915744,3.393190
0.915800,3.393381
0.915855,3.393190
0.915911,3.393381
0.915966,3.393190
0.916022,3.393190
0.916077,3.393190
0.916133,3.393190
0.916188,3.393381
0.916243,3.393381
0.916299,3.393381
0.916354,3.393381
0.916410,3.393190
0.916465,3.393190
0.916521,3.393190
0.916576,3.393190
0.916632,3.393190
0.916687,3.393190
0.916742,3.393190
0.916798,3.393190
0.916853,3.393190
0.916909,3.393190
0.916964,3.393190
0.917020,3.393190
0.917075,3.393190
0.917131,3.393190
0.917186,3.393190
0.917241,3.393190
0.917297,3.393190
0.917352,3.393190
0.917408,3.393190
0.917463,3.393190
0.917519,3.393190
0.917574,3.392999
0.917630,3.393190
0.917685,3.393190
0.917740,3.393190
0.917796,3.393190
0.917851,3.393190
0.917907,3.393190
0.917962,3.393190
0.918018,3.393190
0.918073,3.393190
0.918129,3.393190
0.918184,3.393190
0.918239,3.392999
0.918295,3.393190
0.918350,3.392999
0.918406,3.392999
0.918461,3.392999
0.918517,3.392999
0.918572,3.393190
0.918628,3.392999
0.918683,3.392999
0.918738,3.393190
0.918794,3.392999
0.918849,3.392999
0.918905,3.392999
0.918960,3.392999
0.919016,3.392999
0.919071,3.392999
0.919127,3.392999
0.919182,3.392999
0.919237,3.392999
0.919293,3.392999
0.919348,3.392999
0.919404,3.392999
0.919459,3.392999
0.919515,3.392999
0.919570,3.392999
0.919626,3.392999
0.919681,3.392999
0.919736,3.392999
0.919792,3.392999
0.919847,3.392999
0.919903,3.392999
0.919958,3.392999
0.920014,3.392999
0.920069,3.392999
0.920125,3.392999
0.920180,3.392999
0.920235,3.392999
0.920291,3.392999
0.920346,3.392999
0.920402,3.392809
0.920457,3.392999
0.920513,3.392999
0.920568,3.392999
0.920624,3.392809
0.920679,3.392809
0.920734,3.392999
0.920790,3.392809
0.920845,3.392809
0.920901,3.392809
0.920956,3.392809
0.921012,3.392809
0.921067,3.392809
0.921123,3.392809
0.921178,3.392809
0.921233,3.392809
0.921289,3.392809
0.921344,3.392809
0.921400,3.392809
0.921455,3.392809
0.921511,3.392809
0.921566,3.392809
0.921622,3.392809
0.921677,3.392809
0.921732,3.392809
0.921788,3.392809
0.921843,3.392618
0.921899,3.392809
0.921954,3.392618
0.922010,3.392809
0.922065,3.392809
0.922121,3.392809
0.922176,3.392618
0.922231,3.392809
0.922287,3.392618
0.922342,3.392809
0.922398,3.392618
0.922453,3.392809
0.922509,3.392618
0.922564,3.392618
0.922620,3.392809
0.922675,3.392618
0.922730,3.392618
0.922786,3.392618
0.922841,3.392618
0.922897,3.392618
0.922952,3.392618
0.923008,3.392618
0.923063,3.392618
0.923119,3.392618
0.923174,3.392618
0.923229,3.392618
0.923285,3.392618
0.923340,3.392428
0.923396,3.392618
0.923451,3.392618
0.923507,3.392618
0.923562,3.392618
0.923617,3.392618
0.923673,3.392618
0.923728,3.392618
0.923784,3.392618
0.923839,3.392618
0.923895,3.392618
0.923950,3.392618
0.924006,3.392618
0.924061,3.392428
0.924116,3.392618
0.924172,3.392618
0.924227,3.392428
0.924283,3.392618
0.924338,3.392428
0.924394,3.392428
0.924449,3.392428
0.924505,3.392428
0.924560,3.392428
0.924615,3.392428
0.924671,3.392428
0.924726,3.392428
0.924782,3.392428
0.924837,3.392428
0.924893,3.392428
0.924948,3.392428
0.925004,3.392428
0.925059,3.392428
0.925114,3.392237
0.925170,3.392428
0.925225,3.392428
0.925281,3.392428
0.925336,3.392428
0.925392,3.392428
0.925447,3.392428
0.925503,3.392428
0.925558,3.392237
0.925613,3.392237
0.925669,3.392428
0.925724,3.392237
0.925780,3.392237
0.925835,3.392428
0.925891,3.392237
0.925946,3.392237
0.926001,3.392237
0.926057,3.392237
0.926112,3.392237
0.926168,3.392237
0.926223,3.392047
0.926279,3.392237
0.926334,3.392047
0.926390,3.392237
0.926445,3.392047
0.926500,3.392237
0.926556,3.392047
0.926611,3.392047
0.926667,3.392047
0.926722,3.392047
0.926778,3.392047
0.926833,3.392047
0.926889,3.392047
0.926944,3.392047
0.926999,3.392047
0.927055,3.392047
0.927110,3.392047
0.927166,3.392047
0.927221,3.392047
0.927277,3.391856
0.927332,3.391856
0.927388,3.391856
0.927443,3.391856
0.927498,3.391856
0.927554,3.391856
0.927609,3.391856
0.927665,3.391856
0.927720,3.391856
0.927776,3.391856
0.927831,3.391856
0.927887,3.391856
0.927942,3.391856
0.927997,3.391856
0.928053,3.391856
0.928108,3.391856
0.928164,3.391856
0.928219,3.391856
0.928275,3.391856
0.928330,3.391856
0.928385,3.391856
0.928441,3.391856
0.928496,3.391856
0.928552,3.391856
0.928607,3.391856
0.928663,3.391856
0.928718,3.391856
0.928774,3.391856
0.928829,3.391856
0.928884,3.391856
0.928940,3.391856
0.928995,3.391856
0.929051,3.391856
0.929106,3.391856
0.929162,3.391856
0.929217,3.391856
0.929273,3.391856
0.929328,3.391856
0.929383,3.391856
0.929439,3.391856
0.929494,3.391665
0.929550,3.391665
0.929605,3.391665
0.929661,3.391665
0.929716,3.391665
0.929772,3.391665
0.929827,3.391665
0.929882,3.391665
0.929938,3.391665
0.929993,3.391665
0.930049,3.391665
0.930104,3.391665
0.930160,3.391665
0.930215,3.391665
0.930271,3.391475
0.930326,3.391665
0.930381,3.391665
0.930437,3.391665
0.930492,3.391665
0.930548,3.391665
0.930603,3.391665
0.930659,3.391665
0.930714,3.391665
0.930770,3.391475
0.930825,3.391475
0.930880,3.391475
0.930936,3.391475
0.930991,3.391475
0.931047,3.391475
0.931102,3.391475
0.931158,3.391475
0.931213,3.391475
0.931268,3.391475
0.931324,3.391475
0.931379,3.391475
0.931435,3.391475
0.931490,3.391475
0.931546,3.391284
0.931601,3.391475
0.931657,3.391475
0.931712,3.391475
0.931767,3.391475
0.931823,3.391475
0.931878,3.391475
0.931934,3.391475
0.931989,3.391475
0.932045,3.391475
0.932100,3.391475
0.932156,3.391284
0.932211,3.391284
0.932266,3.391284
0.932322,3.391284
0.932377,3.391284
0.932433,3.391284
0.932488,3.391284
0.932544,3.391284
0.932599,3.391284
0.932655,3.391284
0.932710,3.391284
0.932765,3.391284
0.932821,3.391284
0.932876,3.391284
0.932932,3.391094
0.932987,3.391284
0.933043,3.391284
0.933098,3.391094
0.933154,3.391284
0.933209,3.391094
0.933264,3.391094
0.933320,3.391094
0.933375,3.391094
0.933431,3.391094
0.933486,3.391094
0.933542,3.391094
0.933597,3.391094
0.933652,3.391094
0.933708,3.391094
0.933763,3.391094
0.933819,3.391094
0.933874,3.391094
0.933930,3.391094
0.933985,3.390903
0.934041,3.390903
0.934096,3.391094
0.934151,3.391094
0.934207,3.390903
0.934262,3.390903
0.934318,3.390903
0.934373,3.390903
0.934429,3.390903
0.934484,3.390903
0.934540,3.390903
0.934595,3.390903
0.934650,3.390903
0.934706,3.390903
0.934761,3.390903
0.934817,3.390903
0.934872,3.390903
0.934928,3.390903
0.934983,3.390903
0.935038,3.390903
0.935094,3.390903
0.935149,3.390712
0.935205,3.390712
0.935260,3.390903
0.935316,3.390712
0.935371,3.390712
0.935427,3.390712
0.935482,3.390712
0.935537,3.390712
0.935593,3.390712
0.935648,3.390712
0.935704,3.390712
0.935759,3.390712
0.935815,3.390712
0.935870,3.390712
0.935926,3.390522
0.935981,3.390712
0.936036,3.390712
0.936092,3.390522
0.936147,3.390522
0.936203,3.390712
0.936258,3.390522
0.936314,3.390522
0.936369,3.390522
0.936425,3.390522
0.936480,3.390522
0.936535,3.390522
0.936591,3.390522
0.936646,3.390522
0.936702,3.390522
0.936757,3.390522
0.936813,3.390522
0.936868,3.390522
0.936924,3.390522
0.936979,3.390331
0.937034,3.390331
0.937090,3.390331
0.937145,3.390331
0.937201,3.390331
0.937256,3.390331
0.937312,3.390331
0.937367,3.390331
0.937423,3.390331
0.937478,3.390331
0.937533,3.390331
0.937589,3.390331
0.937644,3.390331
0.937700,3.390331
0.937755,3.390331
0.937811,3.390331
0.937866,3.390331
0.937922,3.390331
0.937977,3.390331
0.938032,3.390331
0.938088,3.390331
0.938143,3.390331
0.938199,3.390331
0.938254,3.390331
0.938310,3.390331
0.938365,3.390331
0.938420,3.390331
0.938476,3.390141
0.938531,3.390331
0.938587,3.390141
0.938642,3.390331
0.938698,3.390141
0.938753,3.390141
0.938809,3.390141
0.938864,3.390141
0.938919,3.390141
0.938975,3.390141
0.939030,3.390141
0.939086,3.390141
0.939141,3.390141
0.939197,3.390141
0.939252,3.390141
0.939308,3.390141
0.939363,3.390141
0.939418,3.389950
0.939474,3.389950
0.939529,3.389950
0.939585,3.389950
0.939640,3.389950
0.939696,3.389950
0.939751,3.389950
0.939807,3.389950
0.939862,3.389950
0.939917,3.389950
0.939973,3.389760
0.940028,3.389760
0.940084,3.389760
0.940139,3.389760
0.940195,3.389760
0.940250,3.389760
0.940306,3.389760
0.940361,3.389760
0.940416,3.389760
0.940472,3.389760
0.940527,3.389760
0.940583,3.389760
0.940638,3.389760
0.940694,3.389760
0.940749,3.389760
0.940805,3.389569
0.940860,3.389569
0.940915,3.389569
0.940971,3.389569
0.941026,3.389569
0.941082,3.389569
0.941137,3.389378
0.941193,3.389569
0.941248,3.389569
0.941304,3.389569
0.941359,3.389569
0.941414,3.389569
0.941470,3.389569
0.941525,3.389569
0.941581,3.389378
0.941636,3.389378
0.941692,3.389378
0.941747,3.389378
0.941803,3.389378
0.941858,3.389378
0.941913,3.389378
0.941969,3.389378
0.942024,3.389378
0.942080,3.389188
0.942135,3.389188
0.942191,3.389378
0.942246,3.389188
0.942301,3.389188
0.942357,3.389188
0.942412,3.389188
0.942468,3.389188
0.942523,3.389188
0.942579,3.389188
0.942634,3.389188
0.942690,3.389188
0.942745,3.388997
0.942800,3.388997
0.942856,3.388997
0.942911,3.388997
0.942967,3.388997
0.943022,3.388997
0.943078,3.388997
0.943133,3.388997
0.943189,3.388997
0.943244,3.388997
0.943299,3.388997
0.943355,3.388997
0.943410,3.388997
0.943466,3.388997
0.943521,3.388997
0.943577,3.388997
0.943632,3.388997
0.943688,3.388997
0.943743,3.388997
0.943798,3.388807
0.943854,3.388807
0.943909,3.388616
0.943965,3.388807
0.944020,3.388616
0.944076,3.388616
0.944131,3.388426
0.944187,3.388616
0.944242,3.388426
0.944297,3.388426
0.944353,3.388426
0.944408,3.388426
0.944464,3.388426
0.944519,3.388426
0.944575,3.388235
0.944630,3.388235
0.944686,3.388235
0.944741,3.388235
0.944796,3.388235
0.944852,3.388235
0.944907,3.388235
0.944963,3.388044
0.945018,3.388044
0.945074,3.388044
0.945129,3.388044
0.945185,3.388044
0.945240,3.388044
0.945295,3.388044
0.945351,3.388044
0.945406,3.387854
0.945462,3.387854
0.945517,3.387854
0.945573,3.387854
0.945628,3.387854
0.945683,3.387854
0.945739,3.387854
0.945794,3.387854
0.945850,3.387854
0.945905,3.387663
0.945961,3.387854
0.946016,3.387663
0.946072,3.387663
0.946127,3.387663
0.946182,3.387663
0.946238,3.387473
0.946293,3.387473
0.946349,3.387473
0.946404,3.387473
0.946460,3.387473
0.946515,3.387473
0.946571,3.387282
0.946626,3.387282
0.946681,3.387282
0.946737,3.387282
0.946792,3.387282
0.946848,3.387282
0.946903,3.387282
0.946959,3.387282
0.947014,3.387282
0.947070,3.387282
0.947125,3.387282
0.947180,3.387282
0.947236,3.387282
0.947291,3.387282
0.947347,3.387282
0.947402,3.387282
0.947458,3.387092
0.947513,3.387092
0.947569,3.387092
0.947624,3.387092
0.947679,3.387092
0.947735,3.387092
0.947790,3.386901
0.947846,3.386901
0.947901,3.386901
0.947957,3.386901
0.948012,3.386901
0.948068,3.386901
0.948123,3.386710
0.948178,3.386710
0.948234,3.386710
0.948289,3.386710
0.948345,3.386710
0.948400,3.386710
0.948456,3.386710
0.948511,3.386520
0.948567,3.386520
0.948622,3.386520
0.948677,3.386520
0.948733,3.386520
0.948788,3.386329
0.948844,3.386329
0.948899,3.386329
0.948955,3.386329
0.949010,3.386329
0.949066,3.386139
0.949121,3.386139
0.949176,3.386139
0.949232,3.385948
0.949287,3.385948
0.949343,3.385948
0.949398,3.385758
0.949454,3.385758
0.949509,3.385758
0.949564,3.385758
0.949620,3.385758
0.949675,3.385758
0.949731,3.385758
0.949786,3.385758
0.949842,3.385758
0.949897,3.385567
0.949953,3.385567
0.950008,3.385567
0.950063,3.385567
0.950119,3.385567
0.950174,3.385376
0.950230,3.385376
0.950285,3.385376
0.950341,3.385186
0.950396,3.385186
0.950452,3.385186
0.950507,3.385186
0.950562,3.385186
0.950618,3.385186
0.950673,3.384995
0.950729,3.384995
0.950784,3.384995
0.950840,3.384995
0.950895,3.384805
0.950951,3.384805
0.951006,3.384805
0.951061,3.384805
0.951117,3.384805
0.951172,3.384614
0.951228,3.384614
0.951283,3.384614
0.951339,3.384424
0.951394,3.384614
0.951450,3.384424
0.951505,3.384424
0.951560,3.384424
0.951616,3.384233
0.951671,3.384233
0.951727,3.384233
0.951782,3.384233
0.951838,3.384233
0.951893,3.384233
0.951949,3.384233
0.952004,3.384042
0.952059,3.384042
0.952115,3.384042
0.952170,3.384042
0.952226,3.384042
0.952281,3.383852
0.952337,3.383852
0.952392,3.383852
0.952448,3.383661
0.952503,3.383661
0.952559,3.383661
0.952614,3.383661
0.952669,3.383471
0.952725,3.383471
0.952780,3.383471
0.952836,3.383471
0.952891,3.383280
0.952947,3.383280
0.953002,3.383280
0.953058,3.383280
0.953113,3.383089
0.953168,3.383089
0.953224,3.382899
0.953279,3.382899
0.953335,3.382708
0.953390,3.382708
0.953446,3.382708
0.953501,3.382708
0.953557,3.382518
0.953612,3.382518
0.953667,3.382518
0.953723,3.382518
0.953778,3.382327
0.953834,3.382327
0.953889,3.382137
0.953945,3.382137
0.954000,3.382137
0.954056,3.382137
0.954111,3.381946
0.954166,3.381946
0.954222,3.381946
0.954277,3.381755
0.954333,3.381755
0.954388,3.381755
0.954444,3.381565
0.954499,3.381565
0.954555,3.381374
0.954610,3.381374
0.954665,3.381184
0.954721,3.381184
0.954776,3.381184
0.954832,3.381184
0.954887,3.381184
0.954943,3.381184
0.954998,3.380993
0.955054,3.380993
0.955109,3.380803
0.955164,3.380803
0.955220,3.380803
0.955275,3.380803
0.955331,3.380612
0.955386,3.380612
0.955442,3.380421
0.955497,3.380421
0.955553,3.380231
0.955608,3.380231
0.955663,3.380231
0.955719,3.380040
0.955774,3.379850
0.955830,3.379659
0.955885,3.379659
0.955941,3.379659
0.955996,3.379469
0.956052,3.379469
0.956107,3.379469
0.956162,3.379469
0.956218,3.379278
0.956273,3.379278
0.956329,3.379087
0.956384,3.379087
0.956440,3.378897
0.956495,3.378897
0.956551,3.378897
0.956606,3.378706
0.956661,3.378706
0.956717,3.378516
0.956772,3.378325
0.956828,3.378325
0.956883,3.378135
0.956939,3.378135
0.956994,3.378135
0.957050,3.378135
0.957105,3.377944
0.957160,3.377944
0.957216,3.377753
0.957271,3.377753
0.957327,3.377563
0.957382,3.377563
0.957438,3.377563
0.957493,3.377372
0.957549,3.377182
0.957604,3.377182
0.957659,3.376991
0.957715,3.376991
0.957770,3.376801
0.957826,3.376610
0.957881,3.376610
0.957937,3.376419
0.957992,3.376229
0.958048,3.376038
0.958103,3.376038
0.958158,3.375848
0.958214,3.375657
0.958269,3.375657
0.958325,3.375466
0.958380,3.375466
0.958436,3.375276
0.958491,3.375276
0.958547,3.375085
0.958602,3.375085
0.958657,3.374895
0.958713,3.374895
0.958768,3.374704
0.958824,3.374704
0.958879,3.374514
0.958935,3.374323
0.958990,3.374323
0.959046,3.374132
0.959101,3.373942
0.959156,3.373561
0.959212,3.373561
0.959267,3.373370
0.959323,3.373180
0.959378,3.373180
0.959434,3.372989
0.959489,3.372989
0.959545,3.372798
0.959600,3.372608
0.959655,3.372608
0.959711,3.372227
0.959766,3.372227
0.959822,3.372036
0.959877,3.372036
0.959933,3.371846
0.959988,3.371655
0.960044,3.371655
0.960099,3.371464
0.960154,3.371274
0.960210,3.371083
0.960265,3.370893
0.960321,3.370512
0.960376,3.370512
0.960432,3.370321
0.960487,3.370321
0.960543,3.369940
0.960598,3.369749
0.960653,3.369749
0.960709,3.369559
0.960764,3.369178
0.960820,3.369178
0.960875,3.368987
0.960931,3.368987
0.960986,3.368796
0.961042,3.368606
0.961097,3.368415
0.961152,3.368225
0.961208,3.367843
0.961263,3.367653
0.961319,3.367462
0.961374,3.367272
0.961430,3.367081
0.961485,3.366891
0.961541,3.366700
0.961596,3.366509
0.961651,3.366319
0.961707,3.365938
0.961762,3.365938
0.961818,3.365747
0.961873,3.365557
0.961929,3.365366
0.961984,3.365175
0.962040,3.364985
0.962095,3.364604
0.962150,3.364413
0.962206,3.364032
0.962261,3.364032
0.962317,3.363651
0.962372,3.363460
0.962428,3.363079
0.962483,3.362889
0.962539,3.362698
0.962594,3.362507
0.962649,3.362317
0.962705,3.361936
0.962760,3.361745
0.962816,3.361364
0.962871,3.361173
0.962927,3.360983
0.962982,3.360602
0.963038,3.360411
0.963093,3.360030
0.963148,3.359839
0.963204,3.359649
0.963259,3.359268
0.963315,3.358886
0.963370,3.358696
0.963426,3.358315
0.963481,3.358124
0.963537,3.357743
0.963592,3.357362
0.963647,3.356981
0.963703,3.356790
0.963758,3.356600
0.963814,3.356218
0.963869,3.355837
0.963925,3.355456
0.963980,3.355075
0.964036,3.354884
0.964091,3.354503
0.964146,3.354122
0.964202,3.353741
0.964257,3.353550
0.964313,3.353169
0.964368,3.352788
0.964424,3.352407
0.964479,3.352026
0.964535,3.351454
0.964590,3.351263
0.964645,3.350692
0.964701,3.350501
0.964756,3.350120
0.964812,3.349739
0.964867,3.349167
0.964923,3.348786
0.964978,3.348405
0.965034,3.348024
0.965089,3.347643
0.965144,3.347452
0.965200,3.346880
0.965255,3.346499
0.965311,3.345927
0.965366,3.345546
0.965422,3.345165
0.965477,3.344593
0.965533,3.344212
0.965588,3.343831
0.965643,3.343259
0.965699,3.342878
0.965754,3.342306
0.965810,3.341735
0.965865,3.341544
0.965921,3.341163
0.965976,3.340591
0.966032,3.340210
0.966087,3.339448
0.966142,3.338876
0.966198,3.338495
0.966253,3.338114
0.966309,3.337542
0.966364,3.336970
0.966420,3.336399
0.966475,3.335827
0.966531,3.335446
0.966586,3.334874
0.966641,3.334112
0.966697,3.333731
0.966752,3.333159
0.966808,3.332397
0.966863,3.332015
0.966919,3.331444
0.966974,3.330872
0.967030,3.330300
0.967085,3.329538
0.967140,3.329157
0.967196,3.328585
0.967251,3.328013
0.967307,3.327251
0.967362,3.326489
0.967418,3.326108
0.967473,3.325536
0.967529,3.324774
0.967584,3.324011
0.967639,3.323439
0.967695,3.322868
0.967750,3.322296
0.967806,3.321534
0.967861,3.320771
0.967917,3.320200
0.967972,3.319628
0.968028,3.318675
0.968083,3.318103
0.968138,3.317341
0.968194,3.316007
0.968249,3.315626
0.968305,3.315435
0.968360,3.314673
0.968416,3.314101
0.968471,3.313339
0.968527,3.312577
0.968582,3.311814
0.968637,3.311052
0.968693,3.310480
0.968748,3.309527
0.968804,3.308765
0.968859,3.308003
0.968915,3.307241
0.968970,3.306288
0.969026,3.305525
0.969081,3.304954
0.969136,3.304191
0.969192,3.303048
0.969247,3.302286
0.969303,3.301523
0.969358,3.300570
0.969414,3.299808
0.969469,3.298855
0.969525,3.298284
0.969580,3.297140
0.969635,3.296378
0.969691,3.295616
0.969746,3.294663
0.969802,3.293710
0.969857,3.292757
0.969913,3.291995
0.969968,3.291232
0.970024,3.290089
0.970079,3.289327
0.970134,3.288183
0.970190,3.287421
0.970245,3.286468
0.970301,3.285515
0.970356,3.284562
0.970412,3.283609
0.970467,3.282656
0.970523,3.281704
0.970578,3.280560
0.970633,3.279798
0.970689,3.278654
0.970744,3.277511
0.970800,3.276749
0.970855,3.275605
0.970911,3.274652
0.970966,3.273890
0.971022,3.272556
0.971077,3.271412
0.971132,3.270650
0.971188,3.269507
0.971243,3.268363
0.971299,3.267601
0.971354,3.266458
0.971410,3.265314
0.971465,3.264361
0.971521,3.263218
0.971576,3.262265
0.971632,3.261121
0.971687,3.259978
0.971742,3.259025
0.971798,3.257691
0.971853,3.256738
0.971909,3.255785
0.971964,3.254642
0.972020,3.253308
0.972075,3.252355
0.972131,3.251212
0.972186,3.250068
0.972241,3.248925
0.972297,3.247781
0.972352,3.246828
0.972408,3.245494
0.972463,3.244351
0.972519,3.243398
0.972574,3.242254
0.972630,3.240920
0.972685,3.239968
0.972740,3.238634
0.972796,3.237490
0.972851,3.236347
0.972907,3.235013
0.972962,3.234060
0.973018,3.232916
0.973073,3.231773
0.973129,3.230629
0.973184,3.229295
0.973239,3.228152
0.973295,3.226818
0.973350,3.225674
0.973406,3.224722
0.973461,3.223388
0.973517,3.222244
0.973572,3.220910
0.973628,3.219767
0.973683,3.218433
0.973738,3.217480
0.973794,3.216336
0.973849,3.215002
0.973905,3.213859
0.973960,3.212715
0.974016,3.211381
0.974071,3.210238
0.974127,3.208904
0.974182,3.207760
0.974237,3.206808
0.974293,3.205283
0.974348,3.204330
0.974404,3.202805
0.974459,3.201662
0.974515,3.200709
0.974570,3.199375
0.974626,3.198041
0.974681,3.196707
0.974736,3.195754
0.974792,3.194611
0.974847,3.193277
0.974903,3.192133
0.974958,3.190799
0.975014,3.189656
0.975069,3.188512
0.975125,3.186988
0.975180,3.186035
0.975236,3.184510
0.975291,3.183367
0.975346,3.182414
0.975402,3.180889
0.975457,3.179746
0.975513,3.178412
0.975568,3.177268
0.975624,3.176125
0.975679,3.174791
0.975735,3.173647
0.975790,3.172313
0.975845,3.171170
0.975901,3.170027
0.975956,3.168692
0.976012,3.167549
0.976067,3.166215
0.976123,3.164881
0.976178,3.163928
0.976234,3.162594
0.976289,3.161451
0.976344,3.160117
0.976400,3.158783
0.976455,3.157639
0.976511,3.156305
0.976566,3.155162
0.976622,3.153828
0.976677,3.152684
0.976733,3.151541
0.976788,3.150207
0.976843,3.149063
0.976899,3.147729
0.976954,3.146395
0.977010,3.145442
0.977065,3.144108
0.977121,3.142965
0.977176,3.141631
0.977232,3.140297
0.977287,3.139153
0.977342,3.137819
0.977398,3.136866
0.977453,3.135342
0.977509,3.134198
0.977564,3.133055
0.977620,3.131721
0.977675,3.130577
0.977731,3.129243
0.977786,3.128100
0.977841,3.126766
0.977897,3.125623
0.977952,3.124479
0.978008,3.123145
0.978063,3.122002
0.978119,3.120668
0.978174,3.119524
0.978230,3.118381
0.978285,3.117047
0.978340,3.115713
0.978396,3.114379
0.978451,3.113235
0.978507,3.112282
0.978562,3.110758
0.978618,3.109614
0.978673,3.108471
0.978729,3.106946
0.978784,3.105993
0.978839,3.104659
0.978895,3.103516
0.978950,3.101991
0.979006,3.100848
0.979061,3.099704
0.979117,3.098370
0.979172,3.097417
0.979228,3.096274
0.979283,3.094559
0.979338,3.093415
0.979394,3.092272
0.979449,3.091128
0.979505,3.089794
0.979560,3.088460
0.979616,3.087317
0.979671,3.085983
0.979727,3.084839
0.979782,3.083505
0.979837,3.082362
0.979893,3.080837
0.979948,3.079694
0.980004,3.078550
0.980059,3.077216
0.980115,3.076073
0.980170,3.074739
0.980226,3.073595
0.980281,3.072452
0.980336,3.071118
0.980392,3.069975
0.980447,3.068641
0.980503,3.067307
0.980558,3.066354
0.980614,3.064829
0.980669,3.063876
0.980725,3.062542
0.980780,3.061208
0.980835,3.060065
0.980891,3.058731
0.980946,3.057397
0.981002,3.056253
0.981057,3.054919
0.981113,3.053776
0.981168,3.052442
0.981224,3.051298
0.981279,3.049964
0.981334,3.048821
0.981390,3.047487
0.981445,3.046153
0.981501,3.045009
0.981556,3.043675
0.981612,3.042532
0.981667,3.041198
0.981723,3.039864
0.981778,3.038720
0.981833,3.037386
0.981889,3.036243
0.981944,3.034909
0.982000,3.033575
0.982055,3.032431
0.982111,3.031097
0.982166,3.029954
0.982222,3.028620
0.982277,3.027476
0.982332,3.026142
0.982388,3.024808
0.982443,3.023855
0.982499,3.022521
0.982554,3.021378
0.982610,3.019853
0.982665,3.018710
0.982721,3.017566
0.982776,3.016042
0.982831,3.014898
0.982887,3.013564
0.982942,3.012421
0.982998,3.011277
0.983053,3.009753
0.983109,3.008609
0.983164,3.007275
0.983220,3.006132
0.983275,3.004607
0.983330,3.003464
0.983386,3.002320
0.983441,3.000986
0.983497,2.999652
0.983552,2.998699
0.983608,2.996984
0.983663,2.995841
0.983719,2.994507
0.983774,2.993363
0.983829,2.991839
0.983885,2.990695
0.983940,2.989361
0.983996,2.988027
0.984051,2.986884
0.984107,2.985550
0.984162,2.984406
0.984218,2.982882
0.984273,2.981738
0.984328,2.980404
0.984384,2.979070
0.984439,2.977927
0.984495,2.976593
0.984550,2.975259
0.984606,2.974115
0.984661,2.972591
0.984717,2.971257
0.984772,2.970113
0.984827,2.968970
0.984883,2.967445
0.984938,2.966302
0.984994,2.964968
0.985049,2.963443
0.985105,2.962300
0.985160,2.960966
0.985216,2.959822
0.985271,2.958488
0.985326,2.957154
0.985382,2.955629
0.985437,2.954295
0.985493,2.953152
0.985548,2.951818
0.985604,2.950675
0.985659,2.949150
0.985715,2.948006
0.985770,2.946482
0.985825,2.945148
0.985881,2.943814
0.985936,2.942480
0.985992,2.941336
0.986047,2.939812
0.986103,2.938859
0.986158,2.937144
0.986214,2.936000
0.986269,2.934476
0.986324,2.933142
0.986380,2.931998
0.986435,2.930474
0.986491,2.929330
0.986546,2.927996
0.986602,2.926662
0.986657,2.925328
0.986713,2.923994
0.986768,2.922851
0.986823,2.921326
0.986879,2.920183
0.986934,2.918658
0.986990,2.917324
0.987045,2.915990
0.987101,2.914656
0.987156,2.913322
0.987212,2.911797
0.987267,2.910463
0.987322,2.909129
0.987378,2.907795
0.987433,2.906461
0.987489,2.905127
0.987544,2.903602
0.987600,2.902459
0.987655,2.901125
0.987711,2.899410
0.987766,2.898076
0.987821,2.896742
0.987877,2.895408
0.987932,2.893883
0.987988,2.892740
0.988043,2.891215
0.988099,2.889881
0.988154,2.888356
0.988210,2.887022
0.988265,2.885498
0.988320,2.884164
0.988376,2.882830
0.988431,2.881305
0.988487,2.879971
0.988542,2.878447
0.988598,2.877303
0.988653,2.875779
0.988709,2.874444
0.988764,2.872920
0.988819,2.871586
0.988875,2.870061
0.988930,2.868727
0.988986,2.867203
0.989041,2.865869
0.989097,2.864344
0.989152,2.862819
0.989208,2.861295
0.989263,2.859770
0.989318,2.858436
0.989374,2.856912
0.989429,2.855387
0.989485,2.854053
0.989540,2.852719
0.989596,2.851194
0.989651,2.849860
0.989707,2.848145
0.989762,2.846811
0.989817,2.845096
0.989873,2.843762
0.989928,2.842237
0.989984,2.840713
0.990039,2.839188
0.990095,2.837854
0.990150,2.836139
0.990206,2.834805
0.990261,2.833090
0.990316,2.831756
0.990372,2.830231
0.990427,2.828706
0.990483,2.827182
0.990538,2.825657
0.990594,2.824133
0.990649,2.822799
0.990705,2.821083
0.990760,2.819559
0.990815,2.817844
0.990871,2.816510
0.990926,2.814794
0.990982,2.813270
0.991037,2.811745
0.991093,2.810221
0.991148,2.808506
0.991204,2.806981
0.991259,2.805456
0.991314,2.803932
0.991370,2.802026
0.991425,2.800501
0.991481,2.798977
0.991536,2.797262
0.991592,2.795737
0.991647,2.794212
0.991703,2.792688
0.991758,2.790782
0.991813,2.789257
0.991869,2.787542
0.991924,2.786018
0.991980,2.784302
0.992035,2.782778
0.992091,2.781063
0.992146,2.779538
0.992202,2.777632
0.992257,2.775917
0.992312,2.774393
0.992368,2.772677
0.992423,2.771153
0.992479,2.769247
0.992534,2.767722
0.992590,2.765817
0.992645,2.764102
0.992701,2.762386
0.992756,2.760671
0.992811,2.758956
0.992867,2.757241
0.992922,2.755526
0.992978,2.753620
0.993033,2.751905
0.993089,2.750190
0.993144,2.748284
0.993200,2.746759
0.993255,2.744853
0.993310,2.743138
0.993366,2.741042
0.993421,2.739327
0.993477,2.737612
0.993532,2.735706
0.993588,2.734181
0.993643,2.732085
0.993699,2.730179
0.993754,2.728655
0.993809,2.726558
0.993865,2.724843
0.993920,2.722747
0.993976,2.721032
0.994031,2.719316
0.994087,2.717029
0.994142,2.715314
0.994198,2.713409
0.994253,2.711312
0.994308,2.709597
0.994364,2.707501
0.994419,2.705595
0.994475,2.703689
0.994530,2.701593
0.994586,2.699497
0.994641,2.697781
0.994697,2.695494
0.994752,2.693589
0.994807,2.691492
0.994863,2.689396
0.994918,2.687300
0.994974,2.685394
0.995029,2.683107
0.995085,2.681201
0.995140,2.679105
0.995196,2.676818
0.995251,2.674722
0.995306,2.672625
0.995362,2.670529
0.995417,2.668242
0.995473,2.666146
0.995528,2.663859
0.995584,2.661572
0.995639,2.659476
0.995695,2.657379
0.995750,2.655093
0.995805,2.652615
0.995861,2.650328
0.995916,2.648041
0.995972,2.645945
0.996027,2.643277
0.996083,2.641181
0.996138,2.638703
0.996194,2.636416
0.996249,2.633939
0.996304,2.631652
0.996360,2.629174
0.996415,2.626697
0.996471,2.624219
0.996526,2.621742
0.996582,2.619074
0.996637,2.616596
0.996693,2.614119
0.996748,2.611451
0.996803,2.608973
0.996859,2.606305
0.996914,2.603637
0.996970,2.600779
0.997025,2.598301
0.997081,2.595443
0.997136,2.592584
0.997192,2.589725
0.997247,2.586867
0.997302,2.584389
0.997358,2.581340
0.997413,2.578481
0.997469,2.575432
0.997524,2.572574
0.997580,2.569524
0.997635,2.566475
0.997691,2.563426
0.997746,2.559996
0.997801,2.556946
0.997857,2.553707
0.997912,2.550276
0.997968,2.547036
0.998023,2.543797
0.998079,2.540366
0.998134,2.536936
0.998190,2.533506
0.998245,2.530075
0.998300,2.526645
0.998356,2.522833
0.998411,2.519212
0.998467,2.515401
0.998522,2.511780
0.998578,2.507969
0.998633,2.504157
0.998689,2.500155
0.998744,2.496343
0.998799,2.492151
0.998855,2.488149
0.998910,2.484337
0.998966,2.479954
0.999021,2.475761
0.999077,2.471759
0.999132,2.467376
0.999188,2.463183
0.999243,2.458991
0.999298,2.454608
0.999354,2.450415
0.999409,2.445841
0.999465,2.441648
0.999520,2.437075
0.999576,2.432882
0.999631,2.428499
0.999687,2.423925
0.999742,2.419732
0.999797,2.415349
0.999853,2.410966
0.999908,2.406583
0.999964,2.402199
1.000000,2.399341
